displayName,ratings,priceLevel,tags,areaName
"Laksa Nyonya Nyonya, Pasar sinpansa","{'average': 3.5, 'total': 0}",2,"[{'key': 'tenants/gofood/tags/CUISINE_ANEKA_NASI', 'tenantUid': 'gofood', 'uid': 'CUISINE_ANEKA_NASI', 'displayName': 'Aneka nasi', 'description': '', 'taxonomy': 2, 'parentKey': ''}, {'key': 'tenants/gofood/tags/CUISINE_FASTFOOD', 'tenantUid': 'gofood', 'uid': 'CUISINE_FASTFOOD', 'displayName': 'Cepat saji', 'description': '', 'taxonomy': 2, 'parentKey': ''}, {'key': 'tenants/gofood/tags/CUISINE_SOTO_BAKSO_SOP', 'tenantUid': 'gofood', 'uid': 'CUISINE_SOTO_BAKSO_SOP', 'displayName': 'Bakso & soto', 'description': '', 'taxonomy': 2, 'parentKey': ''}]","Indomaret, Jalan Bulevar Selatan, Summarecon Bekasi, Kota Bekasi, Jawa Barat, Jawa, 17142, Indonesia"
"Mie Kangkung Betawi, Soto Betawi Ariyani, Sinpasa","{'average': 4.7, 'total': 0}",3,"[{'key': 'tenants/gofood/tags/CUISINE_BAKMIE', 'tenantUid': 'gofood', 'uid': 'CUISINE_BAKMIE', 'displayName': 'Bakmie', 'description': '', 'taxonomy': 2, 'parentKey': ''}, {'key': 'tenants/gofood/tags/CUISINE_FASTFOOD', 'tenantUid': 'gofood', 'uid': 'CUISINE_FASTFOOD', 'displayName': 'Cepat saji', 'description': '', 'taxonomy': 2, 'parentKey': ''}, {'key': 'tenants/gofood/tags/CUISINE_SOTO_BAKSO_SOP', 'tenantUid': 'gofood', 'uid': 'CUISINE_SOTO_BAKSO_SOP', 'displayName': 'Bakso & soto', 'description': '', 'taxonomy': 2, 'parentKey': ''}]","Jalan Bulevar Selatan, Summarecon Bekasi, Kota Bekasi, Jawa Barat, Jawa, 17142, Indonesia"
"Domino's Pizza, Summarecon Bekasi","{'average': 4.7, 'total': 0}",3,"[{'key': 'tenants/gofood/tags/CUISINE_PIZZA_PASTA', 'tenantUid': 'gofood', 'uid': 'CUISINE_PIZZA_PASTA', 'displayName': 'Pizza & pasta', 'description': '', 'taxonomy': 2, 'parentKey': ''}, {'key': 'tenants/gofood/tags/CUISINE_FASTFOOD', 'tenantUid': 'gofood', 'uid': 'CUISINE_FASTFOOD', 'displayName': 'Cepat saji', 'description': '', 'taxonomy': 2, 'parentKey': ''}, {'key': 'tenants/gofood/tags/CUISINE_SNACKS_JAJANAN', 'tenantUid': 'gofood', 'uid': 'CUISINE_SNACKS_JAJANAN', 'displayName': 'Jajanan', 'description': '', 'taxonomy': 2, 'parentKey': ''}]","Jalan Bulevar Selatan, Summarecon Bekasi, Kota Bekasi, Jawa Barat, Jawa, 17142, Indonesia"
"Bandar Djakarta, La Terrazza Summarecon Bekasi","{'average': 4.6, 'total': 0}",4,"[{'key': 'tenants/gofood/tags/CUISINE_SEAFOOD', 'tenantUid': 'gofood', 'uid': 'CUISINE_SEAFOOD', 'displayName': 'Seafood', 'description': '', 'taxonomy': 2, 'parentKey': ''}]","Bandar Djakarta, Jalan Bulevar Selatan, Summarecon Bekasi, Kota Bekasi, Jawa Barat, Jawa, 17142, Indonesia"
"Rm Parasmanan, Bekasi Selatan","{'average': 4.6, 'total': 0}",2,"[{'key': 'tenants/gofood/tags/CUISINE_MINUMAN', 'tenantUid': 'gofood', 'uid': 'CUISINE_MINUMAN', 'displayName': 'Minuman', 'description': '', 'taxonomy': 2, 'parentKey': ''}, {'key': 'tenants/gofood/tags/CUISINE_ANEKA_AYAM_BEBEK', 'tenantUid': 'gofood', 'uid': 'CUISINE_ANEKA_AYAM_BEBEK', 'displayName': 'Ayam & bebek', 'description': '', 'taxonomy': 2, 'parentKey': ''}, {'key': 'tenants/gofood/tags/CUISINE_ANEKA_NASI', 'tenantUid': 'gofood', 'uid': 'CUISINE_ANEKA_NASI', 'displayName': 'Aneka nasi', 'description': '', 'taxonomy': 2, 'parentKey': ''}]","Jalan Kemakmuran, Kayuringinjaya, Kota Bekasi, Jawa Barat, Jawa, 17141, Indonesia"
"Bakmi GM, Ruko Summarecon Bekasi","{'average': 4.8, 'total': 0}",3,"[{'key': 'tenants/gofood/tags/CUISINE_BAKMIE', 'tenantUid': 'gofood', 'uid': 'CUISINE_BAKMIE', 'displayName': 'Bakmie', 'description': '', 'taxonomy': 2, 'parentKey': ''}, {'key': 'tenants/gofood/tags/CUISINE_ANEKA_NASI', 'tenantUid': 'gofood', 'uid': 'CUISINE_ANEKA_NASI', 'displayName': 'Aneka nasi', 'description': '', 'taxonomy': 2, 'parentKey': ''}, {'key': 'tenants/gofood/tags/CUISINE_CHINESE', 'tenantUid': 'gofood', 'uid': 'CUISINE_CHINESE', 'displayName': 'Chinese', 'description': '', 'taxonomy': 2, 'parentKey': ''}]","Jalan Bulevar Selatan, Summarecon Bekasi, Kota Bekasi, Jawa Barat, Jawa, 17142, Indonesia"
A&W Bekasi Junction,"{'average': 4.6, 'total': 0}",3,"[{'key': 'tenants/gofood/tags/CUISINE_FASTFOOD', 'tenantUid': 'gofood', 'uid': 'CUISINE_FASTFOOD', 'displayName': 'Cepat saji', 'description': '', 'taxonomy': 2, 'parentKey': ''}]","Pasar Proyek Trade Center, Jalan Mayor Oking, Kota Bekasi, Jawa Barat, Jawa, 17141, Indonesia"
"Abuba Steak, Bekasi","{'average': 4.8, 'total': 0}",4,"[{'key': 'tenants/gofood/tags/CUISINE_BURGER_SANDWICH_STEAK', 'tenantUid': 'gofood', 'uid': 'CUISINE_BURGER_SANDWICH_STEAK', 'displayName': 'Barat', 'description': '', 'taxonomy': 2, 'parentKey': ''}]","Jalan Bulevar Selatan, Summarecon Bekasi, Kota Bekasi, Jawa Barat, Jawa, 17142, Indonesia"
"Mujigae, Summarecon Mall Bekasi","{'average': 4.7, 'total': 0}",3,"[{'key': 'tenants/gofood/tags/CUISINE_FASTFOOD', 'tenantUid': 'gofood', 'uid': 'CUISINE_FASTFOOD', 'displayName': 'Cepat saji', 'description': '', 'taxonomy': 2, 'parentKey': ''}, {'key': 'tenants/gofood/tags/CUISINE_ANEKA_NASI', 'tenantUid': 'gofood', 'uid': 'CUISINE_ANEKA_NASI', 'displayName': 'Aneka nasi', 'description': '', 'taxonomy': 2, 'parentKey': ''}, {'key': 'tenants/gofood/tags/CUISINE_KOREAN', 'tenantUid': 'gofood', 'uid': 'CUISINE_KOREAN', 'displayName': 'Korea', 'description': '', 'taxonomy': 2, 'parentKey': ''}, {'key': 'tenants/gofood/tags/CUISINE_SNACKS_JAJANAN', 'tenantUid': 'gofood', 'uid': 'CUISINE_SNACKS_JAJANAN', 'displayName': 'Jajanan', 'description': '', 'taxonomy': 2, 'parentKey': ''}, {'key': 'tenants/gofood/tags/CUISINE_ANEKA_AYAM_BEBEK', 'tenantUid': 'gofood', 'uid': 'CUISINE_ANEKA_AYAM_BEBEK', 'displayName': 'Ayam & bebek', 'description': '', 'taxonomy': 2, 'parentKey': ''}]","Summarecon Mall Bekasi, Jalan Bulevar Ahmad Yani, Summarecon Bekasi, Kota Bekasi, Jawa Barat, Jawa, 17142, Indonesia"
"Warkop 1899, Berkah H. Agus Salim","{'average': 4.5, 'total': 0}",2,"[{'key': 'tenants/gofood/tags/CUISINE_SNACKS_JAJANAN', 'tenantUid': 'gofood', 'uid': 'CUISINE_SNACKS_JAJANAN', 'displayName': 'Jajanan', 'description': '', 'taxonomy': 2, 'parentKey': ''}, {'key': 'tenants/gofood/tags/CUISINE_SWEETS_DESSERTS', 'tenantUid': 'gofood', 'uid': 'CUISINE_SWEETS_DESSERTS', 'displayName': 'Sweets', 'description': '', 'taxonomy': 2, 'parentKey': ''}]","Jalan KH. Agus Salim, Bekasi Jaya, Kota Bekasi, Jawa Barat, Jawa, 17112, Indonesia"
"Baskin Robbins, Sentra Summarecon Mall Bekasi","{'average': 4.8, 'total': 0}",4,"[{'key': 'tenants/gofood/tags/CUISINE_SWEETS_DESSERTS', 'tenantUid': 'gofood', 'uid': 'CUISINE_SWEETS_DESSERTS', 'displayName': 'Sweets', 'description': '', 'taxonomy': 2, 'parentKey': ''}]","Jalan Bulevar Ahmad Yani, Summarecon Bekasi, Kota Bekasi, Jawa Barat, Jawa, 17142, Indonesia"
"RM Padang Sederhana, Summarecon Bekasi","{'average': 4.7, 'total': 0}",2,"[{'key': 'tenants/gofood/tags/CUISINE_ANEKA_NASI', 'tenantUid': 'gofood', 'uid': 'CUISINE_ANEKA_NASI', 'displayName': 'Aneka nasi', 'description': '', 'taxonomy': 2, 'parentKey': ''}]","Summarecon Bekasi, Harapan Mulya, Kota Bekasi, Jawa Barat, Jawa, 17143, Indonesia"
"Gerobak Ramen & Mbok Yem, Ruko Sentra Niaga Kalimalang","{'average': 4.6, 'total': 0}",2,"[{'key': 'tenants/gofood/tags/CUISINE_ANEKA_NASI', 'tenantUid': 'gofood', 'uid': 'CUISINE_ANEKA_NASI', 'displayName': 'Aneka nasi', 'description': '', 'taxonomy': 2, 'parentKey': ''}, {'key': 'tenants/gofood/tags/CUISINE_MINUMAN', 'tenantUid': 'gofood', 'uid': 'CUISINE_MINUMAN', 'displayName': 'Minuman', 'description': '', 'taxonomy': 2, 'parentKey': ''}, {'key': 'tenants/gofood/tags/CUISINE_SATE', 'tenantUid': 'gofood', 'uid': 'CUISINE_SATE', 'displayName': 'Sate', 'description': '', 'taxonomy': 2, 'parentKey': ''}]","Kranji, Rawa Panjang, Kayuringinjaya, Kota Bekasi, Jawa Barat, Jawa, 17144, Indonesia"
"YamMie Hotplate, Summarecon Mall Bekasi","{'average': 4.8, 'total': 0}",3,"[{'key': 'tenants/gofood/tags/CUISINE_BAKMIE', 'tenantUid': 'gofood', 'uid': 'CUISINE_BAKMIE', 'displayName': 'Bakmie', 'description': '', 'taxonomy': 2, 'parentKey': ''}]","Summarecon Mall Bekasi, Jalan Bulevar Ahmad Yani, Summarecon Bekasi, Kota Bekasi, Jawa Barat, Jawa, 17142, Indonesia"
"McDonald's, Hero Bekasi","{'average': 4.7, 'total': 0}",3,"[{'key': 'tenants/gofood/tags/CUISINE_FASTFOOD', 'tenantUid': 'gofood', 'uid': 'CUISINE_FASTFOOD', 'displayName': 'Cepat saji', 'description': '', 'taxonomy': 2, 'parentKey': ''}, {'key': 'tenants/gofood/tags/CUISINE_SWEETS_DESSERTS', 'tenantUid': 'gofood', 'uid': 'CUISINE_SWEETS_DESSERTS', 'displayName': 'Sweets', 'description': '', 'taxonomy': 2, 'parentKey': ''}, {'key': 'tenants/gofood/tags/CUISINE_SNACKS_JAJANAN', 'tenantUid': 'gofood', 'uid': 'CUISINE_SNACKS_JAJANAN', 'displayName': 'Jajanan', 'description': '', 'taxonomy': 2, 'parentKey': ''}]","Bekasi Cyber Park, Jalan K. H. Noer Ali, Rawa Panjang, Kayuringinjaya, Kota Bekasi, Jawa Barat, Jawa, 17144, Indonesia"
"Sate Khas Senayan, Summarecon Mall Bekasi","{'average': 4.8, 'total': 0}",3,"[{'key': 'tenants/gofood/tags/CUISINE_ANEKA_NASI', 'tenantUid': 'gofood', 'uid': 'CUISINE_ANEKA_NASI', 'displayName': 'Aneka nasi', 'description': '', 'taxonomy': 2, 'parentKey': ''}, {'key': 'tenants/gofood/tags/CUISINE_SATE', 'tenantUid': 'gofood', 'uid': 'CUISINE_SATE', 'displayName': 'Sate', 'description': '', 'taxonomy': 2, 'parentKey': ''}]","Summarecon Mall Bekasi, Jalan Bulevar Ahmad Yani, Summarecon Bekasi, Kota Bekasi, Jawa Barat, Jawa, 17142, Indonesia"
"BMK Baso Malang Karapitan, Summarecon Mall Bekasi","{'average': 4.6, 'total': 0}",2,"[{'key': 'tenants/gofood/tags/CUISINE_FASTFOOD', 'tenantUid': 'gofood', 'uid': 'CUISINE_FASTFOOD', 'displayName': 'Cepat saji', 'description': '', 'taxonomy': 2, 'parentKey': ''}, {'key': 'tenants/gofood/tags/CUISINE_COFFEE_SHOP', 'tenantUid': 'gofood', 'uid': 'CUISINE_COFFEE_SHOP', 'displayName': 'Kopi', 'description': '', 'taxonomy': 2, 'parentKey': ''}, {'key': 'tenants/gofood/tags/CUISINE_SOTO_BAKSO_SOP', 'tenantUid': 'gofood', 'uid': 'CUISINE_SOTO_BAKSO_SOP', 'displayName': 'Bakso & soto', 'description': '', 'taxonomy': 2, 'parentKey': ''}, {'key': 'tenants/gofood/tags/CUISINE_ANEKA_NASI', 'tenantUid': 'gofood', 'uid': 'CUISINE_ANEKA_NASI', 'displayName': 'Aneka nasi', 'description': '', 'taxonomy': 2, 'parentKey': ''}, {'key': 'tenants/gofood/tags/CUISINE_BAKMIE', 'tenantUid': 'gofood', 'uid': 'CUISINE_BAKMIE', 'displayName': 'Bakmie', 'description': '', 'taxonomy': 2, 'parentKey': ''}]","Summarecon Mall Bekasi, Jalan Bulevar Ahmad Yani, Summarecon Bekasi, Kota Bekasi, Jawa Barat, Jawa, 17142, Indonesia"
"Fiesta Steak Restaurant Summarecon, Mall Bekasi","{'average': 4.5, 'total': 0}",4,"[{'key': 'tenants/gofood/tags/CUISINE_BURGER_SANDWICH_STEAK', 'tenantUid': 'gofood', 'uid': 'CUISINE_BURGER_SANDWICH_STEAK', 'displayName': 'Barat', 'description': '', 'taxonomy': 2, 'parentKey': ''}]","Summarecon Mall Bekasi, Jalan Bulevar Ahmad Yani, Summarecon Bekasi, Kota Bekasi, Jawa Barat, Jawa, 17142, Indonesia"
A&W Summarecon Mall Bekasi,"{'average': 4.8, 'total': 0}",3,"[{'key': 'tenants/gofood/tags/CUISINE_FASTFOOD', 'tenantUid': 'gofood', 'uid': 'CUISINE_FASTFOOD', 'displayName': 'Cepat saji', 'description': '', 'taxonomy': 2, 'parentKey': ''}]","Summarecon Mall Bekasi, Jalan Bulevar Ahmad Yani, Summarecon Bekasi, Kota Bekasi, Jawa Barat, Jawa, 17142, Indonesia"
"Solaria, Bekasi Cyber Park","{'average': 4.6, 'total': 0}",3,"[{'key': 'tenants/gofood/tags/CUISINE_ANEKA_NASI', 'tenantUid': 'gofood', 'uid': 'CUISINE_ANEKA_NASI', 'displayName': 'Aneka nasi', 'description': '', 'taxonomy': 2, 'parentKey': ''}, {'key': 'tenants/gofood/tags/CUISINE_CHINESE', 'tenantUid': 'gofood', 'uid': 'CUISINE_CHINESE', 'displayName': 'Chinese', 'description': '', 'taxonomy': 2, 'parentKey': ''}, {'key': 'tenants/gofood/tags/CUISINE_ANEKA_AYAM_BEBEK', 'tenantUid': 'gofood', 'uid': 'CUISINE_ANEKA_AYAM_BEBEK', 'displayName': 'Ayam & bebek', 'description': '', 'taxonomy': 2, 'parentKey': ''}, {'key': 'tenants/gofood/tags/CUISINE_SEAFOOD', 'tenantUid': 'gofood', 'uid': 'CUISINE_SEAFOOD', 'displayName': 'Seafood', 'description': '', 'taxonomy': 2, 'parentKey': ''}]","Jalan K. H. Noer Ali, Rawa Panjang, Kayuringinjaya, Kota Bekasi, Jawa Barat, Jawa, 17141, Indonesia"
Nanny's Pavillon By Altima Group - Summarecon Mall Bekasi,"{'average': 4.6, 'total': 0}",3,"[{'key': 'tenants/gofood/tags/CUISINE_PIZZA_PASTA', 'tenantUid': 'gofood', 'uid': 'CUISINE_PIZZA_PASTA', 'displayName': 'Pizza & pasta', 'description': '', 'taxonomy': 2, 'parentKey': ''}, {'key': 'tenants/gofood/tags/CUISINE_BURGER_SANDWICH_STEAK', 'tenantUid': 'gofood', 'uid': 'CUISINE_BURGER_SANDWICH_STEAK', 'displayName': 'Barat', 'description': '', 'taxonomy': 2, 'parentKey': ''}, {'key': 'tenants/gofood/tags/CUISINE_SWEETS_DESSERTS', 'tenantUid': 'gofood', 'uid': 'CUISINE_SWEETS_DESSERTS', 'displayName': 'Sweets', 'description': '', 'taxonomy': 2, 'parentKey': ''}]","Summarecon Mall Bekasi, Jalan Bulevar Ahmad Yani, Summarecon Bekasi, Kota Bekasi, Jawa Barat, Jawa, 17142, Indonesia"
"Warlin Curry & Indian Food, Bekasi Timur","{'average': 4.5, 'total': 0}",2,"[{'key': 'tenants/gofood/tags/CUISINE_INDIAN_FOOD', 'tenantUid': 'gofood', 'uid': 'CUISINE_INDIAN_FOOD', 'displayName': 'India', 'description': '', 'taxonomy': 2, 'parentKey': ''}]","Bekasi Jaya, Kota Bekasi, Jawa Barat, Jawa, 17112, Indonesia"
"Eastern Kopi TM, Summarecon Mall Bekasi","{'average': 4.7, 'total': 0}",3,"[{'key': 'tenants/gofood/tags/CUISINE_COFFEE_SHOP', 'tenantUid': 'gofood', 'uid': 'CUISINE_COFFEE_SHOP', 'displayName': 'Kopi', 'description': '', 'taxonomy': 2, 'parentKey': ''}, {'key': 'tenants/gofood/tags/CUISINE_SWEETS_DESSERTS', 'tenantUid': 'gofood', 'uid': 'CUISINE_SWEETS_DESSERTS', 'displayName': 'Sweets', 'description': '', 'taxonomy': 2, 'parentKey': ''}, {'key': 'tenants/gofood/tags/CUISINE_SNACKS_JAJANAN', 'tenantUid': 'gofood', 'uid': 'CUISINE_SNACKS_JAJANAN', 'displayName': 'Jajanan', 'description': '', 'taxonomy': 2, 'parentKey': ''}]","Summarecon Mall Bekasi, Jalan Bulevar Ahmad Yani, Summarecon Bekasi, Kota Bekasi, Jawa Barat, Jawa, 17142, Indonesia"
"TOUS les JOURS, Summarecon Mall Bekasi","{'average': 4.7, 'total': 0}",3,"[{'key': 'tenants/gofood/tags/CUISINE_ROTI', 'tenantUid': 'gofood', 'uid': 'CUISINE_ROTI', 'displayName': 'Roti', 'description': '', 'taxonomy': 2, 'parentKey': ''}, {'key': 'tenants/gofood/tags/CUISINE_MINUMAN', 'tenantUid': 'gofood', 'uid': 'CUISINE_MINUMAN', 'displayName': 'Minuman', 'description': '', 'taxonomy': 2, 'parentKey': ''}, {'key': 'tenants/gofood/tags/CUISINE_KOREAN', 'tenantUid': 'gofood', 'uid': 'CUISINE_KOREAN', 'displayName': 'Korea', 'description': '', 'taxonomy': 2, 'parentKey': ''}, {'key': 'tenants/gofood/tags/CUISINE_SWEETS_DESSERTS', 'tenantUid': 'gofood', 'uid': 'CUISINE_SWEETS_DESSERTS', 'displayName': 'Sweets', 'description': '', 'taxonomy': 2, 'parentKey': ''}, {'key': 'tenants/gofood/tags/CUISINE_COFFEE_SHOP', 'tenantUid': 'gofood', 'uid': 'CUISINE_COFFEE_SHOP', 'displayName': 'Kopi', 'description': '', 'taxonomy': 2, 'parentKey': ''}]","Summarecon Mall Bekasi, Jalan Bulevar Ahmad Yani, Summarecon Bekasi, Kota Bekasi, Jawa Barat, Jawa, 17142, Indonesia"
"Domino's Pizza, Bekasi Cyber Park","{'average': 4.7, 'total': 0}",3,"[{'key': 'tenants/gofood/tags/CUISINE_PIZZA_PASTA', 'tenantUid': 'gofood', 'uid': 'CUISINE_PIZZA_PASTA', 'displayName': 'Pizza & pasta', 'description': '', 'taxonomy': 2, 'parentKey': ''}, {'key': 'tenants/gofood/tags/CUISINE_FASTFOOD', 'tenantUid': 'gofood', 'uid': 'CUISINE_FASTFOOD', 'displayName': 'Cepat saji', 'description': '', 'taxonomy': 2, 'parentKey': ''}, {'key': 'tenants/gofood/tags/CUISINE_SNACKS_JAJANAN', 'tenantUid': 'gofood', 'uid': 'CUISINE_SNACKS_JAJANAN', 'displayName': 'Jajanan', 'description': '', 'taxonomy': 2, 'parentKey': ''}]","Bekasi Cyber Park, Jalan K. H. Noer Ali, Rawa Panjang, Kayuringinjaya, Kota Bekasi, Jawa Barat, Jawa, 17144, Indonesia"
"Excelso Coffee, Summarecon Mall Bekasi","{'average': 4.9, 'total': 0}",3,"[{'key': 'tenants/gofood/tags/CUISINE_SWEETS_DESSERTS', 'tenantUid': 'gofood', 'uid': 'CUISINE_SWEETS_DESSERTS', 'displayName': 'Sweets', 'description': '', 'taxonomy': 2, 'parentKey': ''}, {'key': 'tenants/gofood/tags/CUISINE_COFFEE_SHOP', 'tenantUid': 'gofood', 'uid': 'CUISINE_COFFEE_SHOP', 'displayName': 'Kopi', 'description': '', 'taxonomy': 2, 'parentKey': ''}, {'key': 'tenants/gofood/tags/CUISINE_SNACKS_JAJANAN', 'tenantUid': 'gofood', 'uid': 'CUISINE_SNACKS_JAJANAN', 'displayName': 'Jajanan', 'description': '', 'taxonomy': 2, 'parentKey': ''}, {'key': 'tenants/gofood/tags/CUISINE_MINUMAN', 'tenantUid': 'gofood', 'uid': 'CUISINE_MINUMAN', 'displayName': 'Minuman', 'description': '', 'taxonomy': 2, 'parentKey': ''}]","Summarecon Mall Bekasi, Jalan Bulevar Ahmad Yani, Summarecon Bekasi, Kota Bekasi, Jawa Barat, Jawa, 17142, Indonesia"
"Koba BBQ, Summarecon Mall Bekasi","{'average': 4.5, 'total': 0}",3,[],"Summarecon Mall Bekasi, Jalan Bulevar Ahmad Yani, Summarecon Bekasi, Kota Bekasi, Jawa Barat, Jawa, 17142, Indonesia"
"Puyo Silky Desserts, Summarecon Mall Bekasi","{'average': 4.7, 'total': 0}",3,"[{'key': 'tenants/gofood/tags/CUISINE_SWEETS_DESSERTS', 'tenantUid': 'gofood', 'uid': 'CUISINE_SWEETS_DESSERTS', 'displayName': 'Sweets', 'description': '', 'taxonomy': 2, 'parentKey': ''}, {'key': 'tenants/gofood/tags/CUISINE_SNACKS_JAJANAN', 'tenantUid': 'gofood', 'uid': 'CUISINE_SNACKS_JAJANAN', 'displayName': 'Jajanan', 'description': '', 'taxonomy': 2, 'parentKey': ''}, {'key': 'tenants/gofood/tags/CUISINE_MINUMAN', 'tenantUid': 'gofood', 'uid': 'CUISINE_MINUMAN', 'displayName': 'Minuman', 'description': '', 'taxonomy': 2, 'parentKey': ''}]","Summarecon Mall Bekasi, Jalan Bulevar Ahmad Yani, Summarecon Bekasi, Kota Bekasi, Jawa Barat, Jawa, 17142, Indonesia"
"Bakso Lapangan Tembak Senayan, Summarecon Mall Bekasi - Kyati Group","{'average': 4.8, 'total': 0}",3,"[{'key': 'tenants/gofood/tags/CUISINE_SOTO_BAKSO_SOP', 'tenantUid': 'gofood', 'uid': 'CUISINE_SOTO_BAKSO_SOP', 'displayName': 'Bakso & soto', 'description': '', 'taxonomy': 2, 'parentKey': ''}]","Summarecon Mall Bekasi, Jalan Bulevar Ahmad Yani, Summarecon Bekasi, Kota Bekasi, Jawa Barat, Jawa, 17142, Indonesia"
"Auntie Anne's, Summarecon Mall Bekasi","{'average': 4.5, 'total': 0}",3,"[{'key': 'tenants/gofood/tags/CUISINE_MINUMAN', 'tenantUid': 'gofood', 'uid': 'CUISINE_MINUMAN', 'displayName': 'Minuman', 'description': '', 'taxonomy': 2, 'parentKey': ''}, {'key': 'tenants/gofood/tags/CUISINE_SNACKS_JAJANAN', 'tenantUid': 'gofood', 'uid': 'CUISINE_SNACKS_JAJANAN', 'displayName': 'Jajanan', 'description': '', 'taxonomy': 2, 'parentKey': ''}, {'key': 'tenants/gofood/tags/CUISINE_SWEETS_DESSERTS', 'tenantUid': 'gofood', 'uid': 'CUISINE_SWEETS_DESSERTS', 'displayName': 'Sweets', 'description': '', 'taxonomy': 2, 'parentKey': ''}, {'key': 'tenants/gofood/tags/CUISINE_ROTI', 'tenantUid': 'gofood', 'uid': 'CUISINE_ROTI', 'displayName': 'Roti', 'description': '', 'taxonomy': 2, 'parentKey': ''}]","Summarecon Mall Bekasi, Jalan Bulevar Ahmad Yani, Summarecon Bekasi, Kota Bekasi, Jawa Barat, Jawa, 17142, Indonesia"
"Mochi Mochio, Summarecon Mall Bekasi","{'average': 4.4, 'total': 0}",3,"[{'key': 'tenants/gofood/tags/CUISINE_SNACKS_JAJANAN', 'tenantUid': 'gofood', 'uid': 'CUISINE_SNACKS_JAJANAN', 'displayName': 'Jajanan', 'description': '', 'taxonomy': 2, 'parentKey': ''}]","Summarecon Mall Bekasi, Jalan Bulevar Ahmad Yani, Summarecon Bekasi, Kota Bekasi, Jawa Barat, Jawa, 17142, Indonesia"
"Bakso Super 88, Bekasi Jaya","{'average': 4.7, 'total': 0}",2,"[{'key': 'tenants/gofood/tags/CUISINE_SOTO_BAKSO_SOP', 'tenantUid': 'gofood', 'uid': 'CUISINE_SOTO_BAKSO_SOP', 'displayName': 'Bakso & soto', 'description': '', 'taxonomy': 2, 'parentKey': ''}]","Jalan KH. Agus Salim, Bekasi Jaya, Kota Bekasi, Jawa Barat, Jawa, 17112, Indonesia"
"Pepper Lunch, Summarecon Mall Bekasi","{'average': 5, 'total': 0}",3,"[{'key': 'tenants/gofood/tags/CUISINE_BURGER_SANDWICH_STEAK', 'tenantUid': 'gofood', 'uid': 'CUISINE_BURGER_SANDWICH_STEAK', 'displayName': 'Barat', 'description': '', 'taxonomy': 2, 'parentKey': ''}, {'key': 'tenants/gofood/tags/CUISINE_JAPANESE', 'tenantUid': 'gofood', 'uid': 'CUISINE_JAPANESE', 'displayName': 'Jepang', 'description': '', 'taxonomy': 2, 'parentKey': ''}, {'key': 'tenants/gofood/tags/CUISINE_ANEKA_NASI', 'tenantUid': 'gofood', 'uid': 'CUISINE_ANEKA_NASI', 'displayName': 'Aneka nasi', 'description': '', 'taxonomy': 2, 'parentKey': ''}, {'key': 'tenants/gofood/tags/CUISINE_ANEKA_AYAM_BEBEK', 'tenantUid': 'gofood', 'uid': 'CUISINE_ANEKA_AYAM_BEBEK', 'displayName': 'Ayam & bebek', 'description': '', 'taxonomy': 2, 'parentKey': ''}]","Summarecon Mall Bekasi, Jalan Bulevar Ahmad Yani, Summarecon Bekasi, Kota Bekasi, Jawa Barat, Jawa, 17142, Indonesia"
Ayam Kalasan Pa'De Sudar 354,"{'average': 4.9, 'total': 0}",2,"[{'key': 'tenants/gofood/tags/CUISINE_ANEKA_AYAM_BEBEK', 'tenantUid': 'gofood', 'uid': 'CUISINE_ANEKA_AYAM_BEBEK', 'displayName': 'Ayam & bebek', 'description': '', 'taxonomy': 2, 'parentKey': ''}]","Jalan Lele Raya, Kranji, Rawa Panjang, Kayuringinjaya, Kota Bekasi, Jawa Barat, Jawa, 17144, Indonesia"
"Marugame Udon & Tempura, Summarecon Mall Bekasi","{'average': 4.8, 'total': 0}",3,"[{'key': 'tenants/gofood/tags/CUISINE_JAPANESE', 'tenantUid': 'gofood', 'uid': 'CUISINE_JAPANESE', 'displayName': 'Jepang', 'description': '', 'taxonomy': 2, 'parentKey': ''}, {'key': 'tenants/gofood/tags/CUISINE_BAKMIE', 'tenantUid': 'gofood', 'uid': 'CUISINE_BAKMIE', 'displayName': 'Bakmie', 'description': '', 'taxonomy': 2, 'parentKey': ''}]","Summarecon Mall Bekasi, Jalan Bulevar Ahmad Yani, Summarecon Bekasi, Kota Bekasi, Jawa Barat, Jawa, 17142, Indonesia"
"Krispy Kreme, Summarecon Mall Bekasi","{'average': 4.3, 'total': 0}",4,"[{'key': 'tenants/gofood/tags/CUISINE_SWEETS_DESSERTS', 'tenantUid': 'gofood', 'uid': 'CUISINE_SWEETS_DESSERTS', 'displayName': 'Sweets', 'description': '', 'taxonomy': 2, 'parentKey': ''}, {'key': 'tenants/gofood/tags/CUISINE_ROTI', 'tenantUid': 'gofood', 'uid': 'CUISINE_ROTI', 'displayName': 'Roti', 'description': '', 'taxonomy': 2, 'parentKey': ''}, {'key': 'tenants/gofood/tags/CUISINE_SNACKS_JAJANAN', 'tenantUid': 'gofood', 'uid': 'CUISINE_SNACKS_JAJANAN', 'displayName': 'Jajanan', 'description': '', 'taxonomy': 2, 'parentKey': ''}]","Summarecon Mall Bekasi, Jalan Bulevar Ahmad Yani, Summarecon Bekasi, Kota Bekasi, Jawa Barat, Jawa, 17142, Indonesia"
"Master Squid, Summarecon Mall Bekasi","{'average': 4.7, 'total': 0}",3,"[{'key': 'tenants/gofood/tags/CUISINE_SNACKS_JAJANAN', 'tenantUid': 'gofood', 'uid': 'CUISINE_SNACKS_JAJANAN', 'displayName': 'Jajanan', 'description': '', 'taxonomy': 2, 'parentKey': ''}]","Summarecon Mall Bekasi, Jalan Bulevar Ahmad Yani, Summarecon Bekasi, Kota Bekasi, Jawa Barat, Jawa, 17142, Indonesia"
"HokBen, Summarecon Mall Bekasi","{'average': 4.6, 'total': 0}",3,"[{'key': 'tenants/gofood/tags/CUISINE_FASTFOOD', 'tenantUid': 'gofood', 'uid': 'CUISINE_FASTFOOD', 'displayName': 'Cepat saji', 'description': '', 'taxonomy': 2, 'parentKey': ''}, {'key': 'tenants/gofood/tags/CUISINE_JAPANESE', 'tenantUid': 'gofood', 'uid': 'CUISINE_JAPANESE', 'displayName': 'Jepang', 'description': '', 'taxonomy': 2, 'parentKey': ''}]","Summarecon Mall Bekasi, Jalan Bulevar Ahmad Yani, Summarecon Bekasi, Kota Bekasi, Jawa Barat, Jawa, 17142, Indonesia"
"Chatime, Summarecon Mall Bekasi","{'average': 4.7, 'total': 0}",2,"[{'key': 'tenants/gofood/tags/CUISINE_MINUMAN', 'tenantUid': 'gofood', 'uid': 'CUISINE_MINUMAN', 'displayName': 'Minuman', 'description': '', 'taxonomy': 2, 'parentKey': ''}, {'key': 'tenants/gofood/tags/CUISINE_COFFEE_SHOP', 'tenantUid': 'gofood', 'uid': 'CUISINE_COFFEE_SHOP', 'displayName': 'Kopi', 'description': '', 'taxonomy': 2, 'parentKey': ''}, {'key': 'tenants/gofood/tags/CUISINE_SWEETS_DESSERTS', 'tenantUid': 'gofood', 'uid': 'CUISINE_SWEETS_DESSERTS', 'displayName': 'Sweets', 'description': '', 'taxonomy': 2, 'parentKey': ''}]","Summarecon Mall Bekasi, Jalan Bulevar Ahmad Yani, Summarecon Bekasi, Kota Bekasi, Jawa Barat, Jawa, 17142, Indonesia"
Solaria - Summarecon Mall Bekasi 2,"{'average': 4.6, 'total': 0}",3,"[{'key': 'tenants/gofood/tags/CUISINE_ANEKA_NASI', 'tenantUid': 'gofood', 'uid': 'CUISINE_ANEKA_NASI', 'displayName': 'Aneka nasi', 'description': '', 'taxonomy': 2, 'parentKey': ''}, {'key': 'tenants/gofood/tags/CUISINE_CHINESE', 'tenantUid': 'gofood', 'uid': 'CUISINE_CHINESE', 'displayName': 'Chinese', 'description': '', 'taxonomy': 2, 'parentKey': ''}]","Summarecon Mall Bekasi, Jalan Bulevar Ahmad Yani, Summarecon Bekasi, Kota Bekasi, Jawa Barat, Jawa, 17142, Indonesia"
"Solaria, Summarecon Mall Bekasi","{'average': 4.5, 'total': 0}",3,"[{'key': 'tenants/gofood/tags/CUISINE_ANEKA_NASI', 'tenantUid': 'gofood', 'uid': 'CUISINE_ANEKA_NASI', 'displayName': 'Aneka nasi', 'description': '', 'taxonomy': 2, 'parentKey': ''}, {'key': 'tenants/gofood/tags/CUISINE_CHINESE', 'tenantUid': 'gofood', 'uid': 'CUISINE_CHINESE', 'displayName': 'Chinese', 'description': '', 'taxonomy': 2, 'parentKey': ''}]","Summarecon Mall Bekasi, Jalan Bulevar Ahmad Yani, Summarecon Bekasi, Kota Bekasi, Jawa Barat, Jawa, 17142, Indonesia"
"Pizza Hut, Summarecon Mall Bekasi","{'average': 4.7, 'total': 0}",4,"[{'key': 'tenants/gofood/tags/CUISINE_PIZZA_PASTA', 'tenantUid': 'gofood', 'uid': 'CUISINE_PIZZA_PASTA', 'displayName': 'Pizza & pasta', 'description': '', 'taxonomy': 2, 'parentKey': ''}, {'key': 'tenants/gofood/tags/CUISINE_FASTFOOD', 'tenantUid': 'gofood', 'uid': 'CUISINE_FASTFOOD', 'displayName': 'Cepat saji', 'description': '', 'taxonomy': 2, 'parentKey': ''}, {'key': 'tenants/gofood/tags/CUISINE_BURGER_SANDWICH_STEAK', 'tenantUid': 'gofood', 'uid': 'CUISINE_BURGER_SANDWICH_STEAK', 'displayName': 'Barat', 'description': '', 'taxonomy': 2, 'parentKey': ''}, {'key': 'tenants/gofood/tags/CUISINE_SNACKS_JAJANAN', 'tenantUid': 'gofood', 'uid': 'CUISINE_SNACKS_JAJANAN', 'displayName': 'Jajanan', 'description': '', 'taxonomy': 2, 'parentKey': ''}, {'key': 'tenants/gofood/tags/CUISINE_ANEKA_AYAM_BEBEK', 'tenantUid': 'gofood', 'uid': 'CUISINE_ANEKA_AYAM_BEBEK', 'displayName': 'Ayam & bebek', 'description': '', 'taxonomy': 2, 'parentKey': ''}]","Summarecon Mall Bekasi, Jalan Bulevar Ahmad Yani, Summarecon Bekasi, Kota Bekasi, Jawa Barat, Jawa, 17142, Indonesia"
"Waroeng Spesial Sambal SS, Bekasi","{'average': 4.8, 'total': 0}",1,"[{'key': 'tenants/gofood/tags/CUISINE_ANEKA_AYAM_BEBEK', 'tenantUid': 'gofood', 'uid': 'CUISINE_ANEKA_AYAM_BEBEK', 'displayName': 'Ayam & bebek', 'description': '', 'taxonomy': 2, 'parentKey': ''}]","Jalan Jenderal Sudirman, Kranji, Kalibaru, Kota Bekasi, Jawa Barat, Jawa, 17143, Indonesia"
"Haagen-Dazs Kiosk, Summarecon Mall Bekasi","{'average': 4.8, 'total': 0}",4,"[{'key': 'tenants/gofood/tags/CUISINE_SWEETS_DESSERTS', 'tenantUid': 'gofood', 'uid': 'CUISINE_SWEETS_DESSERTS', 'displayName': 'Sweets', 'description': '', 'taxonomy': 2, 'parentKey': ''}]","Summarecon Mall Bekasi, Jalan Bulevar Ahmad Yani, Summarecon Bekasi, Kota Bekasi, Jawa Barat, Jawa, 17142, Indonesia"
"The Harvest Cakes, Bekasi","{'average': 4.4, 'total': 0}",4,"[{'key': 'tenants/gofood/tags/CUISINE_ROTI', 'tenantUid': 'gofood', 'uid': 'CUISINE_ROTI', 'displayName': 'Roti', 'description': '', 'taxonomy': 2, 'parentKey': ''}, {'key': 'tenants/gofood/tags/CUISINE_COFFEE_SHOP', 'tenantUid': 'gofood', 'uid': 'CUISINE_COFFEE_SHOP', 'displayName': 'Kopi', 'description': '', 'taxonomy': 2, 'parentKey': ''}, {'key': 'tenants/gofood/tags/CUISINE_SWEETS_DESSERTS', 'tenantUid': 'gofood', 'uid': 'CUISINE_SWEETS_DESSERTS', 'displayName': 'Sweets', 'description': '', 'taxonomy': 2, 'parentKey': ''}]","Indomaret, Jalan Bulevar Selatan, Summarecon Bekasi, Kota Bekasi, Jawa Barat, Jawa, 17142, Indonesia"
"Doner Kebab, Summarecon Mall Bekasi","{'average': 4.7, 'total': 0}",3,"[{'key': 'tenants/gofood/tags/CUISINE_SNACKS_JAJANAN', 'tenantUid': 'gofood', 'uid': 'CUISINE_SNACKS_JAJANAN', 'displayName': 'Jajanan', 'description': '', 'taxonomy': 2, 'parentKey': ''}]","Summarecon Mall Bekasi, Jalan Bulevar Ahmad Yani, Summarecon Bekasi, Kota Bekasi, Jawa Barat, Jawa, 17142, Indonesia"
"KFC, Summarecon Mall Bekasi","{'average': 4.7, 'total': 0}",3,"[{'key': 'tenants/gofood/tags/CUISINE_FASTFOOD', 'tenantUid': 'gofood', 'uid': 'CUISINE_FASTFOOD', 'displayName': 'Cepat saji', 'description': '', 'taxonomy': 2, 'parentKey': ''}]","Summarecon Mall Bekasi, Jalan Bulevar Ahmad Yani, Summarecon Bekasi, Kota Bekasi, Jawa Barat, Jawa, 17142, Indonesia"
"Koi Teppanyaki, Summarecon Mall Bekasi","{'average': 4.6, 'total': 0}",3,"[{'key': 'tenants/gofood/tags/CUISINE_JAPANESE', 'tenantUid': 'gofood', 'uid': 'CUISINE_JAPANESE', 'displayName': 'Jepang', 'description': '', 'taxonomy': 2, 'parentKey': ''}]","Summarecon Mall Bekasi, Jalan Bulevar Ahmad Yani, Summarecon Bekasi, Kota Bekasi, Jawa Barat, Jawa, 17142, Indonesia"
"Sushi Tei, Summarecon Mall Bekasi","{'average': 4.7, 'total': 0}",3,"[{'key': 'tenants/gofood/tags/CUISINE_JAPANESE', 'tenantUid': 'gofood', 'uid': 'CUISINE_JAPANESE', 'displayName': 'Jepang', 'description': '', 'taxonomy': 2, 'parentKey': ''}]","Summarecon Mall Bekasi, Jalan Bulevar Ahmad Yani, Summarecon Bekasi, Kota Bekasi, Jawa Barat, Jawa, 17142, Indonesia"
"Nasi Pecel Pincuk D'Box Countainer, Bekasi Timur","{'average': 4, 'total': 0}",1,"[{'key': 'tenants/gofood/tags/CUISINE_ANEKA_NASI', 'tenantUid': 'gofood', 'uid': 'CUISINE_ANEKA_NASI', 'displayName': 'Aneka nasi', 'description': '', 'taxonomy': 2, 'parentKey': ''}, {'key': 'tenants/gofood/tags/CUISINE_FASTFOOD', 'tenantUid': 'gofood', 'uid': 'CUISINE_FASTFOOD', 'displayName': 'Cepat saji', 'description': '', 'taxonomy': 2, 'parentKey': ''}]","Jalan Mayor Oking, Rawasemut, Kota Bekasi, Jawa Barat, Jawa, 17141, Indonesia"
"Pancious, Summarecon Mall Bekasi","{'average': 4.6, 'total': 0}",4,"[{'key': 'tenants/gofood/tags/CUISINE_MINUMAN', 'tenantUid': 'gofood', 'uid': 'CUISINE_MINUMAN', 'displayName': 'Minuman', 'description': '', 'taxonomy': 2, 'parentKey': ''}, {'key': 'tenants/gofood/tags/CUISINE_PIZZA_PASTA', 'tenantUid': 'gofood', 'uid': 'CUISINE_PIZZA_PASTA', 'displayName': 'Pizza & pasta', 'description': '', 'taxonomy': 2, 'parentKey': ''}, {'key': 'tenants/gofood/tags/CUISINE_BURGER_SANDWICH_STEAK', 'tenantUid': 'gofood', 'uid': 'CUISINE_BURGER_SANDWICH_STEAK', 'displayName': 'Barat', 'description': '', 'taxonomy': 2, 'parentKey': ''}]","Summarecon Mall Bekasi, Jalan Bulevar Ahmad Yani, Summarecon Bekasi, Kota Bekasi, Jawa Barat, Jawa, 17142, Indonesia"
"Gokana Ramen & Teppan, Metropolitan Mall Bekasi","{'average': 4.6, 'total': 0}",3,"[{'key': 'tenants/gofood/tags/CUISINE_JAPANESE', 'tenantUid': 'gofood', 'uid': 'CUISINE_JAPANESE', 'displayName': 'Jepang', 'description': '', 'taxonomy': 2, 'parentKey': ''}, {'key': 'tenants/gofood/tags/CUISINE_ANEKA_NASI', 'tenantUid': 'gofood', 'uid': 'CUISINE_ANEKA_NASI', 'displayName': 'Aneka nasi', 'description': '', 'taxonomy': 2, 'parentKey': ''}, {'key': 'tenants/gofood/tags/CUISINE_BAKMIE', 'tenantUid': 'gofood', 'uid': 'CUISINE_BAKMIE', 'displayName': 'Bakmie', 'description': '', 'taxonomy': 2, 'parentKey': ''}, {'key': 'tenants/gofood/tags/CUISINE_THAI', 'tenantUid': 'gofood', 'uid': 'CUISINE_THAI', 'displayName': 'Thailand', 'description': '', 'taxonomy': 2, 'parentKey': ''}]","Jalan Ahmad Yani, Rawa Panjang, Margajaya, Kota Bekasi, Jawa Barat, Jawa, 17141, Indonesia"
"Raja Sunda Restaurant, Bekasi Selatan","{'average': 4.6, 'total': 0}",3,"[{'key': 'tenants/gofood/tags/CUISINE_ANEKA_NASI', 'tenantUid': 'gofood', 'uid': 'CUISINE_ANEKA_NASI', 'displayName': 'Aneka nasi', 'description': '', 'taxonomy': 2, 'parentKey': ''}, {'key': 'tenants/gofood/tags/CUISINE_ANEKA_AYAM_BEBEK', 'tenantUid': 'gofood', 'uid': 'CUISINE_ANEKA_AYAM_BEBEK', 'displayName': 'Ayam & bebek', 'description': '', 'taxonomy': 2, 'parentKey': ''}, {'key': 'tenants/gofood/tags/CUISINE_FASTFOOD', 'tenantUid': 'gofood', 'uid': 'CUISINE_FASTFOOD', 'displayName': 'Cepat saji', 'description': '', 'taxonomy': 2, 'parentKey': ''}]","Jalan Jenderal Sudirman, Kranji, Kalibaru, Kota Bekasi, Jawa Barat, Jawa, 17143, Indonesia"
"Ayam Bakar Kalasan Teh Nenden, RA Kartini","{'average': 4.4, 'total': 0}",2,"[{'key': 'tenants/gofood/tags/CUISINE_ANEKA_AYAM_BEBEK', 'tenantUid': 'gofood', 'uid': 'CUISINE_ANEKA_AYAM_BEBEK', 'displayName': 'Ayam & bebek', 'description': '', 'taxonomy': 2, 'parentKey': ''}, {'key': 'tenants/gofood/tags/CUISINE_ANEKA_NASI', 'tenantUid': 'gofood', 'uid': 'CUISINE_ANEKA_NASI', 'displayName': 'Aneka nasi', 'description': '', 'taxonomy': 2, 'parentKey': ''}, {'key': 'tenants/gofood/tags/CUISINE_SEAFOOD', 'tenantUid': 'gofood', 'uid': 'CUISINE_SEAFOOD', 'displayName': 'Seafood', 'description': '', 'taxonomy': 2, 'parentKey': ''}]","Jalan RA. Kartini, Rawasemut, Bekasi Jaya, Kota Bekasi, Jawa Barat, Jawa, 17113, Indonesia"
"Rumah Makan Pak Ubung, RA Kartini","{'average': 4.8, 'total': 0}",3,"[{'key': 'tenants/gofood/tags/CUISINE_SOTO_BAKSO_SOP', 'tenantUid': 'gofood', 'uid': 'CUISINE_SOTO_BAKSO_SOP', 'displayName': 'Bakso & soto', 'description': '', 'taxonomy': 2, 'parentKey': ''}, {'key': 'tenants/gofood/tags/CUISINE_ANEKA_NASI', 'tenantUid': 'gofood', 'uid': 'CUISINE_ANEKA_NASI', 'displayName': 'Aneka nasi', 'description': '', 'taxonomy': 2, 'parentKey': ''}, {'key': 'tenants/gofood/tags/CUISINE_ANEKA_AYAM_BEBEK', 'tenantUid': 'gofood', 'uid': 'CUISINE_ANEKA_AYAM_BEBEK', 'displayName': 'Ayam & bebek', 'description': '', 'taxonomy': 2, 'parentKey': ''}]","Jalan RA. Kartini, Rawasemut, Bekasi Jaya, Kota Bekasi, Jawa Barat, Jawa, 17113, Indonesia"
"Ta Wan, Metropolitan Mall Bekasi","{'average': 4.8, 'total': 0}",3,"[{'key': 'tenants/gofood/tags/CUISINE_CHINESE', 'tenantUid': 'gofood', 'uid': 'CUISINE_CHINESE', 'displayName': 'Chinese', 'description': '', 'taxonomy': 2, 'parentKey': ''}]","Metropolitan Mall, Jalan K. H. Noer Ali, Rawa Panjang, Kayuringinjaya, Kota Bekasi, Jawa Barat, Jawa, 17148, Indonesia"
"Chatime, Metropolitan Mall Bekasi","{'average': 4.5, 'total': 0}",3,"[{'key': 'tenants/gofood/tags/CUISINE_MINUMAN', 'tenantUid': 'gofood', 'uid': 'CUISINE_MINUMAN', 'displayName': 'Minuman', 'description': '', 'taxonomy': 2, 'parentKey': ''}, {'key': 'tenants/gofood/tags/CUISINE_COFFEE_SHOP', 'tenantUid': 'gofood', 'uid': 'CUISINE_COFFEE_SHOP', 'displayName': 'Kopi', 'description': '', 'taxonomy': 2, 'parentKey': ''}, {'key': 'tenants/gofood/tags/CUISINE_SWEETS_DESSERTS', 'tenantUid': 'gofood', 'uid': 'CUISINE_SWEETS_DESSERTS', 'displayName': 'Sweets', 'description': '', 'taxonomy': 2, 'parentKey': ''}]","Metropolitan Mall, Jalan K. H. Noer Ali, Rawa Panjang, Kayuringinjaya, Kota Bekasi, Jawa Barat, Jawa, 17148, Indonesia"
"Starbucks, Metropolitan Mall Bekasi","{'average': 4.6, 'total': 0}",3,"[{'key': 'tenants/gofood/tags/CUISINE_COFFEE_SHOP', 'tenantUid': 'gofood', 'uid': 'CUISINE_COFFEE_SHOP', 'displayName': 'Kopi', 'description': '', 'taxonomy': 2, 'parentKey': ''}, {'key': 'tenants/gofood/tags/CUISINE_ROTI', 'tenantUid': 'gofood', 'uid': 'CUISINE_ROTI', 'displayName': 'Roti', 'description': '', 'taxonomy': 2, 'parentKey': ''}, {'key': 'tenants/gofood/tags/CUISINE_MINUMAN', 'tenantUid': 'gofood', 'uid': 'CUISINE_MINUMAN', 'displayName': 'Minuman', 'description': '', 'taxonomy': 2, 'parentKey': ''}]","Metropolitan Mall, Jalan K. H. Noer Ali, Rawa Panjang, Kayuringinjaya, Kota Bekasi, Jawa Barat, Jawa, 17148, Indonesia"
"Nao Kao Thai Tea, Metropolitan Mall Bekasi","{'average': 3.8, 'total': 0}",2,"[{'key': 'tenants/gofood/tags/CUISINE_MINUMAN', 'tenantUid': 'gofood', 'uid': 'CUISINE_MINUMAN', 'displayName': 'Minuman', 'description': '', 'taxonomy': 2, 'parentKey': ''}]","Metropolitan Mall, Jalan K. H. Noer Ali, Rawa Panjang, Kayuringinjaya, Kota Bekasi, Jawa Barat, Jawa, 17148, Indonesia"
"Mokka Coffee Cabana, Mall Metropolitan Bekasi","{'average': 4.6, 'total': 0}",3,"[{'key': 'tenants/gofood/tags/CUISINE_SNACKS_JAJANAN', 'tenantUid': 'gofood', 'uid': 'CUISINE_SNACKS_JAJANAN', 'displayName': 'Jajanan', 'description': '', 'taxonomy': 2, 'parentKey': ''}]","Metropolitan Mall, Jalan K. H. Noer Ali, Rawa Panjang, Kayuringinjaya, Kota Bekasi, Jawa Barat, Jawa, 17148, Indonesia"
"Steak 21, Metropolitan Mall","{'average': 4.3, 'total': 0}",4,"[{'key': 'tenants/gofood/tags/CUISINE_BURGER_SANDWICH_STEAK', 'tenantUid': 'gofood', 'uid': 'CUISINE_BURGER_SANDWICH_STEAK', 'displayName': 'Barat', 'description': '', 'taxonomy': 2, 'parentKey': ''}]","Rawa Panjang, Kayuringinjaya, Kota Bekasi, Jawa Barat, Jawa, 17141, Indonesia"
"Bakso Lapangan Tembak Senayan, Mal Metropolitan - Kyati Group","{'average': 4.8, 'total': 0}",3,"[{'key': 'tenants/gofood/tags/CUISINE_SOTO_BAKSO_SOP', 'tenantUid': 'gofood', 'uid': 'CUISINE_SOTO_BAKSO_SOP', 'displayName': 'Bakso & soto', 'description': '', 'taxonomy': 2, 'parentKey': ''}]","Rawa Panjang, Kayuringinjaya, Kota Bekasi, Jawa Barat, Jawa, 17141, Indonesia"
"Pan & Flip, Metropolitan Mall","{'average': 4.8, 'total': 0}",3,"[{'key': 'tenants/gofood/tags/CUISINE_PIZZA_PASTA', 'tenantUid': 'gofood', 'uid': 'CUISINE_PIZZA_PASTA', 'displayName': 'Pizza & pasta', 'description': '', 'taxonomy': 2, 'parentKey': ''}, {'key': 'tenants/gofood/tags/CUISINE_ANEKA_NASI', 'tenantUid': 'gofood', 'uid': 'CUISINE_ANEKA_NASI', 'displayName': 'Aneka nasi', 'description': '', 'taxonomy': 2, 'parentKey': ''}, {'key': 'tenants/gofood/tags/CUISINE_ANEKA_AYAM_BEBEK', 'tenantUid': 'gofood', 'uid': 'CUISINE_ANEKA_AYAM_BEBEK', 'displayName': 'Ayam & bebek', 'description': '', 'taxonomy': 2, 'parentKey': ''}]","Metropolitan Mall, Jalan K. H. Noer Ali, Rawa Panjang, Kayuringinjaya, Kota Bekasi, Jawa Barat, Jawa, 17148, Indonesia"
"Martabak Alim, Agus Salim","{'average': 4.6, 'total': 0}",3,"[{'key': 'tenants/gofood/tags/CUISINE_MARTABAK', 'tenantUid': 'gofood', 'uid': 'CUISINE_MARTABAK', 'displayName': 'Martabak', 'description': '', 'taxonomy': 2, 'parentKey': ''}]","Bekasi Jaya, Kota Bekasi, Jawa Barat, Jawa, 17112, Indonesia"
Sate Padang Danguang - Danguang,"{'average': 0, 'total': 0}",1,"[{'key': 'tenants/gofood/tags/CUISINE_SATE', 'tenantUid': 'gofood', 'uid': 'CUISINE_SATE', 'displayName': 'Sate', 'description': '', 'taxonomy': 2, 'parentKey': ''}]","RS Bhakti Kartini, 11, Jalan RA. Kartini, Rawasemut, Bekasi Jaya, Kota Bekasi, Jawa Barat, Jawa, 17113, Indonesia"
"Re.juve., Metropolitan Mall Bekasi","{'average': 4.6, 'total': 0}",3,"[{'key': 'tenants/gofood/tags/CUISINE_MINUMAN', 'tenantUid': 'gofood', 'uid': 'CUISINE_MINUMAN', 'displayName': 'Minuman', 'description': '', 'taxonomy': 2, 'parentKey': ''}, {'key': 'tenants/gofood/tags/CUISINE_SWEETS_DESSERTS', 'tenantUid': 'gofood', 'uid': 'CUISINE_SWEETS_DESSERTS', 'displayName': 'Sweets', 'description': '', 'taxonomy': 2, 'parentKey': ''}, {'key': 'tenants/gofood/tags/CUISINE_SNACKS_JAJANAN', 'tenantUid': 'gofood', 'uid': 'CUISINE_SNACKS_JAJANAN', 'displayName': 'Jajanan', 'description': '', 'taxonomy': 2, 'parentKey': ''}, {'key': 'tenants/gofood/tags/CUISINE_COFFEE_SHOP', 'tenantUid': 'gofood', 'uid': 'CUISINE_COFFEE_SHOP', 'displayName': 'Kopi', 'description': '', 'taxonomy': 2, 'parentKey': ''}]","Metropolitan Mall, Jalan K. H. Noer Ali, Rawa Panjang, Kayuringinjaya, Kota Bekasi, Jawa Barat, Jawa, 17148, Indonesia"
"HokBen, Mall Metropolitan Bekasi","{'average': 4.7, 'total': 0}",3,"[{'key': 'tenants/gofood/tags/CUISINE_FASTFOOD', 'tenantUid': 'gofood', 'uid': 'CUISINE_FASTFOOD', 'displayName': 'Cepat saji', 'description': '', 'taxonomy': 2, 'parentKey': ''}, {'key': 'tenants/gofood/tags/CUISINE_JAPANESE', 'tenantUid': 'gofood', 'uid': 'CUISINE_JAPANESE', 'displayName': 'Jepang', 'description': '', 'taxonomy': 2, 'parentKey': ''}]","Metropolitan Mall, Jalan K. H. Noer Ali, Rawa Panjang, Kayuringinjaya, Kota Bekasi, Jawa Barat, Jawa, 17148, Indonesia"
"Soto Mie Asli Bogor Mang Awi, Perumnas 1","{'average': 4.6, 'total': 0}",2,"[{'key': 'tenants/gofood/tags/CUISINE_SOTO_BAKSO_SOP', 'tenantUid': 'gofood', 'uid': 'CUISINE_SOTO_BAKSO_SOP', 'displayName': 'Bakso & soto', 'description': '', 'taxonomy': 2, 'parentKey': ''}]","Jalan Nangka Raya, Kranji, Kalibaru, Kota Bekasi, Jawa Barat, Jawa, 17143, Indonesia"
"KFC, Metropolitan Mall","{'average': 4.5, 'total': 0}",3,"[{'key': 'tenants/gofood/tags/CUISINE_FASTFOOD', 'tenantUid': 'gofood', 'uid': 'CUISINE_FASTFOOD', 'displayName': 'Cepat saji', 'description': '', 'taxonomy': 2, 'parentKey': ''}]","Hotel Horison Bekasi, Jalan K. H. Noer Ali, Rawa Panjang, Kayuringinjaya, Kota Bekasi, Jawa Barat, Jawa, 17148, Indonesia"
"Baskin Robbins, Metropolitan Mall","{'average': 4.6, 'total': 0}",4,"[{'key': 'tenants/gofood/tags/CUISINE_SWEETS_DESSERTS', 'tenantUid': 'gofood', 'uid': 'CUISINE_SWEETS_DESSERTS', 'displayName': 'Sweets', 'description': '', 'taxonomy': 2, 'parentKey': ''}]","Hotel Horison Bekasi, Jalan K. H. Noer Ali, Rawa Panjang, Kayuringinjaya, Kota Bekasi, Jawa Barat, Jawa, 17148, Indonesia"
A&W Mall Metropolitan Lt. 2,"{'average': 4.8, 'total': 0}",3,"[{'key': 'tenants/gofood/tags/CUISINE_FASTFOOD', 'tenantUid': 'gofood', 'uid': 'CUISINE_FASTFOOD', 'displayName': 'Cepat saji', 'description': '', 'taxonomy': 2, 'parentKey': ''}]","Hotel Horison Bekasi, Jalan K. H. Noer Ali, Rawa Panjang, Kayuringinjaya, Kota Bekasi, Jawa Barat, Jawa, 17148, Indonesia"
"Hop Hop Bubble, Metropolitan Mall 1","{'average': 4.5, 'total': 0}",2,"[{'key': 'tenants/gofood/tags/CUISINE_MINUMAN', 'tenantUid': 'gofood', 'uid': 'CUISINE_MINUMAN', 'displayName': 'Minuman', 'description': '', 'taxonomy': 2, 'parentKey': ''}]","Hotel Horison Bekasi, Jalan K. H. Noer Ali, Rawa Panjang, Kayuringinjaya, Kota Bekasi, Jawa Barat, Jawa, 17148, Indonesia"
Favorite Martabak Bangka Kartini Bekasi,"{'average': 4.6, 'total': 0}",3,"[{'key': 'tenants/gofood/tags/CUISINE_MARTABAK', 'tenantUid': 'gofood', 'uid': 'CUISINE_MARTABAK', 'displayName': 'Martabak', 'description': '', 'taxonomy': 2, 'parentKey': ''}]","Rawasemut, Kota Bekasi, Jawa Barat, Jawa, 17113, Indonesia"
"Warung Nasi H. Udin (Nasi Rames, Nasi Uduk, Soto Betawi)","{'average': 4.7, 'total': 0}",2,"[{'key': 'tenants/gofood/tags/CUISINE_ANEKA_NASI', 'tenantUid': 'gofood', 'uid': 'CUISINE_ANEKA_NASI', 'displayName': 'Aneka nasi', 'description': '', 'taxonomy': 2, 'parentKey': ''}, {'key': 'tenants/gofood/tags/CUISINE_FASTFOOD', 'tenantUid': 'gofood', 'uid': 'CUISINE_FASTFOOD', 'displayName': 'Cepat saji', 'description': '', 'taxonomy': 2, 'parentKey': ''}]","Rawasemut, Kota Bekasi, Jawa Barat, Jawa, 17113, Indonesia"
"Martabak Pizza Orins, Bekasi","{'average': 4.7, 'total': 0}",3,"[{'key': 'tenants/gofood/tags/CUISINE_MARTABAK', 'tenantUid': 'gofood', 'uid': 'CUISINE_MARTABAK', 'displayName': 'Martabak', 'description': '', 'taxonomy': 2, 'parentKey': ''}, {'key': 'tenants/gofood/tags/CUISINE_SNACKS_JAJANAN', 'tenantUid': 'gofood', 'uid': 'CUISINE_SNACKS_JAJANAN', 'displayName': 'Jajanan', 'description': '', 'taxonomy': 2, 'parentKey': ''}]","RS Bhakti Kartini, 11, Jalan RA. Kartini, Rawasemut, Bekasi Jaya, Kota Bekasi, Jawa Barat, Jawa, 17113, Indonesia"
"Pizza Hut Delivery - PHD, Kartini Bekasi","{'average': 4.6, 'total': 0}",4,"[{'key': 'tenants/gofood/tags/CUISINE_PIZZA_PASTA', 'tenantUid': 'gofood', 'uid': 'CUISINE_PIZZA_PASTA', 'displayName': 'Pizza & pasta', 'description': '', 'taxonomy': 2, 'parentKey': ''}, {'key': 'tenants/gofood/tags/CUISINE_FASTFOOD', 'tenantUid': 'gofood', 'uid': 'CUISINE_FASTFOOD', 'displayName': 'Cepat saji', 'description': '', 'taxonomy': 2, 'parentKey': ''}, {'key': 'tenants/gofood/tags/CUISINE_SNACKS_JAJANAN', 'tenantUid': 'gofood', 'uid': 'CUISINE_SNACKS_JAJANAN', 'displayName': 'Jajanan', 'description': '', 'taxonomy': 2, 'parentKey': ''}, {'key': 'tenants/gofood/tags/CUISINE_BURGER_SANDWICH_STEAK', 'tenantUid': 'gofood', 'uid': 'CUISINE_BURGER_SANDWICH_STEAK', 'displayName': 'Barat', 'description': '', 'taxonomy': 2, 'parentKey': ''}, {'key': 'tenants/gofood/tags/CUISINE_ANEKA_AYAM_BEBEK', 'tenantUid': 'gofood', 'uid': 'CUISINE_ANEKA_AYAM_BEBEK', 'displayName': 'Ayam & bebek', 'description': '', 'taxonomy': 2, 'parentKey': ''}]","Rawasemut, Kota Bekasi, Jawa Barat, Jawa, 17113, Indonesia"
"Bakmi GM, Metropolitan Mall","{'average': 4.8, 'total': 0}",3,"[{'key': 'tenants/gofood/tags/CUISINE_BAKMIE', 'tenantUid': 'gofood', 'uid': 'CUISINE_BAKMIE', 'displayName': 'Bakmie', 'description': '', 'taxonomy': 2, 'parentKey': ''}, {'key': 'tenants/gofood/tags/CUISINE_ANEKA_NASI', 'tenantUid': 'gofood', 'uid': 'CUISINE_ANEKA_NASI', 'displayName': 'Aneka nasi', 'description': '', 'taxonomy': 2, 'parentKey': ''}, {'key': 'tenants/gofood/tags/CUISINE_CHINESE', 'tenantUid': 'gofood', 'uid': 'CUISINE_CHINESE', 'displayName': 'Chinese', 'description': '', 'taxonomy': 2, 'parentKey': ''}]","Rawa Panjang, Kayuringinjaya, Kota Bekasi, Jawa Barat, Jawa, 17141, Indonesia"
"Pondok Lezat Sumarecon, Raya Rawa Bugel","{'average': 4.4, 'total': 0}",2,[],"Kota Bekasi, Jawa Barat, Jawa, 17142, Indonesia"
"D'COST, Mega Bekasi","{'average': 4.6, 'total': 0}",3,"[{'key': 'tenants/gofood/tags/CUISINE_ANEKA_NASI', 'tenantUid': 'gofood', 'uid': 'CUISINE_ANEKA_NASI', 'displayName': 'Aneka nasi', 'description': '', 'taxonomy': 2, 'parentKey': ''}, {'key': 'tenants/gofood/tags/CUISINE_SEAFOOD', 'tenantUid': 'gofood', 'uid': 'CUISINE_SEAFOOD', 'displayName': 'Seafood', 'description': '', 'taxonomy': 2, 'parentKey': ''}]","Mega Bekasi Hypermall, Jalan Ahmad Yani, Rawa Panjang, Margajaya, Kota Bekasi, Jawa Barat, Jawa, 17141, Indonesia"
"Ayam Goreng Ny Suharti, Bekasi","{'average': 4.8, 'total': 0}",3,"[{'key': 'tenants/gofood/tags/CUISINE_ANEKA_AYAM_BEBEK', 'tenantUid': 'gofood', 'uid': 'CUISINE_ANEKA_AYAM_BEBEK', 'displayName': 'Ayam & bebek', 'description': '', 'taxonomy': 2, 'parentKey': ''}, {'key': 'tenants/gofood/tags/CUISINE_ANEKA_NASI', 'tenantUid': 'gofood', 'uid': 'CUISINE_ANEKA_NASI', 'displayName': 'Aneka nasi', 'description': '', 'taxonomy': 2, 'parentKey': ''}]","Jalan Kalimalang, Rawa Panjang, Kayuringinjaya, Kota Bekasi, Jawa Barat, Jawa, 17141, Indonesia"
"Es Teler 77, Metropolitan Mall","{'average': 4.5, 'total': 0}",3,"[{'key': 'tenants/gofood/tags/CUISINE_ANEKA_NASI', 'tenantUid': 'gofood', 'uid': 'CUISINE_ANEKA_NASI', 'displayName': 'Aneka nasi', 'description': '', 'taxonomy': 2, 'parentKey': ''}, {'key': 'tenants/gofood/tags/CUISINE_BAKMIE', 'tenantUid': 'gofood', 'uid': 'CUISINE_BAKMIE', 'displayName': 'Bakmie', 'description': '', 'taxonomy': 2, 'parentKey': ''}, {'key': 'tenants/gofood/tags/CUISINE_SWEETS_DESSERTS', 'tenantUid': 'gofood', 'uid': 'CUISINE_SWEETS_DESSERTS', 'displayName': 'Sweets', 'description': '', 'taxonomy': 2, 'parentKey': ''}, {'key': 'tenants/gofood/tags/CUISINE_ANEKA_AYAM_BEBEK', 'tenantUid': 'gofood', 'uid': 'CUISINE_ANEKA_AYAM_BEBEK', 'displayName': 'Ayam & bebek', 'description': '', 'taxonomy': 2, 'parentKey': ''}, {'key': 'tenants/gofood/tags/CUISINE_SOTO_BAKSO_SOP', 'tenantUid': 'gofood', 'uid': 'CUISINE_SOTO_BAKSO_SOP', 'displayName': 'Bakso & soto', 'description': '', 'taxonomy': 2, 'parentKey': ''}, {'key': 'tenants/gofood/tags/CUISINE_SNACKS_JAJANAN', 'tenantUid': 'gofood', 'uid': 'CUISINE_SNACKS_JAJANAN', 'displayName': 'Jajanan', 'description': '', 'taxonomy': 2, 'parentKey': ''}, {'key': 'tenants/gofood/tags/CUISINE_FASTFOOD', 'tenantUid': 'gofood', 'uid': 'CUISINE_FASTFOOD', 'displayName': 'Cepat saji', 'description': '', 'taxonomy': 2, 'parentKey': ''}]","Metropolitan Mall, Jalan K. H. Noer Ali, Rawa Panjang, Kayuringinjaya, Kota Bekasi, Jawa Barat, Jawa, 17148, Indonesia"
"Warung Tekko, Mega Bekasi Hypermall","{'average': 0, 'total': 0}",3,"[{'key': 'tenants/gofood/tags/CUISINE_ANEKA_NASI', 'tenantUid': 'gofood', 'uid': 'CUISINE_ANEKA_NASI', 'displayName': 'Aneka nasi', 'description': '', 'taxonomy': 2, 'parentKey': ''}, {'key': 'tenants/gofood/tags/CUISINE_SEAFOOD', 'tenantUid': 'gofood', 'uid': 'CUISINE_SEAFOOD', 'displayName': 'Seafood', 'description': '', 'taxonomy': 2, 'parentKey': ''}]","Mega Bekasi Hypermall, Jalan Ahmad Yani, Rawa Panjang, Margajaya, Kota Bekasi, Jawa Barat, Jawa, 17141, Indonesia"
"HokBen, Mega Bekasi Hypermall","{'average': 4.7, 'total': 0}",3,"[{'key': 'tenants/gofood/tags/CUISINE_FASTFOOD', 'tenantUid': 'gofood', 'uid': 'CUISINE_FASTFOOD', 'displayName': 'Cepat saji', 'description': '', 'taxonomy': 2, 'parentKey': ''}, {'key': 'tenants/gofood/tags/CUISINE_JAPANESE', 'tenantUid': 'gofood', 'uid': 'CUISINE_JAPANESE', 'displayName': 'Jepang', 'description': '', 'taxonomy': 2, 'parentKey': ''}]","Giant Mega Bekasi Hypermall, No.1, Jalan Ahmad Yani, Rawa Panjang, Margajaya, Kota Bekasi, Jawa Barat, Jawa, 17141, Indonesia"
"Iga Bakar Mbok Giyah, Bekasi","{'average': 4.7, 'total': 0}",2,"[{'key': 'tenants/gofood/tags/CUISINE_ANEKA_NASI', 'tenantUid': 'gofood', 'uid': 'CUISINE_ANEKA_NASI', 'displayName': 'Aneka nasi', 'description': '', 'taxonomy': 2, 'parentKey': ''}, {'key': 'tenants/gofood/tags/CUISINE_ANEKA_AYAM_BEBEK', 'tenantUid': 'gofood', 'uid': 'CUISINE_ANEKA_AYAM_BEBEK', 'displayName': 'Ayam & bebek', 'description': '', 'taxonomy': 2, 'parentKey': ''}]","Jalan Lele Raya, Kranji, Rawa Panjang, Kayuringinjaya, Kota Bekasi, Jawa Barat, Jawa, 17144, Indonesia"
"Mochi Mochio, Mega Bekasi Hypermall","{'average': 4.3, 'total': 0}",3,"[{'key': 'tenants/gofood/tags/CUISINE_SNACKS_JAJANAN', 'tenantUid': 'gofood', 'uid': 'CUISINE_SNACKS_JAJANAN', 'displayName': 'Jajanan', 'description': '', 'taxonomy': 2, 'parentKey': ''}]","Mega Bekasi Hypermall, Jalan Ahmad Yani, Rawa Panjang, Margajaya, Kota Bekasi, Jawa Barat, Jawa, 17141, Indonesia"
"Gokana Ramen & Teppan, Mega Bekasi Hypermall lt. UG","{'average': 4.6, 'total': 0}",3,"[{'key': 'tenants/gofood/tags/CUISINE_JAPANESE', 'tenantUid': 'gofood', 'uid': 'CUISINE_JAPANESE', 'displayName': 'Jepang', 'description': '', 'taxonomy': 2, 'parentKey': ''}, {'key': 'tenants/gofood/tags/CUISINE_ANEKA_NASI', 'tenantUid': 'gofood', 'uid': 'CUISINE_ANEKA_NASI', 'displayName': 'Aneka nasi', 'description': '', 'taxonomy': 2, 'parentKey': ''}, {'key': 'tenants/gofood/tags/CUISINE_BAKMIE', 'tenantUid': 'gofood', 'uid': 'CUISINE_BAKMIE', 'displayName': 'Bakmie', 'description': '', 'taxonomy': 2, 'parentKey': ''}]","Mega Bekasi Hypermall, Jalan Ahmad Yani, Rawa Panjang, Margajaya, Kota Bekasi, Jawa Barat, Jawa, 17141, Indonesia"
"Dunkin' Donuts, Mall Metropolitan","{'average': 4.1, 'total': 0}",3,"[{'key': 'tenants/gofood/tags/CUISINE_ROTI', 'tenantUid': 'gofood', 'uid': 'CUISINE_ROTI', 'displayName': 'Roti', 'description': '', 'taxonomy': 2, 'parentKey': ''}, {'key': 'tenants/gofood/tags/CUISINE_COFFEE_SHOP', 'tenantUid': 'gofood', 'uid': 'CUISINE_COFFEE_SHOP', 'displayName': 'Kopi', 'description': '', 'taxonomy': 2, 'parentKey': ''}, {'key': 'tenants/gofood/tags/CUISINE_SWEETS_DESSERTS', 'tenantUid': 'gofood', 'uid': 'CUISINE_SWEETS_DESSERTS', 'displayName': 'Sweets', 'description': '', 'taxonomy': 2, 'parentKey': ''}]","Mega Bekasi Hypermall, Jalan Ahmad Yani, Rawa Panjang, Margajaya, Kota Bekasi, Jawa Barat, Jawa, 17141, Indonesia"
"Imperial Kitchen & Dimsum, Mega Bekasi","{'average': 4.8, 'total': 0}",3,"[{'key': 'tenants/gofood/tags/CUISINE_CHINESE', 'tenantUid': 'gofood', 'uid': 'CUISINE_CHINESE', 'displayName': 'Chinese', 'description': '', 'taxonomy': 2, 'parentKey': ''}, {'key': 'tenants/gofood/tags/CUISINE_ANEKA_NASI', 'tenantUid': 'gofood', 'uid': 'CUISINE_ANEKA_NASI', 'displayName': 'Aneka nasi', 'description': '', 'taxonomy': 2, 'parentKey': ''}, {'key': 'tenants/gofood/tags/CUISINE_ANEKA_AYAM_BEBEK', 'tenantUid': 'gofood', 'uid': 'CUISINE_ANEKA_AYAM_BEBEK', 'displayName': 'Ayam & bebek', 'description': '', 'taxonomy': 2, 'parentKey': ''}]","Mega Bekasi Hypermall, Jalan Ahmad Yani, Rawa Panjang, Margajaya, Kota Bekasi, Jawa Barat, Jawa, 17141, Indonesia"
A&W Mega Bekasi 1 UG,"{'average': 4.8, 'total': 0}",3,"[{'key': 'tenants/gofood/tags/CUISINE_FASTFOOD', 'tenantUid': 'gofood', 'uid': 'CUISINE_FASTFOOD', 'displayName': 'Cepat saji', 'description': '', 'taxonomy': 2, 'parentKey': ''}]","Mega Bekasi Hypermall, Jalan Ahmad Yani, Rawa Panjang, Margajaya, Kota Bekasi, Jawa Barat, Jawa, 17141, Indonesia"
"Steak 21, Mega Bekasi Hypermall","{'average': 4.6, 'total': 0}",4,"[{'key': 'tenants/gofood/tags/CUISINE_BURGER_SANDWICH_STEAK', 'tenantUid': 'gofood', 'uid': 'CUISINE_BURGER_SANDWICH_STEAK', 'displayName': 'Barat', 'description': '', 'taxonomy': 2, 'parentKey': ''}]","Mega Bekasi Hypermall, Jalan Ahmad Yani, Rawa Panjang, Margajaya, Kota Bekasi, Jawa Barat, Jawa, 17141, Indonesia"
"Solaria, Mega Bekasi 2","{'average': 4.6, 'total': 0}",3,"[{'key': 'tenants/gofood/tags/CUISINE_CHINESE', 'tenantUid': 'gofood', 'uid': 'CUISINE_CHINESE', 'displayName': 'Chinese', 'description': '', 'taxonomy': 2, 'parentKey': ''}, {'key': 'tenants/gofood/tags/CUISINE_ANEKA_NASI', 'tenantUid': 'gofood', 'uid': 'CUISINE_ANEKA_NASI', 'displayName': 'Aneka nasi', 'description': '', 'taxonomy': 2, 'parentKey': ''}]","Mega Bekasi Hypermall, Jalan Ahmad Yani, Rawa Panjang, Margajaya, Kota Bekasi, Jawa Barat, Jawa, 17141, Indonesia"
"KFC Box, Mega Bekasi","{'average': 0, 'total': 0}",3,"[{'key': 'tenants/gofood/tags/CUISINE_FASTFOOD', 'tenantUid': 'gofood', 'uid': 'CUISINE_FASTFOOD', 'displayName': 'Cepat saji', 'description': '', 'taxonomy': 2, 'parentKey': ''}]","Mega Bekasi Hypermall, Jalan Ahmad Yani, Rawa Panjang, Margajaya, Kota Bekasi, Jawa Barat, Jawa, 17141, Indonesia"
"KFC, Mega Bekasi Hypermall","{'average': 4.4, 'total': 0}",3,"[{'key': 'tenants/gofood/tags/CUISINE_FASTFOOD', 'tenantUid': 'gofood', 'uid': 'CUISINE_FASTFOOD', 'displayName': 'Cepat saji', 'description': '', 'taxonomy': 2, 'parentKey': ''}]","Mega Bekasi Hypermall, Jalan Ahmad Yani, Rawa Panjang, Margajaya, Kota Bekasi, Jawa Barat, Jawa, 17141, Indonesia"
"Dunkin' Donuts, Mega Mall Bekasi","{'average': 4.1, 'total': 0}",4,"[{'key': 'tenants/gofood/tags/CUISINE_ROTI', 'tenantUid': 'gofood', 'uid': 'CUISINE_ROTI', 'displayName': 'Roti', 'description': '', 'taxonomy': 2, 'parentKey': ''}, {'key': 'tenants/gofood/tags/CUISINE_COFFEE_SHOP', 'tenantUid': 'gofood', 'uid': 'CUISINE_COFFEE_SHOP', 'displayName': 'Kopi', 'description': '', 'taxonomy': 2, 'parentKey': ''}, {'key': 'tenants/gofood/tags/CUISINE_SWEETS_DESSERTS', 'tenantUid': 'gofood', 'uid': 'CUISINE_SWEETS_DESSERTS', 'displayName': 'Sweets', 'description': '', 'taxonomy': 2, 'parentKey': ''}]","Mega Bekasi Hypermall, Jalan Ahmad Yani, Rawa Panjang, Margajaya, Kota Bekasi, Jawa Barat, Jawa, 17141, Indonesia"
"KFC, Grand Mall Bekasi","{'average': 4.8, 'total': 0}",3,"[{'key': 'tenants/gofood/tags/CUISINE_FASTFOOD', 'tenantUid': 'gofood', 'uid': 'CUISINE_FASTFOOD', 'displayName': 'Cepat saji', 'description': '', 'taxonomy': 2, 'parentKey': ''}]","Grand Mal Bekasi Bike Area, 1, Jalan Jenderal Sudirman, Kranji, Kalibaru, Kota Bekasi, Jawa Barat, Jawa, 17143, Indonesia"
"KOI Thé, Metropolitan Mall Bekasi","{'average': 4.8, 'total': 0}",2,"[{'key': 'tenants/gofood/tags/CUISINE_MINUMAN', 'tenantUid': 'gofood', 'uid': 'CUISINE_MINUMAN', 'displayName': 'Minuman', 'description': '', 'taxonomy': 2, 'parentKey': ''}, {'key': 'tenants/gofood/tags/CUISINE_SWEETS_DESSERTS', 'tenantUid': 'gofood', 'uid': 'CUISINE_SWEETS_DESSERTS', 'displayName': 'Sweets', 'description': '', 'taxonomy': 2, 'parentKey': ''}, {'key': 'tenants/gofood/tags/CUISINE_COFFEE_SHOP', 'tenantUid': 'gofood', 'uid': 'CUISINE_COFFEE_SHOP', 'displayName': 'Kopi', 'description': '', 'taxonomy': 2, 'parentKey': ''}]","Hotel Horison Bekasi, Jalan K. H. Noer Ali, Rawa Panjang, Kayuringinjaya, Kota Bekasi, Jawa Barat, Jawa, 17148, Indonesia"
"Solaria, Mega Bekasi 4","{'average': 4.7, 'total': 0}",3,"[{'key': 'tenants/gofood/tags/CUISINE_ANEKA_NASI', 'tenantUid': 'gofood', 'uid': 'CUISINE_ANEKA_NASI', 'displayName': 'Aneka nasi', 'description': '', 'taxonomy': 2, 'parentKey': ''}]","Mega Bekasi Hypermall, Jalan Ahmad Yani, Rawa Panjang, Margajaya, Kota Bekasi, Jawa Barat, Jawa, 17141, Indonesia"
"Solaria, Mega Bekasi 3","{'average': 4.6, 'total': 0}",3,"[{'key': 'tenants/gofood/tags/CUISINE_ANEKA_NASI', 'tenantUid': 'gofood', 'uid': 'CUISINE_ANEKA_NASI', 'displayName': 'Aneka nasi', 'description': '', 'taxonomy': 2, 'parentKey': ''}]","Mega Bekasi Hypermall, Jalan Ahmad Yani, Rawa Panjang, Margajaya, Kota Bekasi, Jawa Barat, Jawa, 17141, Indonesia"
"Amanda Brownies, Kalimalang","{'average': 4.7, 'total': 0}",3,"[{'key': 'tenants/gofood/tags/CUISINE_SWEETS_DESSERTS', 'tenantUid': 'gofood', 'uid': 'CUISINE_SWEETS_DESSERTS', 'displayName': 'Sweets', 'description': '', 'taxonomy': 2, 'parentKey': ''}]","Jalan Lele 11, Rawa Panjang, Kayuringinjaya, Kota Bekasi, Jawa Barat, Jawa, 17144, Indonesia"
"Lapis Talas Arasari, Gerai Kalimalang Bekasi","{'average': 4.1, 'total': 0}",3,"[{'key': 'tenants/gofood/tags/CUISINE_ROTI', 'tenantUid': 'gofood', 'uid': 'CUISINE_ROTI', 'displayName': 'Roti', 'description': '', 'taxonomy': 2, 'parentKey': ''}, {'key': 'tenants/gofood/tags/CUISINE_SNACKS_JAJANAN', 'tenantUid': 'gofood', 'uid': 'CUISINE_SNACKS_JAJANAN', 'displayName': 'Jajanan', 'description': '', 'taxonomy': 2, 'parentKey': ''}, {'key': 'tenants/gofood/tags/CUISINE_SWEETS_DESSERTS', 'tenantUid': 'gofood', 'uid': 'CUISINE_SWEETS_DESSERTS', 'displayName': 'Sweets', 'description': '', 'taxonomy': 2, 'parentKey': ''}]","Jalan Lele 11, Rawa Panjang, Kayuringinjaya, Kota Bekasi, Jawa Barat, Jawa, 17144, Indonesia"
"Smiling Kitchen Sate & Sop, Villa Taman Kartini","{'average': 0, 'total': 0}",2,"[{'key': 'tenants/gofood/tags/CUISINE_ANEKA_AYAM_BEBEK', 'tenantUid': 'gofood', 'uid': 'CUISINE_ANEKA_AYAM_BEBEK', 'displayName': 'Ayam & bebek', 'description': '', 'taxonomy': 2, 'parentKey': ''}, {'key': 'tenants/gofood/tags/CUISINE_SNACKS_JAJANAN', 'tenantUid': 'gofood', 'uid': 'CUISINE_SNACKS_JAJANAN', 'displayName': 'Jajanan', 'description': '', 'taxonomy': 2, 'parentKey': ''}, {'key': 'tenants/gofood/tags/CUISINE_COFFEE_SHOP', 'tenantUid': 'gofood', 'uid': 'CUISINE_COFFEE_SHOP', 'displayName': 'Kopi', 'description': '', 'taxonomy': 2, 'parentKey': ''}]","Graha Duta 1, Rawasemut, Kota Bekasi, Jawa Barat, Jawa, 17113, Indonesia"
"Roti Unyil Venus, Kalimalang","{'average': 4.2, 'total': 0}",3,"[{'key': 'tenants/gofood/tags/CUISINE_ROTI', 'tenantUid': 'gofood', 'uid': 'CUISINE_ROTI', 'displayName': 'Roti', 'description': '', 'taxonomy': 2, 'parentKey': ''}, {'key': 'tenants/gofood/tags/CUISINE_SWEETS_DESSERTS', 'tenantUid': 'gofood', 'uid': 'CUISINE_SWEETS_DESSERTS', 'displayName': 'Sweets', 'description': '', 'taxonomy': 2, 'parentKey': ''}]","Rawa Panjang, Kayuringinjaya, Kota Bekasi, Jawa Barat, Jawa, 17144, Indonesia"
"Ayam, Bebek, Ikan & Iga Bekrot, Kayuringin","{'average': 4.6, 'total': 0}",2,"[{'key': 'tenants/gofood/tags/CUISINE_ANEKA_AYAM_BEBEK', 'tenantUid': 'gofood', 'uid': 'CUISINE_ANEKA_AYAM_BEBEK', 'displayName': 'Ayam & bebek', 'description': '', 'taxonomy': 2, 'parentKey': ''}]","Jalan Gurame Raya, Kranji, Rawa Panjang, Kayuringinjaya, Kota Bekasi, Jawa Barat, Jawa, 17144, Indonesia"
"Chatime x Cupbop, Ay Bekasi","{'average': 4.6, 'total': 0}",3,"[{'key': 'tenants/gofood/tags/CUISINE_MINUMAN', 'tenantUid': 'gofood', 'uid': 'CUISINE_MINUMAN', 'displayName': 'Minuman', 'description': '', 'taxonomy': 2, 'parentKey': ''}, {'key': 'tenants/gofood/tags/CUISINE_COFFEE_SHOP', 'tenantUid': 'gofood', 'uid': 'CUISINE_COFFEE_SHOP', 'displayName': 'Kopi', 'description': '', 'taxonomy': 2, 'parentKey': ''}, {'key': 'tenants/gofood/tags/CUISINE_SWEETS_DESSERTS', 'tenantUid': 'gofood', 'uid': 'CUISINE_SWEETS_DESSERTS', 'displayName': 'Sweets', 'description': '', 'taxonomy': 2, 'parentKey': ''}]","Living Plaza Bekasi, Jalan Ahmad Yani, Rawa Panjang, Margajaya, Kota Bekasi, Jawa Barat, Jawa, 17141, Indonesia"
"Seblak & Ceker Mercon, Perumnas 1","{'average': 4.5, 'total': 0}",1,"[{'key': 'tenants/gofood/tags/CUISINE_SNACKS_JAJANAN', 'tenantUid': 'gofood', 'uid': 'CUISINE_SNACKS_JAJANAN', 'displayName': 'Jajanan', 'description': '', 'taxonomy': 2, 'parentKey': ''}, {'key': 'tenants/gofood/tags/CUISINE_ANEKA_AYAM_BEBEK', 'tenantUid': 'gofood', 'uid': 'CUISINE_ANEKA_AYAM_BEBEK', 'displayName': 'Ayam & bebek', 'description': '', 'taxonomy': 2, 'parentKey': ''}, {'key': 'tenants/gofood/tags/CUISINE_SOTO_BAKSO_SOP', 'tenantUid': 'gofood', 'uid': 'CUISINE_SOTO_BAKSO_SOP', 'displayName': 'Bakso & soto', 'description': '', 'taxonomy': 2, 'parentKey': ''}]","Jalan Tenggiri 1, Kranji, Kota Bekasi, Jawa Barat, Jawa, 17136, Indonesia"
"Ayam Kampung Mbak Maya, Jl Mochtar Tabrani","{'average': 4.8, 'total': 0}",2,"[{'key': 'tenants/gofood/tags/CUISINE_ANEKA_AYAM_BEBEK', 'tenantUid': 'gofood', 'uid': 'CUISINE_ANEKA_AYAM_BEBEK', 'displayName': 'Ayam & bebek', 'description': '', 'taxonomy': 2, 'parentKey': ''}]","Jalan KH Muchtar Tabrani, Summarecon Bekasi, Harapanjaya, Kota Bekasi, Jawa Barat, Jawa, 17122, Indonesia"
"Waroeng Steak And Shake, Bekasi Timur","{'average': 4.7, 'total': 0}",3,"[{'key': 'tenants/gofood/tags/CUISINE_BURGER_SANDWICH_STEAK', 'tenantUid': 'gofood', 'uid': 'CUISINE_BURGER_SANDWICH_STEAK', 'displayName': 'Barat', 'description': '', 'taxonomy': 2, 'parentKey': ''}]","Jalan Insinyur Haji Juanda, Rawasemut, Bekasi Jaya, Kota Bekasi, Jawa Barat, Jawa, 17113, Indonesia"
"The Harvest Cakes, Kalimalang","{'average': 4.4, 'total': 0}",4,"[{'key': 'tenants/gofood/tags/CUISINE_ROTI', 'tenantUid': 'gofood', 'uid': 'CUISINE_ROTI', 'displayName': 'Roti', 'description': '', 'taxonomy': 2, 'parentKey': ''}, {'key': 'tenants/gofood/tags/CUISINE_SWEETS_DESSERTS', 'tenantUid': 'gofood', 'uid': 'CUISINE_SWEETS_DESSERTS', 'displayName': 'Sweets', 'description': '', 'taxonomy': 2, 'parentKey': ''}, {'key': 'tenants/gofood/tags/CUISINE_COFFEE_SHOP', 'tenantUid': 'gofood', 'uid': 'CUISINE_COFFEE_SHOP', 'displayName': 'Kopi', 'description': '', 'taxonomy': 2, 'parentKey': ''}]","Rawa Panjang, Kayuringinjaya, Kota Bekasi, Jawa Barat, Jawa, 17144, Indonesia"
"Tahu Sumedang Bamboo, Ahmad Yani","{'average': 4.6, 'total': 0}",1,"[{'key': 'tenants/gofood/tags/CUISINE_SNACKS_JAJANAN', 'tenantUid': 'gofood', 'uid': 'CUISINE_SNACKS_JAJANAN', 'displayName': 'Jajanan', 'description': '', 'taxonomy': 2, 'parentKey': ''}]","Jalan Ahmad Yani, Rawa Panjang, Margajaya, Kota Bekasi, Jawa Barat, Jawa, 17148, Indonesia"
"RM. Sate Dan Sop Kambing "" Mang Ujang "", Bekasi","{'average': 4.6, 'total': 0}",3,"[{'key': 'tenants/gofood/tags/CUISINE_SATE', 'tenantUid': 'gofood', 'uid': 'CUISINE_SATE', 'displayName': 'Sate', 'description': '', 'taxonomy': 2, 'parentKey': ''}]","Jalan Akses Kampung Te, Summarecon Bekasi, Kota Bekasi, Jawa Barat, Jawa, 17142, Indonesia"
Warteg Krisma - Bekasi Barat,"{'average': 0, 'total': 0}",1,"[{'key': 'tenants/gofood/tags/CUISINE_ANEKA_NASI', 'tenantUid': 'gofood', 'uid': 'CUISINE_ANEKA_NASI', 'displayName': 'Aneka nasi', 'description': '', 'taxonomy': 2, 'parentKey': ''}, {'key': 'tenants/gofood/tags/CUISINE_COFFEE_SHOP', 'tenantUid': 'gofood', 'uid': 'CUISINE_COFFEE_SHOP', 'displayName': 'Kopi', 'description': '', 'taxonomy': 2, 'parentKey': ''}, {'key': 'tenants/gofood/tags/CUISINE_MINUMAN', 'tenantUid': 'gofood', 'uid': 'CUISINE_MINUMAN', 'displayName': 'Minuman', 'description': '', 'taxonomy': 2, 'parentKey': ''}]","Jalan Dahlia Raya, Kranji, Kota Bekasi, Jawa Barat, Jawa, 17136, Indonesia"
"Sate Senayan by Sate Khas Senayan, Grand Metropolitan Bekasi","{'average': 4.6, 'total': 0}",3,"[{'key': 'tenants/gofood/tags/CUISINE_ANEKA_NASI', 'tenantUid': 'gofood', 'uid': 'CUISINE_ANEKA_NASI', 'displayName': 'Aneka nasi', 'description': '', 'taxonomy': 2, 'parentKey': ''}, {'key': 'tenants/gofood/tags/CUISINE_SATE', 'tenantUid': 'gofood', 'uid': 'CUISINE_SATE', 'displayName': 'Sate', 'description': '', 'taxonomy': 2, 'parentKey': ''}]","Grand Metropolitan, Jalan Tol Jakarta–Cikampek, Bumi Satria Kencana, Rawa Panjang, Margajaya, Kota Bekasi, Jawa Barat, Jawa, 17142, Indonesia"
"Kopi Janji Jiwa & Jiwa Toast, GRAND Metropolitan Mall","{'average': 4.7, 'total': 0}",2,"[{'key': 'tenants/gofood/tags/CUISINE_COFFEE_SHOP', 'tenantUid': 'gofood', 'uid': 'CUISINE_COFFEE_SHOP', 'displayName': 'Kopi', 'description': '', 'taxonomy': 2, 'parentKey': ''}, {'key': 'tenants/gofood/tags/CUISINE_MINUMAN', 'tenantUid': 'gofood', 'uid': 'CUISINE_MINUMAN', 'displayName': 'Minuman', 'description': '', 'taxonomy': 2, 'parentKey': ''}, {'key': 'tenants/gofood/tags/CUISINE_ROTI', 'tenantUid': 'gofood', 'uid': 'CUISINE_ROTI', 'displayName': 'Roti', 'description': '', 'taxonomy': 2, 'parentKey': ''}, {'key': 'tenants/gofood/tags/CUISINE_SNACKS_JAJANAN', 'tenantUid': 'gofood', 'uid': 'CUISINE_SNACKS_JAJANAN', 'displayName': 'Jajanan', 'description': '', 'taxonomy': 2, 'parentKey': ''}]","Grand Metropolitan, Jalan Tol Jakarta–Cikampek, Bumi Satria Kencana, Rawa Panjang, Margajaya, Kota Bekasi, Jawa Barat, Jawa, 17142, Indonesia"
"A Fung Baso Sapi Asli, Grand Metland Bekasi","{'average': 4.7, 'total': 0}",3,"[{'key': 'tenants/gofood/tags/CUISINE_SOTO_BAKSO_SOP', 'tenantUid': 'gofood', 'uid': 'CUISINE_SOTO_BAKSO_SOP', 'displayName': 'Bakso & soto', 'description': '', 'taxonomy': 2, 'parentKey': ''}]","Grand Metropolitan, Jalan Tol Jakarta–Cikampek, Bumi Satria Kencana, Rawa Panjang, Margajaya, Kota Bekasi, Jawa Barat, Jawa, 17142, Indonesia"
"Thai Street, Grand Metropolitan Mall","{'average': 4.4, 'total': 0}",3,"[{'key': 'tenants/gofood/tags/CUISINE_THAI', 'tenantUid': 'gofood', 'uid': 'CUISINE_THAI', 'displayName': 'Thailand', 'description': '', 'taxonomy': 2, 'parentKey': ''}]","Grand Metropolitan, Jalan Tol Jakarta–Cikampek, Bumi Satria Kencana, Rawa Panjang, Margajaya, Kota Bekasi, Jawa Barat, Jawa, 17142, Indonesia"
"Warung Tekko, Kalimalang","{'average': 4, 'total': 0}",3,"[{'key': 'tenants/gofood/tags/CUISINE_ANEKA_AYAM_BEBEK', 'tenantUid': 'gofood', 'uid': 'CUISINE_ANEKA_AYAM_BEBEK', 'displayName': 'Ayam & bebek', 'description': '', 'taxonomy': 2, 'parentKey': ''}, {'key': 'tenants/gofood/tags/CUISINE_ANEKA_NASI', 'tenantUid': 'gofood', 'uid': 'CUISINE_ANEKA_NASI', 'displayName': 'Aneka nasi', 'description': '', 'taxonomy': 2, 'parentKey': ''}]","RS Awal Bros Bekasi Barat, Kav.17-18, Jalan K. H. Noer Ali, Bumi Satria Kencana, Rawa Panjang, Kayuringinjaya, Kota Bekasi, Jawa Barat, Jawa, 17510, Indonesia"
"YOSHINOYA BEEF BOWL, Grand Metropolitan Mall","{'average': 4.8, 'total': 0}",3,"[{'key': 'tenants/gofood/tags/CUISINE_JAPANESE', 'tenantUid': 'gofood', 'uid': 'CUISINE_JAPANESE', 'displayName': 'Jepang', 'description': '', 'taxonomy': 2, 'parentKey': ''}, {'key': 'tenants/gofood/tags/CUISINE_FASTFOOD', 'tenantUid': 'gofood', 'uid': 'CUISINE_FASTFOOD', 'displayName': 'Cepat saji', 'description': '', 'taxonomy': 2, 'parentKey': ''}, {'key': 'tenants/gofood/tags/CUISINE_ANEKA_AYAM_BEBEK', 'tenantUid': 'gofood', 'uid': 'CUISINE_ANEKA_AYAM_BEBEK', 'displayName': 'Ayam & bebek', 'description': '', 'taxonomy': 2, 'parentKey': ''}, {'key': 'tenants/gofood/tags/CUISINE_ANEKA_NASI', 'tenantUid': 'gofood', 'uid': 'CUISINE_ANEKA_NASI', 'displayName': 'Aneka nasi', 'description': '', 'taxonomy': 2, 'parentKey': ''}]","Grand Metropolitan, Jalan Tol Jakarta–Cikampek, Bumi Satria Kencana, Rawa Panjang, Margajaya, Kota Bekasi, Jawa Barat, Jawa, 17142, Indonesia"
"Ta Wan, Grand Metropolitan","{'average': 4.7, 'total': 0}",3,"[{'key': 'tenants/gofood/tags/CUISINE_CHINESE', 'tenantUid': 'gofood', 'uid': 'CUISINE_CHINESE', 'displayName': 'Chinese', 'description': '', 'taxonomy': 2, 'parentKey': ''}]","Grand Metropolitan, Jalan Tol Jakarta–Cikampek, Bumi Satria Kencana, Rawa Panjang, Margajaya, Kota Bekasi, Jawa Barat, Jawa, 17142, Indonesia"
"Re.juve., Grand Metropolitan Mall Bekasi","{'average': 4.6, 'total': 0}",3,"[{'key': 'tenants/gofood/tags/CUISINE_MINUMAN', 'tenantUid': 'gofood', 'uid': 'CUISINE_MINUMAN', 'displayName': 'Minuman', 'description': '', 'taxonomy': 2, 'parentKey': ''}, {'key': 'tenants/gofood/tags/CUISINE_SWEETS_DESSERTS', 'tenantUid': 'gofood', 'uid': 'CUISINE_SWEETS_DESSERTS', 'displayName': 'Sweets', 'description': '', 'taxonomy': 2, 'parentKey': ''}, {'key': 'tenants/gofood/tags/CUISINE_SNACKS_JAJANAN', 'tenantUid': 'gofood', 'uid': 'CUISINE_SNACKS_JAJANAN', 'displayName': 'Jajanan', 'description': '', 'taxonomy': 2, 'parentKey': ''}, {'key': 'tenants/gofood/tags/CUISINE_COFFEE_SHOP', 'tenantUid': 'gofood', 'uid': 'CUISINE_COFFEE_SHOP', 'displayName': 'Kopi', 'description': '', 'taxonomy': 2, 'parentKey': ''}]","Grand Metropolitan, Jalan Tol Jakarta–Cikampek, Bumi Satria Kencana, Rawa Panjang, Margajaya, Kota Bekasi, Jawa Barat, Jawa, 17142, Indonesia"
"Imperial Kitchen & Dimsum, Grand Metropolitan","{'average': 4.8, 'total': 0}",3,"[{'key': 'tenants/gofood/tags/CUISINE_CHINESE', 'tenantUid': 'gofood', 'uid': 'CUISINE_CHINESE', 'displayName': 'Chinese', 'description': '', 'taxonomy': 2, 'parentKey': ''}, {'key': 'tenants/gofood/tags/CUISINE_ANEKA_NASI', 'tenantUid': 'gofood', 'uid': 'CUISINE_ANEKA_NASI', 'displayName': 'Aneka nasi', 'description': '', 'taxonomy': 2, 'parentKey': ''}, {'key': 'tenants/gofood/tags/CUISINE_ANEKA_AYAM_BEBEK', 'tenantUid': 'gofood', 'uid': 'CUISINE_ANEKA_AYAM_BEBEK', 'displayName': 'Ayam & bebek', 'description': '', 'taxonomy': 2, 'parentKey': ''}]","Grand Metropolitan, Jalan Tol Jakarta–Cikampek, Bumi Satria Kencana, Rawa Panjang, Margajaya, Kota Bekasi, Jawa Barat, Jawa, 17142, Indonesia"
"D'COST, Grand Metropolitan Bekasi","{'average': 4.6, 'total': 0}",3,"[{'key': 'tenants/gofood/tags/CUISINE_SEAFOOD', 'tenantUid': 'gofood', 'uid': 'CUISINE_SEAFOOD', 'displayName': 'Seafood', 'description': '', 'taxonomy': 2, 'parentKey': ''}]","Grand Metropolitan, Jalan Tol Jakarta–Cikampek, Bumi Satria Kencana, Rawa Panjang, Margajaya, Kota Bekasi, Jawa Barat, Jawa, 17142, Indonesia"
"Majestyk Bakery & Cake Shop, Bekasi","{'average': 4.3, 'total': 0}",2,"[{'key': 'tenants/gofood/tags/CUISINE_ROTI', 'tenantUid': 'gofood', 'uid': 'CUISINE_ROTI', 'displayName': 'Roti', 'description': '', 'taxonomy': 2, 'parentKey': ''}, {'key': 'tenants/gofood/tags/CUISINE_SWEETS_DESSERTS', 'tenantUid': 'gofood', 'uid': 'CUISINE_SWEETS_DESSERTS', 'displayName': 'Sweets', 'description': '', 'taxonomy': 2, 'parentKey': ''}, {'key': 'tenants/gofood/tags/CUISINE_SNACKS_JAJANAN', 'tenantUid': 'gofood', 'uid': 'CUISINE_SNACKS_JAJANAN', 'displayName': 'Jajanan', 'description': '', 'taxonomy': 2, 'parentKey': ''}]","Jalan Tol Bekasi–Cawang–Kampung Melayu, Bumi Satria Kencana, Pekayon, Bintarajaya, Kota Bekasi, Jawa Barat, Jawa, 17145, Indonesia"
"Raa Cha Suki & BBQ, Grand Metropolitan","{'average': 4.6, 'total': 0}",4,"[{'key': 'tenants/gofood/tags/CUISINE_JAPANESE', 'tenantUid': 'gofood', 'uid': 'CUISINE_JAPANESE', 'displayName': 'Jepang', 'description': '', 'taxonomy': 2, 'parentKey': ''}, {'key': 'tenants/gofood/tags/CUISINE_ANEKA_NASI', 'tenantUid': 'gofood', 'uid': 'CUISINE_ANEKA_NASI', 'displayName': 'Aneka nasi', 'description': '', 'taxonomy': 2, 'parentKey': ''}, {'key': 'tenants/gofood/tags/CUISINE_FASTFOOD', 'tenantUid': 'gofood', 'uid': 'CUISINE_FASTFOOD', 'displayName': 'Cepat saji', 'description': '', 'taxonomy': 2, 'parentKey': ''}, {'key': 'tenants/gofood/tags/CUISINE_THAI', 'tenantUid': 'gofood', 'uid': 'CUISINE_THAI', 'displayName': 'Thailand', 'description': '', 'taxonomy': 2, 'parentKey': ''}]","Grand Metropolitan, Jalan Tol Jakarta–Cikampek, Bumi Satria Kencana, Rawa Panjang, Margajaya, Kota Bekasi, Jawa Barat, Jawa, 17142, Indonesia"
"Coffee Bean & Tea Leaf, Grand Metropolitan Mall","{'average': 4.3, 'total': 0}",3,"[{'key': 'tenants/gofood/tags/CUISINE_MINUMAN', 'tenantUid': 'gofood', 'uid': 'CUISINE_MINUMAN', 'displayName': 'Minuman', 'description': '', 'taxonomy': 2, 'parentKey': ''}, {'key': 'tenants/gofood/tags/CUISINE_COFFEE_SHOP', 'tenantUid': 'gofood', 'uid': 'CUISINE_COFFEE_SHOP', 'displayName': 'Kopi', 'description': '', 'taxonomy': 2, 'parentKey': ''}, {'key': 'tenants/gofood/tags/CUISINE_ROTI', 'tenantUid': 'gofood', 'uid': 'CUISINE_ROTI', 'displayName': 'Roti', 'description': '', 'taxonomy': 2, 'parentKey': ''}, {'key': 'tenants/gofood/tags/CUISINE_BURGER_SANDWICH_STEAK', 'tenantUid': 'gofood', 'uid': 'CUISINE_BURGER_SANDWICH_STEAK', 'displayName': 'Barat', 'description': '', 'taxonomy': 2, 'parentKey': ''}]","Grand Metropolitan, Jalan Tol Jakarta–Cikampek, Bumi Satria Kencana, Rawa Panjang, Margajaya, Kota Bekasi, Jawa Barat, Jawa, 17142, Indonesia"
"Baskin Robbins, Grand Metropolitan Mall","{'average': 4.7, 'total': 0}",4,"[{'key': 'tenants/gofood/tags/CUISINE_SWEETS_DESSERTS', 'tenantUid': 'gofood', 'uid': 'CUISINE_SWEETS_DESSERTS', 'displayName': 'Sweets', 'description': '', 'taxonomy': 2, 'parentKey': ''}]","Grand Metropolitan, Jalan Tol Jakarta–Cikampek, Bumi Satria Kencana, Rawa Panjang, Margajaya, Kota Bekasi, Jawa Barat, Jawa, 17142, Indonesia"
"Steak 21, Grand Metropolitan","{'average': 4.7, 'total': 0}",4,"[{'key': 'tenants/gofood/tags/CUISINE_BURGER_SANDWICH_STEAK', 'tenantUid': 'gofood', 'uid': 'CUISINE_BURGER_SANDWICH_STEAK', 'displayName': 'Barat', 'description': '', 'taxonomy': 2, 'parentKey': ''}]","Grand Metropolitan, Jalan Tol Jakarta–Cikampek, Bumi Satria Kencana, Rawa Panjang, Margajaya, Kota Bekasi, Jawa Barat, Jawa, 17142, Indonesia"
"Solaria, Grand Metropolitan Bekasi Lt.2 21-22T21-22GM","{'average': 4.7, 'total': 0}",3,"[{'key': 'tenants/gofood/tags/CUISINE_ANEKA_NASI', 'tenantUid': 'gofood', 'uid': 'CUISINE_ANEKA_NASI', 'displayName': 'Aneka nasi', 'description': '', 'taxonomy': 2, 'parentKey': ''}, {'key': 'tenants/gofood/tags/CUISINE_CHINESE', 'tenantUid': 'gofood', 'uid': 'CUISINE_CHINESE', 'displayName': 'Chinese', 'description': '', 'taxonomy': 2, 'parentKey': ''}]","Grand Metropolitan, Jalan Tol Jakarta–Cikampek, Bumi Satria Kencana, Rawa Panjang, Margajaya, Kota Bekasi, Jawa Barat, Jawa, 17142, Indonesia"
"Chatime, Grand Metropolitan Bekasi","{'average': 4.8, 'total': 0}",2,"[{'key': 'tenants/gofood/tags/CUISINE_MINUMAN', 'tenantUid': 'gofood', 'uid': 'CUISINE_MINUMAN', 'displayName': 'Minuman', 'description': '', 'taxonomy': 2, 'parentKey': ''}, {'key': 'tenants/gofood/tags/CUISINE_COFFEE_SHOP', 'tenantUid': 'gofood', 'uid': 'CUISINE_COFFEE_SHOP', 'displayName': 'Kopi', 'description': '', 'taxonomy': 2, 'parentKey': ''}, {'key': 'tenants/gofood/tags/CUISINE_SWEETS_DESSERTS', 'tenantUid': 'gofood', 'uid': 'CUISINE_SWEETS_DESSERTS', 'displayName': 'Sweets', 'description': '', 'taxonomy': 2, 'parentKey': ''}]","Grand Metropolitan, Jalan Tol Jakarta–Cikampek, Bumi Satria Kencana, Rawa Panjang, Margajaya, Kota Bekasi, Jawa Barat, Jawa, 17142, Indonesia"
"Excelso Coffee, Grand Metropolitan Mall","{'average': 4.6, 'total': 0}",3,"[{'key': 'tenants/gofood/tags/CUISINE_COFFEE_SHOP', 'tenantUid': 'gofood', 'uid': 'CUISINE_COFFEE_SHOP', 'displayName': 'Kopi', 'description': '', 'taxonomy': 2, 'parentKey': ''}, {'key': 'tenants/gofood/tags/CUISINE_SNACKS_JAJANAN', 'tenantUid': 'gofood', 'uid': 'CUISINE_SNACKS_JAJANAN', 'displayName': 'Jajanan', 'description': '', 'taxonomy': 2, 'parentKey': ''}, {'key': 'tenants/gofood/tags/CUISINE_SWEETS_DESSERTS', 'tenantUid': 'gofood', 'uid': 'CUISINE_SWEETS_DESSERTS', 'displayName': 'Sweets', 'description': '', 'taxonomy': 2, 'parentKey': ''}, {'key': 'tenants/gofood/tags/CUISINE_MINUMAN', 'tenantUid': 'gofood', 'uid': 'CUISINE_MINUMAN', 'displayName': 'Minuman', 'description': '', 'taxonomy': 2, 'parentKey': ''}]","Grand Metropolitan, Jalan Tol Jakarta–Cikampek, Bumi Satria Kencana, Rawa Panjang, Margajaya, Kota Bekasi, Jawa Barat, Jawa, 17142, Indonesia"
"Pepper Lunch, Grand Metropolitan Mall","{'average': 4.9, 'total': 0}",3,"[{'key': 'tenants/gofood/tags/CUISINE_BURGER_SANDWICH_STEAK', 'tenantUid': 'gofood', 'uid': 'CUISINE_BURGER_SANDWICH_STEAK', 'displayName': 'Barat', 'description': '', 'taxonomy': 2, 'parentKey': ''}, {'key': 'tenants/gofood/tags/CUISINE_JAPANESE', 'tenantUid': 'gofood', 'uid': 'CUISINE_JAPANESE', 'displayName': 'Jepang', 'description': '', 'taxonomy': 2, 'parentKey': ''}, {'key': 'tenants/gofood/tags/CUISINE_ANEKA_NASI', 'tenantUid': 'gofood', 'uid': 'CUISINE_ANEKA_NASI', 'displayName': 'Aneka nasi', 'description': '', 'taxonomy': 2, 'parentKey': ''}, {'key': 'tenants/gofood/tags/CUISINE_ANEKA_AYAM_BEBEK', 'tenantUid': 'gofood', 'uid': 'CUISINE_ANEKA_AYAM_BEBEK', 'displayName': 'Ayam & bebek', 'description': '', 'taxonomy': 2, 'parentKey': ''}]","Grand Metropolitan, Jalan Tol Jakarta–Cikampek, Bumi Satria Kencana, Rawa Panjang, Margajaya, Kota Bekasi, Jawa Barat, Jawa, 17142, Indonesia"
"Eastern Kopi TM, Grand Metropolitan Mall","{'average': 4.6, 'total': 0}",3,"[{'key': 'tenants/gofood/tags/CUISINE_SWEETS_DESSERTS', 'tenantUid': 'gofood', 'uid': 'CUISINE_SWEETS_DESSERTS', 'displayName': 'Sweets', 'description': '', 'taxonomy': 2, 'parentKey': ''}, {'key': 'tenants/gofood/tags/CUISINE_SNACKS_JAJANAN', 'tenantUid': 'gofood', 'uid': 'CUISINE_SNACKS_JAJANAN', 'displayName': 'Jajanan', 'description': '', 'taxonomy': 2, 'parentKey': ''}, {'key': 'tenants/gofood/tags/CUISINE_COFFEE_SHOP', 'tenantUid': 'gofood', 'uid': 'CUISINE_COFFEE_SHOP', 'displayName': 'Kopi', 'description': '', 'taxonomy': 2, 'parentKey': ''}]","Grand Metropolitan, Jalan Tol Jakarta–Cikampek, Bumi Satria Kencana, Rawa Panjang, Margajaya, Kota Bekasi, Jawa Barat, Jawa, 17142, Indonesia"
"Top Durian Andremike, Tytyan Indah Utama","{'average': 4.3, 'total': 0}",3,"[{'key': 'tenants/gofood/tags/CUISINE_SWEETS_DESSERTS', 'tenantUid': 'gofood', 'uid': 'CUISINE_SWEETS_DESSERTS', 'displayName': 'Sweets', 'description': '', 'taxonomy': 2, 'parentKey': ''}, {'key': 'tenants/gofood/tags/CUISINE_SNACKS_JAJANAN', 'tenantUid': 'gofood', 'uid': 'CUISINE_SNACKS_JAJANAN', 'displayName': 'Jajanan', 'description': '', 'taxonomy': 2, 'parentKey': ''}, {'key': 'tenants/gofood/tags/CUISINE_MINUMAN', 'tenantUid': 'gofood', 'uid': 'CUISINE_MINUMAN', 'displayName': 'Minuman', 'description': '', 'taxonomy': 2, 'parentKey': ''}]","Harapan Mulya, Kota Bekasi, Jawa Barat, Jawa, 17124, Indonesia"
"Dimas Bebek Lembut Tik-Tok, Bekasi Jaya, Bekasi Timur","{'average': 4.8, 'total': 0}",2,"[{'key': 'tenants/gofood/tags/CUISINE_ANEKA_AYAM_BEBEK', 'tenantUid': 'gofood', 'uid': 'CUISINE_ANEKA_AYAM_BEBEK', 'displayName': 'Ayam & bebek', 'description': '', 'taxonomy': 2, 'parentKey': ''}, {'key': 'tenants/gofood/tags/CUISINE_ANEKA_NASI', 'tenantUid': 'gofood', 'uid': 'CUISINE_ANEKA_NASI', 'displayName': 'Aneka nasi', 'description': '', 'taxonomy': 2, 'parentKey': ''}, {'key': 'tenants/gofood/tags/CUISINE_SEAFOOD', 'tenantUid': 'gofood', 'uid': 'CUISINE_SEAFOOD', 'displayName': 'Seafood', 'description': '', 'taxonomy': 2, 'parentKey': ''}]","Bekasi Jaya, Kota Bekasi, Jawa Barat, Jawa, 17112, Indonesia"
"Sate Solo Pak Min, Kranji","{'average': 4.8, 'total': 0}",3,"[{'key': 'tenants/gofood/tags/CUISINE_SOTO_BAKSO_SOP', 'tenantUid': 'gofood', 'uid': 'CUISINE_SOTO_BAKSO_SOP', 'displayName': 'Bakso & soto', 'description': '', 'taxonomy': 2, 'parentKey': ''}, {'key': 'tenants/gofood/tags/CUISINE_SATE', 'tenantUid': 'gofood', 'uid': 'CUISINE_SATE', 'displayName': 'Sate', 'description': '', 'taxonomy': 2, 'parentKey': ''}]","Jalan Pemuda Raya, Kranji, Kota Bekasi, Jawa Barat, Jawa, 17135, Indonesia"
"Pempek Palembang Gaby, Stasiun Kranji","{'average': 4.7, 'total': 0}",1,"[{'key': 'tenants/gofood/tags/CUISINE_SNACKS_JAJANAN', 'tenantUid': 'gofood', 'uid': 'CUISINE_SNACKS_JAJANAN', 'displayName': 'Jajanan', 'description': '', 'taxonomy': 2, 'parentKey': ''}]","Naga Swalayan Kranji, 57, Jalan Jenderal Sudirman, Kranji, Kalibaru, Kota Bekasi, Jawa Barat, Jawa, 17135, Indonesia"
"Nasi Goreng Kambing NGK, Galaxy","{'average': 4.6, 'total': 0}",2,"[{'key': 'tenants/gofood/tags/CUISINE_ANEKA_NASI', 'tenantUid': 'gofood', 'uid': 'CUISINE_ANEKA_NASI', 'displayName': 'Aneka nasi', 'description': '', 'taxonomy': 2, 'parentKey': ''}, {'key': 'tenants/gofood/tags/CUISINE_MIDDLE_EASTERN', 'tenantUid': 'gofood', 'uid': 'CUISINE_MIDDLE_EASTERN', 'displayName': 'Timur Tengah', 'description': '', 'taxonomy': 2, 'parentKey': ''}, {'key': 'tenants/gofood/tags/CUISINE_ANEKA_AYAM_BEBEK', 'tenantUid': 'gofood', 'uid': 'CUISINE_ANEKA_AYAM_BEBEK', 'displayName': 'Ayam & bebek', 'description': '', 'taxonomy': 2, 'parentKey': ''}]","Jalan Intan III, Kranji, Jakasampurna, Kota Bekasi, Jawa Barat, Jawa, 17136, Indonesia"
"CFC, Revotown","{'average': 4.8, 'total': 0}",3,"[{'key': 'tenants/gofood/tags/CUISINE_FASTFOOD', 'tenantUid': 'gofood', 'uid': 'CUISINE_FASTFOOD', 'displayName': 'Cepat saji', 'description': '', 'taxonomy': 2, 'parentKey': ''}, {'key': 'tenants/gofood/tags/CUISINE_ANEKA_NASI', 'tenantUid': 'gofood', 'uid': 'CUISINE_ANEKA_NASI', 'displayName': 'Aneka nasi', 'description': '', 'taxonomy': 2, 'parentKey': ''}, {'key': 'tenants/gofood/tags/CUISINE_ANEKA_AYAM_BEBEK', 'tenantUid': 'gofood', 'uid': 'CUISINE_ANEKA_AYAM_BEBEK', 'displayName': 'Ayam & bebek', 'description': '', 'taxonomy': 2, 'parentKey': ''}]","Revo Town, Jalan Tol Jakarta–Cikampek, Rawa Panjang, Margajaya, Kota Bekasi, Jawa Barat, Jawa, 17148, Indonesia"
"Dapoer Yuk Liem, Revo Town","{'average': 0, 'total': 0}",2,"[{'key': 'tenants/gofood/tags/CUISINE_SNACKS_JAJANAN', 'tenantUid': 'gofood', 'uid': 'CUISINE_SNACKS_JAJANAN', 'displayName': 'Jajanan', 'description': '', 'taxonomy': 2, 'parentKey': ''}, {'key': 'tenants/gofood/tags/CUISINE_ANEKA_NASI', 'tenantUid': 'gofood', 'uid': 'CUISINE_ANEKA_NASI', 'displayName': 'Aneka nasi', 'description': '', 'taxonomy': 2, 'parentKey': ''}]","Revo Town, Jalan Tol Jakarta–Cikampek, Rawa Panjang, Margajaya, Kota Bekasi, Jawa Barat, Jawa, 17148, Indonesia"
"HokBen, Revo Town","{'average': 4.6, 'total': 0}",3,"[{'key': 'tenants/gofood/tags/CUISINE_FASTFOOD', 'tenantUid': 'gofood', 'uid': 'CUISINE_FASTFOOD', 'displayName': 'Cepat saji', 'description': '', 'taxonomy': 2, 'parentKey': ''}, {'key': 'tenants/gofood/tags/CUISINE_JAPANESE', 'tenantUid': 'gofood', 'uid': 'CUISINE_JAPANESE', 'displayName': 'Jepang', 'description': '', 'taxonomy': 2, 'parentKey': ''}]","Revo Town, Jalan Tol Jakarta–Cikampek, Rawa Panjang, Margajaya, Kota Bekasi, Jawa Barat, Jawa, 17148, Indonesia"
"Dum Dum Thai Drinks Express, Revo Town Bekasi","{'average': 4.8, 'total': 0}",2,"[{'key': 'tenants/gofood/tags/CUISINE_MINUMAN', 'tenantUid': 'gofood', 'uid': 'CUISINE_MINUMAN', 'displayName': 'Minuman', 'description': '', 'taxonomy': 2, 'parentKey': ''}, {'key': 'tenants/gofood/tags/CUISINE_THAI', 'tenantUid': 'gofood', 'uid': 'CUISINE_THAI', 'displayName': 'Thailand', 'description': '', 'taxonomy': 2, 'parentKey': ''}, {'key': 'tenants/gofood/tags/CUISINE_SWEETS_DESSERTS', 'tenantUid': 'gofood', 'uid': 'CUISINE_SWEETS_DESSERTS', 'displayName': 'Sweets', 'description': '', 'taxonomy': 2, 'parentKey': ''}, {'key': 'tenants/gofood/tags/CUISINE_COFFEE_SHOP', 'tenantUid': 'gofood', 'uid': 'CUISINE_COFFEE_SHOP', 'displayName': 'Kopi', 'description': '', 'taxonomy': 2, 'parentKey': ''}]","Revo Town, Jalan Tol Jakarta–Cikampek, Rawa Panjang, Margajaya, Kota Bekasi, Jawa Barat, Jawa, 17148, Indonesia"
"Kedai Boboko Penyet, Mekar Sari Raya","{'average': 4.8, 'total': 0}",2,"[{'key': 'tenants/gofood/tags/CUISINE_ANEKA_AYAM_BEBEK', 'tenantUid': 'gofood', 'uid': 'CUISINE_ANEKA_AYAM_BEBEK', 'displayName': 'Ayam & bebek', 'description': '', 'taxonomy': 2, 'parentKey': ''}, {'key': 'tenants/gofood/tags/CUISINE_ANEKA_NASI', 'tenantUid': 'gofood', 'uid': 'CUISINE_ANEKA_NASI', 'displayName': 'Aneka nasi', 'description': '', 'taxonomy': 2, 'parentKey': ''}]","Bekasi Jaya, Kota Bekasi, Jawa Barat, Jawa, 17112, Indonesia"
"Roti'O, St.Kranji","{'average': 4.8, 'total': 0}",3,"[{'key': 'tenants/gofood/tags/CUISINE_ROTI', 'tenantUid': 'gofood', 'uid': 'CUISINE_ROTI', 'displayName': 'Roti', 'description': '', 'taxonomy': 2, 'parentKey': ''}]","Kranji, Jalan Melati Raya, Kalibaru, Kota Bekasi, Jawa Barat, Jawa, 17183, Indonesia"
"Ayam Geprek H. Ato, Perumahan Jaka Permai","{'average': 4.5, 'total': 0}",2,"[{'key': 'tenants/gofood/tags/CUISINE_ANEKA_AYAM_BEBEK', 'tenantUid': 'gofood', 'uid': 'CUISINE_ANEKA_AYAM_BEBEK', 'displayName': 'Ayam & bebek', 'description': '', 'taxonomy': 2, 'parentKey': ''}, {'key': 'tenants/gofood/tags/CUISINE_ANEKA_NASI', 'tenantUid': 'gofood', 'uid': 'CUISINE_ANEKA_NASI', 'displayName': 'Aneka nasi', 'description': '', 'taxonomy': 2, 'parentKey': ''}]","Kranji, Jakasampurna, Kota Bekasi, Jawa Barat, Jawa, 17136, Indonesia"
"Bangi Kopi, Kalimalang","{'average': 4, 'total': 0}",2,"[{'key': 'tenants/gofood/tags/CUISINE_ANEKA_NASI', 'tenantUid': 'gofood', 'uid': 'CUISINE_ANEKA_NASI', 'displayName': 'Aneka nasi', 'description': '', 'taxonomy': 2, 'parentKey': ''}, {'key': 'tenants/gofood/tags/CUISINE_COFFEE_SHOP', 'tenantUid': 'gofood', 'uid': 'CUISINE_COFFEE_SHOP', 'displayName': 'Kopi', 'description': '', 'taxonomy': 2, 'parentKey': ''}, {'key': 'tenants/gofood/tags/CUISINE_SNACKS_JAJANAN', 'tenantUid': 'gofood', 'uid': 'CUISINE_SNACKS_JAJANAN', 'displayName': 'Jajanan', 'description': '', 'taxonomy': 2, 'parentKey': ''}, {'key': 'tenants/gofood/tags/CUISINE_BAKMIE', 'tenantUid': 'gofood', 'uid': 'CUISINE_BAKMIE', 'displayName': 'Bakmie', 'description': '', 'taxonomy': 2, 'parentKey': ''}, {'key': 'tenants/gofood/tags/CUISINE_SWEETS_DESSERTS', 'tenantUid': 'gofood', 'uid': 'CUISINE_SWEETS_DESSERTS', 'displayName': 'Sweets', 'description': '', 'taxonomy': 2, 'parentKey': ''}, {'key': 'tenants/gofood/tags/CUISINE_ANEKA_AYAM_BEBEK', 'tenantUid': 'gofood', 'uid': 'CUISINE_ANEKA_AYAM_BEBEK', 'displayName': 'Ayam & bebek', 'description': '', 'taxonomy': 2, 'parentKey': ''}, {'key': 'tenants/gofood/tags/CUISINE_ROTI', 'tenantUid': 'gofood', 'uid': 'CUISINE_ROTI', 'displayName': 'Roti', 'description': '', 'taxonomy': 2, 'parentKey': ''}, {'key': 'tenants/gofood/tags/CUISINE_THAI', 'tenantUid': 'gofood', 'uid': 'CUISINE_THAI', 'displayName': 'Thailand', 'description': '', 'taxonomy': 2, 'parentKey': ''}]","Jalan K. H. Noer Ali, Bumi Satria Kencana, Rawa Panjang, Jakasampurna, Kota Bekasi, Jawa Barat, Jawa, 17136, Indonesia"
"DIMSUM CHIA-YOO, Krakatau Raya","{'average': 4.1, 'total': 0}",2,"[{'key': 'tenants/gofood/tags/CUISINE_SNACKS_JAJANAN', 'tenantUid': 'gofood', 'uid': 'CUISINE_SNACKS_JAJANAN', 'displayName': 'Jajanan', 'description': '', 'taxonomy': 2, 'parentKey': ''}, {'key': 'tenants/gofood/tags/CUISINE_FASTFOOD', 'tenantUid': 'gofood', 'uid': 'CUISINE_FASTFOOD', 'displayName': 'Cepat saji', 'description': '', 'taxonomy': 2, 'parentKey': ''}, {'key': 'tenants/gofood/tags/CUISINE_CHINESE', 'tenantUid': 'gofood', 'uid': 'CUISINE_CHINESE', 'displayName': 'Chinese', 'description': '', 'taxonomy': 2, 'parentKey': ''}]","Jalan Gang Krakatau Raya, Harapan Mulya, Kota Bekasi, Jawa Barat, Jawa, 17124, Indonesia"
"Ayam Bakar Kalasan Teh Nenden, Margahayu","{'average': 4.6, 'total': 0}",2,"[{'key': 'tenants/gofood/tags/CUISINE_ANEKA_AYAM_BEBEK', 'tenantUid': 'gofood', 'uid': 'CUISINE_ANEKA_AYAM_BEBEK', 'displayName': 'Ayam & bebek', 'description': '', 'taxonomy': 2, 'parentKey': ''}, {'key': 'tenants/gofood/tags/CUISINE_ANEKA_NASI', 'tenantUid': 'gofood', 'uid': 'CUISINE_ANEKA_NASI', 'displayName': 'Aneka nasi', 'description': '', 'taxonomy': 2, 'parentKey': ''}, {'key': 'tenants/gofood/tags/CUISINE_SEAFOOD', 'tenantUid': 'gofood', 'uid': 'CUISINE_SEAFOOD', 'displayName': 'Seafood', 'description': '', 'taxonomy': 2, 'parentKey': ''}]","Rawasemut, Kota Bekasi, Jawa Barat, Jawa, 17113, Indonesia"
"KFC, Pratama Bekasi","{'average': 4.7, 'total': 0}",2,"[{'key': 'tenants/gofood/tags/CUISINE_FASTFOOD', 'tenantUid': 'gofood', 'uid': 'CUISINE_FASTFOOD', 'displayName': 'Cepat saji', 'description': '', 'taxonomy': 2, 'parentKey': ''}]","Ramayana, Jalan Insinyur Haji Juanda, Rawasemut, Kota Bekasi, Jawa Barat, Jawa, 17113, Indonesia"
"Bebek Goreng H. Slamet, Bekasi Timur","{'average': 4.7, 'total': 0}",2,"[{'key': 'tenants/gofood/tags/CUISINE_ANEKA_AYAM_BEBEK', 'tenantUid': 'gofood', 'uid': 'CUISINE_ANEKA_AYAM_BEBEK', 'displayName': 'Ayam & bebek', 'description': '', 'taxonomy': 2, 'parentKey': ''}]","Rawasemut, Kota Bekasi, Jawa Barat, Jawa, 17113, Indonesia"
"Bakso Sehat Bakso Atom, Strada","{'average': 0, 'total': 0}",3,"[{'key': 'tenants/gofood/tags/CUISINE_SOTO_BAKSO_SOP', 'tenantUid': 'gofood', 'uid': 'CUISINE_SOTO_BAKSO_SOP', 'displayName': 'Bakso & soto', 'description': '', 'taxonomy': 2, 'parentKey': ''}]","Jalan Insinyur Haji Juanda, Rawasemut, Kota Bekasi, Jawa Barat, Jawa, 17113, Indonesia"
"Bakmie & Seafood 99, Harapan Jaya","{'average': 4.4, 'total': 0}",2,"[{'key': 'tenants/gofood/tags/CUISINE_BAKMIE', 'tenantUid': 'gofood', 'uid': 'CUISINE_BAKMIE', 'displayName': 'Bakmie', 'description': '', 'taxonomy': 2, 'parentKey': ''}]","Jalan Gang Krakatau Raya, Harapan Mulya, Kota Bekasi, Jawa Barat, Jawa, 17124, Indonesia"
"Martabak Top Bandung 1, Harapan Jaya","{'average': 4.6, 'total': 0}",3,"[{'key': 'tenants/gofood/tags/CUISINE_MARTABAK', 'tenantUid': 'gofood', 'uid': 'CUISINE_MARTABAK', 'displayName': 'Martabak', 'description': '', 'taxonomy': 2, 'parentKey': ''}]","Jalan Gang Krakatau Raya, Harapan Mulya, Kota Bekasi, Jawa Barat, Jawa, 17124, Indonesia"
"Solaria, Lagoon Avenue Bekasi","{'average': 4.8, 'total': 0}",3,"[{'key': 'tenants/gofood/tags/CUISINE_BAKMIE', 'tenantUid': 'gofood', 'uid': 'CUISINE_BAKMIE', 'displayName': 'Bakmie', 'description': '', 'taxonomy': 2, 'parentKey': ''}, {'key': 'tenants/gofood/tags/CUISINE_ANEKA_NASI', 'tenantUid': 'gofood', 'uid': 'CUISINE_ANEKA_NASI', 'displayName': 'Aneka nasi', 'description': '', 'taxonomy': 2, 'parentKey': ''}, {'key': 'tenants/gofood/tags/CUISINE_ANEKA_AYAM_BEBEK', 'tenantUid': 'gofood', 'uid': 'CUISINE_ANEKA_AYAM_BEBEK', 'displayName': 'Ayam & bebek', 'description': '', 'taxonomy': 2, 'parentKey': ''}, {'key': 'tenants/gofood/tags/CUISINE_SNACKS_JAJANAN', 'tenantUid': 'gofood', 'uid': 'CUISINE_SNACKS_JAJANAN', 'displayName': 'Jajanan', 'description': '', 'taxonomy': 2, 'parentKey': ''}, {'key': 'tenants/gofood/tags/CUISINE_SOTO_BAKSO_SOP', 'tenantUid': 'gofood', 'uid': 'CUISINE_SOTO_BAKSO_SOP', 'displayName': 'Bakso & soto', 'description': '', 'taxonomy': 2, 'parentKey': ''}]","Lagoon Avenue, Jalan Cikas Tengah 4, Bumi Satria Kencana, Pekayon, Jakasampurna, Kota Bekasi, Jawa Barat, Jawa, 17148, Indonesia"
"Sop Janda ( Jawa Sunda ), Pekayon","{'average': 4.5, 'total': 0}",3,"[{'key': 'tenants/gofood/tags/CUISINE_SOTO_BAKSO_SOP', 'tenantUid': 'gofood', 'uid': 'CUISINE_SOTO_BAKSO_SOP', 'displayName': 'Bakso & soto', 'description': '', 'taxonomy': 2, 'parentKey': ''}, {'key': 'tenants/gofood/tags/CUISINE_SATE', 'tenantUid': 'gofood', 'uid': 'CUISINE_SATE', 'displayName': 'Sate', 'description': '', 'taxonomy': 2, 'parentKey': ''}, {'key': 'tenants/gofood/tags/CUISINE_ANEKA_AYAM_BEBEK', 'tenantUid': 'gofood', 'uid': 'CUISINE_ANEKA_AYAM_BEBEK', 'displayName': 'Ayam & bebek', 'description': '', 'taxonomy': 2, 'parentKey': ''}]","Jalan Pekayon Raya, Pekayon, Margajaya, Kota Bekasi, Jawa Barat, Jawa, 17148, Indonesia"
"Ayam Gepuk Pak Gembus, Harapan Jaya","{'average': 4.7, 'total': 0}",2,"[{'key': 'tenants/gofood/tags/CUISINE_ANEKA_AYAM_BEBEK', 'tenantUid': 'gofood', 'uid': 'CUISINE_ANEKA_AYAM_BEBEK', 'displayName': 'Ayam & bebek', 'description': '', 'taxonomy': 2, 'parentKey': ''}]","Jalan Gang Jayawijaya Raya, Harapanjaya, Kota Bekasi, Jawa Barat, Jawa, 17124, Indonesia"
"Kopi Janji Jiwa & Jiwa Toast, Lagoon Avenue","{'average': 4.7, 'total': 0}",2,"[{'key': 'tenants/gofood/tags/CUISINE_COFFEE_SHOP', 'tenantUid': 'gofood', 'uid': 'CUISINE_COFFEE_SHOP', 'displayName': 'Kopi', 'description': '', 'taxonomy': 2, 'parentKey': ''}, {'key': 'tenants/gofood/tags/CUISINE_MINUMAN', 'tenantUid': 'gofood', 'uid': 'CUISINE_MINUMAN', 'displayName': 'Minuman', 'description': '', 'taxonomy': 2, 'parentKey': ''}, {'key': 'tenants/gofood/tags/CUISINE_ROTI', 'tenantUid': 'gofood', 'uid': 'CUISINE_ROTI', 'displayName': 'Roti', 'description': '', 'taxonomy': 2, 'parentKey': ''}, {'key': 'tenants/gofood/tags/CUISINE_SNACKS_JAJANAN', 'tenantUid': 'gofood', 'uid': 'CUISINE_SNACKS_JAJANAN', 'displayName': 'Jajanan', 'description': '', 'taxonomy': 2, 'parentKey': ''}]","Lagoon Avenue, Jalan Cikas Tengah 4, Bumi Satria Kencana, Pekayon, Jakasampurna, Kota Bekasi, Jawa Barat, Jawa, 17148, Indonesia"
"Sop Dan Soto Tangkar, Pekayon","{'average': 4.6, 'total': 0}",3,"[{'key': 'tenants/gofood/tags/CUISINE_SOTO_BAKSO_SOP', 'tenantUid': 'gofood', 'uid': 'CUISINE_SOTO_BAKSO_SOP', 'displayName': 'Bakso & soto', 'description': '', 'taxonomy': 2, 'parentKey': ''}]","Jalan Pekayon Raya, Pekayon, Margajaya, Kota Bekasi, Jawa Barat, Jawa, 17148, Indonesia"
"Momolin Bakery, Harapan Jaya","{'average': 4.5, 'total': 0}",2,"[{'key': 'tenants/gofood/tags/CUISINE_ROTI', 'tenantUid': 'gofood', 'uid': 'CUISINE_ROTI', 'displayName': 'Roti', 'description': '', 'taxonomy': 2, 'parentKey': ''}, {'key': 'tenants/gofood/tags/CUISINE_SWEETS_DESSERTS', 'tenantUid': 'gofood', 'uid': 'CUISINE_SWEETS_DESSERTS', 'displayName': 'Sweets', 'description': '', 'taxonomy': 2, 'parentKey': ''}]","Jalan Perumahan Harapan Jaya, Harapan Mulya, Kota Bekasi, Jawa Barat, Jawa, 17124, Indonesia"
"Pempek Palembang Gaby, Cut Meutiah Bekasi","{'average': 4.7, 'total': 0}",2,"[{'key': 'tenants/gofood/tags/CUISINE_SNACKS_JAJANAN', 'tenantUid': 'gofood', 'uid': 'CUISINE_SNACKS_JAJANAN', 'displayName': 'Jajanan', 'description': '', 'taxonomy': 2, 'parentKey': ''}]","Pempek Palembang Gaby, Jalan Cut Mutia, Rawa Panjang, Margajaya, Kota Bekasi, Jawa Barat, Jawa, 17148, Indonesia"
"Warung Tekko, Blu Plaza","{'average': 4.5, 'total': 0}",3,"[{'key': 'tenants/gofood/tags/CUISINE_ANEKA_NASI', 'tenantUid': 'gofood', 'uid': 'CUISINE_ANEKA_NASI', 'displayName': 'Aneka nasi', 'description': '', 'taxonomy': 2, 'parentKey': ''}, {'key': 'tenants/gofood/tags/CUISINE_ANEKA_AYAM_BEBEK', 'tenantUid': 'gofood', 'uid': 'CUISINE_ANEKA_AYAM_BEBEK', 'displayName': 'Ayam & bebek', 'description': '', 'taxonomy': 2, 'parentKey': ''}]","Jalan Chairil Anwar, Rawasemut, Kota Bekasi, Jawa Barat, Jawa, 17113, Indonesia"
"Solaria, Blu Plaza","{'average': 4.8, 'total': 0}",3,"[{'key': 'tenants/gofood/tags/CUISINE_ANEKA_NASI', 'tenantUid': 'gofood', 'uid': 'CUISINE_ANEKA_NASI', 'displayName': 'Aneka nasi', 'description': '', 'taxonomy': 2, 'parentKey': ''}, {'key': 'tenants/gofood/tags/CUISINE_CHINESE', 'tenantUid': 'gofood', 'uid': 'CUISINE_CHINESE', 'displayName': 'Chinese', 'description': '', 'taxonomy': 2, 'parentKey': ''}]","Jalan Chairil Anwar, Rawasemut, Kota Bekasi, Jawa Barat, Jawa, 17113, Indonesia"
A&W Blu Plaza,"{'average': 4.8, 'total': 0}",3,"[{'key': 'tenants/gofood/tags/CUISINE_FASTFOOD', 'tenantUid': 'gofood', 'uid': 'CUISINE_FASTFOOD', 'displayName': 'Cepat saji', 'description': '', 'taxonomy': 2, 'parentKey': ''}]","Jalan Chairil Anwar, Rawasemut, Kota Bekasi, Jawa Barat, Jawa, 17113, Indonesia"
"Kopi Maning, Jl. KH Agus Salim","{'average': 4.6, 'total': 0}",2,"[{'key': 'tenants/gofood/tags/CUISINE_COFFEE_SHOP', 'tenantUid': 'gofood', 'uid': 'CUISINE_COFFEE_SHOP', 'displayName': 'Kopi', 'description': '', 'taxonomy': 2, 'parentKey': ''}, {'key': 'tenants/gofood/tags/CUISINE_SNACKS_JAJANAN', 'tenantUid': 'gofood', 'uid': 'CUISINE_SNACKS_JAJANAN', 'displayName': 'Jajanan', 'description': '', 'taxonomy': 2, 'parentKey': ''}, {'key': 'tenants/gofood/tags/CUISINE_MINUMAN', 'tenantUid': 'gofood', 'uid': 'CUISINE_MINUMAN', 'displayName': 'Minuman', 'description': '', 'taxonomy': 2, 'parentKey': ''}]","Bekasi Jaya, Kota Bekasi, Jawa Barat, Jawa, 17112, Indonesia"
"Bakso Mukidi, Bintara","{'average': 4.4, 'total': 0}",2,"[{'key': 'tenants/gofood/tags/CUISINE_BAKMIE', 'tenantUid': 'gofood', 'uid': 'CUISINE_BAKMIE', 'displayName': 'Bakmie', 'description': '', 'taxonomy': 2, 'parentKey': ''}, {'key': 'tenants/gofood/tags/CUISINE_SOTO_BAKSO_SOP', 'tenantUid': 'gofood', 'uid': 'CUISINE_SOTO_BAKSO_SOP', 'displayName': 'Bakso & soto', 'description': '', 'taxonomy': 2, 'parentKey': ''}]","Jalan Bintara Raya, Kranji, Kota Bekasi, Jawa Barat, Jawa, 17136, Indonesia"
"Kedai Pempek Wa'Cek, Jatiluhur","{'average': 0, 'total': 0}",3,"[{'key': 'tenants/gofood/tags/CUISINE_SNACKS_JAJANAN', 'tenantUid': 'gofood', 'uid': 'CUISINE_SNACKS_JAJANAN', 'displayName': 'Jajanan', 'description': '', 'taxonomy': 2, 'parentKey': ''}]","Jalan Jatiluhur Raya, Kranji, Jakasampurna, Kota Bekasi, Jawa Barat, Jawa, 17136, Indonesia"
"Sate Madura Bang Sodik, Bekasi Timur","{'average': 4.7, 'total': 0}",3,"[{'key': 'tenants/gofood/tags/CUISINE_SATE', 'tenantUid': 'gofood', 'uid': 'CUISINE_SATE', 'displayName': 'Sate', 'description': '', 'taxonomy': 2, 'parentKey': ''}]","Rawasemut, Duren Jaya, Kota Bekasi, Jawa Barat, Jawa, 17113, Indonesia"
"Sate Cirebon (Halimpu) H. Aman, Bekasi Utara","{'average': 4.8, 'total': 0}",2,"[{'key': 'tenants/gofood/tags/CUISINE_SATE', 'tenantUid': 'gofood', 'uid': 'CUISINE_SATE', 'displayName': 'Sate', 'description': '', 'taxonomy': 2, 'parentKey': ''}]","Jalan KH Muchtar Tabrani, Summarecon Bekasi, Harapanjaya, Kota Bekasi, Jawa Barat, Jawa, 17122, Indonesia"
"Kedai Bude Dirah, Bekasi Barat/Jakasampurna/","{'average': 0, 'total': 0}",3,"[{'key': 'tenants/gofood/tags/CUISINE_ANEKA_NASI', 'tenantUid': 'gofood', 'uid': 'CUISINE_ANEKA_NASI', 'displayName': 'Aneka nasi', 'description': '', 'taxonomy': 2, 'parentKey': ''}, {'key': 'tenants/gofood/tags/CUISINE_FASTFOOD', 'tenantUid': 'gofood', 'uid': 'CUISINE_FASTFOOD', 'displayName': 'Cepat saji', 'description': '', 'taxonomy': 2, 'parentKey': ''}, {'key': 'tenants/gofood/tags/CUISINE_SOTO_BAKSO_SOP', 'tenantUid': 'gofood', 'uid': 'CUISINE_SOTO_BAKSO_SOP', 'displayName': 'Bakso & soto', 'description': '', 'taxonomy': 2, 'parentKey': ''}]","Jalan Pemuda Patriot, Kranji, Jakasampurna, Kota Bekasi, Jawa Barat, Jawa, 17136, Indonesia"
"Prekchic, Bekasi Timur","{'average': 0, 'total': 0}",1,"[{'key': 'tenants/gofood/tags/CUISINE_ANEKA_AYAM_BEBEK', 'tenantUid': 'gofood', 'uid': 'CUISINE_ANEKA_AYAM_BEBEK', 'displayName': 'Ayam & bebek', 'description': '', 'taxonomy': 2, 'parentKey': ''}]","Jalan H. Nonon Sonthanie, Bekasi Jaya, Kota Bekasi, Jawa Barat, Jawa, 17112, Indonesia"
"Kedai Karasa, Bekasi Timur","{'average': 0, 'total': 0}",2,"[{'key': 'tenants/gofood/tags/CUISINE_SNACKS_JAJANAN', 'tenantUid': 'gofood', 'uid': 'CUISINE_SNACKS_JAJANAN', 'displayName': 'Jajanan', 'description': '', 'taxonomy': 2, 'parentKey': ''}]","Jalan Sersan Aswan, Perumahan Margahayu Jaya, Rawasemut, Kota Bekasi, Jawa Barat, Jawa, 17113, Indonesia"
Sate Betawi Tegal H. Noto,"{'average': 4.7, 'total': 0}",3,"[{'key': 'tenants/gofood/tags/CUISINE_SATE', 'tenantUid': 'gofood', 'uid': 'CUISINE_SATE', 'displayName': 'Sate', 'description': '', 'taxonomy': 2, 'parentKey': ''}]","Jalan Pemuda Patriot, Kranji, Jakasampurna, Kota Bekasi, Jawa Barat, Jawa, 17136, Indonesia"
"McDonald's, Meutia Bekasi","{'average': 4.8, 'total': 0}",3,"[{'key': 'tenants/gofood/tags/CUISINE_FASTFOOD', 'tenantUid': 'gofood', 'uid': 'CUISINE_FASTFOOD', 'displayName': 'Cepat saji', 'description': '', 'taxonomy': 2, 'parentKey': ''}, {'key': 'tenants/gofood/tags/CUISINE_SWEETS_DESSERTS', 'tenantUid': 'gofood', 'uid': 'CUISINE_SWEETS_DESSERTS', 'displayName': 'Sweets', 'description': '', 'taxonomy': 2, 'parentKey': ''}, {'key': 'tenants/gofood/tags/CUISINE_SNACKS_JAJANAN', 'tenantUid': 'gofood', 'uid': 'CUISINE_SNACKS_JAJANAN', 'displayName': 'Jajanan', 'description': '', 'taxonomy': 2, 'parentKey': ''}]","mc donald, Jalan Cut Mutia, Rawalumbu Utara, Sepatan, Sepanjangjaya, Kota Bekasi, Jawa Barat, Jawa, 17113, Indonesia"
"DE'VINZ CAFE & RESTO, Cut Meutiah","{'average': 4.3, 'total': 0}",2,"[{'key': 'tenants/gofood/tags/CUISINE_ANEKA_AYAM_BEBEK', 'tenantUid': 'gofood', 'uid': 'CUISINE_ANEKA_AYAM_BEBEK', 'displayName': 'Ayam & bebek', 'description': '', 'taxonomy': 2, 'parentKey': ''}]","Jalan Cut Mutia, Rawalumbu Utara, Sepatan, Sepanjangjaya, Kota Bekasi, Jawa Barat, Jawa, 17113, Indonesia"
"Ayam Bakar Dan Ikan Bakar Pring Gading, Bekasi Utara","{'average': 4.7, 'total': 0}",2,"[{'key': 'tenants/gofood/tags/CUISINE_ANEKA_AYAM_BEBEK', 'tenantUid': 'gofood', 'uid': 'CUISINE_ANEKA_AYAM_BEBEK', 'displayName': 'Ayam & bebek', 'description': '', 'taxonomy': 2, 'parentKey': ''}]","Jalan KH Muchtar Tabrani, Summarecon Bekasi, Harapanjaya, Kota Bekasi, Jawa Barat, Jawa, 17122, Indonesia"
"JAGONYA MAKAN, Makanan Dan Minuman","{'average': 3.5, 'total': 0}",2,"[{'key': 'tenants/gofood/tags/CUISINE_SWEETS_DESSERTS', 'tenantUid': 'gofood', 'uid': 'CUISINE_SWEETS_DESSERTS', 'displayName': 'Sweets', 'description': '', 'taxonomy': 2, 'parentKey': ''}, {'key': 'tenants/gofood/tags/CUISINE_MINUMAN', 'tenantUid': 'gofood', 'uid': 'CUISINE_MINUMAN', 'displayName': 'Minuman', 'description': '', 'taxonomy': 2, 'parentKey': ''}, {'key': 'tenants/gofood/tags/CUISINE_FASTFOOD', 'tenantUid': 'gofood', 'uid': 'CUISINE_FASTFOOD', 'displayName': 'Cepat saji', 'description': '', 'taxonomy': 2, 'parentKey': ''}]","Jalan Merpati Raya, Kranji, Kota Bekasi, Jawa Barat, Jawa, 17135, Indonesia"
"Mie Ayam & Bakso Safa, Bekasi Timur","{'average': 4.6, 'total': 0}",2,"[{'key': 'tenants/gofood/tags/CUISINE_SOTO_BAKSO_SOP', 'tenantUid': 'gofood', 'uid': 'CUISINE_SOTO_BAKSO_SOP', 'displayName': 'Bakso & soto', 'description': '', 'taxonomy': 2, 'parentKey': ''}, {'key': 'tenants/gofood/tags/CUISINE_BAKMIE', 'tenantUid': 'gofood', 'uid': 'CUISINE_BAKMIE', 'displayName': 'Bakmie', 'description': '', 'taxonomy': 2, 'parentKey': ''}, {'key': 'tenants/gofood/tags/CUISINE_FASTFOOD', 'tenantUid': 'gofood', 'uid': 'CUISINE_FASTFOOD', 'displayName': 'Cepat saji', 'description': '', 'taxonomy': 2, 'parentKey': ''}]","Rawasemut, Duren Jaya, Kota Bekasi, Jawa Barat, Jawa, 17111, Indonesia"
"Soto Ayam Ceker Cak Ivan Lamongan, Bekasi Utara","{'average': 4.4, 'total': 0}",2,"[{'key': 'tenants/gofood/tags/CUISINE_SOTO_BAKSO_SOP', 'tenantUid': 'gofood', 'uid': 'CUISINE_SOTO_BAKSO_SOP', 'displayName': 'Bakso & soto', 'description': '', 'taxonomy': 2, 'parentKey': ''}]","Jalan KH Muchtar Tabrani, Summarecon Bekasi, Harapanjaya, Kota Bekasi, Jawa Barat, Jawa, 17122, Indonesia"
"Nasi Congkel, Bekasi Selatan","{'average': 4.7, 'total': 0}",2,"[{'key': 'tenants/gofood/tags/CUISINE_ANEKA_NASI', 'tenantUid': 'gofood', 'uid': 'CUISINE_ANEKA_NASI', 'displayName': 'Aneka nasi', 'description': '', 'taxonomy': 2, 'parentKey': ''}]","Bumi Satria Kencana, Jakasampurna, Kota Bekasi, Jawa Barat, Jawa, 17148, Indonesia"
"KFC Box, Naga Wisma","{'average': 4.7, 'total': 0}",3,"[{'key': 'tenants/gofood/tags/CUISINE_FASTFOOD', 'tenantUid': 'gofood', 'uid': 'CUISINE_FASTFOOD', 'displayName': 'Cepat saji', 'description': '', 'taxonomy': 2, 'parentKey': ''}]","Gang Makam, Bekasi Jaya, Kota Bekasi, Jawa Barat, Jawa, 17121, Indonesia"
"Grosirkurma.co.id, Bekasi Komplek SBS","{'average': 4.3, 'total': 0}",3,"[{'key': 'tenants/gofood/tags/CUISINE_SNACKS_JAJANAN', 'tenantUid': 'gofood', 'uid': 'CUISINE_SNACKS_JAJANAN', 'displayName': 'Jajanan', 'description': '', 'taxonomy': 2, 'parentKey': ''}, {'key': 'tenants/gofood/tags/CUISINE_MIDDLE_EASTERN', 'tenantUid': 'gofood', 'uid': 'CUISINE_MIDDLE_EASTERN', 'displayName': 'Timur Tengah', 'description': '', 'taxonomy': 2, 'parentKey': ''}, {'key': 'tenants/gofood/tags/CUISINE_SWEETS_DESSERTS', 'tenantUid': 'gofood', 'uid': 'CUISINE_SWEETS_DESSERTS', 'displayName': 'Sweets', 'description': '', 'taxonomy': 2, 'parentKey': ''}]","Jalan Semeru, Harapanjaya, Kota Bekasi, Jawa Barat, Jawa, 17124, Indonesia"
"Mamandut Shop, Permata Bekasi","{'average': 0, 'total': 0}",2,"[{'key': 'tenants/gofood/tags/CUISINE_ANEKA_AYAM_BEBEK', 'tenantUid': 'gofood', 'uid': 'CUISINE_ANEKA_AYAM_BEBEK', 'displayName': 'Ayam & bebek', 'description': '', 'taxonomy': 2, 'parentKey': ''}, {'key': 'tenants/gofood/tags/CUISINE_SNACKS_JAJANAN', 'tenantUid': 'gofood', 'uid': 'CUISINE_SNACKS_JAJANAN', 'displayName': 'Jajanan', 'description': '', 'taxonomy': 2, 'parentKey': ''}, {'key': 'tenants/gofood/tags/CUISINE_PIZZA_PASTA', 'tenantUid': 'gofood', 'uid': 'CUISINE_PIZZA_PASTA', 'displayName': 'Pizza & pasta', 'description': '', 'taxonomy': 2, 'parentKey': ''}]","Bekasi Jaya, Kota Bekasi, Jawa Barat, Jawa, 17112, Indonesia"
"Ayam Blenger PSP, Bintara Bekasi","{'average': 4.8, 'total': 0}",2,"[{'key': 'tenants/gofood/tags/CUISINE_ANEKA_AYAM_BEBEK', 'tenantUid': 'gofood', 'uid': 'CUISINE_ANEKA_AYAM_BEBEK', 'displayName': 'Ayam & bebek', 'description': '', 'taxonomy': 2, 'parentKey': ''}, {'key': 'tenants/gofood/tags/CUISINE_ANEKA_NASI', 'tenantUid': 'gofood', 'uid': 'CUISINE_ANEKA_NASI', 'displayName': 'Aneka nasi', 'description': '', 'taxonomy': 2, 'parentKey': ''}, {'key': 'tenants/gofood/tags/CUISINE_ROTI', 'tenantUid': 'gofood', 'uid': 'CUISINE_ROTI', 'displayName': 'Roti', 'description': '', 'taxonomy': 2, 'parentKey': ''}, {'key': 'tenants/gofood/tags/CUISINE_FASTFOOD', 'tenantUid': 'gofood', 'uid': 'CUISINE_FASTFOOD', 'displayName': 'Cepat saji', 'description': '', 'taxonomy': 2, 'parentKey': ''}]","McDonald's, 17, Jalan Bintara Raya, Kranji, Bintara, Kota Bekasi, Jawa Barat, Jawa, 17134, Indonesia"
"Aninditdut Shop, Bekasi Utara","{'average': 0, 'total': 0}",3,"[{'key': 'tenants/gofood/tags/CUISINE_SNACKS_JAJANAN', 'tenantUid': 'gofood', 'uid': 'CUISINE_SNACKS_JAJANAN', 'displayName': 'Jajanan', 'description': '', 'taxonomy': 2, 'parentKey': ''}, {'key': 'tenants/gofood/tags/CUISINE_ROTI', 'tenantUid': 'gofood', 'uid': 'CUISINE_ROTI', 'displayName': 'Roti', 'description': '', 'taxonomy': 2, 'parentKey': ''}, {'key': 'tenants/gofood/tags/CUISINE_PIZZA_PASTA', 'tenantUid': 'gofood', 'uid': 'CUISINE_PIZZA_PASTA', 'displayName': 'Pizza & pasta', 'description': '', 'taxonomy': 2, 'parentKey': ''}]","Jalan Raflesia VI, Harapanjaya, Kota Bekasi, Jawa Barat, Jawa, 17122, Indonesia"
"Dapure Wong Suroboyo, Sentul Raya","{'average': 0, 'total': 0}",2,"[{'key': 'tenants/gofood/tags/CUISINE_FASTFOOD', 'tenantUid': 'gofood', 'uid': 'CUISINE_FASTFOOD', 'displayName': 'Cepat saji', 'description': '', 'taxonomy': 2, 'parentKey': ''}, {'key': 'tenants/gofood/tags/CUISINE_SNACKS_JAJANAN', 'tenantUid': 'gofood', 'uid': 'CUISINE_SNACKS_JAJANAN', 'displayName': 'Jajanan', 'description': '', 'taxonomy': 2, 'parentKey': ''}]","Harapanjaya, Kota Bekasi, Jawa Barat, Jawa, 17124, Indonesia"
"RM Kato Saumpun, Margahayu Jaya","{'average': 4.8, 'total': 0}",2,"[{'key': 'tenants/gofood/tags/CUISINE_ANEKA_NASI', 'tenantUid': 'gofood', 'uid': 'CUISINE_ANEKA_NASI', 'displayName': 'Aneka nasi', 'description': '', 'taxonomy': 2, 'parentKey': ''}, {'key': 'tenants/gofood/tags/CUISINE_FASTFOOD', 'tenantUid': 'gofood', 'uid': 'CUISINE_FASTFOOD', 'displayName': 'Cepat saji', 'description': '', 'taxonomy': 2, 'parentKey': ''}]","Jalan Perumahan Margahayu, Perumahan Margahayu Jaya, Rawasemut, Kota Bekasi, Jawa Barat, Jawa, 17113, Indonesia"
"KFC Box, Naga Pekayon","{'average': 4.6, 'total': 0}",3,"[{'key': 'tenants/gofood/tags/CUISINE_FASTFOOD', 'tenantUid': 'gofood', 'uid': 'CUISINE_FASTFOOD', 'displayName': 'Cepat saji', 'description': '', 'taxonomy': 2, 'parentKey': ''}]","Mall Pekayon, Jalan Pekayon Raya, Pekayon, Margajaya, Kota Bekasi, Jawa Barat, Jawa, 17148, Indonesia"
"McDonald's, Bintara Bekasi","{'average': 4.8, 'total': 0}",3,"[{'key': 'tenants/gofood/tags/CUISINE_FASTFOOD', 'tenantUid': 'gofood', 'uid': 'CUISINE_FASTFOOD', 'displayName': 'Cepat saji', 'description': '', 'taxonomy': 2, 'parentKey': ''}, {'key': 'tenants/gofood/tags/CUISINE_SWEETS_DESSERTS', 'tenantUid': 'gofood', 'uid': 'CUISINE_SWEETS_DESSERTS', 'displayName': 'Sweets', 'description': '', 'taxonomy': 2, 'parentKey': ''}, {'key': 'tenants/gofood/tags/CUISINE_SNACKS_JAJANAN', 'tenantUid': 'gofood', 'uid': 'CUISINE_SNACKS_JAJANAN', 'displayName': 'Jajanan', 'description': '', 'taxonomy': 2, 'parentKey': ''}]","Kranji, Bintara, Kota Bekasi, Jawa Barat, Jawa, 17134, Indonesia"
Waroeng Tjandra,"{'average': 4.6, 'total': 0}",2,"[{'key': 'tenants/gofood/tags/CUISINE_MINUMAN', 'tenantUid': 'gofood', 'uid': 'CUISINE_MINUMAN', 'displayName': 'Minuman', 'description': '', 'taxonomy': 2, 'parentKey': ''}, {'key': 'tenants/gofood/tags/CUISINE_SNACKS_JAJANAN', 'tenantUid': 'gofood', 'uid': 'CUISINE_SNACKS_JAJANAN', 'displayName': 'Jajanan', 'description': '', 'taxonomy': 2, 'parentKey': ''}, {'key': 'tenants/gofood/tags/CUISINE_FASTFOOD', 'tenantUid': 'gofood', 'uid': 'CUISINE_FASTFOOD', 'displayName': 'Cepat saji', 'description': '', 'taxonomy': 2, 'parentKey': ''}]","Jalan Arjuna 3, Jakasampurna, Kota Bekasi, Jawa Barat, Jawa, 17145, Indonesia"
"Domino's Pizza, Bintara","{'average': 4.7, 'total': 0}",3,"[{'key': 'tenants/gofood/tags/CUISINE_PIZZA_PASTA', 'tenantUid': 'gofood', 'uid': 'CUISINE_PIZZA_PASTA', 'displayName': 'Pizza & pasta', 'description': '', 'taxonomy': 2, 'parentKey': ''}, {'key': 'tenants/gofood/tags/CUISINE_FASTFOOD', 'tenantUid': 'gofood', 'uid': 'CUISINE_FASTFOOD', 'displayName': 'Cepat saji', 'description': '', 'taxonomy': 2, 'parentKey': ''}, {'key': 'tenants/gofood/tags/CUISINE_SNACKS_JAJANAN', 'tenantUid': 'gofood', 'uid': 'CUISINE_SNACKS_JAJANAN', 'displayName': 'Jajanan', 'description': '', 'taxonomy': 2, 'parentKey': ''}]","Bintara, Jalan Bintara Raya, Kranji, Bintara, Kota Bekasi, Jawa Barat, Jawa, 17134, Indonesia"
"Bakso Joss, Perum Margahayu","{'average': 4.7, 'total': 0}",2,"[{'key': 'tenants/gofood/tags/CUISINE_SOTO_BAKSO_SOP', 'tenantUid': 'gofood', 'uid': 'CUISINE_SOTO_BAKSO_SOP', 'displayName': 'Bakso & soto', 'description': '', 'taxonomy': 2, 'parentKey': ''}]","Jalan Dirgahayu 1, Perumahan Margahayu Jaya, Rawasemut, Kota Bekasi, Jawa Barat, Jawa, 17113, Indonesia"
"BeFC Fried Chicken, Assyafi'iyah, Depan Warteg Farhan","{'average': 4.8, 'total': 0}",2,"[{'key': 'tenants/gofood/tags/CUISINE_ANEKA_AYAM_BEBEK', 'tenantUid': 'gofood', 'uid': 'CUISINE_ANEKA_AYAM_BEBEK', 'displayName': 'Ayam & bebek', 'description': '', 'taxonomy': 2, 'parentKey': ''}]","Kranji, Jakasampurna, Kota Bekasi, Jawa Barat, Jawa, 17136, Indonesia"
"Rumah Makan Ibu Dara, Bekasi Utara","{'average': 4.8, 'total': 0}",2,"[{'key': 'tenants/gofood/tags/CUISINE_ANEKA_AYAM_BEBEK', 'tenantUid': 'gofood', 'uid': 'CUISINE_ANEKA_AYAM_BEBEK', 'displayName': 'Ayam & bebek', 'description': '', 'taxonomy': 2, 'parentKey': ''}, {'key': 'tenants/gofood/tags/CUISINE_ANEKA_NASI', 'tenantUid': 'gofood', 'uid': 'CUISINE_ANEKA_NASI', 'displayName': 'Aneka nasi', 'description': '', 'taxonomy': 2, 'parentKey': ''}]","Harapan Baru, Kota Bekasi, Jawa Barat, Jawa, 17121, Indonesia"
"Tenda Biru 99 Medan, Jakasampurna","{'average': 4.7, 'total': 0}",3,"[{'key': 'tenants/gofood/tags/CUISINE_BAKMIE', 'tenantUid': 'gofood', 'uid': 'CUISINE_BAKMIE', 'displayName': 'Bakmie', 'description': '', 'taxonomy': 2, 'parentKey': ''}, {'key': 'tenants/gofood/tags/CUISINE_CHINESE', 'tenantUid': 'gofood', 'uid': 'CUISINE_CHINESE', 'displayName': 'Chinese', 'description': '', 'taxonomy': 2, 'parentKey': ''}]","Jalan Barasak, Jakasampurna, Kota Bekasi, Jawa Barat, Jawa, 17145, Indonesia"
"Bakmie & Seafood 99, Ruko Grand Galaxy City","{'average': 4.8, 'total': 0}",3,"[{'key': 'tenants/gofood/tags/CUISINE_BAKMIE', 'tenantUid': 'gofood', 'uid': 'CUISINE_BAKMIE', 'displayName': 'Bakmie', 'description': '', 'taxonomy': 2, 'parentKey': ''}]","Jalan Nusa Indah, Pekayon, Jakasetia, Kota Bekasi, Jawa Barat, Jawa, 17148, Indonesia"
"Bakso Gress Dan Mie Ayam Bakso 2, Bekasi Barat","{'average': 4.5, 'total': 0}",2,"[{'key': 'tenants/gofood/tags/CUISINE_BAKMIE', 'tenantUid': 'gofood', 'uid': 'CUISINE_BAKMIE', 'displayName': 'Bakmie', 'description': '', 'taxonomy': 2, 'parentKey': ''}, {'key': 'tenants/gofood/tags/CUISINE_SNACKS_JAJANAN', 'tenantUid': 'gofood', 'uid': 'CUISINE_SNACKS_JAJANAN', 'displayName': 'Jajanan', 'description': '', 'taxonomy': 2, 'parentKey': ''}, {'key': 'tenants/gofood/tags/CUISINE_SOTO_BAKSO_SOP', 'tenantUid': 'gofood', 'uid': 'CUISINE_SOTO_BAKSO_SOP', 'displayName': 'Bakso & soto', 'description': '', 'taxonomy': 2, 'parentKey': ''}]","Jalan Bintara XIV, Kranji, Bintara, Kota Bekasi, Jawa Barat, Jawa, 17134, Indonesia"
"Pop Cookies, Kemang Pratama","{'average': 3.6, 'total': 0}",3,"[{'key': 'tenants/gofood/tags/CUISINE_SWEETS_DESSERTS', 'tenantUid': 'gofood', 'uid': 'CUISINE_SWEETS_DESSERTS', 'displayName': 'Sweets', 'description': '', 'taxonomy': 2, 'parentKey': ''}]","Kemang Pratama 3, Pekayon, Margajaya, Kota Bekasi, Jawa Barat, Jawa, 17114, Indonesia"
"SOP CENDRAWASIH MAKASSAR, Bekasi Barat","{'average': 4.2, 'total': 0}",2,"[{'key': 'tenants/gofood/tags/CUISINE_SOTO_BAKSO_SOP', 'tenantUid': 'gofood', 'uid': 'CUISINE_SOTO_BAKSO_SOP', 'displayName': 'Bakso & soto', 'description': '', 'taxonomy': 2, 'parentKey': ''}]","Kranji, Kota Bekasi, Jawa Barat, Jawa, 17133, Indonesia"
"Sop Buah Segher Bugher, Bekasi","{'average': 0, 'total': 0}",4,"[{'key': 'tenants/gofood/tags/CUISINE_ANEKA_AYAM_BEBEK', 'tenantUid': 'gofood', 'uid': 'CUISINE_ANEKA_AYAM_BEBEK', 'displayName': 'Ayam & bebek', 'description': '', 'taxonomy': 2, 'parentKey': ''}, {'key': 'tenants/gofood/tags/CUISINE_SOTO_BAKSO_SOP', 'tenantUid': 'gofood', 'uid': 'CUISINE_SOTO_BAKSO_SOP', 'displayName': 'Bakso & soto', 'description': '', 'taxonomy': 2, 'parentKey': ''}, {'key': 'tenants/gofood/tags/CUISINE_MINUMAN', 'tenantUid': 'gofood', 'uid': 'CUISINE_MINUMAN', 'displayName': 'Minuman', 'description': '', 'taxonomy': 2, 'parentKey': ''}]","Jalan Bintara XIV, Kranji, Bintara, Kota Bekasi, Jawa Barat, Jawa, 17134, Indonesia"
"Richeese Factory, Bintara","{'average': 4.7, 'total': 0}",3,"[{'key': 'tenants/gofood/tags/CUISINE_FASTFOOD', 'tenantUid': 'gofood', 'uid': 'CUISINE_FASTFOOD', 'displayName': 'Cepat saji', 'description': '', 'taxonomy': 2, 'parentKey': ''}, {'key': 'tenants/gofood/tags/CUISINE_ANEKA_AYAM_BEBEK', 'tenantUid': 'gofood', 'uid': 'CUISINE_ANEKA_AYAM_BEBEK', 'displayName': 'Ayam & bebek', 'description': '', 'taxonomy': 2, 'parentKey': ''}, {'key': 'tenants/gofood/tags/CUISINE_ANEKA_NASI', 'tenantUid': 'gofood', 'uid': 'CUISINE_ANEKA_NASI', 'displayName': 'Aneka nasi', 'description': '', 'taxonomy': 2, 'parentKey': ''}]","Jalan Bintara Raya, Kranji, Bintara, Kota Bekasi, Jawa Barat, Jawa, 17134, Indonesia"
"Bunda Salma, Bekasi","{'average': 0, 'total': 0}",1,"[{'key': 'tenants/gofood/tags/CUISINE_SNACKS_JAJANAN', 'tenantUid': 'gofood', 'uid': 'CUISINE_SNACKS_JAJANAN', 'displayName': 'Jajanan', 'description': '', 'taxonomy': 2, 'parentKey': ''}, {'key': 'tenants/gofood/tags/CUISINE_MINUMAN', 'tenantUid': 'gofood', 'uid': 'CUISINE_MINUMAN', 'displayName': 'Minuman', 'description': '', 'taxonomy': 2, 'parentKey': ''}]","Jalan Perumahan Margahayu, Perumahan Margahayu Jaya, Rawasemut, Kota Bekasi, Jawa Barat, Jawa, 17113, Indonesia"
"Bakso Super Retnosari (Gepeng Urat), Bekasi Selatan","{'average': 4.7, 'total': 0}",2,"[{'key': 'tenants/gofood/tags/CUISINE_SOTO_BAKSO_SOP', 'tenantUid': 'gofood', 'uid': 'CUISINE_SOTO_BAKSO_SOP', 'displayName': 'Bakso & soto', 'description': '', 'taxonomy': 2, 'parentKey': ''}]","Jalan Sedap Malam, Jakasampurna, Kota Bekasi, Jawa Barat, Jawa, 17145, Indonesia"
"Mie Cabe Gerus 3 Ibu Hj. Elly, Bekasi","{'average': 4.6, 'total': 0}",2,"[{'key': 'tenants/gofood/tags/CUISINE_BAKMIE', 'tenantUid': 'gofood', 'uid': 'CUISINE_BAKMIE', 'displayName': 'Bakmie', 'description': '', 'taxonomy': 2, 'parentKey': ''}, {'key': 'tenants/gofood/tags/CUISINE_SOTO_BAKSO_SOP', 'tenantUid': 'gofood', 'uid': 'CUISINE_SOTO_BAKSO_SOP', 'displayName': 'Bakso & soto', 'description': '', 'taxonomy': 2, 'parentKey': ''}]","Jalan Sedap Malam, Jakasampurna, Kota Bekasi, Jawa Barat, Jawa, 17145, Indonesia"
"Martabak Alim Premium, Duren Jaya","{'average': 4.6, 'total': 0}",3,"[{'key': 'tenants/gofood/tags/CUISINE_MARTABAK', 'tenantUid': 'gofood', 'uid': 'CUISINE_MARTABAK', 'displayName': 'Martabak', 'description': '', 'taxonomy': 2, 'parentKey': ''}, {'key': 'tenants/gofood/tags/CUISINE_SNACKS_JAJANAN', 'tenantUid': 'gofood', 'uid': 'CUISINE_SNACKS_JAJANAN', 'displayName': 'Jajanan', 'description': '', 'taxonomy': 2, 'parentKey': ''}]","Duren Jaya, Kota Bekasi, Jawa Barat, Jawa, 17111, Indonesia"
"Nasi Kapau Uda John, KH. Noer Ali","{'average': 4.6, 'total': 0}",3,"[{'key': 'tenants/gofood/tags/CUISINE_MINUMAN', 'tenantUid': 'gofood', 'uid': 'CUISINE_MINUMAN', 'displayName': 'Minuman', 'description': '', 'taxonomy': 2, 'parentKey': ''}, {'key': 'tenants/gofood/tags/CUISINE_ANEKA_NASI', 'tenantUid': 'gofood', 'uid': 'CUISINE_ANEKA_NASI', 'displayName': 'Aneka nasi', 'description': '', 'taxonomy': 2, 'parentKey': ''}]","Jalan Tol Bekasi–Cawang–Kampung Melayu, Bumi Satria Kencana, Pekayon, Bintarajaya, Kota Bekasi, Jawa Barat, Jawa, 17145, Indonesia"
"HokBen, Ruko Galaxy","{'average': 4.8, 'total': 0}",3,"[{'key': 'tenants/gofood/tags/CUISINE_FASTFOOD', 'tenantUid': 'gofood', 'uid': 'CUISINE_FASTFOOD', 'displayName': 'Cepat saji', 'description': '', 'taxonomy': 2, 'parentKey': ''}]","SD Maria Fransisca, Jalan Arjuna 1, Jakasampurna, Kota Bekasi, Jawa Barat, Jawa, 17145, Indonesia"
"Kedai Amole Soto Betawi, Bekasi Selatan","{'average': 4.8, 'total': 0}",3,"[{'key': 'tenants/gofood/tags/CUISINE_SOTO_BAKSO_SOP', 'tenantUid': 'gofood', 'uid': 'CUISINE_SOTO_BAKSO_SOP', 'displayName': 'Bakso & soto', 'description': '', 'taxonomy': 2, 'parentKey': ''}, {'key': 'tenants/gofood/tags/CUISINE_MINUMAN', 'tenantUid': 'gofood', 'uid': 'CUISINE_MINUMAN', 'displayName': 'Minuman', 'description': '', 'taxonomy': 2, 'parentKey': ''}, {'key': 'tenants/gofood/tags/CUISINE_ANEKA_NASI', 'tenantUid': 'gofood', 'uid': 'CUISINE_ANEKA_NASI', 'displayName': 'Aneka nasi', 'description': '', 'taxonomy': 2, 'parentKey': ''}]","Jalan Pulo Sirih Utama, Pondok Pekayon Indah, Pekayon, Jakasetia, Kota Bekasi, Jawa Barat, Jawa, 17147, Indonesia"
"Tanoshii Sushi, Galaxy Foodcourt","{'average': 4.7, 'total': 0}",3,"[{'key': 'tenants/gofood/tags/CUISINE_SNACKS_JAJANAN', 'tenantUid': 'gofood', 'uid': 'CUISINE_SNACKS_JAJANAN', 'displayName': 'Jajanan', 'description': '', 'taxonomy': 2, 'parentKey': ''}, {'key': 'tenants/gofood/tags/CUISINE_JAPANESE', 'tenantUid': 'gofood', 'uid': 'CUISINE_JAPANESE', 'displayName': 'Jepang', 'description': '', 'taxonomy': 2, 'parentKey': ''}, {'key': 'tenants/gofood/tags/CUISINE_FASTFOOD', 'tenantUid': 'gofood', 'uid': 'CUISINE_FASTFOOD', 'displayName': 'Cepat saji', 'description': '', 'taxonomy': 2, 'parentKey': ''}]","Jalan Taman Soka II, Pondok Pekayon Indah, Pekayon, Jakasetia, Kota Bekasi, Jawa Barat, Jawa, 17148, Indonesia"
"Ayam Bersih Berkah, Aren Jaya","{'average': 0, 'total': 0}",3,"[{'key': 'tenants/gofood/tags/CUISINE_ANEKA_NASI', 'tenantUid': 'gofood', 'uid': 'CUISINE_ANEKA_NASI', 'displayName': 'Aneka nasi', 'description': '', 'taxonomy': 2, 'parentKey': ''}]","Jalan Pahlawan, Rawasemut, Duren Jaya, Kota Bekasi, Jawa Barat, Jawa, 17111, Indonesia"
"Domino's Pizza, Taman Galaxy","{'average': 4.7, 'total': 0}",3,"[{'key': 'tenants/gofood/tags/CUISINE_PIZZA_PASTA', 'tenantUid': 'gofood', 'uid': 'CUISINE_PIZZA_PASTA', 'displayName': 'Pizza & pasta', 'description': '', 'taxonomy': 2, 'parentKey': ''}, {'key': 'tenants/gofood/tags/CUISINE_FASTFOOD', 'tenantUid': 'gofood', 'uid': 'CUISINE_FASTFOOD', 'displayName': 'Cepat saji', 'description': '', 'taxonomy': 2, 'parentKey': ''}, {'key': 'tenants/gofood/tags/CUISINE_SNACKS_JAJANAN', 'tenantUid': 'gofood', 'uid': 'CUISINE_SNACKS_JAJANAN', 'displayName': 'Jajanan', 'description': '', 'taxonomy': 2, 'parentKey': ''}]","Jalan Taman Galaksi Raya, Jakamulya, Kota Bekasi, Jawa Barat, Jawa, 17145, Indonesia"
"Double U Steak by Chef Widhi, Bekasi","{'average': 4.8, 'total': 0}",4,"[{'key': 'tenants/gofood/tags/CUISINE_BURGER_SANDWICH_STEAK', 'tenantUid': 'gofood', 'uid': 'CUISINE_BURGER_SANDWICH_STEAK', 'displayName': 'Barat', 'description': '', 'taxonomy': 2, 'parentKey': ''}]","Double U Steak, Jalan Wijaya Kusuma I, Jakasetia, Kota Bekasi, Jawa Barat, Jawa, 17145, Indonesia"
"Soto Mie Asli Bogor Pak Kadir, Bekasi Selatan","{'average': 4.6, 'total': 0}",2,"[{'key': 'tenants/gofood/tags/CUISINE_ANEKA_NASI', 'tenantUid': 'gofood', 'uid': 'CUISINE_ANEKA_NASI', 'displayName': 'Aneka nasi', 'description': '', 'taxonomy': 2, 'parentKey': ''}, {'key': 'tenants/gofood/tags/CUISINE_SOTO_BAKSO_SOP', 'tenantUid': 'gofood', 'uid': 'CUISINE_SOTO_BAKSO_SOP', 'displayName': 'Bakso & soto', 'description': '', 'taxonomy': 2, 'parentKey': ''}]","Jalan Sedap Malam, Jakasampurna, Kota Bekasi, Jawa Barat, Jawa, 17145, Indonesia"
"Nasi Tim & Hainam Bu Mega, Galaxi Raya","{'average': 4.7, 'total': 0}",3,"[{'key': 'tenants/gofood/tags/CUISINE_ANEKA_NASI', 'tenantUid': 'gofood', 'uid': 'CUISINE_ANEKA_NASI', 'displayName': 'Aneka nasi', 'description': '', 'taxonomy': 2, 'parentKey': ''}]","Jalan Taman Galaksi Raya, Jakamulya, Kota Bekasi, Jawa Barat, Jawa, 17145, Indonesia"
"Pecel Lele Ibu Hanah, Bekasi Utara","{'average': 4.4, 'total': 0}",2,"[{'key': 'tenants/gofood/tags/CUISINE_ANEKA_AYAM_BEBEK', 'tenantUid': 'gofood', 'uid': 'CUISINE_ANEKA_AYAM_BEBEK', 'displayName': 'Ayam & bebek', 'description': '', 'taxonomy': 2, 'parentKey': ''}, {'key': 'tenants/gofood/tags/CUISINE_SOTO_BAKSO_SOP', 'tenantUid': 'gofood', 'uid': 'CUISINE_SOTO_BAKSO_SOP', 'displayName': 'Bakso & soto', 'description': '', 'taxonomy': 2, 'parentKey': ''}]","Harapanjaya, Kota Bekasi, Jawa Barat, Jawa, 17124, Indonesia"
"Bakso Titoti, Bekasi Utara","{'average': 4.7, 'total': 0}",2,"[{'key': 'tenants/gofood/tags/CUISINE_SOTO_BAKSO_SOP', 'tenantUid': 'gofood', 'uid': 'CUISINE_SOTO_BAKSO_SOP', 'displayName': 'Bakso & soto', 'description': '', 'taxonomy': 2, 'parentKey': ''}]","Jalan Perjuangan, Telukpucung, Kota Bekasi, Jawa Barat, Jawa, 17123, Indonesia"
"Saung Kuliner PSR (Penyet Jontor), Bekasi Utara","{'average': 4.3, 'total': 0}",2,"[{'key': 'tenants/gofood/tags/CUISINE_ANEKA_NASI', 'tenantUid': 'gofood', 'uid': 'CUISINE_ANEKA_NASI', 'displayName': 'Aneka nasi', 'description': '', 'taxonomy': 2, 'parentKey': ''}]","Jalan Duta Bulevar Barat, Harapan Baru, Kota Bekasi, Jawa Barat, Jawa, 17121, Indonesia"
"Toko Oleh-Oleh Daerah (Bekasi), Bekasi Selatan","{'average': 4.1, 'total': 0}",3,"[{'key': 'tenants/gofood/tags/CUISINE_SNACKS_JAJANAN', 'tenantUid': 'gofood', 'uid': 'CUISINE_SNACKS_JAJANAN', 'displayName': 'Jajanan', 'description': '', 'taxonomy': 2, 'parentKey': ''}]","Jalan Taman Galaksi Raya, Jakamulya, Kota Bekasi, Jawa Barat, Jawa, 17145, Indonesia"
"Gado Gado Nabila, Bekasi Timur","{'average': 4.5, 'total': 0}",2,"[{'key': 'tenants/gofood/tags/CUISINE_ANEKA_NASI', 'tenantUid': 'gofood', 'uid': 'CUISINE_ANEKA_NASI', 'displayName': 'Aneka nasi', 'description': '', 'taxonomy': 2, 'parentKey': ''}, {'key': 'tenants/gofood/tags/CUISINE_SNACKS_JAJANAN', 'tenantUid': 'gofood', 'uid': 'CUISINE_SNACKS_JAJANAN', 'displayName': 'Jajanan', 'description': '', 'taxonomy': 2, 'parentKey': ''}, {'key': 'tenants/gofood/tags/CUISINE_FASTFOOD', 'tenantUid': 'gofood', 'uid': 'CUISINE_FASTFOOD', 'displayName': 'Cepat saji', 'description': '', 'taxonomy': 2, 'parentKey': ''}]","Duren Jaya, Kota Bekasi, Jawa Barat, Jawa, 17111, Indonesia"
"Geprek Bensu, Duta Harapan","{'average': 4.7, 'total': 0}",2,"[{'key': 'tenants/gofood/tags/CUISINE_ANEKA_NASI', 'tenantUid': 'gofood', 'uid': 'CUISINE_ANEKA_NASI', 'displayName': 'Aneka nasi', 'description': '', 'taxonomy': 2, 'parentKey': ''}, {'key': 'tenants/gofood/tags/CUISINE_ANEKA_AYAM_BEBEK', 'tenantUid': 'gofood', 'uid': 'CUISINE_ANEKA_AYAM_BEBEK', 'displayName': 'Ayam & bebek', 'description': '', 'taxonomy': 2, 'parentKey': ''}, {'key': 'tenants/gofood/tags/CUISINE_FASTFOOD', 'tenantUid': 'gofood', 'uid': 'CUISINE_FASTFOOD', 'displayName': 'Cepat saji', 'description': '', 'taxonomy': 2, 'parentKey': ''}]","Jalan Duta Bulevar Barat, Harapan Baru, Kota Bekasi, Jawa Barat, Jawa, 17121, Indonesia"
"Ayam Geprek Mas Boim, Bintara","{'average': 4.7, 'total': 0}",2,"[{'key': 'tenants/gofood/tags/CUISINE_ANEKA_AYAM_BEBEK', 'tenantUid': 'gofood', 'uid': 'CUISINE_ANEKA_AYAM_BEBEK', 'displayName': 'Ayam & bebek', 'description': '', 'taxonomy': 2, 'parentKey': ''}]","Jalan Bintara XII A, Kranji, Bintara, Kota Bekasi, Jawa Barat, Jawa, 17134, Indonesia"
"Warung Seblak Abdul, Kranji","{'average': 4.5, 'total': 0}",2,"[{'key': 'tenants/gofood/tags/CUISINE_SNACKS_JAJANAN', 'tenantUid': 'gofood', 'uid': 'CUISINE_SNACKS_JAJANAN', 'displayName': 'Jajanan', 'description': '', 'taxonomy': 2, 'parentKey': ''}]","Jalan Bintara Raya, Kranji, Bintara, Kota Bekasi, Jawa Barat, Jawa, 17134, Indonesia"
"Warteg Fuji Mulia, Bekasi","{'average': 4.7, 'total': 0}",1,"[{'key': 'tenants/gofood/tags/CUISINE_MINUMAN', 'tenantUid': 'gofood', 'uid': 'CUISINE_MINUMAN', 'displayName': 'Minuman', 'description': '', 'taxonomy': 2, 'parentKey': ''}, {'key': 'tenants/gofood/tags/CUISINE_ANEKA_NASI', 'tenantUid': 'gofood', 'uid': 'CUISINE_ANEKA_NASI', 'displayName': 'Aneka nasi', 'description': '', 'taxonomy': 2, 'parentKey': ''}, {'key': 'tenants/gofood/tags/CUISINE_FASTFOOD', 'tenantUid': 'gofood', 'uid': 'CUISINE_FASTFOOD', 'displayName': 'Cepat saji', 'description': '', 'taxonomy': 2, 'parentKey': ''}]","Jalan Harkit Raya, Harapanjaya, Kota Bekasi, Jawa Barat, Jawa, 17124, Indonesia"
Warung Makan Sido Mampir Sate Pak Man Solo,"{'average': 4.6, 'total': 0}",3,"[{'key': 'tenants/gofood/tags/CUISINE_ANEKA_NASI', 'tenantUid': 'gofood', 'uid': 'CUISINE_ANEKA_NASI', 'displayName': 'Aneka nasi', 'description': '', 'taxonomy': 2, 'parentKey': ''}, {'key': 'tenants/gofood/tags/CUISINE_SATE', 'tenantUid': 'gofood', 'uid': 'CUISINE_SATE', 'displayName': 'Sate', 'description': '', 'taxonomy': 2, 'parentKey': ''}]","Jalan Nusantara, Bulak Kapal, Duren Jaya, Kota Bekasi, Jawa Barat, Jawa, 17111, Indonesia"
"Bebek Goreng H. Slamet, Galaxy","{'average': 4.7, 'total': 0}",2,"[{'key': 'tenants/gofood/tags/CUISINE_ANEKA_AYAM_BEBEK', 'tenantUid': 'gofood', 'uid': 'CUISINE_ANEKA_AYAM_BEBEK', 'displayName': 'Ayam & bebek', 'description': '', 'taxonomy': 2, 'parentKey': ''}]","Jalan Nusa Indah, Pekayon, Jakasetia, Kota Bekasi, Jawa Barat, Jawa, 17148, Indonesia"
"Ayam Keprabon Express, Kaliabang Tengah","{'average': 4.7, 'total': 0}",2,"[{'key': 'tenants/gofood/tags/CUISINE_ANEKA_AYAM_BEBEK', 'tenantUid': 'gofood', 'uid': 'CUISINE_ANEKA_AYAM_BEBEK', 'displayName': 'Ayam & bebek', 'description': '', 'taxonomy': 2, 'parentKey': ''}, {'key': 'tenants/gofood/tags/CUISINE_ANEKA_NASI', 'tenantUid': 'gofood', 'uid': 'CUISINE_ANEKA_NASI', 'displayName': 'Aneka nasi', 'description': '', 'taxonomy': 2, 'parentKey': ''}]","Pertamina 34-1714000, Jalan Kaliabang, Harapanjaya, Kota Bekasi, Jawa Barat, Jawa, 17122, Indonesia"
"Tahu Petis Yudhistira, Taman Galaxy","{'average': 4.6, 'total': 0}",2,"[{'key': 'tenants/gofood/tags/CUISINE_SNACKS_JAJANAN', 'tenantUid': 'gofood', 'uid': 'CUISINE_SNACKS_JAJANAN', 'displayName': 'Jajanan', 'description': '', 'taxonomy': 2, 'parentKey': ''}]","Jalan Taman Galaksi Raya, Jakamulya, Kota Bekasi, Jawa Barat, Jawa, 17145, Indonesia"
"Amanda Brownies, Bekasi Timur","{'average': 4.7, 'total': 0}",3,"[{'key': 'tenants/gofood/tags/CUISINE_SWEETS_DESSERTS', 'tenantUid': 'gofood', 'uid': 'CUISINE_SWEETS_DESSERTS', 'displayName': 'Sweets', 'description': '', 'taxonomy': 2, 'parentKey': ''}]","Perumahan Margahayu Jaya, Bulak Kapal, Kota Bekasi, Jawa Barat, Jawa, 10350, Indonesia"
"Pempek Palembang 2000 Duo, Nusantara Raya","{'average': 4.3, 'total': 0}",1,"[{'key': 'tenants/gofood/tags/CUISINE_SNACKS_JAJANAN', 'tenantUid': 'gofood', 'uid': 'CUISINE_SNACKS_JAJANAN', 'displayName': 'Jajanan', 'description': '', 'taxonomy': 2, 'parentKey': ''}]","Jalan Nusantara, Bulak Kapal, Duren Jaya, Kota Bekasi, Jawa Barat, Jawa, 17111, Indonesia"
"Bubur Ayam Kampung Nyemplung, Rawalumbu","{'average': 4.8, 'total': 0}",2,"[{'key': 'tenants/gofood/tags/CUISINE_ANEKA_NASI', 'tenantUid': 'gofood', 'uid': 'CUISINE_ANEKA_NASI', 'displayName': 'Aneka nasi', 'description': '', 'taxonomy': 2, 'parentKey': ''}]","Pondok Hijau Permai, Pondok Hijau, Sepanjangjaya, Kota Bekasi, Jawa Barat, Jawa, 17115, Indonesia"
"Sate Tongseng Pak Budi, Bekasi Timur","{'average': 4.7, 'total': 0}",3,"[{'key': 'tenants/gofood/tags/CUISINE_SATE', 'tenantUid': 'gofood', 'uid': 'CUISINE_SATE', 'displayName': 'Sate', 'description': '', 'taxonomy': 2, 'parentKey': ''}]","Perumahan Margahayu Jaya, Bulak Kapal, Kota Bekasi, Jawa Barat, Jawa, 10350, Indonesia"
"Ayam Gebok Bang Jamal, Bekasi Timur","{'average': 0, 'total': 0}",2,"[{'key': 'tenants/gofood/tags/CUISINE_ANEKA_AYAM_BEBEK', 'tenantUid': 'gofood', 'uid': 'CUISINE_ANEKA_AYAM_BEBEK', 'displayName': 'Ayam & bebek', 'description': '', 'taxonomy': 2, 'parentKey': ''}]","Duren Jaya, Kota Bekasi, Jawa Barat, Jawa, 17111, Indonesia"
"Bola Ubi RAOS, Taman Galaxy","{'average': 4.6, 'total': 0}",2,"[{'key': 'tenants/gofood/tags/CUISINE_SNACKS_JAJANAN', 'tenantUid': 'gofood', 'uid': 'CUISINE_SNACKS_JAJANAN', 'displayName': 'Jajanan', 'description': '', 'taxonomy': 2, 'parentKey': ''}]","Jalan Taman Galaksi Raya, Jakamulya, Kota Bekasi, Jawa Barat, Jawa, 17145, Indonesia"
"Gado-Gado Pondok Hijau, Akasia II","{'average': 4.7, 'total': 0}",2,"[{'key': 'tenants/gofood/tags/CUISINE_ANEKA_NASI', 'tenantUid': 'gofood', 'uid': 'CUISINE_ANEKA_NASI', 'displayName': 'Aneka nasi', 'description': '', 'taxonomy': 2, 'parentKey': ''}, {'key': 'tenants/gofood/tags/CUISINE_BAKMIE', 'tenantUid': 'gofood', 'uid': 'CUISINE_BAKMIE', 'displayName': 'Bakmie', 'description': '', 'taxonomy': 2, 'parentKey': ''}]","Pondok Hijau Permai, Pondok Hijau, Sepanjangjaya, Kota Bekasi, Jawa Barat, Jawa, 17115, Indonesia"
"Martabak Harman, Taman Galaxy","{'average': 4.6, 'total': 0}",3,"[{'key': 'tenants/gofood/tags/CUISINE_MARTABAK', 'tenantUid': 'gofood', 'uid': 'CUISINE_MARTABAK', 'displayName': 'Martabak', 'description': '', 'taxonomy': 2, 'parentKey': ''}]","Jalan Taman Galaksi Raya, Jakamulya, Kota Bekasi, Jawa Barat, Jawa, 17145, Indonesia"
"Restoran 99 Seafood, Bekasi Utara","{'average': 4.7, 'total': 0}",3,"[{'key': 'tenants/gofood/tags/CUISINE_SEAFOOD', 'tenantUid': 'gofood', 'uid': 'CUISINE_SEAFOOD', 'displayName': 'Seafood', 'description': '', 'taxonomy': 2, 'parentKey': ''}]","Harapanjaya, Kota Bekasi, Jawa Barat, Jawa, 17122, Indonesia"
"Warung Pancong Reggae, Bekasi Utara","{'average': 4.6, 'total': 0}",2,"[{'key': 'tenants/gofood/tags/CUISINE_SNACKS_JAJANAN', 'tenantUid': 'gofood', 'uid': 'CUISINE_SNACKS_JAJANAN', 'displayName': 'Jajanan', 'description': '', 'taxonomy': 2, 'parentKey': ''}, {'key': 'tenants/gofood/tags/CUISINE_ROTI', 'tenantUid': 'gofood', 'uid': 'CUISINE_ROTI', 'displayName': 'Roti', 'description': '', 'taxonomy': 2, 'parentKey': ''}, {'key': 'tenants/gofood/tags/CUISINE_COFFEE_SHOP', 'tenantUid': 'gofood', 'uid': 'CUISINE_COFFEE_SHOP', 'displayName': 'Kopi', 'description': '', 'taxonomy': 2, 'parentKey': ''}]","Jalan Taman Wisma Asri Raya, Harapan Baru, Kota Bekasi, Jawa Barat, Jawa, 17121, Indonesia"
"Sari Rasa Pekayon, Ruko Bukit Safira","{'average': 4.7, 'total': 0}",2,"[{'key': 'tenants/gofood/tags/CUISINE_SATE', 'tenantUid': 'gofood', 'uid': 'CUISINE_SATE', 'displayName': 'Sate', 'description': '', 'taxonomy': 2, 'parentKey': ''}, {'key': 'tenants/gofood/tags/CUISINE_ANEKA_AYAM_BEBEK', 'tenantUid': 'gofood', 'uid': 'CUISINE_ANEKA_AYAM_BEBEK', 'displayName': 'Ayam & bebek', 'description': '', 'taxonomy': 2, 'parentKey': ''}, {'key': 'tenants/gofood/tags/CUISINE_ANEKA_NASI', 'tenantUid': 'gofood', 'uid': 'CUISINE_ANEKA_NASI', 'displayName': 'Aneka nasi', 'description': '', 'taxonomy': 2, 'parentKey': ''}]","Jalan Pekayon Raya, Pondok Pekayon Indah, Pekayon, Jakasetia, Kota Bekasi, Jawa Barat, Jawa, 17114, Indonesia"
"RM Mie Surabaya, Bekasi","{'average': 4.7, 'total': 0}",3,"[{'key': 'tenants/gofood/tags/CUISINE_BAKMIE', 'tenantUid': 'gofood', 'uid': 'CUISINE_BAKMIE', 'displayName': 'Bakmie', 'description': '', 'taxonomy': 2, 'parentKey': ''}, {'key': 'tenants/gofood/tags/CUISINE_SEAFOOD', 'tenantUid': 'gofood', 'uid': 'CUISINE_SEAFOOD', 'displayName': 'Seafood', 'description': '', 'taxonomy': 2, 'parentKey': ''}, {'key': 'tenants/gofood/tags/CUISINE_SOTO_BAKSO_SOP', 'tenantUid': 'gofood', 'uid': 'CUISINE_SOTO_BAKSO_SOP', 'displayName': 'Bakso & soto', 'description': '', 'taxonomy': 2, 'parentKey': ''}]","Jalan Taman Wisma Asri Raya, Harapan Baru, Kota Bekasi, Jawa Barat, Jawa, 17121, Indonesia"
"Super Sambal, Galaxy","{'average': 4.8, 'total': 0}",2,"[{'key': 'tenants/gofood/tags/CUISINE_ANEKA_AYAM_BEBEK', 'tenantUid': 'gofood', 'uid': 'CUISINE_ANEKA_AYAM_BEBEK', 'displayName': 'Ayam & bebek', 'description': '', 'taxonomy': 2, 'parentKey': ''}, {'key': 'tenants/gofood/tags/CUISINE_SEAFOOD', 'tenantUid': 'gofood', 'uid': 'CUISINE_SEAFOOD', 'displayName': 'Seafood', 'description': '', 'taxonomy': 2, 'parentKey': ''}, {'key': 'tenants/gofood/tags/CUISINE_ANEKA_NASI', 'tenantUid': 'gofood', 'uid': 'CUISINE_ANEKA_NASI', 'displayName': 'Aneka nasi', 'description': '', 'taxonomy': 2, 'parentKey': ''}]","Jalan Pulo Sirih Utama, Pondok Pekayon Indah, Pekayon, Jakasetia, Kota Bekasi, Jawa Barat, Jawa, 17147, Indonesia"
"I Am Geprek  Bensu, Raya Kaliabang","{'average': 4.7, 'total': 0}",2,"[{'key': 'tenants/gofood/tags/CUISINE_ANEKA_AYAM_BEBEK', 'tenantUid': 'gofood', 'uid': 'CUISINE_ANEKA_AYAM_BEBEK', 'displayName': 'Ayam & bebek', 'description': '', 'taxonomy': 2, 'parentKey': ''}, {'key': 'tenants/gofood/tags/CUISINE_ANEKA_NASI', 'tenantUid': 'gofood', 'uid': 'CUISINE_ANEKA_NASI', 'displayName': 'Aneka nasi', 'description': '', 'taxonomy': 2, 'parentKey': ''}, {'key': 'tenants/gofood/tags/CUISINE_FASTFOOD', 'tenantUid': 'gofood', 'uid': 'CUISINE_FASTFOOD', 'displayName': 'Cepat saji', 'description': '', 'taxonomy': 2, 'parentKey': ''}]","Jalan Kaliabang, Harapanjaya, Kota Bekasi, Jawa Barat, Jawa, 17122, Indonesia"
"Martabak Alim, Rawalumbu Bekasi","{'average': 4, 'total': 0}",1,"[{'key': 'tenants/gofood/tags/CUISINE_MARTABAK', 'tenantUid': 'gofood', 'uid': 'CUISINE_MARTABAK', 'displayName': 'Martabak', 'description': '', 'taxonomy': 2, 'parentKey': ''}]","Jalan Pramuka, Jembatan Nol, Rawalumbu, Sepanjangjaya, Kota Bekasi, Jawa Barat, Jawa, 17175, Indonesia"
"KFC, BTC Bekasi","{'average': 4.8, 'total': 0}",3,"[{'key': 'tenants/gofood/tags/CUISINE_FASTFOOD', 'tenantUid': 'gofood', 'uid': 'CUISINE_FASTFOOD', 'displayName': 'Cepat saji', 'description': '', 'taxonomy': 2, 'parentKey': ''}]","Bekasi Trade Centre, Jalan Sikumbang, Perumahan Margahayu Jaya, Bulak Kapal, Kota Bekasi, Jawa Barat, Jawa, 10350, Indonesia"
"HokBen, BTC Bekasi","{'average': 4.7, 'total': 0}",3,"[{'key': 'tenants/gofood/tags/CUISINE_JAPANESE', 'tenantUid': 'gofood', 'uid': 'CUISINE_JAPANESE', 'displayName': 'Jepang', 'description': '', 'taxonomy': 2, 'parentKey': ''}, {'key': 'tenants/gofood/tags/CUISINE_FASTFOOD', 'tenantUid': 'gofood', 'uid': 'CUISINE_FASTFOOD', 'displayName': 'Cepat saji', 'description': '', 'taxonomy': 2, 'parentKey': ''}]","Bekasi Trade Centre, Jalan Sikumbang, Perumahan Margahayu Jaya, Bulak Kapal, Kota Bekasi, Jawa Barat, Jawa, 10350, Indonesia"
"Bebek Goreng H. Slamet, Rawalumbu","{'average': 4.7, 'total': 0}",2,"[{'key': 'tenants/gofood/tags/CUISINE_ANEKA_AYAM_BEBEK', 'tenantUid': 'gofood', 'uid': 'CUISINE_ANEKA_AYAM_BEBEK', 'displayName': 'Ayam & bebek', 'description': '', 'taxonomy': 2, 'parentKey': ''}]","Jalan Pramuka, Jembatan Nol, Rawalumbu, Sepanjangjaya, Kota Bekasi, Jawa Barat, Jawa, 17175, Indonesia"
"Jus Now, Bekasi Utara","{'average': 0, 'total': 0}",1,"[{'key': 'tenants/gofood/tags/CUISINE_MINUMAN', 'tenantUid': 'gofood', 'uid': 'CUISINE_MINUMAN', 'displayName': 'Minuman', 'description': '', 'taxonomy': 2, 'parentKey': ''}]","Harapanjaya, Kota Bekasi, Jawa Barat, Jawa, 17124, Indonesia"
"Pizza Hut Delivery - PHD, Kaliabang","{'average': 4.7, 'total': 0}",4,"[{'key': 'tenants/gofood/tags/CUISINE_PIZZA_PASTA', 'tenantUid': 'gofood', 'uid': 'CUISINE_PIZZA_PASTA', 'displayName': 'Pizza & pasta', 'description': '', 'taxonomy': 2, 'parentKey': ''}, {'key': 'tenants/gofood/tags/CUISINE_FASTFOOD', 'tenantUid': 'gofood', 'uid': 'CUISINE_FASTFOOD', 'displayName': 'Cepat saji', 'description': '', 'taxonomy': 2, 'parentKey': ''}, {'key': 'tenants/gofood/tags/CUISINE_SNACKS_JAJANAN', 'tenantUid': 'gofood', 'uid': 'CUISINE_SNACKS_JAJANAN', 'displayName': 'Jajanan', 'description': '', 'taxonomy': 2, 'parentKey': ''}, {'key': 'tenants/gofood/tags/CUISINE_BURGER_SANDWICH_STEAK', 'tenantUid': 'gofood', 'uid': 'CUISINE_BURGER_SANDWICH_STEAK', 'displayName': 'Barat', 'description': '', 'taxonomy': 2, 'parentKey': ''}, {'key': 'tenants/gofood/tags/CUISINE_ANEKA_AYAM_BEBEK', 'tenantUid': 'gofood', 'uid': 'CUISINE_ANEKA_AYAM_BEBEK', 'displayName': 'Ayam & bebek', 'description': '', 'taxonomy': 2, 'parentKey': ''}]","Jalan Kaliabang, Harapanjaya, Kota Bekasi, Jawa Barat, Jawa, 17122, Indonesia"
"Bakso Bakwan Malang Cak Su Kumis, Taman Galaxi","{'average': 4.8, 'total': 0}",1,"[{'key': 'tenants/gofood/tags/CUISINE_SOTO_BAKSO_SOP', 'tenantUid': 'gofood', 'uid': 'CUISINE_SOTO_BAKSO_SOP', 'displayName': 'Bakso & soto', 'description': '', 'taxonomy': 2, 'parentKey': ''}]","Jalan Taman Aster, Pondok Pekayon Indah, Pekayon, Jakasetia, Kota Bekasi, Jawa Barat, Jawa, 17145, Indonesia"
"Bakso Rudal, Rawalumbu","{'average': 4.6, 'total': 0}",2,"[{'key': 'tenants/gofood/tags/CUISINE_SOTO_BAKSO_SOP', 'tenantUid': 'gofood', 'uid': 'CUISINE_SOTO_BAKSO_SOP', 'displayName': 'Bakso & soto', 'description': '', 'taxonomy': 2, 'parentKey': ''}]","Jalan Dasa Dharma, Jembatan Nol, Rawalumbu, Sepanjangjaya, Kota Bekasi, Jawa Barat, Jawa, 17175, Indonesia"
Cincau dan cendol Galksi bekasi selatan,"{'average': 4.5, 'total': 0}",2,"[{'key': 'tenants/gofood/tags/CUISINE_SWEETS_DESSERTS', 'tenantUid': 'gofood', 'uid': 'CUISINE_SWEETS_DESSERTS', 'displayName': 'Sweets', 'description': '', 'taxonomy': 2, 'parentKey': ''}, {'key': 'tenants/gofood/tags/CUISINE_FASTFOOD', 'tenantUid': 'gofood', 'uid': 'CUISINE_FASTFOOD', 'displayName': 'Cepat saji', 'description': '', 'taxonomy': 2, 'parentKey': ''}]","Jalan Taman Galaksi Raya, Jakamulya, Kota Bekasi, Jawa Barat, Jawa, 17145, Indonesia"
"Mie Ayam Bangka, Pondok Cipta","{'average': 4.6, 'total': 0}",2,"[{'key': 'tenants/gofood/tags/CUISINE_BAKMIE', 'tenantUid': 'gofood', 'uid': 'CUISINE_BAKMIE', 'displayName': 'Bakmie', 'description': '', 'taxonomy': 2, 'parentKey': ''}]","Jalan Raya Pondok Cipta, Kranji, Bintara, Kota Bekasi, Jawa Barat, Jawa, 17134, Indonesia"
"Ayam Nuklir Bekasi, Pariwisata raya","{'average': 4.8, 'total': 0}",2,"[{'key': 'tenants/gofood/tags/CUISINE_ANEKA_NASI', 'tenantUid': 'gofood', 'uid': 'CUISINE_ANEKA_NASI', 'displayName': 'Aneka nasi', 'description': '', 'taxonomy': 2, 'parentKey': ''}, {'key': 'tenants/gofood/tags/CUISINE_ANEKA_AYAM_BEBEK', 'tenantUid': 'gofood', 'uid': 'CUISINE_ANEKA_AYAM_BEBEK', 'displayName': 'Ayam & bebek', 'description': '', 'taxonomy': 2, 'parentKey': ''}]","Jalan Pariwisata, Jembatan Nol, Rawalumbu, Sepanjangjaya, Kota Bekasi, Jawa Barat, Jawa, 17115, Indonesia"
"Bakmi Pijar, Rawalumbu","{'average': 4.7, 'total': 0}",2,"[{'key': 'tenants/gofood/tags/CUISINE_BAKMIE', 'tenantUid': 'gofood', 'uid': 'CUISINE_BAKMIE', 'displayName': 'Bakmie', 'description': '', 'taxonomy': 2, 'parentKey': ''}, {'key': 'tenants/gofood/tags/CUISINE_SEAFOOD', 'tenantUid': 'gofood', 'uid': 'CUISINE_SEAFOOD', 'displayName': 'Seafood', 'description': '', 'taxonomy': 2, 'parentKey': ''}, {'key': 'tenants/gofood/tags/CUISINE_ANEKA_NASI', 'tenantUid': 'gofood', 'uid': 'CUISINE_ANEKA_NASI', 'displayName': 'Aneka nasi', 'description': '', 'taxonomy': 2, 'parentKey': ''}]","Jalan Pariwisata, Jembatan Nol, Rawalumbu, Sepanjangjaya, Kota Bekasi, Jawa Barat, Jawa, 17115, Indonesia"
"Ayam Ngebul, Pondok Cipta","{'average': 4.8, 'total': 0}",2,"[{'key': 'tenants/gofood/tags/CUISINE_ANEKA_AYAM_BEBEK', 'tenantUid': 'gofood', 'uid': 'CUISINE_ANEKA_AYAM_BEBEK', 'displayName': 'Ayam & bebek', 'description': '', 'taxonomy': 2, 'parentKey': ''}]","Jalan Raya Pondok Cipta, Kranji, Bintara, Kota Bekasi, Jawa Barat, Jawa, 17134, Indonesia"
"Rumah Makan Salsabil, Pondok Cipta","{'average': 4.6, 'total': 0}",1,"[{'key': 'tenants/gofood/tags/CUISINE_ANEKA_NASI', 'tenantUid': 'gofood', 'uid': 'CUISINE_ANEKA_NASI', 'displayName': 'Aneka nasi', 'description': '', 'taxonomy': 2, 'parentKey': ''}]","Jalan Raya Pondok Cipta, Kranji, Bintara, Kota Bekasi, Jawa Barat, Jawa, 17134, Indonesia"
"Hot Bread , Bakery & Cakes, Bekasi Barat","{'average': 4.6, 'total': 0}",2,"[{'key': 'tenants/gofood/tags/CUISINE_ROTI', 'tenantUid': 'gofood', 'uid': 'CUISINE_ROTI', 'displayName': 'Roti', 'description': '', 'taxonomy': 2, 'parentKey': ''}, {'key': 'tenants/gofood/tags/CUISINE_SNACKS_JAJANAN', 'tenantUid': 'gofood', 'uid': 'CUISINE_SNACKS_JAJANAN', 'displayName': 'Jajanan', 'description': '', 'taxonomy': 2, 'parentKey': ''}]","Jalan Raya Pondok Cipta, Kranji, Bintara, Kota Bekasi, Jawa Barat, Jawa, 17134, Indonesia"
"Soto Ayam Surabaya Pak Min, Bekasi Timur","{'average': 4.7, 'total': 0}",2,"[{'key': 'tenants/gofood/tags/CUISINE_ANEKA_AYAM_BEBEK', 'tenantUid': 'gofood', 'uid': 'CUISINE_ANEKA_AYAM_BEBEK', 'displayName': 'Ayam & bebek', 'description': '', 'taxonomy': 2, 'parentKey': ''}, {'key': 'tenants/gofood/tags/CUISINE_SOTO_BAKSO_SOP', 'tenantUid': 'gofood', 'uid': 'CUISINE_SOTO_BAKSO_SOP', 'displayName': 'Bakso & soto', 'description': '', 'taxonomy': 2, 'parentKey': ''}]","Duren Jaya, Kota Bekasi, Jawa Barat, Jawa, 17111, Indonesia"
"Bakso Sri RAJA, Bekasi Utara","{'average': 4.6, 'total': 0}",2,"[{'key': 'tenants/gofood/tags/CUISINE_SOTO_BAKSO_SOP', 'tenantUid': 'gofood', 'uid': 'CUISINE_SOTO_BAKSO_SOP', 'displayName': 'Bakso & soto', 'description': '', 'taxonomy': 2, 'parentKey': ''}]","Harapan Baru, Kota Bekasi, Jawa Barat, Jawa, 17121, Indonesia"
Seafood AA Pondok Cipta,"{'average': 4.6, 'total': 0}",3,"[{'key': 'tenants/gofood/tags/CUISINE_SEAFOOD', 'tenantUid': 'gofood', 'uid': 'CUISINE_SEAFOOD', 'displayName': 'Seafood', 'description': '', 'taxonomy': 2, 'parentKey': ''}, {'key': 'tenants/gofood/tags/CUISINE_BAKMIE', 'tenantUid': 'gofood', 'uid': 'CUISINE_BAKMIE', 'displayName': 'Bakmie', 'description': '', 'taxonomy': 2, 'parentKey': ''}, {'key': 'tenants/gofood/tags/CUISINE_CHINESE', 'tenantUid': 'gofood', 'uid': 'CUISINE_CHINESE', 'displayName': 'Chinese', 'description': '', 'taxonomy': 2, 'parentKey': ''}]","Jalan Raya Pondok Cipta, Kranji, Bintara, Kota Bekasi, Jawa Barat, Jawa, 17134, Indonesia"
"Waroeng Nasgor Koko Will, Pondok Cipta Raya","{'average': 4.7, 'total': 0}",2,"[{'key': 'tenants/gofood/tags/CUISINE_SEAFOOD', 'tenantUid': 'gofood', 'uid': 'CUISINE_SEAFOOD', 'displayName': 'Seafood', 'description': '', 'taxonomy': 2, 'parentKey': ''}, {'key': 'tenants/gofood/tags/CUISINE_ANEKA_NASI', 'tenantUid': 'gofood', 'uid': 'CUISINE_ANEKA_NASI', 'displayName': 'Aneka nasi', 'description': '', 'taxonomy': 2, 'parentKey': ''}, {'key': 'tenants/gofood/tags/CUISINE_CHINESE', 'tenantUid': 'gofood', 'uid': 'CUISINE_CHINESE', 'displayName': 'Chinese', 'description': '', 'taxonomy': 2, 'parentKey': ''}]","Jalan Raya Pondok Cipta, Kranji, Bintara, Kota Bekasi, Jawa Barat, Jawa, 17134, Indonesia"
"Warung Mas Yono, Bekasi","{'average': 4.6, 'total': 0}",2,"[{'key': 'tenants/gofood/tags/CUISINE_ANEKA_NASI', 'tenantUid': 'gofood', 'uid': 'CUISINE_ANEKA_NASI', 'displayName': 'Aneka nasi', 'description': '', 'taxonomy': 2, 'parentKey': ''}]","Jalan Raya Seroja, Harapanjaya, Kota Bekasi, Jawa Barat, Jawa, 17124, Indonesia"
"Ayam Geprek Simra, Rawalumbu","{'average': 4.7, 'total': 0}",2,"[{'key': 'tenants/gofood/tags/CUISINE_ANEKA_NASI', 'tenantUid': 'gofood', 'uid': 'CUISINE_ANEKA_NASI', 'displayName': 'Aneka nasi', 'description': '', 'taxonomy': 2, 'parentKey': ''}, {'key': 'tenants/gofood/tags/CUISINE_ANEKA_AYAM_BEBEK', 'tenantUid': 'gofood', 'uid': 'CUISINE_ANEKA_AYAM_BEBEK', 'displayName': 'Ayam & bebek', 'description': '', 'taxonomy': 2, 'parentKey': ''}, {'key': 'tenants/gofood/tags/CUISINE_SNACKS_JAJANAN', 'tenantUid': 'gofood', 'uid': 'CUISINE_SNACKS_JAJANAN', 'displayName': 'Jajanan', 'description': '', 'taxonomy': 2, 'parentKey': ''}]","Bumi Suzuki Permai, Pondok Hijau, Sepanjangjaya, Kota Bekasi, Jawa Barat, Jawa, 17115, Indonesia"
"Pecel Lele Lela, Galaxy","{'average': 4.8, 'total': 0}",2,"[{'key': 'tenants/gofood/tags/CUISINE_ANEKA_AYAM_BEBEK', 'tenantUid': 'gofood', 'uid': 'CUISINE_ANEKA_AYAM_BEBEK', 'displayName': 'Ayam & bebek', 'description': '', 'taxonomy': 2, 'parentKey': ''}, {'key': 'tenants/gofood/tags/CUISINE_ANEKA_NASI', 'tenantUid': 'gofood', 'uid': 'CUISINE_ANEKA_NASI', 'displayName': 'Aneka nasi', 'description': '', 'taxonomy': 2, 'parentKey': ''}]","Jalan Pulo Sirih, Pondok Pekayon Indah, Pekayon, Jakasetia, Kota Bekasi, Jawa Barat, Jawa, 17147, Indonesia"
"KFC, Kemang Pratama","{'average': 4.8, 'total': 0}",3,"[{'key': 'tenants/gofood/tags/CUISINE_FASTFOOD', 'tenantUid': 'gofood', 'uid': 'CUISINE_FASTFOOD', 'displayName': 'Cepat saji', 'description': '', 'taxonomy': 2, 'parentKey': ''}]","KFC, Jalan Kemang Pratama, Pekayon, Jakasetia, Kota Bekasi, Jawa Barat, Jawa, 17114, Indonesia"
"Miato (Mie Bangka Bumbu Ayam), Bekasi Barat","{'average': 4.8, 'total': 0}",2,"[{'key': 'tenants/gofood/tags/CUISINE_BAKMIE', 'tenantUid': 'gofood', 'uid': 'CUISINE_BAKMIE', 'displayName': 'Bakmie', 'description': '', 'taxonomy': 2, 'parentKey': ''}]","Jalan Harapan Baru Barat, Harapan Baru 1, Kranji, Kota Bekasi, Jawa Barat, Jawa, 17133, Indonesia"
"Ayam Bakar Ngalimeud, Bekasi Selatan","{'average': 3.7, 'total': 0}",2,"[{'key': 'tenants/gofood/tags/CUISINE_ANEKA_NASI', 'tenantUid': 'gofood', 'uid': 'CUISINE_ANEKA_NASI', 'displayName': 'Aneka nasi', 'description': '', 'taxonomy': 2, 'parentKey': ''}, {'key': 'tenants/gofood/tags/CUISINE_ANEKA_AYAM_BEBEK', 'tenantUid': 'gofood', 'uid': 'CUISINE_ANEKA_AYAM_BEBEK', 'displayName': 'Ayam & bebek', 'description': '', 'taxonomy': 2, 'parentKey': ''}, {'key': 'tenants/gofood/tags/CUISINE_SOTO_BAKSO_SOP', 'tenantUid': 'gofood', 'uid': 'CUISINE_SOTO_BAKSO_SOP', 'displayName': 'Bakso & soto', 'description': '', 'taxonomy': 2, 'parentKey': ''}]","Jakamulya, Kota Bekasi, Jawa Barat, Jawa, 17145, Indonesia"
"Bob's Salad, Perum Kemang Pratama","{'average': 4.7, 'total': 0}",2,"[{'key': 'tenants/gofood/tags/CUISINE_SWEETS_DESSERTS', 'tenantUid': 'gofood', 'uid': 'CUISINE_SWEETS_DESSERTS', 'displayName': 'Sweets', 'description': '', 'taxonomy': 2, 'parentKey': ''}]","Jalan Niaga Raya, Pekayon, Jakasetia, Kota Bekasi, Jawa Barat, Jawa, 17114, Indonesia"
"Rumah Makan & Seafood 99, Rawalumbu","{'average': 4.5, 'total': 0}",3,"[{'key': 'tenants/gofood/tags/CUISINE_SEAFOOD', 'tenantUid': 'gofood', 'uid': 'CUISINE_SEAFOOD', 'displayName': 'Seafood', 'description': '', 'taxonomy': 2, 'parentKey': ''}]","Jalan Dasa Dharma, Jembatan Nol, Rawalumbu, Sepanjangjaya, Kota Bekasi, Jawa Barat, Jawa, 17175, Indonesia"
Es Pisang Ijo - Lapten Corner,"{'average': 4.7, 'total': 0}",1,"[{'key': 'tenants/gofood/tags/CUISINE_SWEETS_DESSERTS', 'tenantUid': 'gofood', 'uid': 'CUISINE_SWEETS_DESSERTS', 'displayName': 'Sweets', 'description': '', 'taxonomy': 2, 'parentKey': ''}]","Jalan Niaga Raya, Pekayon, Jakasetia, Kota Bekasi, Jawa Barat, Jawa, 17114, Indonesia"
"Martabak Legit Group, Rawalumbu","{'average': 4.5, 'total': 0}",3,"[{'key': 'tenants/gofood/tags/CUISINE_MARTABAK', 'tenantUid': 'gofood', 'uid': 'CUISINE_MARTABAK', 'displayName': 'Martabak', 'description': '', 'taxonomy': 2, 'parentKey': ''}]","Seblak Koceak, 46, Jalan Pengasinan Raya, Bundaran Narogong, Pondok Hijau, Sepanjangjaya, Kota Bekasi, Jawa Barat, Jawa, 17115, Indonesia"
"Baso Aci Kesultanan, Bekasi Barat","{'average': 4.7, 'total': 0}",1,"[{'key': 'tenants/gofood/tags/CUISINE_FASTFOOD', 'tenantUid': 'gofood', 'uid': 'CUISINE_FASTFOOD', 'displayName': 'Cepat saji', 'description': '', 'taxonomy': 2, 'parentKey': ''}, {'key': 'tenants/gofood/tags/CUISINE_BAKMIE', 'tenantUid': 'gofood', 'uid': 'CUISINE_BAKMIE', 'displayName': 'Bakmie', 'description': '', 'taxonomy': 2, 'parentKey': ''}, {'key': 'tenants/gofood/tags/CUISINE_SNACKS_JAJANAN', 'tenantUid': 'gofood', 'uid': 'CUISINE_SNACKS_JAJANAN', 'displayName': 'Jajanan', 'description': '', 'taxonomy': 2, 'parentKey': ''}]","Jalan Harapan Baru Barat, Harapan Baru 1, Kranji, Kota Bekasi, Jawa Barat, Jawa, 17133, Indonesia"
"Mbanana Eat Banana, Bekasi Utara","{'average': 4.8, 'total': 0}",2,"[{'key': 'tenants/gofood/tags/CUISINE_SNACKS_JAJANAN', 'tenantUid': 'gofood', 'uid': 'CUISINE_SNACKS_JAJANAN', 'displayName': 'Jajanan', 'description': '', 'taxonomy': 2, 'parentKey': ''}, {'key': 'tenants/gofood/tags/CUISINE_SWEETS_DESSERTS', 'tenantUid': 'gofood', 'uid': 'CUISINE_SWEETS_DESSERTS', 'displayName': 'Sweets', 'description': '', 'taxonomy': 2, 'parentKey': ''}]","Harapan Baru, Kota Bekasi, Jawa Barat, Jawa, 17121, Indonesia"
Ayam Kecut Ibu Cucum,"{'average': 0, 'total': 0}",0,"[{'key': 'tenants/gofood/tags/CUISINE_ANEKA_NASI', 'tenantUid': 'gofood', 'uid': 'CUISINE_ANEKA_NASI', 'displayName': 'Aneka nasi', 'description': '', 'taxonomy': 2, 'parentKey': ''}]","Indomaret, Jalan Karang Satria, Bekasi Jaya, Kota Bekasi, Jawa Barat, Jawa, 17111, Indonesia"
"Takana Fried Chicken Albahar, Bekasi Utara","{'average': 4.7, 'total': 0}",1,"[{'key': 'tenants/gofood/tags/CUISINE_ANEKA_AYAM_BEBEK', 'tenantUid': 'gofood', 'uid': 'CUISINE_ANEKA_AYAM_BEBEK', 'displayName': 'Ayam & bebek', 'description': '', 'taxonomy': 2, 'parentKey': ''}, {'key': 'tenants/gofood/tags/CUISINE_FASTFOOD', 'tenantUid': 'gofood', 'uid': 'CUISINE_FASTFOOD', 'displayName': 'Cepat saji', 'description': '', 'taxonomy': 2, 'parentKey': ''}]","Jalan Raya Seroja, Harapanjaya, Kota Bekasi, Jawa Barat, Jawa, 17124, Indonesia"
"Ayam Penyet Special Ibu Yani, Kemang Pratama","{'average': 4.9, 'total': 0}",3,"[{'key': 'tenants/gofood/tags/CUISINE_ANEKA_AYAM_BEBEK', 'tenantUid': 'gofood', 'uid': 'CUISINE_ANEKA_AYAM_BEBEK', 'displayName': 'Ayam & bebek', 'description': '', 'taxonomy': 2, 'parentKey': ''}]","Jalan Kemang Pratama, Pekayon, Kota Bekasi, Jawa Barat, Jawa, 17114, Indonesia"
"McDonald's, Pekayon","{'average': 4.8, 'total': 0}",3,"[{'key': 'tenants/gofood/tags/CUISINE_FASTFOOD', 'tenantUid': 'gofood', 'uid': 'CUISINE_FASTFOOD', 'displayName': 'Cepat saji', 'description': '', 'taxonomy': 2, 'parentKey': ''}, {'key': 'tenants/gofood/tags/CUISINE_SWEETS_DESSERTS', 'tenantUid': 'gofood', 'uid': 'CUISINE_SWEETS_DESSERTS', 'displayName': 'Sweets', 'description': '', 'taxonomy': 2, 'parentKey': ''}, {'key': 'tenants/gofood/tags/CUISINE_SNACKS_JAJANAN', 'tenantUid': 'gofood', 'uid': 'CUISINE_SNACKS_JAJANAN', 'displayName': 'Jajanan', 'description': '', 'taxonomy': 2, 'parentKey': ''}]","Rumah Sakit EMC Pekayon, 1, Jalan Pulau Ribung, Pondok Pekayon Indah, Pekayon, Jakasetia, Kota Bekasi, Jawa Barat, Jawa, 17114, Indonesia"
"Zushioda, Kemang Pratama","{'average': 4.3, 'total': 0}",2,"[{'key': 'tenants/gofood/tags/CUISINE_JAPANESE', 'tenantUid': 'gofood', 'uid': 'CUISINE_JAPANESE', 'displayName': 'Jepang', 'description': '', 'taxonomy': 2, 'parentKey': ''}]","Jalan Kemang Pratama, Pekayon, Kota Bekasi, Jawa Barat, Jawa, 17114, Indonesia"
"RM Gudeg Prambanan, Pekayon Raya","{'average': 4.7, 'total': 0}",2,"[{'key': 'tenants/gofood/tags/CUISINE_ANEKA_NASI', 'tenantUid': 'gofood', 'uid': 'CUISINE_ANEKA_NASI', 'displayName': 'Aneka nasi', 'description': '', 'taxonomy': 2, 'parentKey': ''}]","Starbucks, Jalan Pekayon Raya, Pondok Pekayon Indah, Pekayon, Jakasetia, Kota Bekasi, Jawa Barat, Jawa, 17114, Indonesia"
"Roti John Surabaya, Bekasi","{'average': 3.7, 'total': 0}",3,"[{'key': 'tenants/gofood/tags/CUISINE_BURGER_SANDWICH_STEAK', 'tenantUid': 'gofood', 'uid': 'CUISINE_BURGER_SANDWICH_STEAK', 'displayName': 'Barat', 'description': '', 'taxonomy': 2, 'parentKey': ''}]","Jalan Kemang Pratama, Pekayon, Kota Bekasi, Jawa Barat, Jawa, 17114, Indonesia"
"Lontong Medan Ma' Gopi, Pulo Sirih Barat","{'average': 4.4, 'total': 0}",2,"[{'key': 'tenants/gofood/tags/CUISINE_ANEKA_NASI', 'tenantUid': 'gofood', 'uid': 'CUISINE_ANEKA_NASI', 'displayName': 'Aneka nasi', 'description': '', 'taxonomy': 2, 'parentKey': ''}]","Jalan Pulo Sirih Barat, Pondok Pekayon Indah, Jakasetia, Kota Bekasi, Jawa Barat, Jawa, 17147, Indonesia"
"Baso Aci Mantan, Bekasi Selatan","{'average': 4.7, 'total': 0}",2,"[{'key': 'tenants/gofood/tags/CUISINE_SNACKS_JAJANAN', 'tenantUid': 'gofood', 'uid': 'CUISINE_SNACKS_JAJANAN', 'displayName': 'Jajanan', 'description': '', 'taxonomy': 2, 'parentKey': ''}]","Jalan Pulau Ribung, Pondok Pekayon Indah, Pekayon, Jakasetia, Kota Bekasi, Jawa Barat, Jawa, 17147, Indonesia"
"Mie Ayam Bangka Dhea & Baso, Taman Wisma Asri","{'average': 4.7, 'total': 0}",2,"[{'key': 'tenants/gofood/tags/CUISINE_BAKMIE', 'tenantUid': 'gofood', 'uid': 'CUISINE_BAKMIE', 'displayName': 'Bakmie', 'description': '', 'taxonomy': 2, 'parentKey': ''}]","Jalan Taman Wisma Asri Raya, Harapan Baru, Kota Bekasi, Jawa Barat, Jawa, 17121, Indonesia"
"Bakso Balungan Komsen - Galaxy, Jl Pulo Ribung Raya Galaxy","{'average': 4.6, 'total': 0}",2,"[{'key': 'tenants/gofood/tags/CUISINE_SOTO_BAKSO_SOP', 'tenantUid': 'gofood', 'uid': 'CUISINE_SOTO_BAKSO_SOP', 'displayName': 'Bakso & soto', 'description': '', 'taxonomy': 2, 'parentKey': ''}]","Jalan Pulau Ribung, Pondok Pekayon Indah, Pekayon, Jakasetia, Kota Bekasi, Jawa Barat, Jawa, 17147, Indonesia"
"Nasi Goreng Gila Mas Han, Rawalumbu","{'average': 4.7, 'total': 0}",2,"[{'key': 'tenants/gofood/tags/CUISINE_ANEKA_NASI', 'tenantUid': 'gofood', 'uid': 'CUISINE_ANEKA_NASI', 'displayName': 'Aneka nasi', 'description': '', 'taxonomy': 2, 'parentKey': ''}]","Jalan Narogong Asri, Bundaran Narogong, Narogong, Sepanjangjaya, Kota Bekasi, Jawa Barat, Jawa, 17115, Indonesia"
"Tahu Kupat Pak Harmin (Khas Solo), Perum Taman Galaxy","{'average': 4.8, 'total': 0}",2,"[{'key': 'tenants/gofood/tags/CUISINE_ANEKA_NASI', 'tenantUid': 'gofood', 'uid': 'CUISINE_ANEKA_NASI', 'displayName': 'Aneka nasi', 'description': '', 'taxonomy': 2, 'parentKey': ''}, {'key': 'tenants/gofood/tags/CUISINE_SNACKS_JAJANAN', 'tenantUid': 'gofood', 'uid': 'CUISINE_SNACKS_JAJANAN', 'displayName': 'Jajanan', 'description': '', 'taxonomy': 2, 'parentKey': ''}, {'key': 'tenants/gofood/tags/CUISINE_FASTFOOD', 'tenantUid': 'gofood', 'uid': 'CUISINE_FASTFOOD', 'displayName': 'Cepat saji', 'description': '', 'taxonomy': 2, 'parentKey': ''}]","Jalan Pulo Sirih Barat, Pondok Pekayon Indah, Jakasetia, Kota Bekasi, Jawa Barat, Jawa, 17147, Indonesia"
"Ayam Bakar Kalasan Teh Nenden, Narogong","{'average': 4.8, 'total': 0}",2,"[{'key': 'tenants/gofood/tags/CUISINE_ANEKA_AYAM_BEBEK', 'tenantUid': 'gofood', 'uid': 'CUISINE_ANEKA_AYAM_BEBEK', 'displayName': 'Ayam & bebek', 'description': '', 'taxonomy': 2, 'parentKey': ''}, {'key': 'tenants/gofood/tags/CUISINE_ANEKA_NASI', 'tenantUid': 'gofood', 'uid': 'CUISINE_ANEKA_NASI', 'displayName': 'Aneka nasi', 'description': '', 'taxonomy': 2, 'parentKey': ''}, {'key': 'tenants/gofood/tags/CUISINE_SEAFOOD', 'tenantUid': 'gofood', 'uid': 'CUISINE_SEAFOOD', 'displayName': 'Seafood', 'description': '', 'taxonomy': 2, 'parentKey': ''}]","Jalan Narogong Asri, Bundaran Narogong, Narogong, Sepanjangjaya, Kota Bekasi, Jawa Barat, Jawa, 17115, Indonesia"
"Ayam Bakar Kalasan Sanjaya, Taman Wisma Asri","{'average': 4.7, 'total': 0}",2,"[{'key': 'tenants/gofood/tags/CUISINE_ANEKA_AYAM_BEBEK', 'tenantUid': 'gofood', 'uid': 'CUISINE_ANEKA_AYAM_BEBEK', 'displayName': 'Ayam & bebek', 'description': '', 'taxonomy': 2, 'parentKey': ''}]","Jalan Taman Wisma Asri Raya, Harapan Baru, Kota Bekasi, Jawa Barat, Jawa, 17121, Indonesia"
"Kwetiaw Sapi & Seafood Pontia Gading, Grand Galaxy City","{'average': 4.6, 'total': 0}",3,"[{'key': 'tenants/gofood/tags/CUISINE_SEAFOOD', 'tenantUid': 'gofood', 'uid': 'CUISINE_SEAFOOD', 'displayName': 'Seafood', 'description': '', 'taxonomy': 2, 'parentKey': ''}, {'key': 'tenants/gofood/tags/CUISINE_CHINESE', 'tenantUid': 'gofood', 'uid': 'CUISINE_CHINESE', 'displayName': 'Chinese', 'description': '', 'taxonomy': 2, 'parentKey': ''}]","Pondok Pekayon Indah, Pekayon, Jakasetia, Kota Bekasi, Jawa Barat, Jawa, 17147, Indonesia"
Shima Takoyaki,"{'average': 4.7, 'total': 0}",2,"[{'key': 'tenants/gofood/tags/CUISINE_JAPANESE', 'tenantUid': 'gofood', 'uid': 'CUISINE_JAPANESE', 'displayName': 'Jepang', 'description': '', 'taxonomy': 2, 'parentKey': ''}, {'key': 'tenants/gofood/tags/CUISINE_KOREAN', 'tenantUid': 'gofood', 'uid': 'CUISINE_KOREAN', 'displayName': 'Korea', 'description': '', 'taxonomy': 2, 'parentKey': ''}]","Duren Jaya, Kota Bekasi, Jawa Barat, Jawa, 17111, Indonesia"
"Bakmi Tu7uh, Pulo Ribung","{'average': 4.8, 'total': 0}",3,"[{'key': 'tenants/gofood/tags/CUISINE_SEAFOOD', 'tenantUid': 'gofood', 'uid': 'CUISINE_SEAFOOD', 'displayName': 'Seafood', 'description': '', 'taxonomy': 2, 'parentKey': ''}, {'key': 'tenants/gofood/tags/CUISINE_CHINESE', 'tenantUid': 'gofood', 'uid': 'CUISINE_CHINESE', 'displayName': 'Chinese', 'description': '', 'taxonomy': 2, 'parentKey': ''}, {'key': 'tenants/gofood/tags/CUISINE_BAKMIE', 'tenantUid': 'gofood', 'uid': 'CUISINE_BAKMIE', 'displayName': 'Bakmie', 'description': '', 'taxonomy': 2, 'parentKey': ''}]","Jalan Pulau Ribung, Pondok Pekayon Indah, Pekayon, Jakasetia, Kota Bekasi, Jawa Barat, Jawa, 17147, Indonesia"
"Resto Aroma Palopoku, Bekasi Utara","{'average': 4.7, 'total': 0}",2,"[{'key': 'tenants/gofood/tags/CUISINE_SEAFOOD', 'tenantUid': 'gofood', 'uid': 'CUISINE_SEAFOOD', 'displayName': 'Seafood', 'description': '', 'taxonomy': 2, 'parentKey': ''}, {'key': 'tenants/gofood/tags/CUISINE_SWEETS_DESSERTS', 'tenantUid': 'gofood', 'uid': 'CUISINE_SWEETS_DESSERTS', 'displayName': 'Sweets', 'description': '', 'taxonomy': 2, 'parentKey': ''}]","Jalan Duta Bulevar Barat, Harapan Baru, Kota Bekasi, Jawa Barat, Jawa, 17121, Indonesia"
"BPK La Lolo (Masakan Karo), RRGB Villa Galaxi","{'average': 4.7, 'total': 0}",3,"[{'key': 'tenants/gofood/tags/CUISINE_ANEKA_NASI', 'tenantUid': 'gofood', 'uid': 'CUISINE_ANEKA_NASI', 'displayName': 'Aneka nasi', 'description': '', 'taxonomy': 2, 'parentKey': ''}]","Pondok Pekayon Indah, Pekayon, Jakasetia, Kota Bekasi, Jawa Barat, Jawa, 17147, Indonesia"
"Pediafood.id, Grand Galaxy City","{'average': 4, 'total': 0}",2,"[{'key': 'tenants/gofood/tags/CUISINE_JAPANESE', 'tenantUid': 'gofood', 'uid': 'CUISINE_JAPANESE', 'displayName': 'Jepang', 'description': '', 'taxonomy': 2, 'parentKey': ''}, {'key': 'tenants/gofood/tags/CUISINE_COFFEE_SHOP', 'tenantUid': 'gofood', 'uid': 'CUISINE_COFFEE_SHOP', 'displayName': 'Kopi', 'description': '', 'taxonomy': 2, 'parentKey': ''}, {'key': 'tenants/gofood/tags/CUISINE_BURGER_SANDWICH_STEAK', 'tenantUid': 'gofood', 'uid': 'CUISINE_BURGER_SANDWICH_STEAK', 'displayName': 'Barat', 'description': '', 'taxonomy': 2, 'parentKey': ''}]","Pondok Pekayon Indah, Pekayon, Jakasetia, Kota Bekasi, Jawa Barat, Jawa, 17147, Indonesia"
"Martabak Alim, Bintara Raya","{'average': 4.6, 'total': 0}",3,"[{'key': 'tenants/gofood/tags/CUISINE_MARTABAK', 'tenantUid': 'gofood', 'uid': 'CUISINE_MARTABAK', 'displayName': 'Martabak', 'description': '', 'taxonomy': 2, 'parentKey': ''}]","Jalan Bintara Raya, Kranji, Bintara, Kota Bekasi, Jawa Barat, Jawa, 17134, Indonesia"
"KFC, Golden City Bekasi","{'average': 4.7, 'total': 0}",3,"[{'key': 'tenants/gofood/tags/CUISINE_FASTFOOD', 'tenantUid': 'gofood', 'uid': 'CUISINE_FASTFOOD', 'displayName': 'Cepat saji', 'description': '', 'taxonomy': 2, 'parentKey': ''}]","KFC, Jalan Lingkar Utara, Harapan Baru, Kota Bekasi, Jawa Barat, Jawa, 17121, Indonesia"
"Mie Odos, Dasa Dharma","{'average': 4.7, 'total': 0}",1,"[{'key': 'tenants/gofood/tags/CUISINE_BAKMIE', 'tenantUid': 'gofood', 'uid': 'CUISINE_BAKMIE', 'displayName': 'Bakmie', 'description': '', 'taxonomy': 2, 'parentKey': ''}, {'key': 'tenants/gofood/tags/CUISINE_ANEKA_NASI', 'tenantUid': 'gofood', 'uid': 'CUISINE_ANEKA_NASI', 'displayName': 'Aneka nasi', 'description': '', 'taxonomy': 2, 'parentKey': ''}]","Jalan Lumbu Barat Raya, Jembatan Nol, Rawalumbu, Sepanjangjaya, Kota Bekasi, Jawa Barat, Jawa, 17175, Indonesia"
"Mie Ayam Bangka Awat, Rukan Grand Galaxy City","{'average': 4.7, 'total': 0}",2,"[{'key': 'tenants/gofood/tags/CUISINE_BAKMIE', 'tenantUid': 'gofood', 'uid': 'CUISINE_BAKMIE', 'displayName': 'Bakmie', 'description': '', 'taxonomy': 2, 'parentKey': ''}, {'key': 'tenants/gofood/tags/CUISINE_MINUMAN', 'tenantUid': 'gofood', 'uid': 'CUISINE_MINUMAN', 'displayName': 'Minuman', 'description': '', 'taxonomy': 2, 'parentKey': ''}, {'key': 'tenants/gofood/tags/CUISINE_CHINESE', 'tenantUid': 'gofood', 'uid': 'CUISINE_CHINESE', 'displayName': 'Chinese', 'description': '', 'taxonomy': 2, 'parentKey': ''}]","Jalan Pulo Sirih Barat, Pondok Pekayon Indah, Jakasetia, Kota Bekasi, Jawa Barat, Jawa, 17147, Indonesia"
"Ayam Gepuk Pak Gembus, Jembatan 2 Rawalumbu","{'average': 4.4, 'total': 0}",2,"[{'key': 'tenants/gofood/tags/CUISINE_ANEKA_AYAM_BEBEK', 'tenantUid': 'gofood', 'uid': 'CUISINE_ANEKA_AYAM_BEBEK', 'displayName': 'Ayam & bebek', 'description': '', 'taxonomy': 2, 'parentKey': ''}]","Jalan Lumbu Barat Raya, Jembatan Nol, Rawalumbu, Sepanjangjaya, Kota Bekasi, Jawa Barat, Jawa, 17175, Indonesia"
"Rumah Makan & Seafood 99, Galaxy","{'average': 4.7, 'total': 0}",3,"[{'key': 'tenants/gofood/tags/CUISINE_SEAFOOD', 'tenantUid': 'gofood', 'uid': 'CUISINE_SEAFOOD', 'displayName': 'Seafood', 'description': '', 'taxonomy': 2, 'parentKey': ''}]","Jalan Pulo Sirih Barat, Pondok Pekayon Indah, Jakasetia, Kota Bekasi, Jawa Barat, Jawa, 17147, Indonesia"
"Takoyaki Bokura, Taman Narogong Indah","{'average': 4.7, 'total': 0}",2,"[{'key': 'tenants/gofood/tags/CUISINE_SNACKS_JAJANAN', 'tenantUid': 'gofood', 'uid': 'CUISINE_SNACKS_JAJANAN', 'displayName': 'Jajanan', 'description': '', 'taxonomy': 2, 'parentKey': ''}, {'key': 'tenants/gofood/tags/CUISINE_JAPANESE', 'tenantUid': 'gofood', 'uid': 'CUISINE_JAPANESE', 'displayName': 'Jepang', 'description': '', 'taxonomy': 2, 'parentKey': ''}, {'key': 'tenants/gofood/tags/CUISINE_MINUMAN', 'tenantUid': 'gofood', 'uid': 'CUISINE_MINUMAN', 'displayName': 'Minuman', 'description': '', 'taxonomy': 2, 'parentKey': ''}]","Perum. Taman Narogong Indah, Narogong, Sepanjangjaya, Kota Bekasi, Jawa Barat, Jawa, 17115, Indonesia"
"Brownies Cinta & Cake, Rawalumbu","{'average': 4.8, 'total': 0}",3,"[{'key': 'tenants/gofood/tags/CUISINE_SWEETS_DESSERTS', 'tenantUid': 'gofood', 'uid': 'CUISINE_SWEETS_DESSERTS', 'displayName': 'Sweets', 'description': '', 'taxonomy': 2, 'parentKey': ''}]","Perum. Taman Narogong Indah, Narogong, Sepanjangjaya, Kota Bekasi, Jawa Barat, Jawa, 17115, Indonesia"
"GO-CRAB, Galaxy","{'average': 4.9, 'total': 0}",3,"[{'key': 'tenants/gofood/tags/CUISINE_SEAFOOD', 'tenantUid': 'gofood', 'uid': 'CUISINE_SEAFOOD', 'displayName': 'Seafood', 'description': '', 'taxonomy': 2, 'parentKey': ''}]","Jalan Pulo Sirih Utama, Pondok Pekayon Indah, Pekayon, Jakasetia, Kota Bekasi, Jawa Barat, Jawa, 17147, Indonesia"
"Sushi Mayo, Bekasi Barat","{'average': 4.6, 'total': 0}",3,"[{'key': 'tenants/gofood/tags/CUISINE_SNACKS_JAJANAN', 'tenantUid': 'gofood', 'uid': 'CUISINE_SNACKS_JAJANAN', 'displayName': 'Jajanan', 'description': '', 'taxonomy': 2, 'parentKey': ''}, {'key': 'tenants/gofood/tags/CUISINE_JAPANESE', 'tenantUid': 'gofood', 'uid': 'CUISINE_JAPANESE', 'displayName': 'Jepang', 'description': '', 'taxonomy': 2, 'parentKey': ''}, {'key': 'tenants/gofood/tags/CUISINE_KOREAN', 'tenantUid': 'gofood', 'uid': 'CUISINE_KOREAN', 'displayName': 'Korea', 'description': '', 'taxonomy': 2, 'parentKey': ''}]","Kranji, Bintara, Kota Bekasi, Jawa Barat, Jawa, 17134, Indonesia"
"Pizza Hut Delivery - PHD, Villa Galaxy","{'average': 4.7, 'total': 0}",4,"[{'key': 'tenants/gofood/tags/CUISINE_PIZZA_PASTA', 'tenantUid': 'gofood', 'uid': 'CUISINE_PIZZA_PASTA', 'displayName': 'Pizza & pasta', 'description': '', 'taxonomy': 2, 'parentKey': ''}, {'key': 'tenants/gofood/tags/CUISINE_FASTFOOD', 'tenantUid': 'gofood', 'uid': 'CUISINE_FASTFOOD', 'displayName': 'Cepat saji', 'description': '', 'taxonomy': 2, 'parentKey': ''}, {'key': 'tenants/gofood/tags/CUISINE_SNACKS_JAJANAN', 'tenantUid': 'gofood', 'uid': 'CUISINE_SNACKS_JAJANAN', 'displayName': 'Jajanan', 'description': '', 'taxonomy': 2, 'parentKey': ''}, {'key': 'tenants/gofood/tags/CUISINE_BURGER_SANDWICH_STEAK', 'tenantUid': 'gofood', 'uid': 'CUISINE_BURGER_SANDWICH_STEAK', 'displayName': 'Barat', 'description': '', 'taxonomy': 2, 'parentKey': ''}, {'key': 'tenants/gofood/tags/CUISINE_ANEKA_AYAM_BEBEK', 'tenantUid': 'gofood', 'uid': 'CUISINE_ANEKA_AYAM_BEBEK', 'displayName': 'Ayam & bebek', 'description': '', 'taxonomy': 2, 'parentKey': ''}]","Ruko Galaxy 2, Jalan Pulo Sirih Barat, Pondok Pekayon Indah, Jakasetia, Kota Bekasi, Jawa Barat, Jawa, 17147, Indonesia"
"PAWON BULIES - Gudeg dan Ayam Goreng, Duta 1","{'average': 4.9, 'total': 0}",2,"[{'key': 'tenants/gofood/tags/CUISINE_ANEKA_AYAM_BEBEK', 'tenantUid': 'gofood', 'uid': 'CUISINE_ANEKA_AYAM_BEBEK', 'displayName': 'Ayam & bebek', 'description': '', 'taxonomy': 2, 'parentKey': ''}, {'key': 'tenants/gofood/tags/CUISINE_BAKMIE', 'tenantUid': 'gofood', 'uid': 'CUISINE_BAKMIE', 'displayName': 'Bakmie', 'description': '', 'taxonomy': 2, 'parentKey': ''}, {'key': 'tenants/gofood/tags/CUISINE_ANEKA_NASI', 'tenantUid': 'gofood', 'uid': 'CUISINE_ANEKA_NASI', 'displayName': 'Aneka nasi', 'description': '', 'taxonomy': 2, 'parentKey': ''}]","Kemang Pratama 2, Markan, Bojong Rawalumbu, Kota Bekasi, Jawa Barat, Jawa, 17114, Indonesia"
"Pizza Hut Delivery - PHD, Pengasinan Bekasi","{'average': 4.6, 'total': 0}",4,"[{'key': 'tenants/gofood/tags/CUISINE_PIZZA_PASTA', 'tenantUid': 'gofood', 'uid': 'CUISINE_PIZZA_PASTA', 'displayName': 'Pizza & pasta', 'description': '', 'taxonomy': 2, 'parentKey': ''}, {'key': 'tenants/gofood/tags/CUISINE_FASTFOOD', 'tenantUid': 'gofood', 'uid': 'CUISINE_FASTFOOD', 'displayName': 'Cepat saji', 'description': '', 'taxonomy': 2, 'parentKey': ''}, {'key': 'tenants/gofood/tags/CUISINE_SNACKS_JAJANAN', 'tenantUid': 'gofood', 'uid': 'CUISINE_SNACKS_JAJANAN', 'displayName': 'Jajanan', 'description': '', 'taxonomy': 2, 'parentKey': ''}, {'key': 'tenants/gofood/tags/CUISINE_BURGER_SANDWICH_STEAK', 'tenantUid': 'gofood', 'uid': 'CUISINE_BURGER_SANDWICH_STEAK', 'displayName': 'Barat', 'description': '', 'taxonomy': 2, 'parentKey': ''}, {'key': 'tenants/gofood/tags/CUISINE_ANEKA_AYAM_BEBEK', 'tenantUid': 'gofood', 'uid': 'CUISINE_ANEKA_AYAM_BEBEK', 'displayName': 'Ayam & bebek', 'description': '', 'taxonomy': 2, 'parentKey': ''}]","Jalan Jatimulya, Graha Mutiara, Pondok Hijau, Kabupaten Bekasi, Jawa Barat, Jawa, 17115, Indonesia"
"Burger King, Kota Bintang Kalimalang","{'average': 4.7, 'total': 0}",2,"[{'key': 'tenants/gofood/tags/CUISINE_FASTFOOD', 'tenantUid': 'gofood', 'uid': 'CUISINE_FASTFOOD', 'displayName': 'Cepat saji', 'description': '', 'taxonomy': 2, 'parentKey': ''}, {'key': 'tenants/gofood/tags/CUISINE_ANEKA_AYAM_BEBEK', 'tenantUid': 'gofood', 'uid': 'CUISINE_ANEKA_AYAM_BEBEK', 'displayName': 'Ayam & bebek', 'description': '', 'taxonomy': 2, 'parentKey': ''}, {'key': 'tenants/gofood/tags/CUISINE_ANEKA_NASI', 'tenantUid': 'gofood', 'uid': 'CUISINE_ANEKA_NASI', 'displayName': 'Aneka nasi', 'description': '', 'taxonomy': 2, 'parentKey': ''}, {'key': 'tenants/gofood/tags/CUISINE_SNACKS_JAJANAN', 'tenantUid': 'gofood', 'uid': 'CUISINE_SNACKS_JAJANAN', 'displayName': 'Jajanan', 'description': '', 'taxonomy': 2, 'parentKey': ''}]","Solaria, Jalan Tol Lingkar Luar Jakarta, Bintarajaya, Kota Bekasi, Jawa Barat, Jawa, 17145, Indonesia"
"Ayam Penyet Special Mbak Zuni, Jatimulya","{'average': 4.7, 'total': 0}",2,"[{'key': 'tenants/gofood/tags/CUISINE_SOTO_BAKSO_SOP', 'tenantUid': 'gofood', 'uid': 'CUISINE_SOTO_BAKSO_SOP', 'displayName': 'Bakso & soto', 'description': '', 'taxonomy': 2, 'parentKey': ''}, {'key': 'tenants/gofood/tags/CUISINE_ANEKA_AYAM_BEBEK', 'tenantUid': 'gofood', 'uid': 'CUISINE_ANEKA_AYAM_BEBEK', 'displayName': 'Ayam & bebek', 'description': '', 'taxonomy': 2, 'parentKey': ''}, {'key': 'tenants/gofood/tags/CUISINE_ANEKA_NASI', 'tenantUid': 'gofood', 'uid': 'CUISINE_ANEKA_NASI', 'displayName': 'Aneka nasi', 'description': '', 'taxonomy': 2, 'parentKey': ''}]","Jalan Delima Raya, Perum. Jatimulya Bekasi, Jatimulya, Kabupaten Bekasi, Jawa Barat, Jawa, 17115, Indonesia"
"PEMPEK ANANDA, Kompleks Masnaga","{'average': 4.1, 'total': 0}",2,"[{'key': 'tenants/gofood/tags/CUISINE_SNACKS_JAJANAN', 'tenantUid': 'gofood', 'uid': 'CUISINE_SNACKS_JAJANAN', 'displayName': 'Jajanan', 'description': '', 'taxonomy': 2, 'parentKey': ''}, {'key': 'tenants/gofood/tags/CUISINE_FASTFOOD', 'tenantUid': 'gofood', 'uid': 'CUISINE_FASTFOOD', 'displayName': 'Cepat saji', 'description': '', 'taxonomy': 2, 'parentKey': ''}]","Jalan Gunung Merapi Raya, Kranji, Bintara, Kota Bekasi, Jawa Barat, Jawa, 17134, Indonesia"
Tastyherbs Bottle,"{'average': 4.4, 'total': 0}",2,"[{'key': 'tenants/gofood/tags/CUISINE_MINUMAN', 'tenantUid': 'gofood', 'uid': 'CUISINE_MINUMAN', 'displayName': 'Minuman', 'description': '', 'taxonomy': 2, 'parentKey': ''}, {'key': 'tenants/gofood/tags/CUISINE_SNACKS_JAJANAN', 'tenantUid': 'gofood', 'uid': 'CUISINE_SNACKS_JAJANAN', 'displayName': 'Jajanan', 'description': '', 'taxonomy': 2, 'parentKey': ''}, {'key': 'tenants/gofood/tags/CUISINE_FASTFOOD', 'tenantUid': 'gofood', 'uid': 'CUISINE_FASTFOOD', 'displayName': 'Cepat saji', 'description': '', 'taxonomy': 2, 'parentKey': ''}]","Jalan Melon II, RW 01, Harapan Baru 1, Cakung, Jakarta Timur, Kota Bekasi, Jawa Barat, Jawa, 41581, Indonesia"
"Bakmi & Seafood 99, Kemang Pratama","{'average': 4.8, 'total': 0}",3,"[{'key': 'tenants/gofood/tags/CUISINE_ANEKA_NASI', 'tenantUid': 'gofood', 'uid': 'CUISINE_ANEKA_NASI', 'displayName': 'Aneka nasi', 'description': '', 'taxonomy': 2, 'parentKey': ''}]","Jalan Kemang Pratama, Markan, Bojong Rawalumbu, Kota Bekasi, Jawa Barat, Jawa, 17114, Indonesia"
"Pizza Hut, Kota Bintang","{'average': 4.8, 'total': 0}",4,"[{'key': 'tenants/gofood/tags/CUISINE_PIZZA_PASTA', 'tenantUid': 'gofood', 'uid': 'CUISINE_PIZZA_PASTA', 'displayName': 'Pizza & pasta', 'description': '', 'taxonomy': 2, 'parentKey': ''}, {'key': 'tenants/gofood/tags/CUISINE_FASTFOOD', 'tenantUid': 'gofood', 'uid': 'CUISINE_FASTFOOD', 'displayName': 'Cepat saji', 'description': '', 'taxonomy': 2, 'parentKey': ''}, {'key': 'tenants/gofood/tags/CUISINE_BURGER_SANDWICH_STEAK', 'tenantUid': 'gofood', 'uid': 'CUISINE_BURGER_SANDWICH_STEAK', 'displayName': 'Barat', 'description': '', 'taxonomy': 2, 'parentKey': ''}, {'key': 'tenants/gofood/tags/CUISINE_SNACKS_JAJANAN', 'tenantUid': 'gofood', 'uid': 'CUISINE_SNACKS_JAJANAN', 'displayName': 'Jajanan', 'description': '', 'taxonomy': 2, 'parentKey': ''}, {'key': 'tenants/gofood/tags/CUISINE_ANEKA_AYAM_BEBEK', 'tenantUid': 'gofood', 'uid': 'CUISINE_ANEKA_AYAM_BEBEK', 'displayName': 'Ayam & bebek', 'description': '', 'taxonomy': 2, 'parentKey': ''}]","Starbucks, Jalan Tol Lingkar Luar Jakarta, Bintarajaya, Kota Bekasi, Jawa Barat, Jawa, 17145, Indonesia"
"Haus! x Hot Oppa, Bintara","{'average': 4.7, 'total': 0}",2,"[{'key': 'tenants/gofood/tags/CUISINE_MINUMAN', 'tenantUid': 'gofood', 'uid': 'CUISINE_MINUMAN', 'displayName': 'Minuman', 'description': '', 'taxonomy': 2, 'parentKey': ''}, {'key': 'tenants/gofood/tags/CUISINE_SNACKS_JAJANAN', 'tenantUid': 'gofood', 'uid': 'CUISINE_SNACKS_JAJANAN', 'displayName': 'Jajanan', 'description': '', 'taxonomy': 2, 'parentKey': ''}, {'key': 'tenants/gofood/tags/CUISINE_COFFEE_SHOP', 'tenantUid': 'gofood', 'uid': 'CUISINE_COFFEE_SHOP', 'displayName': 'Kopi', 'description': '', 'taxonomy': 2, 'parentKey': ''}]","Jalan Bintara Raya, Kranji, Bintara, Kota Bekasi, Jawa Barat, Jawa, 17134, Indonesia"
"Domino's Pizza, Kemang Pratama","{'average': 4.7, 'total': 0}",3,"[{'key': 'tenants/gofood/tags/CUISINE_PIZZA_PASTA', 'tenantUid': 'gofood', 'uid': 'CUISINE_PIZZA_PASTA', 'displayName': 'Pizza & pasta', 'description': '', 'taxonomy': 2, 'parentKey': ''}, {'key': 'tenants/gofood/tags/CUISINE_FASTFOOD', 'tenantUid': 'gofood', 'uid': 'CUISINE_FASTFOOD', 'displayName': 'Cepat saji', 'description': '', 'taxonomy': 2, 'parentKey': ''}, {'key': 'tenants/gofood/tags/CUISINE_SNACKS_JAJANAN', 'tenantUid': 'gofood', 'uid': 'CUISINE_SNACKS_JAJANAN', 'displayName': 'Jajanan', 'description': '', 'taxonomy': 2, 'parentKey': ''}]","Indomaret, Jalan Kemang Pratama, Markan, Bojong Rawalumbu, Kota Bekasi, Jawa Barat, Jawa, 17114, Indonesia"
"Bakmie Seafood 99, Bekasi Timur","{'average': 4.8, 'total': 0}",3,"[{'key': 'tenants/gofood/tags/CUISINE_SEAFOOD', 'tenantUid': 'gofood', 'uid': 'CUISINE_SEAFOOD', 'displayName': 'Seafood', 'description': '', 'taxonomy': 2, 'parentKey': ''}]","63, Jalan P. Natuna 1, Aren Jaya, Kota Bekasi, Jawa Barat, Jawa, 17111, Indonesia"
"McDonald's, Grand Kota Bintang","{'average': 4.8, 'total': 0}",3,"[{'key': 'tenants/gofood/tags/CUISINE_FASTFOOD', 'tenantUid': 'gofood', 'uid': 'CUISINE_FASTFOOD', 'displayName': 'Cepat saji', 'description': '', 'taxonomy': 2, 'parentKey': ''}, {'key': 'tenants/gofood/tags/CUISINE_SWEETS_DESSERTS', 'tenantUid': 'gofood', 'uid': 'CUISINE_SWEETS_DESSERTS', 'displayName': 'Sweets', 'description': '', 'taxonomy': 2, 'parentKey': ''}, {'key': 'tenants/gofood/tags/CUISINE_SNACKS_JAJANAN', 'tenantUid': 'gofood', 'uid': 'CUISINE_SNACKS_JAJANAN', 'displayName': 'Jajanan', 'description': '', 'taxonomy': 2, 'parentKey': ''}]","Grand Kota Bintang, Bintarajaya, Kota Bekasi, Jawa Barat, Jawa, 17145, Indonesia"
"Ayam & Ikan Bakar 99, Bekasi Timur","{'average': 4.8, 'total': 0}",3,"[{'key': 'tenants/gofood/tags/CUISINE_ANEKA_AYAM_BEBEK', 'tenantUid': 'gofood', 'uid': 'CUISINE_ANEKA_AYAM_BEBEK', 'displayName': 'Ayam & bebek', 'description': '', 'taxonomy': 2, 'parentKey': ''}]","Aren Jaya, Kota Bekasi, Jawa Barat, Jawa, 17111, Indonesia"
"Es Cream Durian Dan Ice Aneka Buah-buahan King, Bekasi Selatan","{'average': 4.3, 'total': 0}",2,"[{'key': 'tenants/gofood/tags/CUISINE_MINUMAN', 'tenantUid': 'gofood', 'uid': 'CUISINE_MINUMAN', 'displayName': 'Minuman', 'description': '', 'taxonomy': 2, 'parentKey': ''}, {'key': 'tenants/gofood/tags/CUISINE_SWEETS_DESSERTS', 'tenantUid': 'gofood', 'uid': 'CUISINE_SWEETS_DESSERTS', 'displayName': 'Sweets', 'description': '', 'taxonomy': 2, 'parentKey': ''}]","Pekayon, Jakasetia, Kota Bekasi, Jawa Barat, Jawa, 17147, Indonesia"
"Pizza Hut Delivery - PHD, Bintara","{'average': 4.7, 'total': 0}",4,"[{'key': 'tenants/gofood/tags/CUISINE_PIZZA_PASTA', 'tenantUid': 'gofood', 'uid': 'CUISINE_PIZZA_PASTA', 'displayName': 'Pizza & pasta', 'description': '', 'taxonomy': 2, 'parentKey': ''}, {'key': 'tenants/gofood/tags/CUISINE_FASTFOOD', 'tenantUid': 'gofood', 'uid': 'CUISINE_FASTFOOD', 'displayName': 'Cepat saji', 'description': '', 'taxonomy': 2, 'parentKey': ''}, {'key': 'tenants/gofood/tags/CUISINE_SNACKS_JAJANAN', 'tenantUid': 'gofood', 'uid': 'CUISINE_SNACKS_JAJANAN', 'displayName': 'Jajanan', 'description': '', 'taxonomy': 2, 'parentKey': ''}, {'key': 'tenants/gofood/tags/CUISINE_BURGER_SANDWICH_STEAK', 'tenantUid': 'gofood', 'uid': 'CUISINE_BURGER_SANDWICH_STEAK', 'displayName': 'Barat', 'description': '', 'taxonomy': 2, 'parentKey': ''}, {'key': 'tenants/gofood/tags/CUISINE_ANEKA_AYAM_BEBEK', 'tenantUid': 'gofood', 'uid': 'CUISINE_ANEKA_AYAM_BEBEK', 'displayName': 'Ayam & bebek', 'description': '', 'taxonomy': 2, 'parentKey': ''}]","Kranji, Bintara, Kota Bekasi, Jawa Barat, Jawa, 17134, Indonesia"
"HEMA Resto, Kemang Pratama","{'average': 4.7, 'total': 0}",3,"[{'key': 'tenants/gofood/tags/CUISINE_ANEKA_NASI', 'tenantUid': 'gofood', 'uid': 'CUISINE_ANEKA_NASI', 'displayName': 'Aneka nasi', 'description': '', 'taxonomy': 2, 'parentKey': ''}, {'key': 'tenants/gofood/tags/CUISINE_PIZZA_PASTA', 'tenantUid': 'gofood', 'uid': 'CUISINE_PIZZA_PASTA', 'displayName': 'Pizza & pasta', 'description': '', 'taxonomy': 2, 'parentKey': ''}, {'key': 'tenants/gofood/tags/CUISINE_BURGER_SANDWICH_STEAK', 'tenantUid': 'gofood', 'uid': 'CUISINE_BURGER_SANDWICH_STEAK', 'displayName': 'Barat', 'description': '', 'taxonomy': 2, 'parentKey': ''}]","HEMA Resto, Jalan Kemang Pratama, Markan, Bojong Rawalumbu, Kota Bekasi, Jawa Barat, Jawa, 17114, Indonesia"
"Ayam Geprek Ayam.com, Kemang Pratama","{'average': 4.8, 'total': 0}",2,"[{'key': 'tenants/gofood/tags/CUISINE_ANEKA_AYAM_BEBEK', 'tenantUid': 'gofood', 'uid': 'CUISINE_ANEKA_AYAM_BEBEK', 'displayName': 'Ayam & bebek', 'description': '', 'taxonomy': 2, 'parentKey': ''}, {'key': 'tenants/gofood/tags/CUISINE_ANEKA_NASI', 'tenantUid': 'gofood', 'uid': 'CUISINE_ANEKA_NASI', 'displayName': 'Aneka nasi', 'description': '', 'taxonomy': 2, 'parentKey': ''}, {'key': 'tenants/gofood/tags/CUISINE_FASTFOOD', 'tenantUid': 'gofood', 'uid': 'CUISINE_FASTFOOD', 'displayName': 'Cepat saji', 'description': '', 'taxonomy': 2, 'parentKey': ''}]","Kemang Pratama 2, Markan, Bojong Rawalumbu, Kota Bekasi, Jawa Barat, Jawa, 17114, Indonesia"
"Bakmi Siantar, Grand Galaxy City","{'average': 4.7, 'total': 0}",3,"[{'key': 'tenants/gofood/tags/CUISINE_BAKMIE', 'tenantUid': 'gofood', 'uid': 'CUISINE_BAKMIE', 'displayName': 'Bakmie', 'description': '', 'taxonomy': 2, 'parentKey': ''}]","Pondok Pekayon Indah, Pekayon, Jakasetia, Kota Bekasi, Jawa Barat, Jawa, 17147, Indonesia"
RM. AYAM BAKAR SARIROSO,"{'average': 4.7, 'total': 0}",2,"[{'key': 'tenants/gofood/tags/CUISINE_SOTO_BAKSO_SOP', 'tenantUid': 'gofood', 'uid': 'CUISINE_SOTO_BAKSO_SOP', 'displayName': 'Bakso & soto', 'description': '', 'taxonomy': 2, 'parentKey': ''}, {'key': 'tenants/gofood/tags/CUISINE_ANEKA_AYAM_BEBEK', 'tenantUid': 'gofood', 'uid': 'CUISINE_ANEKA_AYAM_BEBEK', 'displayName': 'Ayam & bebek', 'description': '', 'taxonomy': 2, 'parentKey': ''}, {'key': 'tenants/gofood/tags/CUISINE_SATE', 'tenantUid': 'gofood', 'uid': 'CUISINE_SATE', 'displayName': 'Sate', 'description': '', 'taxonomy': 2, 'parentKey': ''}]","Puri Mustika, Rawalumbu, Sepanjangjaya, Kota Bekasi, Jawa Barat, Jawa, 17175, Indonesia"
"Miago Super Judes, Ruko Greenwood","{'average': 4.6, 'total': 0}",2,"[{'key': 'tenants/gofood/tags/CUISINE_BAKMIE', 'tenantUid': 'gofood', 'uid': 'CUISINE_BAKMIE', 'displayName': 'Bakmie', 'description': '', 'taxonomy': 2, 'parentKey': ''}]","Harapan Baru, Kota Bekasi, Jawa Barat, Jawa, 17121, Indonesia"
"Restoran Sederhana, Kemang Pratama","{'average': 4.8, 'total': 0}",2,"[{'key': 'tenants/gofood/tags/CUISINE_ANEKA_NASI', 'tenantUid': 'gofood', 'uid': 'CUISINE_ANEKA_NASI', 'displayName': 'Aneka nasi', 'description': '', 'taxonomy': 2, 'parentKey': ''}, {'key': 'tenants/gofood/tags/CUISINE_MARTABAK', 'tenantUid': 'gofood', 'uid': 'CUISINE_MARTABAK', 'displayName': 'Martabak', 'description': '', 'taxonomy': 2, 'parentKey': ''}, {'key': 'tenants/gofood/tags/CUISINE_SATE', 'tenantUid': 'gofood', 'uid': 'CUISINE_SATE', 'displayName': 'Sate', 'description': '', 'taxonomy': 2, 'parentKey': ''}]","Restoran Sederhana, Jalan Kemang Pratama, Markan, Bojong Rawalumbu, Kota Bekasi, Jawa Barat, Jawa, 17114, Indonesia"
"Rawon Senyum, Kemang Pratama","{'average': 4.7, 'total': 0}",2,"[{'key': 'tenants/gofood/tags/CUISINE_SOTO_BAKSO_SOP', 'tenantUid': 'gofood', 'uid': 'CUISINE_SOTO_BAKSO_SOP', 'displayName': 'Bakso & soto', 'description': '', 'taxonomy': 2, 'parentKey': ''}]","Jalan Duta 2, Kemang Pratama 2, Markan, Bojong Rawalumbu, Kota Bekasi, Jawa Barat, Jawa, 17114, Indonesia"
"RM Padang Daffa, Bekasi","{'average': 4.7, 'total': 0}",2,"[{'key': 'tenants/gofood/tags/CUISINE_ANEKA_AYAM_BEBEK', 'tenantUid': 'gofood', 'uid': 'CUISINE_ANEKA_AYAM_BEBEK', 'displayName': 'Ayam & bebek', 'description': '', 'taxonomy': 2, 'parentKey': ''}, {'key': 'tenants/gofood/tags/CUISINE_ANEKA_NASI', 'tenantUid': 'gofood', 'uid': 'CUISINE_ANEKA_NASI', 'displayName': 'Aneka nasi', 'description': '', 'taxonomy': 2, 'parentKey': ''}]","Jalan Taman Wisma Asri Raya, Harapan Baru, Kota Bekasi, Jawa Barat, Jawa, 17121, Indonesia"
"Entog Cengkir Pojok, Rawalumbu","{'average': 4.8, 'total': 0}",2,"[{'key': 'tenants/gofood/tags/CUISINE_ANEKA_NASI', 'tenantUid': 'gofood', 'uid': 'CUISINE_ANEKA_NASI', 'displayName': 'Aneka nasi', 'description': '', 'taxonomy': 2, 'parentKey': ''}, {'key': 'tenants/gofood/tags/CUISINE_ANEKA_AYAM_BEBEK', 'tenantUid': 'gofood', 'uid': 'CUISINE_ANEKA_AYAM_BEBEK', 'displayName': 'Ayam & bebek', 'description': '', 'taxonomy': 2, 'parentKey': ''}]","Puri Mustika, Rawalumbu, Sepanjangjaya, Kota Bekasi, Jawa Barat, Jawa, 17175, Indonesia"
"Franksky Dessert, Rawalumbu","{'average': 4.3, 'total': 0}",3,"[{'key': 'tenants/gofood/tags/CUISINE_SWEETS_DESSERTS', 'tenantUid': 'gofood', 'uid': 'CUISINE_SWEETS_DESSERTS', 'displayName': 'Sweets', 'description': '', 'taxonomy': 2, 'parentKey': ''}]","Puri Mustika, Rawalumbu, Sepanjangjaya, Kota Bekasi, Jawa Barat, Jawa, 17175, Indonesia"
"Mie Pangsit (Bakmi) Simpur, Kemang Pratama","{'average': 4.8, 'total': 0}",2,"[{'key': 'tenants/gofood/tags/CUISINE_BAKMIE', 'tenantUid': 'gofood', 'uid': 'CUISINE_BAKMIE', 'displayName': 'Bakmie', 'description': '', 'taxonomy': 2, 'parentKey': ''}, {'key': 'tenants/gofood/tags/CUISINE_ANEKA_NASI', 'tenantUid': 'gofood', 'uid': 'CUISINE_ANEKA_NASI', 'displayName': 'Aneka nasi', 'description': '', 'taxonomy': 2, 'parentKey': ''}]","Mie Pangsit Simpur, Jalan Kemang Pratama, Markan, Bojong Rawalumbu, Kota Bekasi, Jawa Barat, Jawa, 17114, Indonesia"
"Pastel Bunda, Jl. Palembang 1","{'average': 4.7, 'total': 0}",1,"[{'key': 'tenants/gofood/tags/CUISINE_SNACKS_JAJANAN', 'tenantUid': 'gofood', 'uid': 'CUISINE_SNACKS_JAJANAN', 'displayName': 'Jajanan', 'description': '', 'taxonomy': 2, 'parentKey': ''}]","Jakamulya, Kota Bekasi, Jawa Barat, Jawa, 17145, Indonesia"
"Roti Srikaya & Seblak Legendaris, Bekasi Utara","{'average': 4.7, 'total': 0}",2,"[{'key': 'tenants/gofood/tags/CUISINE_FASTFOOD', 'tenantUid': 'gofood', 'uid': 'CUISINE_FASTFOOD', 'displayName': 'Cepat saji', 'description': '', 'taxonomy': 2, 'parentKey': ''}, {'key': 'tenants/gofood/tags/CUISINE_SNACKS_JAJANAN', 'tenantUid': 'gofood', 'uid': 'CUISINE_SNACKS_JAJANAN', 'displayName': 'Jajanan', 'description': '', 'taxonomy': 2, 'parentKey': ''}, {'key': 'tenants/gofood/tags/CUISINE_ROTI', 'tenantUid': 'gofood', 'uid': 'CUISINE_ROTI', 'displayName': 'Roti', 'description': '', 'taxonomy': 2, 'parentKey': ''}]","Kota Bekasi, Jawa Barat, Jawa, 17122, Indonesia"
"Dapur Cokelat, Galaxy","{'average': 4.4, 'total': 0}",4,"[{'key': 'tenants/gofood/tags/CUISINE_SWEETS_DESSERTS', 'tenantUid': 'gofood', 'uid': 'CUISINE_SWEETS_DESSERTS', 'displayName': 'Sweets', 'description': '', 'taxonomy': 2, 'parentKey': ''}, {'key': 'tenants/gofood/tags/CUISINE_ROTI', 'tenantUid': 'gofood', 'uid': 'CUISINE_ROTI', 'displayName': 'Roti', 'description': '', 'taxonomy': 2, 'parentKey': ''}, {'key': 'tenants/gofood/tags/CUISINE_MINUMAN', 'tenantUid': 'gofood', 'uid': 'CUISINE_MINUMAN', 'displayName': 'Minuman', 'description': '', 'taxonomy': 2, 'parentKey': ''}, {'key': 'tenants/gofood/tags/CUISINE_SNACKS_JAJANAN', 'tenantUid': 'gofood', 'uid': 'CUISINE_SNACKS_JAJANAN', 'displayName': 'Jajanan', 'description': '', 'taxonomy': 2, 'parentKey': ''}]","Jalan Boulevard Raya Barat, Pondok Pekayon Indah, Pekayon, Jakasetia, Kota Bekasi, Jawa Barat, Jawa, 17147, Indonesia"
"Amigoci, Grand Galaxy Park","{'average': 0, 'total': 0}",2,"[{'key': 'tenants/gofood/tags/CUISINE_SNACKS_JAJANAN', 'tenantUid': 'gofood', 'uid': 'CUISINE_SNACKS_JAJANAN', 'displayName': 'Jajanan', 'description': '', 'taxonomy': 2, 'parentKey': ''}, {'key': 'tenants/gofood/tags/CUISINE_ANEKA_NASI', 'tenantUid': 'gofood', 'uid': 'CUISINE_ANEKA_NASI', 'displayName': 'Aneka nasi', 'description': '', 'taxonomy': 2, 'parentKey': ''}, {'key': 'tenants/gofood/tags/CUISINE_ANEKA_AYAM_BEBEK', 'tenantUid': 'gofood', 'uid': 'CUISINE_ANEKA_AYAM_BEBEK', 'displayName': 'Ayam & bebek', 'description': '', 'taxonomy': 2, 'parentKey': ''}]","Grand Galaxy Park, No.1, Jalan Boulevard Raya Barat, Pondok Pekayon Indah, Pekayon, Jakasetia, Kota Bekasi, Jawa Barat, Jawa, 17147, Indonesia"
"Baso Malang Cak Kris, Grand Galaxy Park","{'average': 4.8, 'total': 0}",1,"[{'key': 'tenants/gofood/tags/CUISINE_SOTO_BAKSO_SOP', 'tenantUid': 'gofood', 'uid': 'CUISINE_SOTO_BAKSO_SOP', 'displayName': 'Bakso & soto', 'description': '', 'taxonomy': 2, 'parentKey': ''}]","Grand Galaxy Park, No.1, Jalan Boulevard Raya Barat, Pondok Pekayon Indah, Pekayon, Jakasetia, Kota Bekasi, Jawa Barat, Jawa, 17147, Indonesia"
"Marijo, Grand Galaxy City","{'average': 4.9, 'total': 0}",2,"[{'key': 'tenants/gofood/tags/CUISINE_ANEKA_NASI', 'tenantUid': 'gofood', 'uid': 'CUISINE_ANEKA_NASI', 'displayName': 'Aneka nasi', 'description': '', 'taxonomy': 2, 'parentKey': ''}]","Grand Galaxy Park, No.1, Jalan Boulevard Raya Barat, Pondok Pekayon Indah, Pekayon, Jakasetia, Kota Bekasi, Jawa Barat, Jawa, 17147, Indonesia"
"Dcrepes, Grand Galaxy Park","{'average': 4.7, 'total': 0}",2,"[{'key': 'tenants/gofood/tags/CUISINE_SNACKS_JAJANAN', 'tenantUid': 'gofood', 'uid': 'CUISINE_SNACKS_JAJANAN', 'displayName': 'Jajanan', 'description': '', 'taxonomy': 2, 'parentKey': ''}, {'key': 'tenants/gofood/tags/CUISINE_FASTFOOD', 'tenantUid': 'gofood', 'uid': 'CUISINE_FASTFOOD', 'displayName': 'Cepat saji', 'description': '', 'taxonomy': 2, 'parentKey': ''}, {'key': 'tenants/gofood/tags/CUISINE_SWEETS_DESSERTS', 'tenantUid': 'gofood', 'uid': 'CUISINE_SWEETS_DESSERTS', 'displayName': 'Sweets', 'description': '', 'taxonomy': 2, 'parentKey': ''}]","Grand Galaxy Park, No.1, Jalan Boulevard Raya Barat, Pondok Pekayon Indah, Pekayon, Jakasetia, Kota Bekasi, Jawa Barat, Jawa, 17147, Indonesia"
"Warkop 1899, Beraberlik Tl. Pucung","{'average': 4.7, 'total': 0}",1,"[{'key': 'tenants/gofood/tags/CUISINE_SNACKS_JAJANAN', 'tenantUid': 'gofood', 'uid': 'CUISINE_SNACKS_JAJANAN', 'displayName': 'Jajanan', 'description': '', 'taxonomy': 2, 'parentKey': ''}, {'key': 'tenants/gofood/tags/CUISINE_MINUMAN', 'tenantUid': 'gofood', 'uid': 'CUISINE_MINUMAN', 'displayName': 'Minuman', 'description': '', 'taxonomy': 2, 'parentKey': ''}, {'key': 'tenants/gofood/tags/CUISINE_ANEKA_NASI', 'tenantUid': 'gofood', 'uid': 'CUISINE_ANEKA_NASI', 'displayName': 'Aneka nasi', 'description': '', 'taxonomy': 2, 'parentKey': ''}]","Jalan Perjuangan, Telukpucung, Kota Bekasi, Jawa Barat, Jawa, 17123, Indonesia"
Soto Betawi Bang Ndut (Grand Galaxy Park),"{'average': 4.4, 'total': 0}",3,"[{'key': 'tenants/gofood/tags/CUISINE_SOTO_BAKSO_SOP', 'tenantUid': 'gofood', 'uid': 'CUISINE_SOTO_BAKSO_SOP', 'displayName': 'Bakso & soto', 'description': '', 'taxonomy': 2, 'parentKey': ''}]","Grand Galaxy Park, No.1, Jalan Boulevard Raya Barat, Pondok Pekayon Indah, Pekayon, Jakasetia, Kota Bekasi, Jawa Barat, Jawa, 17147, Indonesia"
"Dum Dum Thai Drinks Express, Grand Galaxy Park Bekasi","{'average': 4.8, 'total': 0}",2,"[{'key': 'tenants/gofood/tags/CUISINE_MINUMAN', 'tenantUid': 'gofood', 'uid': 'CUISINE_MINUMAN', 'displayName': 'Minuman', 'description': '', 'taxonomy': 2, 'parentKey': ''}]","Grand Galaxy Park, No.1, Jalan Boulevard Raya Barat, Pondok Pekayon Indah, Pekayon, Jakasetia, Kota Bekasi, Jawa Barat, Jawa, 17147, Indonesia"
"Puyo Silky Desserts, Grand Galaxy Park","{'average': 4.7, 'total': 0}",3,"[{'key': 'tenants/gofood/tags/CUISINE_SWEETS_DESSERTS', 'tenantUid': 'gofood', 'uid': 'CUISINE_SWEETS_DESSERTS', 'displayName': 'Sweets', 'description': '', 'taxonomy': 2, 'parentKey': ''}, {'key': 'tenants/gofood/tags/CUISINE_SNACKS_JAJANAN', 'tenantUid': 'gofood', 'uid': 'CUISINE_SNACKS_JAJANAN', 'displayName': 'Jajanan', 'description': '', 'taxonomy': 2, 'parentKey': ''}, {'key': 'tenants/gofood/tags/CUISINE_MINUMAN', 'tenantUid': 'gofood', 'uid': 'CUISINE_MINUMAN', 'displayName': 'Minuman', 'description': '', 'taxonomy': 2, 'parentKey': ''}]","Grand Galaxy Park, No.1, Jalan Boulevard Raya Barat, Pondok Pekayon Indah, Pekayon, Jakasetia, Kota Bekasi, Jawa Barat, Jawa, 17147, Indonesia"
"Shigeru Sushi, Grand Galaxy Park","{'average': 4.7, 'total': 0}",3,"[{'key': 'tenants/gofood/tags/CUISINE_JAPANESE', 'tenantUid': 'gofood', 'uid': 'CUISINE_JAPANESE', 'displayName': 'Jepang', 'description': '', 'taxonomy': 2, 'parentKey': ''}]","Grand Galaxy Park, No.1, Jalan Boulevard Raya Barat, Pondok Pekayon Indah, Pekayon, Jakasetia, Kota Bekasi, Jawa Barat, Jawa, 17147, Indonesia"
"Roti'O, Grand Galaxy Park","{'average': 4.8, 'total': 0}",3,"[{'key': 'tenants/gofood/tags/CUISINE_ROTI', 'tenantUid': 'gofood', 'uid': 'CUISINE_ROTI', 'displayName': 'Roti', 'description': '', 'taxonomy': 2, 'parentKey': ''}]","Grand Galaxy Park, No.1, Jalan Boulevard Raya Barat, Pondok Pekayon Indah, Pekayon, Jakasetia, Kota Bekasi, Jawa Barat, Jawa, 17147, Indonesia"
"""Es Teler Cirebon"" Bang Hasan, Taman Kuliner Keluarga","{'average': 3.9, 'total': 0}",1,"[{'key': 'tenants/gofood/tags/CUISINE_MINUMAN', 'tenantUid': 'gofood', 'uid': 'CUISINE_MINUMAN', 'displayName': 'Minuman', 'description': '', 'taxonomy': 2, 'parentKey': ''}, {'key': 'tenants/gofood/tags/CUISINE_SWEETS_DESSERTS', 'tenantUid': 'gofood', 'uid': 'CUISINE_SWEETS_DESSERTS', 'displayName': 'Sweets', 'description': '', 'taxonomy': 2, 'parentKey': ''}]","Harapan Baru Regency, Kota Bekasi, Jawa Barat, Jawa, 17134, Indonesia"
"Bubur Ayam Jakarta, Ruko Kemang Pratama","{'average': 4.8, 'total': 0}",2,"[{'key': 'tenants/gofood/tags/CUISINE_ANEKA_NASI', 'tenantUid': 'gofood', 'uid': 'CUISINE_ANEKA_NASI', 'displayName': 'Aneka nasi', 'description': '', 'taxonomy': 2, 'parentKey': ''}]","Indomaret, Jalan Kemang Pratama, Markan, Bojong Rawalumbu, Kota Bekasi, Jawa Barat, Jawa, 17114, Indonesia"
"Es Sekoteng dan Siomay Bandung ""Mang Dede"", Kemang Pratama","{'average': 4.8, 'total': 0}",2,"[{'key': 'tenants/gofood/tags/CUISINE_SNACKS_JAJANAN', 'tenantUid': 'gofood', 'uid': 'CUISINE_SNACKS_JAJANAN', 'displayName': 'Jajanan', 'description': '', 'taxonomy': 2, 'parentKey': ''}, {'key': 'tenants/gofood/tags/CUISINE_SOTO_BAKSO_SOP', 'tenantUid': 'gofood', 'uid': 'CUISINE_SOTO_BAKSO_SOP', 'displayName': 'Bakso & soto', 'description': '', 'taxonomy': 2, 'parentKey': ''}]","Indomaret, Jalan Kemang Pratama, Markan, Bojong Rawalumbu, Kota Bekasi, Jawa Barat, Jawa, 17114, Indonesia"
"A&W, Linc Square","{'average': 4.9, 'total': 0}",3,"[{'key': 'tenants/gofood/tags/CUISINE_FASTFOOD', 'tenantUid': 'gofood', 'uid': 'CUISINE_FASTFOOD', 'displayName': 'Cepat saji', 'description': '', 'taxonomy': 2, 'parentKey': ''}]","Indomaret, Jalan Kemang Pratama, Markan, Bojong Rawalumbu, Kota Bekasi, Jawa Barat, Jawa, 17114, Indonesia"
"Kantin Aulia 1, Bekasi Selatan","{'average': 4.9, 'total': 0}",2,"[{'key': 'tenants/gofood/tags/CUISINE_SWEETS_DESSERTS', 'tenantUid': 'gofood', 'uid': 'CUISINE_SWEETS_DESSERTS', 'displayName': 'Sweets', 'description': '', 'taxonomy': 2, 'parentKey': ''}, {'key': 'tenants/gofood/tags/CUISINE_ANEKA_AYAM_BEBEK', 'tenantUid': 'gofood', 'uid': 'CUISINE_ANEKA_AYAM_BEBEK', 'displayName': 'Ayam & bebek', 'description': '', 'taxonomy': 2, 'parentKey': ''}, {'key': 'tenants/gofood/tags/CUISINE_ANEKA_NASI', 'tenantUid': 'gofood', 'uid': 'CUISINE_ANEKA_NASI', 'displayName': 'Aneka nasi', 'description': '', 'taxonomy': 2, 'parentKey': ''}, {'key': 'tenants/gofood/tags/CUISINE_FASTFOOD', 'tenantUid': 'gofood', 'uid': 'CUISINE_FASTFOOD', 'displayName': 'Cepat saji', 'description': '', 'taxonomy': 2, 'parentKey': ''}]","Markan, Jakasetia, Kota Bekasi, Jawa Barat, Jawa, 17147, Indonesia"
"Rumah Makan Bungo Jambak, Rawalumbu","{'average': 4.7, 'total': 0}",1,"[{'key': 'tenants/gofood/tags/CUISINE_ANEKA_NASI', 'tenantUid': 'gofood', 'uid': 'CUISINE_ANEKA_NASI', 'displayName': 'Aneka nasi', 'description': '', 'taxonomy': 2, 'parentKey': ''}, {'key': 'tenants/gofood/tags/CUISINE_ANEKA_AYAM_BEBEK', 'tenantUid': 'gofood', 'uid': 'CUISINE_ANEKA_AYAM_BEBEK', 'displayName': 'Ayam & bebek', 'description': '', 'taxonomy': 2, 'parentKey': ''}, {'key': 'tenants/gofood/tags/CUISINE_MINUMAN', 'tenantUid': 'gofood', 'uid': 'CUISINE_MINUMAN', 'displayName': 'Minuman', 'description': '', 'taxonomy': 2, 'parentKey': ''}]","Jalan Setia Mekar, Jembatan 13, Markan, Bojong Rawalumbu, Kota Bekasi, Jawa Barat, Jawa, 17116, Indonesia"
"Mie Kangkung Betawi, Soto Betawi Ariyani, Ruko Kemang Pratama","{'average': 4.9, 'total': 0}",3,"[{'key': 'tenants/gofood/tags/CUISINE_BAKMIE', 'tenantUid': 'gofood', 'uid': 'CUISINE_BAKMIE', 'displayName': 'Bakmie', 'description': '', 'taxonomy': 2, 'parentKey': ''}]","Jalan Kemang Pratama, Markan, Bojong Rawalumbu, Kota Bekasi, Jawa Barat, Jawa, 17114, Indonesia"
"Pizza Hut, Kemang Pratama","{'average': 4.7, 'total': 0}",4,"[{'key': 'tenants/gofood/tags/CUISINE_PIZZA_PASTA', 'tenantUid': 'gofood', 'uid': 'CUISINE_PIZZA_PASTA', 'displayName': 'Pizza & pasta', 'description': '', 'taxonomy': 2, 'parentKey': ''}, {'key': 'tenants/gofood/tags/CUISINE_FASTFOOD', 'tenantUid': 'gofood', 'uid': 'CUISINE_FASTFOOD', 'displayName': 'Cepat saji', 'description': '', 'taxonomy': 2, 'parentKey': ''}, {'key': 'tenants/gofood/tags/CUISINE_BURGER_SANDWICH_STEAK', 'tenantUid': 'gofood', 'uid': 'CUISINE_BURGER_SANDWICH_STEAK', 'displayName': 'Barat', 'description': '', 'taxonomy': 2, 'parentKey': ''}, {'key': 'tenants/gofood/tags/CUISINE_SNACKS_JAJANAN', 'tenantUid': 'gofood', 'uid': 'CUISINE_SNACKS_JAJANAN', 'displayName': 'Jajanan', 'description': '', 'taxonomy': 2, 'parentKey': ''}, {'key': 'tenants/gofood/tags/CUISINE_ANEKA_AYAM_BEBEK', 'tenantUid': 'gofood', 'uid': 'CUISINE_ANEKA_AYAM_BEBEK', 'displayName': 'Ayam & bebek', 'description': '', 'taxonomy': 2, 'parentKey': ''}]","Pizza Hut, Jalan Kemang Pratama, Markan, Bojong Rawalumbu, Kota Bekasi, Jawa Barat, Jawa, 17114, Indonesia"
"Mie Ayam Bangka Awat, Ruko Kemang Pratama","{'average': 4.7, 'total': 0}",3,"[{'key': 'tenants/gofood/tags/CUISINE_BAKMIE', 'tenantUid': 'gofood', 'uid': 'CUISINE_BAKMIE', 'displayName': 'Bakmie', 'description': '', 'taxonomy': 2, 'parentKey': ''}]","Jalan Kemang Pratama, Markan, Bojong Rawalumbu, Kota Bekasi, Jawa Barat, Jawa, 17114, Indonesia"
A&W Karang Satria Square,"{'average': 4.8, 'total': 0}",3,"[{'key': 'tenants/gofood/tags/CUISINE_FASTFOOD', 'tenantUid': 'gofood', 'uid': 'CUISINE_FASTFOOD', 'displayName': 'Cepat saji', 'description': '', 'taxonomy': 2, 'parentKey': ''}]","Jalan Karang Satria, Karangsatria, Kabupaten Bekasi, Jawa Barat, Jawa, 17123, Indonesia"
"Martabak Alim, Perumnas 3","{'average': 4.7, 'total': 0}",3,"[{'key': 'tenants/gofood/tags/CUISINE_MARTABAK', 'tenantUid': 'gofood', 'uid': 'CUISINE_MARTABAK', 'displayName': 'Martabak', 'description': '', 'taxonomy': 2, 'parentKey': ''}]","Jalan Nusantara, Bulak Kapal, Aren Jaya, Kota Bekasi, Jawa Barat, Jawa, 17111, Indonesia"
"Warung Soto Betawi Bang ELLo, Ruko Taman Raflesia","{'average': 4.1, 'total': 0}",2,"[{'key': 'tenants/gofood/tags/CUISINE_SOTO_BAKSO_SOP', 'tenantUid': 'gofood', 'uid': 'CUISINE_SOTO_BAKSO_SOP', 'displayName': 'Bakso & soto', 'description': '', 'taxonomy': 2, 'parentKey': ''}, {'key': 'tenants/gofood/tags/CUISINE_ANEKA_AYAM_BEBEK', 'tenantUid': 'gofood', 'uid': 'CUISINE_ANEKA_AYAM_BEBEK', 'displayName': 'Ayam & bebek', 'description': '', 'taxonomy': 2, 'parentKey': ''}]","Jalan Jatimulya, Taman Rafflesia, Jatimulya, Kabupaten Bekasi, Jawa Barat, Jawa, 17115, Indonesia"
"Mie Ayam Hotplate Abuy, Bekasi Timur","{'average': 4.8, 'total': 0}",2,"[{'key': 'tenants/gofood/tags/CUISINE_BAKMIE', 'tenantUid': 'gofood', 'uid': 'CUISINE_BAKMIE', 'displayName': 'Bakmie', 'description': '', 'taxonomy': 2, 'parentKey': ''}]","Jalan Nusantara, Bulak Kapal, Aren Jaya, Kota Bekasi, Jawa Barat, Jawa, 17111, Indonesia"
"Solaria, Grand Galaxy Mall","{'average': 4.8, 'total': 0}",3,"[{'key': 'tenants/gofood/tags/CUISINE_CHINESE', 'tenantUid': 'gofood', 'uid': 'CUISINE_CHINESE', 'displayName': 'Chinese', 'description': '', 'taxonomy': 2, 'parentKey': ''}, {'key': 'tenants/gofood/tags/CUISINE_ANEKA_NASI', 'tenantUid': 'gofood', 'uid': 'CUISINE_ANEKA_NASI', 'displayName': 'Aneka nasi', 'description': '', 'taxonomy': 2, 'parentKey': ''}]","Solaria, Jalan Boulevard Raya Barat, Pondok Pekayon Indah, Pekayon, Jakasetia, Kota Bekasi, Jawa Barat, Jawa, 17147, Indonesia"
"Fiesta Steak Restaurant, Mall Grand Galaxy Park","{'average': 4.8, 'total': 0}",3,"[{'key': 'tenants/gofood/tags/CUISINE_BURGER_SANDWICH_STEAK', 'tenantUid': 'gofood', 'uid': 'CUISINE_BURGER_SANDWICH_STEAK', 'displayName': 'Barat', 'description': '', 'taxonomy': 2, 'parentKey': ''}]","Solaria, Jalan Boulevard Raya Barat, Pondok Pekayon Indah, Pekayon, Jakasetia, Kota Bekasi, Jawa Barat, Jawa, 17147, Indonesia"
"Kwetiaw Sapi Apollo, Bekasi Selatan","{'average': 4.7, 'total': 0}",3,"[{'key': 'tenants/gofood/tags/CUISINE_CHINESE', 'tenantUid': 'gofood', 'uid': 'CUISINE_CHINESE', 'displayName': 'Chinese', 'description': '', 'taxonomy': 2, 'parentKey': ''}, {'key': 'tenants/gofood/tags/CUISINE_ANEKA_NASI', 'tenantUid': 'gofood', 'uid': 'CUISINE_ANEKA_NASI', 'displayName': 'Aneka nasi', 'description': '', 'taxonomy': 2, 'parentKey': ''}, {'key': 'tenants/gofood/tags/CUISINE_BAKMIE', 'tenantUid': 'gofood', 'uid': 'CUISINE_BAKMIE', 'displayName': 'Bakmie', 'description': '', 'taxonomy': 2, 'parentKey': ''}]","Jalan Boulevard Raya Barat, Pondok Pekayon Indah, Pekayon, Jakasetia, Kota Bekasi, Jawa Barat, Jawa, 17147, Indonesia"
"NomiNomi Delight, Bekasi","{'average': 4.7, 'total': 0}",3,"[{'key': 'tenants/gofood/tags/CUISINE_JAPANESE', 'tenantUid': 'gofood', 'uid': 'CUISINE_JAPANESE', 'displayName': 'Jepang', 'description': '', 'taxonomy': 2, 'parentKey': ''}]","Jalan Boulevard Raya Barat, Pondok Pekayon Indah, Pekayon, Jakasetia, Kota Bekasi, Jawa Barat, Jawa, 17147, Indonesia"
"Haus!, Karang Satria","{'average': 4.7, 'total': 0}",2,"[{'key': 'tenants/gofood/tags/CUISINE_SWEETS_DESSERTS', 'tenantUid': 'gofood', 'uid': 'CUISINE_SWEETS_DESSERTS', 'displayName': 'Sweets', 'description': '', 'taxonomy': 2, 'parentKey': ''}, {'key': 'tenants/gofood/tags/CUISINE_MINUMAN', 'tenantUid': 'gofood', 'uid': 'CUISINE_MINUMAN', 'displayName': 'Minuman', 'description': '', 'taxonomy': 2, 'parentKey': ''}, {'key': 'tenants/gofood/tags/CUISINE_SNACKS_JAJANAN', 'tenantUid': 'gofood', 'uid': 'CUISINE_SNACKS_JAJANAN', 'displayName': 'Jajanan', 'description': '', 'taxonomy': 2, 'parentKey': ''}, {'key': 'tenants/gofood/tags/CUISINE_COFFEE_SHOP', 'tenantUid': 'gofood', 'uid': 'CUISINE_COFFEE_SHOP', 'displayName': 'Kopi', 'description': '', 'taxonomy': 2, 'parentKey': ''}]","Kabupaten Bekasi, Jawa Barat, Jawa, 17123, Indonesia"
"Waroeng Ikal 3.76, Ruko Grand Galaxy","{'average': 0, 'total': 0}",1,"[{'key': 'tenants/gofood/tags/CUISINE_SOTO_BAKSO_SOP', 'tenantUid': 'gofood', 'uid': 'CUISINE_SOTO_BAKSO_SOP', 'displayName': 'Bakso & soto', 'description': '', 'taxonomy': 2, 'parentKey': ''}]","Jalan Boulevard Raya Barat, Pondok Pekayon Indah, Pekayon, Jakasetia, Kota Bekasi, Jawa Barat, Jawa, 17147, Indonesia"
"Pizza Hut Delivery - PHD, Ruko Villa Mutiara Gading 2","{'average': 4.6, 'total': 0}",4,"[{'key': 'tenants/gofood/tags/CUISINE_PIZZA_PASTA', 'tenantUid': 'gofood', 'uid': 'CUISINE_PIZZA_PASTA', 'displayName': 'Pizza & pasta', 'description': '', 'taxonomy': 2, 'parentKey': ''}, {'key': 'tenants/gofood/tags/CUISINE_FASTFOOD', 'tenantUid': 'gofood', 'uid': 'CUISINE_FASTFOOD', 'displayName': 'Cepat saji', 'description': '', 'taxonomy': 2, 'parentKey': ''}, {'key': 'tenants/gofood/tags/CUISINE_SNACKS_JAJANAN', 'tenantUid': 'gofood', 'uid': 'CUISINE_SNACKS_JAJANAN', 'displayName': 'Jajanan', 'description': '', 'taxonomy': 2, 'parentKey': ''}, {'key': 'tenants/gofood/tags/CUISINE_BURGER_SANDWICH_STEAK', 'tenantUid': 'gofood', 'uid': 'CUISINE_BURGER_SANDWICH_STEAK', 'displayName': 'Barat', 'description': '', 'taxonomy': 2, 'parentKey': ''}, {'key': 'tenants/gofood/tags/CUISINE_ANEKA_AYAM_BEBEK', 'tenantUid': 'gofood', 'uid': 'CUISINE_ANEKA_AYAM_BEBEK', 'displayName': 'Ayam & bebek', 'description': '', 'taxonomy': 2, 'parentKey': ''}]","Jalan Karang Satria, Karangsatria, Kabupaten Bekasi, Jawa Barat, Jawa, 17123, Indonesia"
"Sate Madura Cak Ari, Bekasi Selatan","{'average': 4.8, 'total': 0}",3,"[{'key': 'tenants/gofood/tags/CUISINE_SATE', 'tenantUid': 'gofood', 'uid': 'CUISINE_SATE', 'displayName': 'Sate', 'description': '', 'taxonomy': 2, 'parentKey': ''}]","Rumah Sakit Anna, 36, Jalan Pekayon Raya, Pondok Pekayon Indah, Pekayon, Jakasetia, Kota Bekasi, Jawa Barat, Jawa, 17147, Indonesia"
"Thirstea, Boulevar Raya","{'average': 0, 'total': 0}",2,"[{'key': 'tenants/gofood/tags/CUISINE_MINUMAN', 'tenantUid': 'gofood', 'uid': 'CUISINE_MINUMAN', 'displayName': 'Minuman', 'description': '', 'taxonomy': 2, 'parentKey': ''}]","Jalan Boulevard Raya Barat, Pondok Pekayon Indah, Pekayon, Jakasetia, Kota Bekasi, Jawa Barat, Jawa, 17147, Indonesia"
"Alfa's Resto, Grand Galaxy","{'average': 0, 'total': 0}",2,"[{'key': 'tenants/gofood/tags/CUISINE_ANEKA_AYAM_BEBEK', 'tenantUid': 'gofood', 'uid': 'CUISINE_ANEKA_AYAM_BEBEK', 'displayName': 'Ayam & bebek', 'description': '', 'taxonomy': 2, 'parentKey': ''}, {'key': 'tenants/gofood/tags/CUISINE_ANEKA_NASI', 'tenantUid': 'gofood', 'uid': 'CUISINE_ANEKA_NASI', 'displayName': 'Aneka nasi', 'description': '', 'taxonomy': 2, 'parentKey': ''}]","Komplek Pondok Surya Mandala, Pekayon, Jakasetia, Kota Bekasi, Jawa Barat, Jawa, 17147, Indonesia"
"Lapo Uly Humbang, Harapan Baru Regency","{'average': 4.4, 'total': 0}",3,[],"RW 03, Harapan Baru Regency, Cakung, Jakarta Timur, Kota Bekasi, Jawa Barat, Jawa, 17134, Indonesia"
Warunk Food Fighters,"{'average': 0, 'total': 0}",2,"[{'key': 'tenants/gofood/tags/CUISINE_SNACKS_JAJANAN', 'tenantUid': 'gofood', 'uid': 'CUISINE_SNACKS_JAJANAN', 'displayName': 'Jajanan', 'description': '', 'taxonomy': 2, 'parentKey': ''}, {'key': 'tenants/gofood/tags/CUISINE_ROTI', 'tenantUid': 'gofood', 'uid': 'CUISINE_ROTI', 'displayName': 'Roti', 'description': '', 'taxonomy': 2, 'parentKey': ''}, {'key': 'tenants/gofood/tags/CUISINE_COFFEE_SHOP', 'tenantUid': 'gofood', 'uid': 'CUISINE_COFFEE_SHOP', 'displayName': 'Kopi', 'description': '', 'taxonomy': 2, 'parentKey': ''}]","Jalan Boulevard Raya Barat, Pondok Pekayon Indah, Pekayon, Jakasetia, Kota Bekasi, Jawa Barat, Jawa, 17147, Indonesia"
"Ayam Geprek Bu TER, Bekasi Selatan","{'average': 4.7, 'total': 0}",2,"[{'key': 'tenants/gofood/tags/CUISINE_ANEKA_AYAM_BEBEK', 'tenantUid': 'gofood', 'uid': 'CUISINE_ANEKA_AYAM_BEBEK', 'displayName': 'Ayam & bebek', 'description': '', 'taxonomy': 2, 'parentKey': ''}]","Jalan Boulevard Raya Barat, Pondok Pekayon Indah, Pekayon, Jakasetia, Kota Bekasi, Jawa Barat, Jawa, 17147, Indonesia"
"Yokobento, Ruko Villa Mutiara Gading","{'average': 4.6, 'total': 0}",2,"[{'key': 'tenants/gofood/tags/CUISINE_JAPANESE', 'tenantUid': 'gofood', 'uid': 'CUISINE_JAPANESE', 'displayName': 'Jepang', 'description': '', 'taxonomy': 2, 'parentKey': ''}, {'key': 'tenants/gofood/tags/CUISINE_ANEKA_AYAM_BEBEK', 'tenantUid': 'gofood', 'uid': 'CUISINE_ANEKA_AYAM_BEBEK', 'displayName': 'Ayam & bebek', 'description': '', 'taxonomy': 2, 'parentKey': ''}, {'key': 'tenants/gofood/tags/CUISINE_FASTFOOD', 'tenantUid': 'gofood', 'uid': 'CUISINE_FASTFOOD', 'displayName': 'Cepat saji', 'description': '', 'taxonomy': 2, 'parentKey': ''}]","Jalan Karang Satria, Karangsatria, Kabupaten Bekasi, Jawa Barat, Jawa, 17123, Indonesia"
"Gado Gado Mama Resty, Babelan","{'average': 4.5, 'total': 0}",2,"[{'key': 'tenants/gofood/tags/CUISINE_ANEKA_NASI', 'tenantUid': 'gofood', 'uid': 'CUISINE_ANEKA_NASI', 'displayName': 'Aneka nasi', 'description': '', 'taxonomy': 2, 'parentKey': ''}]","Kabupaten Bekasi, Jawa Barat, Jawa, 17122, Indonesia"
"Domino's Pizza, Karang Satria","{'average': 4.6, 'total': 0}",3,"[{'key': 'tenants/gofood/tags/CUISINE_PIZZA_PASTA', 'tenantUid': 'gofood', 'uid': 'CUISINE_PIZZA_PASTA', 'displayName': 'Pizza & pasta', 'description': '', 'taxonomy': 2, 'parentKey': ''}, {'key': 'tenants/gofood/tags/CUISINE_FASTFOOD', 'tenantUid': 'gofood', 'uid': 'CUISINE_FASTFOOD', 'displayName': 'Cepat saji', 'description': '', 'taxonomy': 2, 'parentKey': ''}, {'key': 'tenants/gofood/tags/CUISINE_SNACKS_JAJANAN', 'tenantUid': 'gofood', 'uid': 'CUISINE_SNACKS_JAJANAN', 'displayName': 'Jajanan', 'description': '', 'taxonomy': 2, 'parentKey': ''}]","Jalan Karang Satria, Karangsatria, Kabupaten Bekasi, Jawa Barat, Jawa, 17123, Indonesia"
"Mie Ayam Bangka Josen, Tambun Utara","{'average': 4.8, 'total': 0}",2,"[{'key': 'tenants/gofood/tags/CUISINE_BAKMIE', 'tenantUid': 'gofood', 'uid': 'CUISINE_BAKMIE', 'displayName': 'Bakmie', 'description': '', 'taxonomy': 2, 'parentKey': ''}]","Karangsatria, Kabupaten Bekasi, Jawa Barat, Jawa, 17123, Indonesia"
"Bang Raden Gerobak Kopi, Grand Galaxy City","{'average': 4.8, 'total': 0}",3,"[{'key': 'tenants/gofood/tags/CUISINE_MINUMAN', 'tenantUid': 'gofood', 'uid': 'CUISINE_MINUMAN', 'displayName': 'Minuman', 'description': '', 'taxonomy': 2, 'parentKey': ''}, {'key': 'tenants/gofood/tags/CUISINE_COFFEE_SHOP', 'tenantUid': 'gofood', 'uid': 'CUISINE_COFFEE_SHOP', 'displayName': 'Kopi', 'description': '', 'taxonomy': 2, 'parentKey': ''}, {'key': 'tenants/gofood/tags/CUISINE_SWEETS_DESSERTS', 'tenantUid': 'gofood', 'uid': 'CUISINE_SWEETS_DESSERTS', 'displayName': 'Sweets', 'description': '', 'taxonomy': 2, 'parentKey': ''}]","Jalan Ruko Sentra Niaga 6, Komplek Mayor, Pekayon, Jakasetia, Kota Bekasi, Jawa Barat, Jawa, 17147, Indonesia"
"Bandeng Rorod Kuliner Khas Bekasi, Bekasi Timur","{'average': 3.9, 'total': 0}",2,[],"Mie Ayam Bangka, Jalan Bumi Sani Permai, Setiamekar, Kabupaten Bekasi, Jawa Barat, Jawa, 17111, Indonesia"
"Bakso Rusuk Solo, Gusti Ngurah Rai","{'average': 4.7, 'total': 0}",3,"[{'key': 'tenants/gofood/tags/CUISINE_SOTO_BAKSO_SOP', 'tenantUid': 'gofood', 'uid': 'CUISINE_SOTO_BAKSO_SOP', 'displayName': 'Bakso & soto', 'description': '', 'taxonomy': 2, 'parentKey': ''}, {'key': 'tenants/gofood/tags/CUISINE_SATE', 'tenantUid': 'gofood', 'uid': 'CUISINE_SATE', 'displayName': 'Sate', 'description': '', 'taxonomy': 2, 'parentKey': ''}]","Jalan I Gusti Ngurah Rai, RW 11, Kranji, Duren Sawit, Kranji, Kota Bekasi, Jawa Barat, Jawa, 17133, Indonesia"
"Stop' Eat, Grand Galaxy","{'average': 0, 'total': 0}",2,"[{'key': 'tenants/gofood/tags/CUISINE_SNACKS_JAJANAN', 'tenantUid': 'gofood', 'uid': 'CUISINE_SNACKS_JAJANAN', 'displayName': 'Jajanan', 'description': '', 'taxonomy': 2, 'parentKey': ''}, {'key': 'tenants/gofood/tags/CUISINE_COFFEE_SHOP', 'tenantUid': 'gofood', 'uid': 'CUISINE_COFFEE_SHOP', 'displayName': 'Kopi', 'description': '', 'taxonomy': 2, 'parentKey': ''}, {'key': 'tenants/gofood/tags/CUISINE_SWEETS_DESSERTS', 'tenantUid': 'gofood', 'uid': 'CUISINE_SWEETS_DESSERTS', 'displayName': 'Sweets', 'description': '', 'taxonomy': 2, 'parentKey': ''}]","Jalan Boulevard Raya Barat, Komplek Mayor, Pekayon, Jakasetia, Kota Bekasi, Jawa Barat, Jawa, 17147, Indonesia"
"Bakmie & Seafood 99, Pekayon","{'average': 4.8, 'total': 0}",3,"[{'key': 'tenants/gofood/tags/CUISINE_SEAFOOD', 'tenantUid': 'gofood', 'uid': 'CUISINE_SEAFOOD', 'displayName': 'Seafood', 'description': '', 'taxonomy': 2, 'parentKey': ''}, {'key': 'tenants/gofood/tags/CUISINE_BAKMIE', 'tenantUid': 'gofood', 'uid': 'CUISINE_BAKMIE', 'displayName': 'Bakmie', 'description': '', 'taxonomy': 2, 'parentKey': ''}]","Rumah Sakit Anna, 36, Jalan Pekayon Raya, Pondok Pekayon Indah, Pekayon, Jakasetia, Kota Bekasi, Jawa Barat, Jawa, 17147, Indonesia"
"I Am Geprek Bensu Perum, Bekasi Timur","{'average': 4.7, 'total': 0}",2,"[{'key': 'tenants/gofood/tags/CUISINE_ANEKA_AYAM_BEBEK', 'tenantUid': 'gofood', 'uid': 'CUISINE_ANEKA_AYAM_BEBEK', 'displayName': 'Ayam & bebek', 'description': '', 'taxonomy': 2, 'parentKey': ''}, {'key': 'tenants/gofood/tags/CUISINE_ANEKA_NASI', 'tenantUid': 'gofood', 'uid': 'CUISINE_ANEKA_NASI', 'displayName': 'Aneka nasi', 'description': '', 'taxonomy': 2, 'parentKey': ''}, {'key': 'tenants/gofood/tags/CUISINE_FASTFOOD', 'tenantUid': 'gofood', 'uid': 'CUISINE_FASTFOOD', 'displayName': 'Cepat saji', 'description': '', 'taxonomy': 2, 'parentKey': ''}]","Jalan Pulau Flores Raya, Aren Jaya, Kota Bekasi, Jawa Barat, Jawa, 17111, Indonesia"
"Pempek Yenny, Rawalumbu","{'average': 4.6, 'total': 0}",2,"[{'key': 'tenants/gofood/tags/CUISINE_SNACKS_JAJANAN', 'tenantUid': 'gofood', 'uid': 'CUISINE_SNACKS_JAJANAN', 'displayName': 'Jajanan', 'description': '', 'taxonomy': 2, 'parentKey': ''}]","Kopi Terpingkal, 3, Jalan Lumbu Barat Raya, Jembatan Nol, Rawalumbu, Sepanjangjaya, Kota Bekasi, Jawa Barat, Jawa, 17116, Indonesia"
"Martabak Mahkota Prumnas 3, Maluku Raya","{'average': 0, 'total': 0}",2,"[{'key': 'tenants/gofood/tags/CUISINE_SNACKS_JAJANAN', 'tenantUid': 'gofood', 'uid': 'CUISINE_SNACKS_JAJANAN', 'displayName': 'Jajanan', 'description': '', 'taxonomy': 2, 'parentKey': ''}, {'key': 'tenants/gofood/tags/CUISINE_MARTABAK', 'tenantUid': 'gofood', 'uid': 'CUISINE_MARTABAK', 'displayName': 'Martabak', 'description': '', 'taxonomy': 2, 'parentKey': ''}]","Aren Jaya, Kota Bekasi, Jawa Barat, Jawa, 17111, Indonesia"
"Soto Gading Kalibata, Grand Galaxy City","{'average': 4.8, 'total': 0}",1,"[{'key': 'tenants/gofood/tags/CUISINE_SOTO_BAKSO_SOP', 'tenantUid': 'gofood', 'uid': 'CUISINE_SOTO_BAKSO_SOP', 'displayName': 'Bakso & soto', 'description': '', 'taxonomy': 2, 'parentKey': ''}]","Jalan Ruko Sentra Komersial 6, Komplek Mayor, Markan, Jakasetia, Kota Bekasi, Jawa Barat, Jawa, 17147, Indonesia"
"Holland Bakery, Jl. KH. Noer Ali Bekasi","{'average': 4.7, 'total': 0}",2,"[{'key': 'tenants/gofood/tags/CUISINE_ROTI', 'tenantUid': 'gofood', 'uid': 'CUISINE_ROTI', 'displayName': 'Roti', 'description': '', 'taxonomy': 2, 'parentKey': ''}, {'key': 'tenants/gofood/tags/CUISINE_SWEETS_DESSERTS', 'tenantUid': 'gofood', 'uid': 'CUISINE_SWEETS_DESSERTS', 'displayName': 'Sweets', 'description': '', 'taxonomy': 2, 'parentKey': ''}]","Warunk Upnormal, Jalan Raya Kalimalang, Bintarajaya, Kota Bekasi, Jawa Barat, Jawa, 17145, Indonesia"
"Ayam Bersih Berkah (GK), Kalimalang","{'average': 4.7, 'total': 0}",2,"[{'key': 'tenants/gofood/tags/CUISINE_ANEKA_NASI', 'tenantUid': 'gofood', 'uid': 'CUISINE_ANEKA_NASI', 'displayName': 'Aneka nasi', 'description': '', 'taxonomy': 2, 'parentKey': ''}]","Holland Bakery, 86 E, Jalan Raya Kalimalang, Bintarajaya, Kota Bekasi, Jawa Barat, Jawa, 17145, Indonesia"
"Bakso dan Mie Ayam WOOW, T.Narogong Indah/Rawalumbu","{'average': 4.6, 'total': 0}",2,"[{'key': 'tenants/gofood/tags/CUISINE_BAKMIE', 'tenantUid': 'gofood', 'uid': 'CUISINE_BAKMIE', 'displayName': 'Bakmie', 'description': '', 'taxonomy': 2, 'parentKey': ''}, {'key': 'tenants/gofood/tags/CUISINE_SOTO_BAKSO_SOP', 'tenantUid': 'gofood', 'uid': 'CUISINE_SOTO_BAKSO_SOP', 'displayName': 'Bakso & soto', 'description': '', 'taxonomy': 2, 'parentKey': ''}]","Jalan Narogong Asri, Perum. Taman Narogong Indah, Narogong, Sepanjangjaya, Kota Bekasi, Jawa Barat, Jawa, 17115, Indonesia"
"Zhandoezz Pizza, Villa Mutiara Gading 2","{'average': 0, 'total': 0}",2,"[{'key': 'tenants/gofood/tags/CUISINE_PIZZA_PASTA', 'tenantUid': 'gofood', 'uid': 'CUISINE_PIZZA_PASTA', 'displayName': 'Pizza & pasta', 'description': '', 'taxonomy': 2, 'parentKey': ''}]","Karangsatria, Kabupaten Bekasi, Jawa Barat, Jawa, 17123, Indonesia"
"Sweevory Delight, Bekasi Selatan","{'average': 4.4, 'total': 0}",2,"[{'key': 'tenants/gofood/tags/CUISINE_COFFEE_SHOP', 'tenantUid': 'gofood', 'uid': 'CUISINE_COFFEE_SHOP', 'displayName': 'Kopi', 'description': '', 'taxonomy': 2, 'parentKey': ''}, {'key': 'tenants/gofood/tags/CUISINE_MINUMAN', 'tenantUid': 'gofood', 'uid': 'CUISINE_MINUMAN', 'displayName': 'Minuman', 'description': '', 'taxonomy': 2, 'parentKey': ''}, {'key': 'tenants/gofood/tags/CUISINE_ROTI', 'tenantUid': 'gofood', 'uid': 'CUISINE_ROTI', 'displayName': 'Roti', 'description': '', 'taxonomy': 2, 'parentKey': ''}]","Jalan Ruko Sentra Niaga 3, Komplek Mayor, Markan, Jakasetia, Kota Bekasi, Jawa Barat, Jawa, 17147, Indonesia"
"Janke (Jajanan Kekinian) Mr.Antoni, Aren Jaya","{'average': 3.7, 'total': 0}",2,"[{'key': 'tenants/gofood/tags/CUISINE_SWEETS_DESSERTS', 'tenantUid': 'gofood', 'uid': 'CUISINE_SWEETS_DESSERTS', 'displayName': 'Sweets', 'description': '', 'taxonomy': 2, 'parentKey': ''}, {'key': 'tenants/gofood/tags/CUISINE_BURGER_SANDWICH_STEAK', 'tenantUid': 'gofood', 'uid': 'CUISINE_BURGER_SANDWICH_STEAK', 'displayName': 'Barat', 'description': '', 'taxonomy': 2, 'parentKey': ''}, {'key': 'tenants/gofood/tags/CUISINE_MINUMAN', 'tenantUid': 'gofood', 'uid': 'CUISINE_MINUMAN', 'displayName': 'Minuman', 'description': '', 'taxonomy': 2, 'parentKey': ''}, {'key': 'tenants/gofood/tags/CUISINE_SNACKS_JAJANAN', 'tenantUid': 'gofood', 'uid': 'CUISINE_SNACKS_JAJANAN', 'displayName': 'Jajanan', 'description': '', 'taxonomy': 2, 'parentKey': ''}]","Jalan Pulau Timor 1, Aren Jaya, Kota Bekasi, Jawa Barat, Jawa, 17111, Indonesia"
"Bakmi Cahaya, Caman Raya","{'average': 4.9, 'total': 0}",3,"[{'key': 'tenants/gofood/tags/CUISINE_BAKMIE', 'tenantUid': 'gofood', 'uid': 'CUISINE_BAKMIE', 'displayName': 'Bakmie', 'description': '', 'taxonomy': 2, 'parentKey': ''}, {'key': 'tenants/gofood/tags/CUISINE_CHINESE', 'tenantUid': 'gofood', 'uid': 'CUISINE_CHINESE', 'displayName': 'Chinese', 'description': '', 'taxonomy': 2, 'parentKey': ''}, {'key': 'tenants/gofood/tags/CUISINE_SEAFOOD', 'tenantUid': 'gofood', 'uid': 'CUISINE_SEAFOOD', 'displayName': 'Seafood', 'description': '', 'taxonomy': 2, 'parentKey': ''}]","Jalan Caman Raya, Bintarajaya, Kota Bekasi, Jawa Barat, Jawa, 17145, Indonesia"
"Pempek Mang Jawali, VILLA MUTIARA GADING 2","{'average': 4.7, 'total': 0}",1,"[{'key': 'tenants/gofood/tags/CUISINE_SNACKS_JAJANAN', 'tenantUid': 'gofood', 'uid': 'CUISINE_SNACKS_JAJANAN', 'displayName': 'Jajanan', 'description': '', 'taxonomy': 2, 'parentKey': ''}]","Karangsatria, Kabupaten Bekasi, Jawa Barat, Jawa, 17123, Indonesia"
"Mahkota Caman, Ruko Bougenville","{'average': 4.2, 'total': 0}",2,"[{'key': 'tenants/gofood/tags/CUISINE_ANEKA_AYAM_BEBEK', 'tenantUid': 'gofood', 'uid': 'CUISINE_ANEKA_AYAM_BEBEK', 'displayName': 'Ayam & bebek', 'description': '', 'taxonomy': 2, 'parentKey': ''}, {'key': 'tenants/gofood/tags/CUISINE_BAKMIE', 'tenantUid': 'gofood', 'uid': 'CUISINE_BAKMIE', 'displayName': 'Bakmie', 'description': '', 'taxonomy': 2, 'parentKey': ''}, {'key': 'tenants/gofood/tags/CUISINE_SOTO_BAKSO_SOP', 'tenantUid': 'gofood', 'uid': 'CUISINE_SOTO_BAKSO_SOP', 'displayName': 'Bakso & soto', 'description': '', 'taxonomy': 2, 'parentKey': ''}]","Jalan Caman Raya, Bintarajaya, Kota Bekasi, Jawa Barat, Jawa, 17145, Indonesia"
"Mbok Centil Ayam Kampung Serundeng, Galaxy","{'average': 4.9, 'total': 0}",2,"[{'key': 'tenants/gofood/tags/CUISINE_ANEKA_AYAM_BEBEK', 'tenantUid': 'gofood', 'uid': 'CUISINE_ANEKA_AYAM_BEBEK', 'displayName': 'Ayam & bebek', 'description': '', 'taxonomy': 2, 'parentKey': ''}]","Jalan Ruko Sentra Niaga 2, Komplek Mayor, Markan, Jakasetia, Kota Bekasi, Jawa Barat, Jawa, 17147, Indonesia"
"Warung Adipati, Tambun Selatan","{'average': 4.2, 'total': 0}",2,"[{'key': 'tenants/gofood/tags/CUISINE_SNACKS_JAJANAN', 'tenantUid': 'gofood', 'uid': 'CUISINE_SNACKS_JAJANAN', 'displayName': 'Jajanan', 'description': '', 'taxonomy': 2, 'parentKey': ''}, {'key': 'tenants/gofood/tags/CUISINE_ANEKA_NASI', 'tenantUid': 'gofood', 'uid': 'CUISINE_ANEKA_NASI', 'displayName': 'Aneka nasi', 'description': '', 'taxonomy': 2, 'parentKey': ''}, {'key': 'tenants/gofood/tags/CUISINE_BAKMIE', 'tenantUid': 'gofood', 'uid': 'CUISINE_BAKMIE', 'displayName': 'Bakmie', 'description': '', 'taxonomy': 2, 'parentKey': ''}]","Perum. Jatimulya Bekasi, Jatimulya, Kabupaten Bekasi, Jawa Barat, Jawa, 17510, Indonesia"
"Warung Pecel Lele Cak Bondet, Medan Satria","{'average': 4.7, 'total': 0}",1,"[{'key': 'tenants/gofood/tags/CUISINE_ANEKA_NASI', 'tenantUid': 'gofood', 'uid': 'CUISINE_ANEKA_NASI', 'displayName': 'Aneka nasi', 'description': '', 'taxonomy': 2, 'parentKey': ''}, {'key': 'tenants/gofood/tags/CUISINE_ANEKA_AYAM_BEBEK', 'tenantUid': 'gofood', 'uid': 'CUISINE_ANEKA_AYAM_BEBEK', 'displayName': 'Ayam & bebek', 'description': '', 'taxonomy': 2, 'parentKey': ''}, {'key': 'tenants/gofood/tags/CUISINE_SOTO_BAKSO_SOP', 'tenantUid': 'gofood', 'uid': 'CUISINE_SOTO_BAKSO_SOP', 'displayName': 'Bakso & soto', 'description': '', 'taxonomy': 2, 'parentKey': ''}]","Jalan Raya Seroja Bekasi, Medansatria, Kota Bekasi, Jawa Barat, Jawa, 17132, Indonesia"
"Churros Lezatos, Jembatan Besi","{'average': 4.5, 'total': 0}",2,"[{'key': 'tenants/gofood/tags/CUISINE_SWEETS_DESSERTS', 'tenantUid': 'gofood', 'uid': 'CUISINE_SWEETS_DESSERTS', 'displayName': 'Sweets', 'description': '', 'taxonomy': 2, 'parentKey': ''}, {'key': 'tenants/gofood/tags/CUISINE_SNACKS_JAJANAN', 'tenantUid': 'gofood', 'uid': 'CUISINE_SNACKS_JAJANAN', 'displayName': 'Jajanan', 'description': '', 'taxonomy': 2, 'parentKey': ''}, {'key': 'tenants/gofood/tags/CUISINE_MINUMAN', 'tenantUid': 'gofood', 'uid': 'CUISINE_MINUMAN', 'displayName': 'Minuman', 'description': '', 'taxonomy': 2, 'parentKey': ''}]","Jalan Karang Satria, Karangsatria, Kabupaten Bekasi, Jawa Barat, Jawa, 17123, Indonesia"
"Yokobento, Nusantara Raya","{'average': 4.5, 'total': 0}",2,"[{'key': 'tenants/gofood/tags/CUISINE_JAPANESE', 'tenantUid': 'gofood', 'uid': 'CUISINE_JAPANESE', 'displayName': 'Jepang', 'description': '', 'taxonomy': 2, 'parentKey': ''}, {'key': 'tenants/gofood/tags/CUISINE_ANEKA_AYAM_BEBEK', 'tenantUid': 'gofood', 'uid': 'CUISINE_ANEKA_AYAM_BEBEK', 'displayName': 'Ayam & bebek', 'description': '', 'taxonomy': 2, 'parentKey': ''}, {'key': 'tenants/gofood/tags/CUISINE_FASTFOOD', 'tenantUid': 'gofood', 'uid': 'CUISINE_FASTFOOD', 'displayName': 'Cepat saji', 'description': '', 'taxonomy': 2, 'parentKey': ''}]","Jalan Pulau Maluku 8, Aren Jaya, Kota Bekasi, Jawa Barat, Jawa, 17111, Indonesia"
"Mie Ayam Pangsit Pakde Timbul, Sultan Agung","{'average': 4.6, 'total': 0}",2,"[{'key': 'tenants/gofood/tags/CUISINE_BAKMIE', 'tenantUid': 'gofood', 'uid': 'CUISINE_BAKMIE', 'displayName': 'Bakmie', 'description': '', 'taxonomy': 2, 'parentKey': ''}]","Gang Merdeka, Medansatria, Kota Bekasi, Jawa Barat, Jawa, 17132, Indonesia"
"ROA Manadonese Food, Grand Icon","{'average': 4.8, 'total': 0}",3,"[{'key': 'tenants/gofood/tags/CUISINE_SEAFOOD', 'tenantUid': 'gofood', 'uid': 'CUISINE_SEAFOOD', 'displayName': 'Seafood', 'description': '', 'taxonomy': 2, 'parentKey': ''}, {'key': 'tenants/gofood/tags/CUISINE_ANEKA_NASI', 'tenantUid': 'gofood', 'uid': 'CUISINE_ANEKA_NASI', 'displayName': 'Aneka nasi', 'description': '', 'taxonomy': 2, 'parentKey': ''}, {'key': 'tenants/gofood/tags/CUISINE_ANEKA_AYAM_BEBEK', 'tenantUid': 'gofood', 'uid': 'CUISINE_ANEKA_AYAM_BEBEK', 'displayName': 'Ayam & bebek', 'description': '', 'taxonomy': 2, 'parentKey': ''}]","Jalan Caman Raya, Bintarajaya, Kota Bekasi, Jawa Barat, Jawa, 17145, Indonesia"
"Warkop 1899, Puma 88","{'average': 4.2, 'total': 0}",1,"[{'key': 'tenants/gofood/tags/CUISINE_SNACKS_JAJANAN', 'tenantUid': 'gofood', 'uid': 'CUISINE_SNACKS_JAJANAN', 'displayName': 'Jajanan', 'description': '', 'taxonomy': 2, 'parentKey': ''}]","Rawa Sapi, Jatimulya, Kabupaten Bekasi, Jawa Barat, Jawa, 17115, Indonesia"
"Gabus Pucung, Bintara Jaya","{'average': 4.6, 'total': 0}",3,"[{'key': 'tenants/gofood/tags/CUISINE_ANEKA_NASI', 'tenantUid': 'gofood', 'uid': 'CUISINE_ANEKA_NASI', 'displayName': 'Aneka nasi', 'description': '', 'taxonomy': 2, 'parentKey': ''}, {'key': 'tenants/gofood/tags/CUISINE_FASTFOOD', 'tenantUid': 'gofood', 'uid': 'CUISINE_FASTFOOD', 'displayName': 'Cepat saji', 'description': '', 'taxonomy': 2, 'parentKey': ''}]","Jalan Haji Matali, Bintara, Kota Bekasi, Jawa Barat, Jawa, 17134, Indonesia"
"Puspita Pastry, Bekasi Selatan","{'average': 0, 'total': 0}",3,"[{'key': 'tenants/gofood/tags/CUISINE_SWEETS_DESSERTS', 'tenantUid': 'gofood', 'uid': 'CUISINE_SWEETS_DESSERTS', 'displayName': 'Sweets', 'description': '', 'taxonomy': 2, 'parentKey': ''}, {'key': 'tenants/gofood/tags/CUISINE_ROTI', 'tenantUid': 'gofood', 'uid': 'CUISINE_ROTI', 'displayName': 'Roti', 'description': '', 'taxonomy': 2, 'parentKey': ''}, {'key': 'tenants/gofood/tags/CUISINE_SNACKS_JAJANAN', 'tenantUid': 'gofood', 'uid': 'CUISINE_SNACKS_JAJANAN', 'displayName': 'Jajanan', 'description': '', 'taxonomy': 2, 'parentKey': ''}]","Jalan Rajawali VIII, Jakamulya, Kota Bekasi, Jawa Barat, Jawa, 17145, Indonesia"
"Richeese Factory, Pekayon","{'average': 4.7, 'total': 0}",3,"[{'key': 'tenants/gofood/tags/CUISINE_FASTFOOD', 'tenantUid': 'gofood', 'uid': 'CUISINE_FASTFOOD', 'displayName': 'Cepat saji', 'description': '', 'taxonomy': 2, 'parentKey': ''}, {'key': 'tenants/gofood/tags/CUISINE_ANEKA_AYAM_BEBEK', 'tenantUid': 'gofood', 'uid': 'CUISINE_ANEKA_AYAM_BEBEK', 'displayName': 'Ayam & bebek', 'description': '', 'taxonomy': 2, 'parentKey': ''}, {'key': 'tenants/gofood/tags/CUISINE_ANEKA_NASI', 'tenantUid': 'gofood', 'uid': 'CUISINE_ANEKA_NASI', 'displayName': 'Aneka nasi', 'description': '', 'taxonomy': 2, 'parentKey': ''}]","Kantor Kelurahan Jaka Setia, 1, Jalan Pekayon Raya, Pondok Pekayon Indah, Pekayon, Jakasetia, Kota Bekasi, Jawa Barat, Jawa, 17147, Indonesia"
"Jengkol Jeng Fanny, Bekasi Timur","{'average': 3.9, 'total': 0}",2,"[{'key': 'tenants/gofood/tags/CUISINE_ANEKA_AYAM_BEBEK', 'tenantUid': 'gofood', 'uid': 'CUISINE_ANEKA_AYAM_BEBEK', 'displayName': 'Ayam & bebek', 'description': '', 'taxonomy': 2, 'parentKey': ''}]","Aren Jaya, Kota Bekasi, Jawa Barat, Jawa, 17111, Indonesia"
"Seblak Jeletot & Ochot-ochot, Bintara Jaya","{'average': 4.4, 'total': 0}",2,"[{'key': 'tenants/gofood/tags/CUISINE_FASTFOOD', 'tenantUid': 'gofood', 'uid': 'CUISINE_FASTFOOD', 'displayName': 'Cepat saji', 'description': '', 'taxonomy': 2, 'parentKey': ''}, {'key': 'tenants/gofood/tags/CUISINE_ANEKA_NASI', 'tenantUid': 'gofood', 'uid': 'CUISINE_ANEKA_NASI', 'displayName': 'Aneka nasi', 'description': '', 'taxonomy': 2, 'parentKey': ''}, {'key': 'tenants/gofood/tags/CUISINE_SOTO_BAKSO_SOP', 'tenantUid': 'gofood', 'uid': 'CUISINE_SOTO_BAKSO_SOP', 'displayName': 'Bakso & soto', 'description': '', 'taxonomy': 2, 'parentKey': ''}]","Bintarajaya, Kota Bekasi, Jawa Barat, Jawa, 17145, Indonesia"
"Pizza Hut Delivery - PHD, Caman Jatibening","{'average': 4.7, 'total': 0}",3,"[{'key': 'tenants/gofood/tags/CUISINE_PIZZA_PASTA', 'tenantUid': 'gofood', 'uid': 'CUISINE_PIZZA_PASTA', 'displayName': 'Pizza & pasta', 'description': '', 'taxonomy': 2, 'parentKey': ''}, {'key': 'tenants/gofood/tags/CUISINE_FASTFOOD', 'tenantUid': 'gofood', 'uid': 'CUISINE_FASTFOOD', 'displayName': 'Cepat saji', 'description': '', 'taxonomy': 2, 'parentKey': ''}, {'key': 'tenants/gofood/tags/CUISINE_SNACKS_JAJANAN', 'tenantUid': 'gofood', 'uid': 'CUISINE_SNACKS_JAJANAN', 'displayName': 'Jajanan', 'description': '', 'taxonomy': 2, 'parentKey': ''}, {'key': 'tenants/gofood/tags/CUISINE_BURGER_SANDWICH_STEAK', 'tenantUid': 'gofood', 'uid': 'CUISINE_BURGER_SANDWICH_STEAK', 'displayName': 'Barat', 'description': '', 'taxonomy': 2, 'parentKey': ''}, {'key': 'tenants/gofood/tags/CUISINE_ANEKA_AYAM_BEBEK', 'tenantUid': 'gofood', 'uid': 'CUISINE_ANEKA_AYAM_BEBEK', 'displayName': 'Ayam & bebek', 'description': '', 'taxonomy': 2, 'parentKey': ''}]","Bintarajaya, Kota Bekasi, Jawa Barat, Jawa, 17145, Indonesia"
"Fish Streat, Grand Galaxy","{'average': 4.6, 'total': 0}",3,"[{'key': 'tenants/gofood/tags/CUISINE_SEAFOOD', 'tenantUid': 'gofood', 'uid': 'CUISINE_SEAFOOD', 'displayName': 'Seafood', 'description': '', 'taxonomy': 2, 'parentKey': ''}]","Jalan Boulevard Raya Barat, Komplek Mayor, Pekayon, Jakasetia, Kota Bekasi, Jawa Barat, Jawa, 17147, Indonesia"
"Rendang Ramses, Jembatan 7","{'average': 4.5, 'total': 0}",2,"[{'key': 'tenants/gofood/tags/CUISINE_ANEKA_NASI', 'tenantUid': 'gofood', 'uid': 'CUISINE_ANEKA_NASI', 'displayName': 'Aneka nasi', 'description': '', 'taxonomy': 2, 'parentKey': ''}, {'key': 'tenants/gofood/tags/CUISINE_FASTFOOD', 'tenantUid': 'gofood', 'uid': 'CUISINE_FASTFOOD', 'displayName': 'Cepat saji', 'description': '', 'taxonomy': 2, 'parentKey': ''}]","Jalan Lumbu Barat Raya, Jembatan 13, Markan, Bojong Rawalumbu, Kota Bekasi, Jawa Barat, Jawa, 17116, Indonesia"
"Ketoprak Galaxsi, Depan Precious Corner","{'average': 4.1, 'total': 0}",2,"[{'key': 'tenants/gofood/tags/CUISINE_ANEKA_NASI', 'tenantUid': 'gofood', 'uid': 'CUISINE_ANEKA_NASI', 'displayName': 'Aneka nasi', 'description': '', 'taxonomy': 2, 'parentKey': ''}]","25, Jalan Boulevard Raya Barat, Komplek Mayor, Markan, Jakasetia, Kota Bekasi, Jawa Barat, Jawa, 17147, Indonesia"
"Mie Keriting Ayam Jamur ""Cantik Sebelas"", Taman Narogong Indah","{'average': 4.3, 'total': 0}",2,"[{'key': 'tenants/gofood/tags/CUISINE_BAKMIE', 'tenantUid': 'gofood', 'uid': 'CUISINE_BAKMIE', 'displayName': 'Bakmie', 'description': '', 'taxonomy': 2, 'parentKey': ''}, {'key': 'tenants/gofood/tags/CUISINE_SOTO_BAKSO_SOP', 'tenantUid': 'gofood', 'uid': 'CUISINE_SOTO_BAKSO_SOP', 'displayName': 'Bakso & soto', 'description': '', 'taxonomy': 2, 'parentKey': ''}, {'key': 'tenants/gofood/tags/CUISINE_SNACKS_JAJANAN', 'tenantUid': 'gofood', 'uid': 'CUISINE_SNACKS_JAJANAN', 'displayName': 'Jajanan', 'description': '', 'taxonomy': 2, 'parentKey': ''}]","Jalan Cantik XI, Perum. Taman Narogong Indah, Narogong, Kota Bekasi, Jawa Barat, Jawa, 17115, Indonesia"
Lava Choco Drink Jatimulya,"{'average': 0, 'total': 0}",1,"[{'key': 'tenants/gofood/tags/CUISINE_SWEETS_DESSERTS', 'tenantUid': 'gofood', 'uid': 'CUISINE_SWEETS_DESSERTS', 'displayName': 'Sweets', 'description': '', 'taxonomy': 2, 'parentKey': ''}]","Jalan Hm Embo, Perum. Jatimulya Bekasi, Jatimulya, Kabupaten Bekasi, Jawa Barat, Jawa, 17510, Indonesia"
"Maulin's Brownies, Taman Narogong Indah Raya","{'average': 4.5, 'total': 0}",3,"[{'key': 'tenants/gofood/tags/CUISINE_ROTI', 'tenantUid': 'gofood', 'uid': 'CUISINE_ROTI', 'displayName': 'Roti', 'description': '', 'taxonomy': 2, 'parentKey': ''}, {'key': 'tenants/gofood/tags/CUISINE_SNACKS_JAJANAN', 'tenantUid': 'gofood', 'uid': 'CUISINE_SNACKS_JAJANAN', 'displayName': 'Jajanan', 'description': '', 'taxonomy': 2, 'parentKey': ''}, {'key': 'tenants/gofood/tags/CUISINE_SWEETS_DESSERTS', 'tenantUid': 'gofood', 'uid': 'CUISINE_SWEETS_DESSERTS', 'displayName': 'Sweets', 'description': '', 'taxonomy': 2, 'parentKey': ''}]","Jalan Raya Taman Narogong, Perum. Taman Narogong Indah, Rawalumbu, Bojong Rawalumbu, Kota Bekasi, Jawa Barat, Jawa, 17157, Indonesia"
"d'BestO, Rawa Kalong 1","{'average': 4.7, 'total': 0}",2,"[{'key': 'tenants/gofood/tags/CUISINE_FASTFOOD', 'tenantUid': 'gofood', 'uid': 'CUISINE_FASTFOOD', 'displayName': 'Cepat saji', 'description': '', 'taxonomy': 2, 'parentKey': ''}]","Jalan Setia Mekar, Toyogiri, Setiamekar, Kabupaten Bekasi, Jawa Barat, Jawa, 10350, Indonesia"
"Warung Sate Solo Pak No Caman, Pondok Gede","{'average': 4.7, 'total': 0}",3,"[{'key': 'tenants/gofood/tags/CUISINE_SATE', 'tenantUid': 'gofood', 'uid': 'CUISINE_SATE', 'displayName': 'Sate', 'description': '', 'taxonomy': 2, 'parentKey': ''}, {'key': 'tenants/gofood/tags/CUISINE_SNACKS_JAJANAN', 'tenantUid': 'gofood', 'uid': 'CUISINE_SNACKS_JAJANAN', 'displayName': 'Jajanan', 'description': '', 'taxonomy': 2, 'parentKey': ''}, {'key': 'tenants/gofood/tags/CUISINE_MINUMAN', 'tenantUid': 'gofood', 'uid': 'CUISINE_MINUMAN', 'displayName': 'Minuman', 'description': '', 'taxonomy': 2, 'parentKey': ''}]","Jalan Caman Raya, Bintarajaya, Kota Bekasi, Jawa Barat, Jawa, 17145, Indonesia"
"Nasi Kebuli Nabawi (Stand 2), Ujung Harapan","{'average': 0, 'total': 0}",3,"[{'key': 'tenants/gofood/tags/CUISINE_ANEKA_NASI', 'tenantUid': 'gofood', 'uid': 'CUISINE_ANEKA_NASI', 'displayName': 'Aneka nasi', 'description': '', 'taxonomy': 2, 'parentKey': ''}, {'key': 'tenants/gofood/tags/CUISINE_MIDDLE_EASTERN', 'tenantUid': 'gofood', 'uid': 'CUISINE_MIDDLE_EASTERN', 'displayName': 'Timur Tengah', 'description': '', 'taxonomy': 2, 'parentKey': ''}, {'key': 'tenants/gofood/tags/CUISINE_SNACKS_JAJANAN', 'tenantUid': 'gofood', 'uid': 'CUISINE_SNACKS_JAJANAN', 'displayName': 'Jajanan', 'description': '', 'taxonomy': 2, 'parentKey': ''}]","Jalan Raya Ujung Harapan, Kaliabang Tengah, Kota Bekasi, Jawa Barat, Jawa, 17125, Indonesia"
"Soto Ayam Babon Surabaya, Bekasi Utara","{'average': 4.6, 'total': 0}",1,"[{'key': 'tenants/gofood/tags/CUISINE_SOTO_BAKSO_SOP', 'tenantUid': 'gofood', 'uid': 'CUISINE_SOTO_BAKSO_SOP', 'displayName': 'Bakso & soto', 'description': '', 'taxonomy': 2, 'parentKey': ''}]","Jalan Taman Wisma Asri II, Telukpucung, Kota Bekasi, Jawa Barat, Jawa, 17121, Indonesia"
"Salad Buah Firly, Tambun Selatan","{'average': 3.8, 'total': 0}",3,"[{'key': 'tenants/gofood/tags/CUISINE_SWEETS_DESSERTS', 'tenantUid': 'gofood', 'uid': 'CUISINE_SWEETS_DESSERTS', 'displayName': 'Sweets', 'description': '', 'taxonomy': 2, 'parentKey': ''}, {'key': 'tenants/gofood/tags/CUISINE_FASTFOOD', 'tenantUid': 'gofood', 'uid': 'CUISINE_FASTFOOD', 'displayName': 'Cepat saji', 'description': '', 'taxonomy': 2, 'parentKey': ''}]","Rawa Sapi, Jatimulya, Kabupaten Bekasi, Jawa Barat, Jawa, 17115, Indonesia"
"Warung Bu Kris, Medan Satria","{'average': 4.8, 'total': 0}",2,"[{'key': 'tenants/gofood/tags/CUISINE_ANEKA_NASI', 'tenantUid': 'gofood', 'uid': 'CUISINE_ANEKA_NASI', 'displayName': 'Aneka nasi', 'description': '', 'taxonomy': 2, 'parentKey': ''}]","Jalan Raya Seroja Bekasi, RW 03, Ujung Menteng, Cakung, Medansatria, Kota Bekasi, Jawa Barat, Jawa, 17132, Indonesia"
"McDonald's, Kota Harapan Indah","{'average': 4.8, 'total': 0}",3,"[{'key': 'tenants/gofood/tags/CUISINE_FASTFOOD', 'tenantUid': 'gofood', 'uid': 'CUISINE_FASTFOOD', 'displayName': 'Cepat saji', 'description': '', 'taxonomy': 2, 'parentKey': ''}, {'key': 'tenants/gofood/tags/CUISINE_SWEETS_DESSERTS', 'tenantUid': 'gofood', 'uid': 'CUISINE_SWEETS_DESSERTS', 'displayName': 'Sweets', 'description': '', 'taxonomy': 2, 'parentKey': ''}, {'key': 'tenants/gofood/tags/CUISINE_SNACKS_JAJANAN', 'tenantUid': 'gofood', 'uid': 'CUISINE_SNACKS_JAJANAN', 'displayName': 'Jajanan', 'description': '', 'taxonomy': 2, 'parentKey': ''}]","McDonald's, Jalan Harapan Indah Raya, Kota Harapan Indah, Medansatria, Kota Bekasi, Jawa Barat, Jawa, 17132, Indonesia"
"KFC, Taman Harapan Indah","{'average': 4.7, 'total': 0}",3,"[{'key': 'tenants/gofood/tags/CUISINE_FASTFOOD', 'tenantUid': 'gofood', 'uid': 'CUISINE_FASTFOOD', 'displayName': 'Cepat saji', 'description': '', 'taxonomy': 2, 'parentKey': ''}]","KFC, Jalan Sultan Agung, Kota Harapan Indah, Medansatria, Kota Bekasi, Jawa Barat, Jawa, 17132, Indonesia"
"Bakso Aci Teh Resty, Mustika Sari","{'average': 3.8, 'total': 0}",2,"[{'key': 'tenants/gofood/tags/CUISINE_SOTO_BAKSO_SOP', 'tenantUid': 'gofood', 'uid': 'CUISINE_SOTO_BAKSO_SOP', 'displayName': 'Bakso & soto', 'description': '', 'taxonomy': 2, 'parentKey': ''}, {'key': 'tenants/gofood/tags/CUISINE_BAKMIE', 'tenantUid': 'gofood', 'uid': 'CUISINE_BAKMIE', 'displayName': 'Bakmie', 'description': '', 'taxonomy': 2, 'parentKey': ''}, {'key': 'tenants/gofood/tags/CUISINE_FASTFOOD', 'tenantUid': 'gofood', 'uid': 'CUISINE_FASTFOOD', 'displayName': 'Cepat saji', 'description': '', 'taxonomy': 2, 'parentKey': ''}]","Perum. Taman Narogong Indah, Narogong, Kota Bekasi, Jawa Barat, Jawa, 17157, Indonesia"
"Bakso Aci Garut Teh Resty, Jl Pasar Tanah Merah","{'average': 4.5, 'total': 0}",2,"[{'key': 'tenants/gofood/tags/CUISINE_SNACKS_JAJANAN', 'tenantUid': 'gofood', 'uid': 'CUISINE_SNACKS_JAJANAN', 'displayName': 'Jajanan', 'description': '', 'taxonomy': 2, 'parentKey': ''}, {'key': 'tenants/gofood/tags/CUISINE_SOTO_BAKSO_SOP', 'tenantUid': 'gofood', 'uid': 'CUISINE_SOTO_BAKSO_SOP', 'displayName': 'Bakso & soto', 'description': '', 'taxonomy': 2, 'parentKey': ''}]","Jalan Tanah Nerah, Perum. Taman Narogong Indah, Narogong, Kota Bekasi, Jawa Barat, Jawa, 17157, Indonesia"
"HokBen, Medan Satria","{'average': 4.8, 'total': 0}",3,"[{'key': 'tenants/gofood/tags/CUISINE_JAPANESE', 'tenantUid': 'gofood', 'uid': 'CUISINE_JAPANESE', 'displayName': 'Jepang', 'description': '', 'taxonomy': 2, 'parentKey': ''}, {'key': 'tenants/gofood/tags/CUISINE_FASTFOOD', 'tenantUid': 'gofood', 'uid': 'CUISINE_FASTFOOD', 'displayName': 'Cepat saji', 'description': '', 'taxonomy': 2, 'parentKey': ''}]","McDonald's, Jalan Harapan Indah Raya, Kota Harapan Indah, Medansatria, Kota Bekasi, Jawa Barat, Jawa, 17132, Indonesia"
"SS Crepes Mall & Es Teh Nusantara, Bekasi","{'average': 0, 'total': 0}",1,"[{'key': 'tenants/gofood/tags/CUISINE_SNACKS_JAJANAN', 'tenantUid': 'gofood', 'uid': 'CUISINE_SNACKS_JAJANAN', 'displayName': 'Jajanan', 'description': '', 'taxonomy': 2, 'parentKey': ''}, {'key': 'tenants/gofood/tags/CUISINE_FASTFOOD', 'tenantUid': 'gofood', 'uid': 'CUISINE_FASTFOOD', 'displayName': 'Cepat saji', 'description': '', 'taxonomy': 2, 'parentKey': ''}, {'key': 'tenants/gofood/tags/CUISINE_ROTI', 'tenantUid': 'gofood', 'uid': 'CUISINE_ROTI', 'displayName': 'Roti', 'description': '', 'taxonomy': 2, 'parentKey': ''}]","Alfamidi, Jalan Bintara Jaya, Bintarajaya, Kota Bekasi, Jawa Barat, Jawa, 17134, Indonesia"
"I Am Geprek Bensu, Marakash","{'average': 4.7, 'total': 0}",2,"[{'key': 'tenants/gofood/tags/CUISINE_ANEKA_AYAM_BEBEK', 'tenantUid': 'gofood', 'uid': 'CUISINE_ANEKA_AYAM_BEBEK', 'displayName': 'Ayam & bebek', 'description': '', 'taxonomy': 2, 'parentKey': ''}, {'key': 'tenants/gofood/tags/CUISINE_ANEKA_NASI', 'tenantUid': 'gofood', 'uid': 'CUISINE_ANEKA_NASI', 'displayName': 'Aneka nasi', 'description': '', 'taxonomy': 2, 'parentKey': ''}, {'key': 'tenants/gofood/tags/CUISINE_FASTFOOD', 'tenantUid': 'gofood', 'uid': 'CUISINE_FASTFOOD', 'displayName': 'Cepat saji', 'description': '', 'taxonomy': 2, 'parentKey': ''}]","Jalan Pondok Ungu Permai, Grand Pondok Ungu, Kabupaten Bekasi, Jawa Barat, Jawa, 17125, Indonesia"
"Ikan Bakar BM, Tambun Utara","{'average': 4.8, 'total': 0}",3,"[{'key': 'tenants/gofood/tags/CUISINE_ANEKA_AYAM_BEBEK', 'tenantUid': 'gofood', 'uid': 'CUISINE_ANEKA_AYAM_BEBEK', 'displayName': 'Ayam & bebek', 'description': '', 'taxonomy': 2, 'parentKey': ''}, {'key': 'tenants/gofood/tags/CUISINE_SEAFOOD', 'tenantUid': 'gofood', 'uid': 'CUISINE_SEAFOOD', 'displayName': 'Seafood', 'description': '', 'taxonomy': 2, 'parentKey': ''}, {'key': 'tenants/gofood/tags/CUISINE_MINUMAN', 'tenantUid': 'gofood', 'uid': 'CUISINE_MINUMAN', 'displayName': 'Minuman', 'description': '', 'taxonomy': 2, 'parentKey': ''}]","Jalan Raya Rawa Kalong, Karangsatria, Kabupaten Bekasi, Jawa Barat, Jawa, 17123, Indonesia"
"Nisa Frozen Food, Perumahan Taman Alamanda","{'average': 4, 'total': 0}",2,"[{'key': 'tenants/gofood/tags/CUISINE_SNACKS_JAJANAN', 'tenantUid': 'gofood', 'uid': 'CUISINE_SNACKS_JAJANAN', 'displayName': 'Jajanan', 'description': '', 'taxonomy': 2, 'parentKey': ''}, {'key': 'tenants/gofood/tags/CUISINE_SWEETS_DESSERTS', 'tenantUid': 'gofood', 'uid': 'CUISINE_SWEETS_DESSERTS', 'displayName': 'Sweets', 'description': '', 'taxonomy': 2, 'parentKey': ''}]","Karangsatria, Kabupaten Bekasi, Jawa Barat, Jawa, 17150, Indonesia"
"Lets Go Chicken, Ujung Harapan","{'average': 4.3, 'total': 0}",2,"[{'key': 'tenants/gofood/tags/CUISINE_FASTFOOD', 'tenantUid': 'gofood', 'uid': 'CUISINE_FASTFOOD', 'displayName': 'Cepat saji', 'description': '', 'taxonomy': 2, 'parentKey': ''}, {'key': 'tenants/gofood/tags/CUISINE_ANEKA_AYAM_BEBEK', 'tenantUid': 'gofood', 'uid': 'CUISINE_ANEKA_AYAM_BEBEK', 'displayName': 'Ayam & bebek', 'description': '', 'taxonomy': 2, 'parentKey': ''}]","Jalan Raya Ujung Harapan, Kabupaten Bekasi, Jawa Barat, Jawa, 17125, Indonesia"
"Pizza Hut, Harapan Indah","{'average': 4.7, 'total': 0}",4,"[{'key': 'tenants/gofood/tags/CUISINE_PIZZA_PASTA', 'tenantUid': 'gofood', 'uid': 'CUISINE_PIZZA_PASTA', 'displayName': 'Pizza & pasta', 'description': '', 'taxonomy': 2, 'parentKey': ''}, {'key': 'tenants/gofood/tags/CUISINE_FASTFOOD', 'tenantUid': 'gofood', 'uid': 'CUISINE_FASTFOOD', 'displayName': 'Cepat saji', 'description': '', 'taxonomy': 2, 'parentKey': ''}, {'key': 'tenants/gofood/tags/CUISINE_BURGER_SANDWICH_STEAK', 'tenantUid': 'gofood', 'uid': 'CUISINE_BURGER_SANDWICH_STEAK', 'displayName': 'Barat', 'description': '', 'taxonomy': 2, 'parentKey': ''}, {'key': 'tenants/gofood/tags/CUISINE_SNACKS_JAJANAN', 'tenantUid': 'gofood', 'uid': 'CUISINE_SNACKS_JAJANAN', 'displayName': 'Jajanan', 'description': '', 'taxonomy': 2, 'parentKey': ''}, {'key': 'tenants/gofood/tags/CUISINE_ANEKA_AYAM_BEBEK', 'tenantUid': 'gofood', 'uid': 'CUISINE_ANEKA_AYAM_BEBEK', 'displayName': 'Ayam & bebek', 'description': '', 'taxonomy': 2, 'parentKey': ''}]","Jalan Harapan Indah Bulevar, Kota Harapan Indah, Medansatria, Kota Bekasi, Jawa Barat, Jawa, 17132, Indonesia"
"Restoran Sederhana, Caman","{'average': 4.8, 'total': 0}",2,"[{'key': 'tenants/gofood/tags/CUISINE_ANEKA_NASI', 'tenantUid': 'gofood', 'uid': 'CUISINE_ANEKA_NASI', 'displayName': 'Aneka nasi', 'description': '', 'taxonomy': 2, 'parentKey': ''}]","Jatibening, Kota Bekasi, Jawa Barat, Jawa, 17412, Indonesia"
"Gudang Rottie, Rukan Villa Jatibening","{'average': 4.8, 'total': 0}",2,"[{'key': 'tenants/gofood/tags/CUISINE_BURGER_SANDWICH_STEAK', 'tenantUid': 'gofood', 'uid': 'CUISINE_BURGER_SANDWICH_STEAK', 'displayName': 'Barat', 'description': '', 'taxonomy': 2, 'parentKey': ''}, {'key': 'tenants/gofood/tags/CUISINE_ROTI', 'tenantUid': 'gofood', 'uid': 'CUISINE_ROTI', 'displayName': 'Roti', 'description': '', 'taxonomy': 2, 'parentKey': ''}]","Gudang Rottie, Jalan Caman Raya, Jatibening, Kota Bekasi, Jawa Barat, Jawa, 17412, Indonesia"
"The Harvest Cakes, Harapan Indah","{'average': 4.4, 'total': 0}",4,"[{'key': 'tenants/gofood/tags/CUISINE_ROTI', 'tenantUid': 'gofood', 'uid': 'CUISINE_ROTI', 'displayName': 'Roti', 'description': '', 'taxonomy': 2, 'parentKey': ''}, {'key': 'tenants/gofood/tags/CUISINE_COFFEE_SHOP', 'tenantUid': 'gofood', 'uid': 'CUISINE_COFFEE_SHOP', 'displayName': 'Kopi', 'description': '', 'taxonomy': 2, 'parentKey': ''}, {'key': 'tenants/gofood/tags/CUISINE_SWEETS_DESSERTS', 'tenantUid': 'gofood', 'uid': 'CUISINE_SWEETS_DESSERTS', 'displayName': 'Sweets', 'description': '', 'taxonomy': 2, 'parentKey': ''}]","Jalan Harapan Indah Bulevar, Kota Harapan Indah, Medansatria, Kota Bekasi, Jawa Barat, Jawa, 17132, Indonesia"
"Ayam Penyet Kembar, Bekasi Utara","{'average': 4.6, 'total': 0}",1,"[{'key': 'tenants/gofood/tags/CUISINE_ANEKA_AYAM_BEBEK', 'tenantUid': 'gofood', 'uid': 'CUISINE_ANEKA_AYAM_BEBEK', 'displayName': 'Ayam & bebek', 'description': '', 'taxonomy': 2, 'parentKey': ''}, {'key': 'tenants/gofood/tags/CUISINE_ANEKA_NASI', 'tenantUid': 'gofood', 'uid': 'CUISINE_ANEKA_NASI', 'displayName': 'Aneka nasi', 'description': '', 'taxonomy': 2, 'parentKey': ''}, {'key': 'tenants/gofood/tags/CUISINE_MINUMAN', 'tenantUid': 'gofood', 'uid': 'CUISINE_MINUMAN', 'displayName': 'Minuman', 'description': '', 'taxonomy': 2, 'parentKey': ''}]","Karangsatria, Kabupaten Bekasi, Jawa Barat, Jawa, 17150, Indonesia"
"Ropi, Harapan Indah","{'average': 4.6, 'total': 0}",1,"[{'key': 'tenants/gofood/tags/CUISINE_SNACKS_JAJANAN', 'tenantUid': 'gofood', 'uid': 'CUISINE_SNACKS_JAJANAN', 'displayName': 'Jajanan', 'description': '', 'taxonomy': 2, 'parentKey': ''}, {'key': 'tenants/gofood/tags/CUISINE_ROTI', 'tenantUid': 'gofood', 'uid': 'CUISINE_ROTI', 'displayName': 'Roti', 'description': '', 'taxonomy': 2, 'parentKey': ''}]","Jalan Boulevard Hijau Raya, Kota Harapan Indah, Pejuang, Kota Bekasi, Jawa Barat, Jawa, 17131, Indonesia"
"Dimsum Serase, Bekasi Selatan","{'average': 4.2, 'total': 0}",2,"[{'key': 'tenants/gofood/tags/CUISINE_FASTFOOD', 'tenantUid': 'gofood', 'uid': 'CUISINE_FASTFOOD', 'displayName': 'Cepat saji', 'description': '', 'taxonomy': 2, 'parentKey': ''}, {'key': 'tenants/gofood/tags/CUISINE_SNACKS_JAJANAN', 'tenantUid': 'gofood', 'uid': 'CUISINE_SNACKS_JAJANAN', 'displayName': 'Jajanan', 'description': '', 'taxonomy': 2, 'parentKey': ''}, {'key': 'tenants/gofood/tags/CUISINE_JAPANESE', 'tenantUid': 'gofood', 'uid': 'CUISINE_JAPANESE', 'displayName': 'Jepang', 'description': '', 'taxonomy': 2, 'parentKey': ''}]","Komplek Mayor, Jakamulya, Kota Bekasi, Jawa Barat, Jawa, 17146, Indonesia"
"RM Manado Cakalang, Bulevard Hijau","{'average': 4.8, 'total': 0}",2,"[{'key': 'tenants/gofood/tags/CUISINE_ANEKA_NASI', 'tenantUid': 'gofood', 'uid': 'CUISINE_ANEKA_NASI', 'displayName': 'Aneka nasi', 'description': '', 'taxonomy': 2, 'parentKey': ''}, {'key': 'tenants/gofood/tags/CUISINE_FASTFOOD', 'tenantUid': 'gofood', 'uid': 'CUISINE_FASTFOOD', 'displayName': 'Cepat saji', 'description': '', 'taxonomy': 2, 'parentKey': ''}, {'key': 'tenants/gofood/tags/CUISINE_SWEETS_DESSERTS', 'tenantUid': 'gofood', 'uid': 'CUISINE_SWEETS_DESSERTS', 'displayName': 'Sweets', 'description': '', 'taxonomy': 2, 'parentKey': ''}]","Kota Harapan Indah, Pejuang, Kota Bekasi, Jawa Barat, Jawa, 17131, Indonesia"
"Pisang Goreng Tanduk Chocomoet Crispy, Bekasi Barat","{'average': 4.8, 'total': 0}",2,"[{'key': 'tenants/gofood/tags/CUISINE_SWEETS_DESSERTS', 'tenantUid': 'gofood', 'uid': 'CUISINE_SWEETS_DESSERTS', 'displayName': 'Sweets', 'description': '', 'taxonomy': 2, 'parentKey': ''}, {'key': 'tenants/gofood/tags/CUISINE_SNACKS_JAJANAN', 'tenantUid': 'gofood', 'uid': 'CUISINE_SNACKS_JAJANAN', 'displayName': 'Jajanan', 'description': '', 'taxonomy': 2, 'parentKey': ''}]","RW 03, Pondok Kelapa, Duren Sawit, Bintarajaya, Kota Bekasi, Jawa Barat, Jawa, 17412, Indonesia"
"Rumah Ucok Durian Medan, Bening Permai","{'average': 4.4, 'total': 0}",4,"[{'key': 'tenants/gofood/tags/CUISINE_SNACKS_JAJANAN', 'tenantUid': 'gofood', 'uid': 'CUISINE_SNACKS_JAJANAN', 'displayName': 'Jajanan', 'description': '', 'taxonomy': 2, 'parentKey': ''}, {'key': 'tenants/gofood/tags/CUISINE_SWEETS_DESSERTS', 'tenantUid': 'gofood', 'uid': 'CUISINE_SWEETS_DESSERTS', 'displayName': 'Sweets', 'description': '', 'taxonomy': 2, 'parentKey': ''}, {'key': 'tenants/gofood/tags/CUISINE_FASTFOOD', 'tenantUid': 'gofood', 'uid': 'CUISINE_FASTFOOD', 'displayName': 'Cepat saji', 'description': '', 'taxonomy': 2, 'parentKey': ''}]","Jalan Mawar, Jatibening, Kota Bekasi, Jawa Barat, Jawa, 17412, Indonesia"
"Soto Betawi Bang N'Dut 09, Jatibening","{'average': 4.3, 'total': 0}",3,"[{'key': 'tenants/gofood/tags/CUISINE_SOTO_BAKSO_SOP', 'tenantUid': 'gofood', 'uid': 'CUISINE_SOTO_BAKSO_SOP', 'displayName': 'Bakso & soto', 'description': '', 'taxonomy': 2, 'parentKey': ''}, {'key': 'tenants/gofood/tags/CUISINE_FASTFOOD', 'tenantUid': 'gofood', 'uid': 'CUISINE_FASTFOOD', 'displayName': 'Cepat saji', 'description': '', 'taxonomy': 2, 'parentKey': ''}, {'key': 'tenants/gofood/tags/CUISINE_BURGER_SANDWICH_STEAK', 'tenantUid': 'gofood', 'uid': 'CUISINE_BURGER_SANDWICH_STEAK', 'displayName': 'Barat', 'description': '', 'taxonomy': 2, 'parentKey': ''}]","Jakamulya, Kota Bekasi, Jawa Barat, Jawa, 17412, Indonesia"
Sop Iga dan Soto Bening Bang N’Dut 09,"{'average': 4.6, 'total': 0}",2,"[{'key': 'tenants/gofood/tags/CUISINE_SOTO_BAKSO_SOP', 'tenantUid': 'gofood', 'uid': 'CUISINE_SOTO_BAKSO_SOP', 'displayName': 'Bakso & soto', 'description': '', 'taxonomy': 2, 'parentKey': ''}]","Jakamulya, Kota Bekasi, Jawa Barat, Jawa, 17412, Indonesia"
"Mie Ayam Bangka Muslim Koh Awie, Harapan Indah","{'average': 4.7, 'total': 0}",2,"[{'key': 'tenants/gofood/tags/CUISINE_BAKMIE', 'tenantUid': 'gofood', 'uid': 'CUISINE_BAKMIE', 'displayName': 'Bakmie', 'description': '', 'taxonomy': 2, 'parentKey': ''}]","Jalan Boulevard Hijau Raya, Kota Harapan Indah, Pejuang, Kota Bekasi, Jawa Barat, Jawa, 17181, Indonesia"
"Mie Keriting Kelinci Dalam, Boulevard Hijau","{'average': 4.6, 'total': 0}",2,"[{'key': 'tenants/gofood/tags/CUISINE_ANEKA_NASI', 'tenantUid': 'gofood', 'uid': 'CUISINE_ANEKA_NASI', 'displayName': 'Aneka nasi', 'description': '', 'taxonomy': 2, 'parentKey': ''}, {'key': 'tenants/gofood/tags/CUISINE_ANEKA_AYAM_BEBEK', 'tenantUid': 'gofood', 'uid': 'CUISINE_ANEKA_AYAM_BEBEK', 'displayName': 'Ayam & bebek', 'description': '', 'taxonomy': 2, 'parentKey': ''}, {'key': 'tenants/gofood/tags/CUISINE_BAKMIE', 'tenantUid': 'gofood', 'uid': 'CUISINE_BAKMIE', 'displayName': 'Bakmie', 'description': '', 'taxonomy': 2, 'parentKey': ''}]","Jalan Boulevard Hijau Raya, Kota Harapan Indah, Pejuang, Kota Bekasi, Jawa Barat, Jawa, 17181, Indonesia"
"Sederhana SA, Harapan Indah","{'average': 4.7, 'total': 0}",2,"[{'key': 'tenants/gofood/tags/CUISINE_ANEKA_NASI', 'tenantUid': 'gofood', 'uid': 'CUISINE_ANEKA_NASI', 'displayName': 'Aneka nasi', 'description': '', 'taxonomy': 2, 'parentKey': ''}, {'key': 'tenants/gofood/tags/CUISINE_MARTABAK', 'tenantUid': 'gofood', 'uid': 'CUISINE_MARTABAK', 'displayName': 'Martabak', 'description': '', 'taxonomy': 2, 'parentKey': ''}, {'key': 'tenants/gofood/tags/CUISINE_SATE', 'tenantUid': 'gofood', 'uid': 'CUISINE_SATE', 'displayName': 'Sate', 'description': '', 'taxonomy': 2, 'parentKey': ''}]","Kota Harapan Indah, Medansatria, Kota Bekasi, Jawa Barat, Jawa, 17132, Indonesia"
"Ayam Presto Ny. Nita, Bekasi","{'average': 4.8, 'total': 0}",3,"[{'key': 'tenants/gofood/tags/CUISINE_ANEKA_AYAM_BEBEK', 'tenantUid': 'gofood', 'uid': 'CUISINE_ANEKA_AYAM_BEBEK', 'displayName': 'Ayam & bebek', 'description': '', 'taxonomy': 2, 'parentKey': ''}]","Jalan Boulevard Hijau Raya, Kota Harapan Indah, Pejuang, Kota Bekasi, Jawa Barat, Jawa, 17181, Indonesia"
"D'Losari, Medan Satria","{'average': 4.7, 'total': 0}",2,"[{'key': 'tenants/gofood/tags/CUISINE_ANEKA_AYAM_BEBEK', 'tenantUid': 'gofood', 'uid': 'CUISINE_ANEKA_AYAM_BEBEK', 'displayName': 'Ayam & bebek', 'description': '', 'taxonomy': 2, 'parentKey': ''}]","Clairmont Bekasi, 22, Jalan Boulevard Hijau Raya, Kota Harapan Indah, Pejuang, Kota Bekasi, Jawa Barat, Jawa, 17131, Indonesia"
"Steak 21, Harapan Indah","{'average': 4.6, 'total': 0}",4,"[{'key': 'tenants/gofood/tags/CUISINE_BURGER_SANDWICH_STEAK', 'tenantUid': 'gofood', 'uid': 'CUISINE_BURGER_SANDWICH_STEAK', 'displayName': 'Barat', 'description': '', 'taxonomy': 2, 'parentKey': ''}]","Jalan Harapan Indah Bulevar, Kota Harapan Indah, Medansatria, Kota Bekasi, Jawa Barat, Jawa, 17132, Indonesia"
"Ayam Keprabon Express Harapan Indah, Boulevard Hijau","{'average': 4.8, 'total': 0}",3,"[{'key': 'tenants/gofood/tags/CUISINE_ANEKA_AYAM_BEBEK', 'tenantUid': 'gofood', 'uid': 'CUISINE_ANEKA_AYAM_BEBEK', 'displayName': 'Ayam & bebek', 'description': '', 'taxonomy': 2, 'parentKey': ''}]","Clairmont Bekasi, 22, Jalan Boulevard Hijau Raya, Kota Harapan Indah, Pejuang, Kota Bekasi, Jawa Barat, Jawa, 17131, Indonesia"
"I Am Geprek Bensu, Bekasi","{'average': 4.7, 'total': 0}",2,"[{'key': 'tenants/gofood/tags/CUISINE_ANEKA_AYAM_BEBEK', 'tenantUid': 'gofood', 'uid': 'CUISINE_ANEKA_AYAM_BEBEK', 'displayName': 'Ayam & bebek', 'description': '', 'taxonomy': 2, 'parentKey': ''}, {'key': 'tenants/gofood/tags/CUISINE_ANEKA_NASI', 'tenantUid': 'gofood', 'uid': 'CUISINE_ANEKA_NASI', 'displayName': 'Aneka nasi', 'description': '', 'taxonomy': 2, 'parentKey': ''}, {'key': 'tenants/gofood/tags/CUISINE_FASTFOOD', 'tenantUid': 'gofood', 'uid': 'CUISINE_FASTFOOD', 'displayName': 'Cepat saji', 'description': '', 'taxonomy': 2, 'parentKey': ''}]","Jalan Boulevard Hijau Raya, Kota Harapan Indah, Pejuang, Kota Bekasi, Jawa Barat, Jawa, 17181, Indonesia"
"Warung Sate Solo Pak Sakha, mandala","{'average': 4.8, 'total': 0}",2,"[{'key': 'tenants/gofood/tags/CUISINE_MINUMAN', 'tenantUid': 'gofood', 'uid': 'CUISINE_MINUMAN', 'displayName': 'Minuman', 'description': '', 'taxonomy': 2, 'parentKey': ''}, {'key': 'tenants/gofood/tags/CUISINE_SATE', 'tenantUid': 'gofood', 'uid': 'CUISINE_SATE', 'displayName': 'Sate', 'description': '', 'taxonomy': 2, 'parentKey': ''}, {'key': 'tenants/gofood/tags/CUISINE_ANEKA_NASI', 'tenantUid': 'gofood', 'uid': 'CUISINE_ANEKA_NASI', 'displayName': 'Aneka nasi', 'description': '', 'taxonomy': 2, 'parentKey': ''}]","Jalan Pekayon Raya, Perumahan Pondok Mitra Lestari, Jatirasa, Kota Bekasi, Jawa Barat, Jawa, 17424, Indonesia"
"Penyet Azka, Babakan","{'average': 4.8, 'total': 0}",2,"[{'key': 'tenants/gofood/tags/CUISINE_ANEKA_AYAM_BEBEK', 'tenantUid': 'gofood', 'uid': 'CUISINE_ANEKA_AYAM_BEBEK', 'displayName': 'Ayam & bebek', 'description': '', 'taxonomy': 2, 'parentKey': ''}]","Satriajaya, Kabupaten Bekasi, Jawa Barat, Jawa, 17150, Indonesia"
"Dcika Cakes & Bakery, Harapan Indah","{'average': 4.6, 'total': 0}",3,"[{'key': 'tenants/gofood/tags/CUISINE_SWEETS_DESSERTS', 'tenantUid': 'gofood', 'uid': 'CUISINE_SWEETS_DESSERTS', 'displayName': 'Sweets', 'description': '', 'taxonomy': 2, 'parentKey': ''}, {'key': 'tenants/gofood/tags/CUISINE_ROTI', 'tenantUid': 'gofood', 'uid': 'CUISINE_ROTI', 'displayName': 'Roti', 'description': '', 'taxonomy': 2, 'parentKey': ''}, {'key': 'tenants/gofood/tags/CUISINE_SNACKS_JAJANAN', 'tenantUid': 'gofood', 'uid': 'CUISINE_SNACKS_JAJANAN', 'displayName': 'Jajanan', 'description': '', 'taxonomy': 2, 'parentKey': ''}]","Clairmont Bekasi, 22, Jalan Boulevard Hijau Raya, Kota Harapan Indah, Pejuang, Kota Bekasi, Jawa Barat, Jawa, 17131, Indonesia"
"Momolin Bakery, Babelan","{'average': 4.6, 'total': 0}",2,"[{'key': 'tenants/gofood/tags/CUISINE_SWEETS_DESSERTS', 'tenantUid': 'gofood', 'uid': 'CUISINE_SWEETS_DESSERTS', 'displayName': 'Sweets', 'description': '', 'taxonomy': 2, 'parentKey': ''}]","Jalan Pondok Ungu Permai, Grand Pondok Ungu, Kabupaten Bekasi, Jawa Barat, Jawa, 17125, Indonesia"
"Dapur Cokelat, Harapan Indah","{'average': 4.4, 'total': 0}",4,"[{'key': 'tenants/gofood/tags/CUISINE_ROTI', 'tenantUid': 'gofood', 'uid': 'CUISINE_ROTI', 'displayName': 'Roti', 'description': '', 'taxonomy': 2, 'parentKey': ''}, {'key': 'tenants/gofood/tags/CUISINE_SWEETS_DESSERTS', 'tenantUid': 'gofood', 'uid': 'CUISINE_SWEETS_DESSERTS', 'displayName': 'Sweets', 'description': '', 'taxonomy': 2, 'parentKey': ''}, {'key': 'tenants/gofood/tags/CUISINE_MINUMAN', 'tenantUid': 'gofood', 'uid': 'CUISINE_MINUMAN', 'displayName': 'Minuman', 'description': '', 'taxonomy': 2, 'parentKey': ''}, {'key': 'tenants/gofood/tags/CUISINE_SNACKS_JAJANAN', 'tenantUid': 'gofood', 'uid': 'CUISINE_SNACKS_JAJANAN', 'displayName': 'Jajanan', 'description': '', 'taxonomy': 2, 'parentKey': ''}]","Dapur Cokelat Harapan Indah, Jalan Harapan Indah Raya, Kota Harapan Indah, Medansatria, Kota Bekasi, Jawa Barat, Jawa, 17112, Indonesia"
"Bebek Setan, Harapan Indah","{'average': 4.7, 'total': 0}",2,"[{'key': 'tenants/gofood/tags/CUISINE_ANEKA_AYAM_BEBEK', 'tenantUid': 'gofood', 'uid': 'CUISINE_ANEKA_AYAM_BEBEK', 'displayName': 'Ayam & bebek', 'description': '', 'taxonomy': 2, 'parentKey': ''}]","Clairmont Bekasi, 22, Jalan Boulevard Hijau Raya, Kota Harapan Indah, Pejuang, Kota Bekasi, Jawa Barat, Jawa, 17131, Indonesia"
"A&W, Kota Harapan Indah","{'average': 4.7, 'total': 0}",3,"[{'key': 'tenants/gofood/tags/CUISINE_FASTFOOD', 'tenantUid': 'gofood', 'uid': 'CUISINE_FASTFOOD', 'displayName': 'Cepat saji', 'description': '', 'taxonomy': 2, 'parentKey': ''}]","Kota Harapan Indah, Medansatria, Kota Bekasi, Jawa Barat, Jawa, 17132, Indonesia"
"Restoran Padang Sambal Hijau, Pondok Gede","{'average': 4.7, 'total': 0}",2,"[{'key': 'tenants/gofood/tags/CUISINE_ANEKA_NASI', 'tenantUid': 'gofood', 'uid': 'CUISINE_ANEKA_NASI', 'displayName': 'Aneka nasi', 'description': '', 'taxonomy': 2, 'parentKey': ''}]","Jatibening, Kota Bekasi, Jawa Barat, Jawa, 17412, Indonesia"
"Nasi Uduk Kebon Kacang Bang Hepi, Harapan Indah","{'average': 4.6, 'total': 0}",2,"[{'key': 'tenants/gofood/tags/CUISINE_ANEKA_NASI', 'tenantUid': 'gofood', 'uid': 'CUISINE_ANEKA_NASI', 'displayName': 'Aneka nasi', 'description': '', 'taxonomy': 2, 'parentKey': ''}]","Holland Bakery Harapan Indah, 16, Jalan Boulevard Hijau Raya, Kota Harapan Indah, Pejuang, Kota Bekasi, Jawa Barat, Jawa, 17132, Indonesia"
"Holland Bakery, Medan Satria Bekasi","{'average': 4.7, 'total': 0}",2,"[{'key': 'tenants/gofood/tags/CUISINE_ROTI', 'tenantUid': 'gofood', 'uid': 'CUISINE_ROTI', 'displayName': 'Roti', 'description': '', 'taxonomy': 2, 'parentKey': ''}, {'key': 'tenants/gofood/tags/CUISINE_SWEETS_DESSERTS', 'tenantUid': 'gofood', 'uid': 'CUISINE_SWEETS_DESSERTS', 'displayName': 'Sweets', 'description': '', 'taxonomy': 2, 'parentKey': ''}]","Holland Bakery Harapan Indah, 16, Jalan Boulevard Hijau Raya, Kota Harapan Indah, Pejuang, Kota Bekasi, Jawa Barat, Jawa, 17132, Indonesia"
"Pempek Palembang Gaby, Harapan Indah","{'average': 4.7, 'total': 0}",2,"[{'key': 'tenants/gofood/tags/CUISINE_SNACKS_JAJANAN', 'tenantUid': 'gofood', 'uid': 'CUISINE_SNACKS_JAJANAN', 'displayName': 'Jajanan', 'description': '', 'taxonomy': 2, 'parentKey': ''}]","Jalan Boulevard Hijau Raya, Kota Harapan Indah, Pejuang, Kota Bekasi, Jawa Barat, Jawa, 17181, Indonesia"
"Javaland Coffee, Pondok Gede","{'average': 4.4, 'total': 0}",1,"[{'key': 'tenants/gofood/tags/CUISINE_SNACKS_JAJANAN', 'tenantUid': 'gofood', 'uid': 'CUISINE_SNACKS_JAJANAN', 'displayName': 'Jajanan', 'description': '', 'taxonomy': 2, 'parentKey': ''}, {'key': 'tenants/gofood/tags/CUISINE_COFFEE_SHOP', 'tenantUid': 'gofood', 'uid': 'CUISINE_COFFEE_SHOP', 'displayName': 'Kopi', 'description': '', 'taxonomy': 2, 'parentKey': ''}, {'key': 'tenants/gofood/tags/CUISINE_ROTI', 'tenantUid': 'gofood', 'uid': 'CUISINE_ROTI', 'displayName': 'Roti', 'description': '', 'taxonomy': 2, 'parentKey': ''}]","Jalan Dokter Ratna, Jati Kramat Indah 2, Jatikramat, Kota Bekasi, Jawa Barat, Jawa, 17421, Indonesia"
"Soto Ceker & Ranjau Pak Gendut, Harapan Indah","{'average': 4.8, 'total': 0}",2,"[{'key': 'tenants/gofood/tags/CUISINE_SOTO_BAKSO_SOP', 'tenantUid': 'gofood', 'uid': 'CUISINE_SOTO_BAKSO_SOP', 'displayName': 'Bakso & soto', 'description': '', 'taxonomy': 2, 'parentKey': ''}]","Jalan Boulevard Hijau Raya, Kota Harapan Indah, Pejuang, Kota Bekasi, Jawa Barat, Jawa, 17181, Indonesia"
"Bakso Bakwan Malang Cak Su Kumis, Harapan Indah","{'average': 4.8, 'total': 0}",1,"[{'key': 'tenants/gofood/tags/CUISINE_SOTO_BAKSO_SOP', 'tenantUid': 'gofood', 'uid': 'CUISINE_SOTO_BAKSO_SOP', 'displayName': 'Bakso & soto', 'description': '', 'taxonomy': 2, 'parentKey': ''}, {'key': 'tenants/gofood/tags/CUISINE_SNACKS_JAJANAN', 'tenantUid': 'gofood', 'uid': 'CUISINE_SNACKS_JAJANAN', 'displayName': 'Jajanan', 'description': '', 'taxonomy': 2, 'parentKey': ''}]","Jalan Boulevard Hijau Raya, Kota Harapan Indah, Pejuang, Kota Bekasi, Jawa Barat, Jawa, 17131, Indonesia"
NASI GORENG AJ,"{'average': 0, 'total': 0}",1,"[{'key': 'tenants/gofood/tags/CUISINE_SWEETS_DESSERTS', 'tenantUid': 'gofood', 'uid': 'CUISINE_SWEETS_DESSERTS', 'displayName': 'Sweets', 'description': '', 'taxonomy': 2, 'parentKey': ''}, {'key': 'tenants/gofood/tags/CUISINE_SNACKS_JAJANAN', 'tenantUid': 'gofood', 'uid': 'CUISINE_SNACKS_JAJANAN', 'displayName': 'Jajanan', 'description': '', 'taxonomy': 2, 'parentKey': ''}]","Setiamekar, Kabupaten Bekasi, Jawa Barat, Jawa, 17111, Indonesia"
"Pizza Hut Delivery - PHD, Harapan Indah","{'average': 4.8, 'total': 0}",4,"[{'key': 'tenants/gofood/tags/CUISINE_PIZZA_PASTA', 'tenantUid': 'gofood', 'uid': 'CUISINE_PIZZA_PASTA', 'displayName': 'Pizza & pasta', 'description': '', 'taxonomy': 2, 'parentKey': ''}, {'key': 'tenants/gofood/tags/CUISINE_FASTFOOD', 'tenantUid': 'gofood', 'uid': 'CUISINE_FASTFOOD', 'displayName': 'Cepat saji', 'description': '', 'taxonomy': 2, 'parentKey': ''}, {'key': 'tenants/gofood/tags/CUISINE_SNACKS_JAJANAN', 'tenantUid': 'gofood', 'uid': 'CUISINE_SNACKS_JAJANAN', 'displayName': 'Jajanan', 'description': '', 'taxonomy': 2, 'parentKey': ''}, {'key': 'tenants/gofood/tags/CUISINE_BURGER_SANDWICH_STEAK', 'tenantUid': 'gofood', 'uid': 'CUISINE_BURGER_SANDWICH_STEAK', 'displayName': 'Barat', 'description': '', 'taxonomy': 2, 'parentKey': ''}, {'key': 'tenants/gofood/tags/CUISINE_ANEKA_AYAM_BEBEK', 'tenantUid': 'gofood', 'uid': 'CUISINE_ANEKA_AYAM_BEBEK', 'displayName': 'Ayam & bebek', 'description': '', 'taxonomy': 2, 'parentKey': ''}]","Jalan Boulevard Hijau Raya, Kota Harapan Indah, Pejuang, Kota Bekasi, Jawa Barat, Jawa, 17181, Indonesia"
"Pempek Flamboyan, Caman","{'average': 4.8, 'total': 0}",3,"[{'key': 'tenants/gofood/tags/CUISINE_SNACKS_JAJANAN', 'tenantUid': 'gofood', 'uid': 'CUISINE_SNACKS_JAJANAN', 'displayName': 'Jajanan', 'description': '', 'taxonomy': 2, 'parentKey': ''}, {'key': 'tenants/gofood/tags/CUISINE_BAKMIE', 'tenantUid': 'gofood', 'uid': 'CUISINE_BAKMIE', 'displayName': 'Bakmie', 'description': '', 'taxonomy': 2, 'parentKey': ''}]","Erafone, Jalan Caman Raya, Jatibening, Kota Bekasi, Jawa Barat, Jawa, 17412, Indonesia"
"Soto Mie Mang Awi 2, (d/h p. Kadir), Bulevard Hijau","{'average': 4.3, 'total': 0}",2,"[{'key': 'tenants/gofood/tags/CUISINE_SOTO_BAKSO_SOP', 'tenantUid': 'gofood', 'uid': 'CUISINE_SOTO_BAKSO_SOP', 'displayName': 'Bakso & soto', 'description': '', 'taxonomy': 2, 'parentKey': ''}, {'key': 'tenants/gofood/tags/CUISINE_FASTFOOD', 'tenantUid': 'gofood', 'uid': 'CUISINE_FASTFOOD', 'displayName': 'Cepat saji', 'description': '', 'taxonomy': 2, 'parentKey': ''}]","Jalan Boulevard Hijau Raya, Kota Harapan Indah, Pejuang, Kota Bekasi, Jawa Barat, Jawa, 17131, Indonesia"
"Teguk, Pondok Ungu ","{'average': 4.7, 'total': 0}",2,"[{'key': 'tenants/gofood/tags/CUISINE_COFFEE_SHOP', 'tenantUid': 'gofood', 'uid': 'CUISINE_COFFEE_SHOP', 'displayName': 'Kopi', 'description': '', 'taxonomy': 2, 'parentKey': ''}, {'key': 'tenants/gofood/tags/CUISINE_MINUMAN', 'tenantUid': 'gofood', 'uid': 'CUISINE_MINUMAN', 'displayName': 'Minuman', 'description': '', 'taxonomy': 2, 'parentKey': ''}, {'key': 'tenants/gofood/tags/CUISINE_ROTI', 'tenantUid': 'gofood', 'uid': 'CUISINE_ROTI', 'displayName': 'Roti', 'description': '', 'taxonomy': 2, 'parentKey': ''}, {'key': 'tenants/gofood/tags/CUISINE_SWEETS_DESSERTS', 'tenantUid': 'gofood', 'uid': 'CUISINE_SWEETS_DESSERTS', 'displayName': 'Sweets', 'description': '', 'taxonomy': 2, 'parentKey': ''}, {'key': 'tenants/gofood/tags/CUISINE_SNACKS_JAJANAN', 'tenantUid': 'gofood', 'uid': 'CUISINE_SNACKS_JAJANAN', 'displayName': 'Jajanan', 'description': '', 'taxonomy': 2, 'parentKey': ''}]","Jalan Pondok Ungu Permai, Grand Pondok Ungu, Kabupaten Bekasi, Jawa Barat, Jawa, 17125, Indonesia"
"Pondok Bakmi Mas Suryo, Pondok Gede","{'average': 4.8, 'total': 0}",2,"[{'key': 'tenants/gofood/tags/CUISINE_ANEKA_NASI', 'tenantUid': 'gofood', 'uid': 'CUISINE_ANEKA_NASI', 'displayName': 'Aneka nasi', 'description': '', 'taxonomy': 2, 'parentKey': ''}, {'key': 'tenants/gofood/tags/CUISINE_BAKMIE', 'tenantUid': 'gofood', 'uid': 'CUISINE_BAKMIE', 'displayName': 'Bakmie', 'description': '', 'taxonomy': 2, 'parentKey': ''}]","Jatibening, Kota Bekasi, Jawa Barat, Jawa, 17412, Indonesia"
"Depot Jawa Timur, Pejuang Jaya","{'average': 4.8, 'total': 0}",2,"[{'key': 'tenants/gofood/tags/CUISINE_BAKMIE', 'tenantUid': 'gofood', 'uid': 'CUISINE_BAKMIE', 'displayName': 'Bakmie', 'description': '', 'taxonomy': 2, 'parentKey': ''}, {'key': 'tenants/gofood/tags/CUISINE_SOTO_BAKSO_SOP', 'tenantUid': 'gofood', 'uid': 'CUISINE_SOTO_BAKSO_SOP', 'displayName': 'Bakso & soto', 'description': '', 'taxonomy': 2, 'parentKey': ''}, {'key': 'tenants/gofood/tags/CUISINE_MINUMAN', 'tenantUid': 'gofood', 'uid': 'CUISINE_MINUMAN', 'displayName': 'Minuman', 'description': '', 'taxonomy': 2, 'parentKey': ''}]","Jalan Taman Harapan Baru Raya, Pejuang, Kota Bekasi, Jawa Barat, Jawa, 17131, Indonesia"
"Soto Mie Bogor Kang Kamil, Jatibening","{'average': 4.5, 'total': 0}",2,"[{'key': 'tenants/gofood/tags/CUISINE_SOTO_BAKSO_SOP', 'tenantUid': 'gofood', 'uid': 'CUISINE_SOTO_BAKSO_SOP', 'displayName': 'Bakso & soto', 'description': '', 'taxonomy': 2, 'parentKey': ''}]","Jalan Dokter Ratna, Jati Kramat Indah 2, Jatikramat, Kota Bekasi, Jawa Barat, Jawa, 17421, Indonesia"
"Warung Tongseng dan Soto Pakde Mamo, Tambun Selatan","{'average': 4.8, 'total': 0}",2,"[{'key': 'tenants/gofood/tags/CUISINE_ANEKA_NASI', 'tenantUid': 'gofood', 'uid': 'CUISINE_ANEKA_NASI', 'displayName': 'Aneka nasi', 'description': '', 'taxonomy': 2, 'parentKey': ''}, {'key': 'tenants/gofood/tags/CUISINE_SOTO_BAKSO_SOP', 'tenantUid': 'gofood', 'uid': 'CUISINE_SOTO_BAKSO_SOP', 'displayName': 'Bakso & soto', 'description': '', 'taxonomy': 2, 'parentKey': ''}]","Jalan Bumi Sani Permai, Setiamekar, Kabupaten Bekasi, Jawa Barat, Jawa, 17111, Indonesia"
"Ponut Donat Kentang, Courts KHI","{'average': 4.7, 'total': 0}",3,"[{'key': 'tenants/gofood/tags/CUISINE_SNACKS_JAJANAN', 'tenantUid': 'gofood', 'uid': 'CUISINE_SNACKS_JAJANAN', 'displayName': 'Jajanan', 'description': '', 'taxonomy': 2, 'parentKey': ''}]","Courts Megastore Bekasi, Jalan Harapan Indah Bulevar, Kota Harapan Indah, Medansatria, Kota Bekasi, Jawa Barat, Jawa, 17132, Indonesia"
"Nao Kao Thai Tea, Courts Harapan indah","{'average': 4.9, 'total': 0}",1,"[{'key': 'tenants/gofood/tags/CUISINE_MINUMAN', 'tenantUid': 'gofood', 'uid': 'CUISINE_MINUMAN', 'displayName': 'Minuman', 'description': '', 'taxonomy': 2, 'parentKey': ''}]","Courts Megastore Bekasi, Jalan Harapan Indah Bulevar, Kota Harapan Indah, Medansatria, Kota Bekasi, Jawa Barat, Jawa, 17132, Indonesia"
"Ayam & Bebek 46 Solo, Pondok Gede","{'average': 4.8, 'total': 0}",2,"[{'key': 'tenants/gofood/tags/CUISINE_ANEKA_AYAM_BEBEK', 'tenantUid': 'gofood', 'uid': 'CUISINE_ANEKA_AYAM_BEBEK', 'displayName': 'Ayam & bebek', 'description': '', 'taxonomy': 2, 'parentKey': ''}, {'key': 'tenants/gofood/tags/CUISINE_ANEKA_NASI', 'tenantUid': 'gofood', 'uid': 'CUISINE_ANEKA_NASI', 'displayName': 'Aneka nasi', 'description': '', 'taxonomy': 2, 'parentKey': ''}]","Jalan Kincan Raya, RW 12, Pondok Kelapa, Duren Sawit, Jatibening, Kota Bekasi, Jawa Barat, Jawa, 17412, Indonesia"
"RM. Padang Rajo Simpang Tigo, Bekasi Selatan","{'average': 4.8, 'total': 0}",2,"[{'key': 'tenants/gofood/tags/CUISINE_ANEKA_AYAM_BEBEK', 'tenantUid': 'gofood', 'uid': 'CUISINE_ANEKA_AYAM_BEBEK', 'displayName': 'Ayam & bebek', 'description': '', 'taxonomy': 2, 'parentKey': ''}, {'key': 'tenants/gofood/tags/CUISINE_ANEKA_NASI', 'tenantUid': 'gofood', 'uid': 'CUISINE_ANEKA_NASI', 'displayName': 'Aneka nasi', 'description': '', 'taxonomy': 2, 'parentKey': ''}]","Jalan Cikunir Raya, Graha Indah, Jakamulya, Kota Bekasi, Jawa Barat, Jawa, 17146, Indonesia"
Fat-Fat Chinese Food,"{'average': 4.8, 'total': 0}",3,"[{'key': 'tenants/gofood/tags/CUISINE_SEAFOOD', 'tenantUid': 'gofood', 'uid': 'CUISINE_SEAFOOD', 'displayName': 'Seafood', 'description': '', 'taxonomy': 2, 'parentKey': ''}]","Kota Harapan Indah, Pejuang, Kota Bekasi, Jawa Barat, Jawa, 17131, Indonesia"
"Mie Ayam 4TUT, Medan Satria","{'average': 4.6, 'total': 0}",2,"[{'key': 'tenants/gofood/tags/CUISINE_BAKMIE', 'tenantUid': 'gofood', 'uid': 'CUISINE_BAKMIE', 'displayName': 'Bakmie', 'description': '', 'taxonomy': 2, 'parentKey': ''}, {'key': 'tenants/gofood/tags/CUISINE_SNACKS_JAJANAN', 'tenantUid': 'gofood', 'uid': 'CUISINE_SNACKS_JAJANAN', 'displayName': 'Jajanan', 'description': '', 'taxonomy': 2, 'parentKey': ''}, {'key': 'tenants/gofood/tags/CUISINE_FASTFOOD', 'tenantUid': 'gofood', 'uid': 'CUISINE_FASTFOOD', 'displayName': 'Cepat saji', 'description': '', 'taxonomy': 2, 'parentKey': ''}]","Kota Harapan Indah, Pejuang, Kota Bekasi, Jawa Barat, Jawa, 17131, Indonesia"
"Rumah Makan Seafood Nasional, Pondok Timur Indah","{'average': 4.8, 'total': 0}",3,"[{'key': 'tenants/gofood/tags/CUISINE_ANEKA_AYAM_BEBEK', 'tenantUid': 'gofood', 'uid': 'CUISINE_ANEKA_AYAM_BEBEK', 'displayName': 'Ayam & bebek', 'description': '', 'taxonomy': 2, 'parentKey': ''}, {'key': 'tenants/gofood/tags/CUISINE_ANEKA_NASI', 'tenantUid': 'gofood', 'uid': 'CUISINE_ANEKA_NASI', 'displayName': 'Aneka nasi', 'description': '', 'taxonomy': 2, 'parentKey': ''}]","Jalan Pondok Timur Indah, Pondok Timur Indah, Pondok Timur, Kabupaten Bekasi, Jawa Barat, Jawa, 17158, Indonesia"
"Bakmie Crown, Harapan Indah","{'average': 4.7, 'total': 0}",2,"[{'key': 'tenants/gofood/tags/CUISINE_BAKMIE', 'tenantUid': 'gofood', 'uid': 'CUISINE_BAKMIE', 'displayName': 'Bakmie', 'description': '', 'taxonomy': 2, 'parentKey': ''}]","Kota Harapan Indah, Pejuang, Kota Bekasi, Jawa Barat, Jawa, 17131, Indonesia"
"Pempek Yukyan, Mutiara Gading Timur Raya","{'average': 4.5, 'total': 0}",2,"[{'key': 'tenants/gofood/tags/CUISINE_SNACKS_JAJANAN', 'tenantUid': 'gofood', 'uid': 'CUISINE_SNACKS_JAJANAN', 'displayName': 'Jajanan', 'description': '', 'taxonomy': 2, 'parentKey': ''}, {'key': 'tenants/gofood/tags/CUISINE_FASTFOOD', 'tenantUid': 'gofood', 'uid': 'CUISINE_FASTFOOD', 'displayName': 'Cepat saji', 'description': '', 'taxonomy': 2, 'parentKey': ''}]","Jalan Mutiara Gading Timur, Perum. Mutiara Gading Timur, Mutiara Gading, Kota Bekasi, Jawa Barat, Jawa, 17158, Indonesia"
Ganesh Cafe,"{'average': 4.9, 'total': 0}",2,"[{'key': 'tenants/gofood/tags/CUISINE_ANEKA_NASI', 'tenantUid': 'gofood', 'uid': 'CUISINE_ANEKA_NASI', 'displayName': 'Aneka nasi', 'description': '', 'taxonomy': 2, 'parentKey': ''}, {'key': 'tenants/gofood/tags/CUISINE_MINUMAN', 'tenantUid': 'gofood', 'uid': 'CUISINE_MINUMAN', 'displayName': 'Minuman', 'description': '', 'taxonomy': 2, 'parentKey': ''}]","Gang Sriwijaya, Jatibening, Kota Bekasi, Jawa Barat, Jawa, 17412, Indonesia"
"Dimsum 467, Ktw Taman Flora F12 No 16","{'average': 4.7, 'total': 0}",2,"[{'key': 'tenants/gofood/tags/CUISINE_SNACKS_JAJANAN', 'tenantUid': 'gofood', 'uid': 'CUISINE_SNACKS_JAJANAN', 'displayName': 'Jajanan', 'description': '', 'taxonomy': 2, 'parentKey': ''}, {'key': 'tenants/gofood/tags/CUISINE_FASTFOOD', 'tenantUid': 'gofood', 'uid': 'CUISINE_FASTFOOD', 'displayName': 'Cepat saji', 'description': '', 'taxonomy': 2, 'parentKey': ''}]","Grand Pondok Ungu, Kabupaten Bekasi, Jawa Barat, Jawa, 17125, Indonesia"
"Kaligung Ayam Bakar & Ayam Penyet, Bahagia","{'average': 4.6, 'total': 0}",2,"[{'key': 'tenants/gofood/tags/CUISINE_ANEKA_NASI', 'tenantUid': 'gofood', 'uid': 'CUISINE_ANEKA_NASI', 'displayName': 'Aneka nasi', 'description': '', 'taxonomy': 2, 'parentKey': ''}]","Grand Pondok Ungu, Kabupaten Bekasi, Jawa Barat, Jawa, 17125, Indonesia"
"Kimo Street Food, Al Husna","{'average': 4.9, 'total': 0}",2,"[{'key': 'tenants/gofood/tags/CUISINE_ANEKA_NASI', 'tenantUid': 'gofood', 'uid': 'CUISINE_ANEKA_NASI', 'displayName': 'Aneka nasi', 'description': '', 'taxonomy': 2, 'parentKey': ''}]","Toko Bunga Bekasi - Anzalia Florist, 35, Jalan Alhusna, Jati Kramat Indah 2, Jakamulya, Kota Bekasi, Jawa Barat, Jawa, 17421, Indonesia"
"Chatime x Cupbop, Lp Harapan Indah Bekasi","{'average': 4.7, 'total': 0}",3,"[{'key': 'tenants/gofood/tags/CUISINE_SWEETS_DESSERTS', 'tenantUid': 'gofood', 'uid': 'CUISINE_SWEETS_DESSERTS', 'displayName': 'Sweets', 'description': '', 'taxonomy': 2, 'parentKey': ''}, {'key': 'tenants/gofood/tags/CUISINE_MINUMAN', 'tenantUid': 'gofood', 'uid': 'CUISINE_MINUMAN', 'displayName': 'Minuman', 'description': '', 'taxonomy': 2, 'parentKey': ''}, {'key': 'tenants/gofood/tags/CUISINE_COFFEE_SHOP', 'tenantUid': 'gofood', 'uid': 'CUISINE_COFFEE_SHOP', 'displayName': 'Kopi', 'description': '', 'taxonomy': 2, 'parentKey': ''}]","Jalan Harapan Indah Bulevar, Kota Harapan Indah, Medansatria, Kota Bekasi, Jawa Barat, Jawa, 17132, Indonesia"
"Warung Marenta, Medan Satria","{'average': 0, 'total': 0}",1,"[{'key': 'tenants/gofood/tags/CUISINE_SNACKS_JAJANAN', 'tenantUid': 'gofood', 'uid': 'CUISINE_SNACKS_JAJANAN', 'displayName': 'Jajanan', 'description': '', 'taxonomy': 2, 'parentKey': ''}]","Pejuang, Kota Bekasi, Jawa Barat, Jawa, 17131, Indonesia"
Mydelicio Kitchen,"{'average': 4.1, 'total': 0}",3,"[{'key': 'tenants/gofood/tags/CUISINE_SNACKS_JAJANAN', 'tenantUid': 'gofood', 'uid': 'CUISINE_SNACKS_JAJANAN', 'displayName': 'Jajanan', 'description': '', 'taxonomy': 2, 'parentKey': ''}, {'key': 'tenants/gofood/tags/CUISINE_FASTFOOD', 'tenantUid': 'gofood', 'uid': 'CUISINE_FASTFOOD', 'displayName': 'Cepat saji', 'description': '', 'taxonomy': 2, 'parentKey': ''}, {'key': 'tenants/gofood/tags/CUISINE_CHINESE', 'tenantUid': 'gofood', 'uid': 'CUISINE_CHINESE', 'displayName': 'Chinese', 'description': '', 'taxonomy': 2, 'parentKey': ''}]","Jalan Kemang Amarilis 2, Kemang Pratama 5, Bojong Menteng, Kota Bekasi, Jawa Barat, Jawa, 17114, Indonesia"
"Sate Solo Pak Hasan, Mustika Jaya","{'average': 4.6, 'total': 0}",3,"[{'key': 'tenants/gofood/tags/CUISINE_ANEKA_NASI', 'tenantUid': 'gofood', 'uid': 'CUISINE_ANEKA_NASI', 'displayName': 'Aneka nasi', 'description': '', 'taxonomy': 2, 'parentKey': ''}, {'key': 'tenants/gofood/tags/CUISINE_SATE', 'tenantUid': 'gofood', 'uid': 'CUISINE_SATE', 'displayName': 'Sate', 'description': '', 'taxonomy': 2, 'parentKey': ''}]","Jalan Mutiara Gading Timur, Perum. Mutiara Gading Timur, Mutiara Gading, Kota Bekasi, Jawa Barat, Jawa, 17158, Indonesia"
"Yokobento, Ruko Taman Wisata","{'average': 4.6, 'total': 0}",2,"[{'key': 'tenants/gofood/tags/CUISINE_JAPANESE', 'tenantUid': 'gofood', 'uid': 'CUISINE_JAPANESE', 'displayName': 'Jepang', 'description': '', 'taxonomy': 2, 'parentKey': ''}, {'key': 'tenants/gofood/tags/CUISINE_ANEKA_AYAM_BEBEK', 'tenantUid': 'gofood', 'uid': 'CUISINE_ANEKA_AYAM_BEBEK', 'displayName': 'Ayam & bebek', 'description': '', 'taxonomy': 2, 'parentKey': ''}, {'key': 'tenants/gofood/tags/CUISINE_FASTFOOD', 'tenantUid': 'gofood', 'uid': 'CUISINE_FASTFOOD', 'displayName': 'Cepat saji', 'description': '', 'taxonomy': 2, 'parentKey': ''}]","Jalan Kavling Taman Wisala, Grand Pondok Ungu, Kabupaten Bekasi, Jawa Barat, Jawa, 17125, Indonesia"
"Richeese Factory, Jatibening","{'average': 4.7, 'total': 0}",3,"[{'key': 'tenants/gofood/tags/CUISINE_FASTFOOD', 'tenantUid': 'gofood', 'uid': 'CUISINE_FASTFOOD', 'displayName': 'Cepat saji', 'description': '', 'taxonomy': 2, 'parentKey': ''}, {'key': 'tenants/gofood/tags/CUISINE_ANEKA_AYAM_BEBEK', 'tenantUid': 'gofood', 'uid': 'CUISINE_ANEKA_AYAM_BEBEK', 'displayName': 'Ayam & bebek', 'description': '', 'taxonomy': 2, 'parentKey': ''}, {'key': 'tenants/gofood/tags/CUISINE_ANEKA_NASI', 'tenantUid': 'gofood', 'uid': 'CUISINE_ANEKA_NASI', 'displayName': 'Aneka nasi', 'description': '', 'taxonomy': 2, 'parentKey': ''}]","BCA, Jalan Caman Raya, Perum Dosen IKIP, Jatibening, Kota Bekasi, Jawa Barat, Jawa, 17412, Indonesia"
"Mie Ayam Jamur Suka Baru Cab. Senen, Medan Satria","{'average': 4.6, 'total': 0}",2,"[{'key': 'tenants/gofood/tags/CUISINE_BAKMIE', 'tenantUid': 'gofood', 'uid': 'CUISINE_BAKMIE', 'displayName': 'Bakmie', 'description': '', 'taxonomy': 2, 'parentKey': ''}]","GKPI Harapan Indah, Jalan Harapan Indah Raya, Kota Harapan Indah, Pejuang, Kota Bekasi, Jawa Barat, Jawa, 17131, Indonesia"
"Ayam Bakar HPG, Perumahan Pondok Ungu Permai","{'average': 4.7, 'total': 0}",2,"[{'key': 'tenants/gofood/tags/CUISINE_ANEKA_AYAM_BEBEK', 'tenantUid': 'gofood', 'uid': 'CUISINE_ANEKA_AYAM_BEBEK', 'displayName': 'Ayam & bebek', 'description': '', 'taxonomy': 2, 'parentKey': ''}]","Blok LL1-JJ1, Pondok Ungu Permai, Kaliabang Tengah, Kota Bekasi, Jawa Barat, Jawa, 17125, Indonesia"
"Vina's Bakery, Harapan Indah","{'average': 4.8, 'total': 0}",1,"[{'key': 'tenants/gofood/tags/CUISINE_ROTI', 'tenantUid': 'gofood', 'uid': 'CUISINE_ROTI', 'displayName': 'Roti', 'description': '', 'taxonomy': 2, 'parentKey': ''}]","GKPI Harapan Indah, Jalan Harapan Indah Raya, Kota Harapan Indah, Pejuang, Kota Bekasi, Jawa Barat, Jawa, 17131, Indonesia"
"Arung Coffeeshop, Jatibening","{'average': 4.8, 'total': 0}",3,"[{'key': 'tenants/gofood/tags/CUISINE_ROTI', 'tenantUid': 'gofood', 'uid': 'CUISINE_ROTI', 'displayName': 'Roti', 'description': '', 'taxonomy': 2, 'parentKey': ''}, {'key': 'tenants/gofood/tags/CUISINE_COFFEE_SHOP', 'tenantUid': 'gofood', 'uid': 'CUISINE_COFFEE_SHOP', 'displayName': 'Kopi', 'description': '', 'taxonomy': 2, 'parentKey': ''}, {'key': 'tenants/gofood/tags/CUISINE_SWEETS_DESSERTS', 'tenantUid': 'gofood', 'uid': 'CUISINE_SWEETS_DESSERTS', 'displayName': 'Sweets', 'description': '', 'taxonomy': 2, 'parentKey': ''}]","Arung Coffee, Jalan Jatibening, Perum Dosen IKIP, Jatibening, Kota Bekasi, Jawa Barat, Jawa, 17412, Indonesia"
Mie Ayam 107,"{'average': 3.4, 'total': 0}",2,"[{'key': 'tenants/gofood/tags/CUISINE_BAKMIE', 'tenantUid': 'gofood', 'uid': 'CUISINE_BAKMIE', 'displayName': 'Bakmie', 'description': '', 'taxonomy': 2, 'parentKey': ''}]","Jalan Lombok, Perum Dosen IKIP, Jatikramat, Kota Bekasi, Jawa Barat, Jawa, 17412, Indonesia"
"Cafe & Resto Jaya, Bekasi","{'average': 4.7, 'total': 0}",2,"[{'key': 'tenants/gofood/tags/CUISINE_ANEKA_NASI', 'tenantUid': 'gofood', 'uid': 'CUISINE_ANEKA_NASI', 'displayName': 'Aneka nasi', 'description': '', 'taxonomy': 2, 'parentKey': ''}, {'key': 'tenants/gofood/tags/CUISINE_BURGER_SANDWICH_STEAK', 'tenantUid': 'gofood', 'uid': 'CUISINE_BURGER_SANDWICH_STEAK', 'displayName': 'Barat', 'description': '', 'taxonomy': 2, 'parentKey': ''}, {'key': 'tenants/gofood/tags/CUISINE_BAKMIE', 'tenantUid': 'gofood', 'uid': 'CUISINE_BAKMIE', 'displayName': 'Bakmie', 'description': '', 'taxonomy': 2, 'parentKey': ''}]","Jalan Harapan Indah Raya, Kota Harapan Indah, Pejuang, Kota Bekasi, Jawa Barat, Jawa, 17131, Indonesia"
"Sambel Judes Ny Poo Juara Pedes, California 2","{'average': 3.8, 'total': 0}",3,"[{'key': 'tenants/gofood/tags/CUISINE_ANEKA_NASI', 'tenantUid': 'gofood', 'uid': 'CUISINE_ANEKA_NASI', 'displayName': 'Aneka nasi', 'description': '', 'taxonomy': 2, 'parentKey': ''}, {'key': 'tenants/gofood/tags/CUISINE_SNACKS_JAJANAN', 'tenantUid': 'gofood', 'uid': 'CUISINE_SNACKS_JAJANAN', 'displayName': 'Jajanan', 'description': '', 'taxonomy': 2, 'parentKey': ''}, {'key': 'tenants/gofood/tags/CUISINE_FASTFOOD', 'tenantUid': 'gofood', 'uid': 'CUISINE_FASTFOOD', 'displayName': 'Cepat saji', 'description': '', 'taxonomy': 2, 'parentKey': ''}]","Jakamulya, Kota Bekasi, Jawa Barat, Jawa, 17421, Indonesia"
"Dod Den Thai Tea, Pondok Ungu Permai","{'average': 4.8, 'total': 0}",2,"[{'key': 'tenants/gofood/tags/CUISINE_MINUMAN', 'tenantUid': 'gofood', 'uid': 'CUISINE_MINUMAN', 'displayName': 'Minuman', 'description': '', 'taxonomy': 2, 'parentKey': ''}]","Blok JJ8-JJ9, Pondok Ungu Permai, Kaliabang Tengah, Kota Bekasi, Jawa Barat, Jawa, 17125, Indonesia"
"Rangers Chicken by MOR, Pondok Ungu","{'average': 4, 'total': 0}",2,"[{'key': 'tenants/gofood/tags/CUISINE_FASTFOOD', 'tenantUid': 'gofood', 'uid': 'CUISINE_FASTFOOD', 'displayName': 'Cepat saji', 'description': '', 'taxonomy': 2, 'parentKey': ''}, {'key': 'tenants/gofood/tags/CUISINE_ANEKA_AYAM_BEBEK', 'tenantUid': 'gofood', 'uid': 'CUISINE_ANEKA_AYAM_BEBEK', 'displayName': 'Ayam & bebek', 'description': '', 'taxonomy': 2, 'parentKey': ''}]","Jalan Pondok Ungu Permai, Pondok Ungu Permai, Kota Bekasi, Jawa Barat, Jawa, 17125, Indonesia"
"Mie Ayam Ulek, Pondok Ungu","{'average': 4.7, 'total': 0}",2,"[{'key': 'tenants/gofood/tags/CUISINE_BAKMIE', 'tenantUid': 'gofood', 'uid': 'CUISINE_BAKMIE', 'displayName': 'Bakmie', 'description': '', 'taxonomy': 2, 'parentKey': ''}]","Jalan Pondok Ungu Permai, Pondok Ungu Permai, Kabupaten Bekasi, Jawa Barat, Jawa, 17125, Indonesia"
"Mie Ayam Bangka 96, Ruko Jatibening Park","{'average': 4.8, 'total': 0}",2,"[{'key': 'tenants/gofood/tags/CUISINE_BAKMIE', 'tenantUid': 'gofood', 'uid': 'CUISINE_BAKMIE', 'displayName': 'Bakmie', 'description': '', 'taxonomy': 2, 'parentKey': ''}]","Jalan Raya Jatibening, Perum Dosen IKIP, Jatibening, Kota Bekasi, Jawa Barat, Jawa, 17412, Indonesia"
"Soto Ayam Ceker Surabaya 28 Cak Kholil, Panggung","{'average': 4.4, 'total': 0}",2,"[{'key': 'tenants/gofood/tags/CUISINE_SOTO_BAKSO_SOP', 'tenantUid': 'gofood', 'uid': 'CUISINE_SOTO_BAKSO_SOP', 'displayName': 'Bakso & soto', 'description': '', 'taxonomy': 2, 'parentKey': ''}, {'key': 'tenants/gofood/tags/CUISINE_ANEKA_AYAM_BEBEK', 'tenantUid': 'gofood', 'uid': 'CUISINE_ANEKA_AYAM_BEBEK', 'displayName': 'Ayam & bebek', 'description': '', 'taxonomy': 2, 'parentKey': ''}]","Perum Dosen IKIP, Jatibening, Kota Bekasi, Jawa Barat, Jawa, 17412, Indonesia"
"Family Chinese Food, Ruko Sentra Onderdil 2","{'average': 4.8, 'total': 0}",3,"[{'key': 'tenants/gofood/tags/CUISINE_SEAFOOD', 'tenantUid': 'gofood', 'uid': 'CUISINE_SEAFOOD', 'displayName': 'Seafood', 'description': '', 'taxonomy': 2, 'parentKey': ''}, {'key': 'tenants/gofood/tags/CUISINE_CHINESE', 'tenantUid': 'gofood', 'uid': 'CUISINE_CHINESE', 'displayName': 'Chinese', 'description': '', 'taxonomy': 2, 'parentKey': ''}, {'key': 'tenants/gofood/tags/CUISINE_ANEKA_NASI', 'tenantUid': 'gofood', 'uid': 'CUISINE_ANEKA_NASI', 'displayName': 'Aneka nasi', 'description': '', 'taxonomy': 2, 'parentKey': ''}]","Kota Harapan Indah, Pejuang, Kota Bekasi, Jawa Barat, Jawa, 17131, Indonesia"
"Dons Burger Cafe, Pondok Ungu Permai","{'average': 4.6, 'total': 0}",2,"[{'key': 'tenants/gofood/tags/CUISINE_FASTFOOD', 'tenantUid': 'gofood', 'uid': 'CUISINE_FASTFOOD', 'displayName': 'Cepat saji', 'description': '', 'taxonomy': 2, 'parentKey': ''}]","Pondok Ungu Permai, Kaliabang Tengah, Kota Bekasi, Jawa Barat, Jawa, 17125, Indonesia"
"Pasta Kangen_MGT, Mutiara Gading","{'average': 4.8, 'total': 0}",2,"[{'key': 'tenants/gofood/tags/CUISINE_ANEKA_NASI', 'tenantUid': 'gofood', 'uid': 'CUISINE_ANEKA_NASI', 'displayName': 'Aneka nasi', 'description': '', 'taxonomy': 2, 'parentKey': ''}, {'key': 'tenants/gofood/tags/CUISINE_ANEKA_AYAM_BEBEK', 'tenantUid': 'gofood', 'uid': 'CUISINE_ANEKA_AYAM_BEBEK', 'displayName': 'Ayam & bebek', 'description': '', 'taxonomy': 2, 'parentKey': ''}, {'key': 'tenants/gofood/tags/CUISINE_PIZZA_PASTA', 'tenantUid': 'gofood', 'uid': 'CUISINE_PIZZA_PASTA', 'displayName': 'Pizza & pasta', 'description': '', 'taxonomy': 2, 'parentKey': ''}]","Jalan Mutiara Gading Timur, Perum. Mutiara Gading Timur, Mutiara Gading, Mustikajaya, Kota Bekasi, Jawa Barat, Jawa, 17158, Indonesia"
"Seblak Bandung Adit, Perum Papan Mas","{'average': 3.9, 'total': 0}",2,"[{'key': 'tenants/gofood/tags/CUISINE_BAKMIE', 'tenantUid': 'gofood', 'uid': 'CUISINE_BAKMIE', 'displayName': 'Bakmie', 'description': '', 'taxonomy': 2, 'parentKey': ''}, {'key': 'tenants/gofood/tags/CUISINE_FASTFOOD', 'tenantUid': 'gofood', 'uid': 'CUISINE_FASTFOOD', 'displayName': 'Cepat saji', 'description': '', 'taxonomy': 2, 'parentKey': ''}, {'key': 'tenants/gofood/tags/CUISINE_SNACKS_JAJANAN', 'tenantUid': 'gofood', 'uid': 'CUISINE_SNACKS_JAJANAN', 'displayName': 'Jajanan', 'description': '', 'taxonomy': 2, 'parentKey': ''}]","Setiamekar, Kabupaten Bekasi, Jawa Barat, Jawa, 17111, Indonesia"
"Bebek Goreng H. Nur, Jatibening","{'average': 4.7, 'total': 0}",2,"[{'key': 'tenants/gofood/tags/CUISINE_ANEKA_AYAM_BEBEK', 'tenantUid': 'gofood', 'uid': 'CUISINE_ANEKA_AYAM_BEBEK', 'displayName': 'Ayam & bebek', 'description': '', 'taxonomy': 2, 'parentKey': ''}, {'key': 'tenants/gofood/tags/CUISINE_MINUMAN', 'tenantUid': 'gofood', 'uid': 'CUISINE_MINUMAN', 'displayName': 'Minuman', 'description': '', 'taxonomy': 2, 'parentKey': ''}]","Jalan Jati Utama Raya, Perum Dosen IKIP, Jatibening, Kota Bekasi, Jawa Barat, Jawa, 17412, Indonesia"
"Sushi Lokal Id, Pondok Ungu","{'average': 4.7, 'total': 0}",2,"[{'key': 'tenants/gofood/tags/CUISINE_SNACKS_JAJANAN', 'tenantUid': 'gofood', 'uid': 'CUISINE_SNACKS_JAJANAN', 'displayName': 'Jajanan', 'description': '', 'taxonomy': 2, 'parentKey': ''}, {'key': 'tenants/gofood/tags/CUISINE_JAPANESE', 'tenantUid': 'gofood', 'uid': 'CUISINE_JAPANESE', 'displayName': 'Jepang', 'description': '', 'taxonomy': 2, 'parentKey': ''}, {'key': 'tenants/gofood/tags/CUISINE_KOREAN', 'tenantUid': 'gofood', 'uid': 'CUISINE_KOREAN', 'displayName': 'Korea', 'description': '', 'taxonomy': 2, 'parentKey': ''}]","Jalan Pondok Ungu Permai, Grand Pondok Ungu, Kabupaten Bekasi, Jawa Barat, Jawa, 17125, Indonesia"
"Fat Pao Bekasi, Platinum Village 2","{'average': 0, 'total': 0}",1,"[{'key': 'tenants/gofood/tags/CUISINE_FASTFOOD', 'tenantUid': 'gofood', 'uid': 'CUISINE_FASTFOOD', 'displayName': 'Cepat saji', 'description': '', 'taxonomy': 2, 'parentKey': ''}, {'key': 'tenants/gofood/tags/CUISINE_SNACKS_JAJANAN', 'tenantUid': 'gofood', 'uid': 'CUISINE_SNACKS_JAJANAN', 'displayName': 'Jajanan', 'description': '', 'taxonomy': 2, 'parentKey': ''}, {'key': 'tenants/gofood/tags/CUISINE_COFFEE_SHOP', 'tenantUid': 'gofood', 'uid': 'CUISINE_COFFEE_SHOP', 'displayName': 'Kopi', 'description': '', 'taxonomy': 2, 'parentKey': ''}]","Jati Kramat Indah 2, Jatikramat, Kota Bekasi, Jawa Barat, Jawa, 17421, Indonesia"
"Kedai Bakso Mantul, Babelan","{'average': 0, 'total': 0}",2,"[{'key': 'tenants/gofood/tags/CUISINE_SOTO_BAKSO_SOP', 'tenantUid': 'gofood', 'uid': 'CUISINE_SOTO_BAKSO_SOP', 'displayName': 'Bakso & soto', 'description': '', 'taxonomy': 2, 'parentKey': ''}]","Jalan Permai, Kabupaten Bekasi, Jawa Barat, Jawa, 17150, Indonesia"
"Dapur Azmya, Jatibening Baru","{'average': 3.7, 'total': 0}",2,"[{'key': 'tenants/gofood/tags/CUISINE_MINUMAN', 'tenantUid': 'gofood', 'uid': 'CUISINE_MINUMAN', 'displayName': 'Minuman', 'description': '', 'taxonomy': 2, 'parentKey': ''}, {'key': 'tenants/gofood/tags/CUISINE_COFFEE_SHOP', 'tenantUid': 'gofood', 'uid': 'CUISINE_COFFEE_SHOP', 'displayName': 'Kopi', 'description': '', 'taxonomy': 2, 'parentKey': ''}, {'key': 'tenants/gofood/tags/CUISINE_BAKMIE', 'tenantUid': 'gofood', 'uid': 'CUISINE_BAKMIE', 'displayName': 'Bakmie', 'description': '', 'taxonomy': 2, 'parentKey': ''}, {'key': 'tenants/gofood/tags/CUISINE_SNACKS_JAJANAN', 'tenantUid': 'gofood', 'uid': 'CUISINE_SNACKS_JAJANAN', 'displayName': 'Jajanan', 'description': '', 'taxonomy': 2, 'parentKey': ''}]","Jatibening, Kota Bekasi, Jawa Barat, Jawa, 17412, Indonesia"
"Soto Ayam Kumis, Pondok Gede","{'average': 4.6, 'total': 0}",1,"[{'key': 'tenants/gofood/tags/CUISINE_SOTO_BAKSO_SOP', 'tenantUid': 'gofood', 'uid': 'CUISINE_SOTO_BAKSO_SOP', 'displayName': 'Bakso & soto', 'description': '', 'taxonomy': 2, 'parentKey': ''}]","Jati Kramat Indah 2, Jatikramat, Kota Bekasi, Jawa Barat, Jawa, 17421, Indonesia"
"Ayam Bakar Solo Bu Anna, Pondok Ungu Permai","{'average': 4.5, 'total': 0}",1,"[{'key': 'tenants/gofood/tags/CUISINE_ANEKA_AYAM_BEBEK', 'tenantUid': 'gofood', 'uid': 'CUISINE_ANEKA_AYAM_BEBEK', 'displayName': 'Ayam & bebek', 'description': '', 'taxonomy': 2, 'parentKey': ''}]","Pondok Ungu Permai, Kabupaten Bekasi, Jawa Barat, Jawa, 17125, Indonesia"
"Bakmie Akim, Harapan Indah","{'average': 4.6, 'total': 0}",2,"[{'key': 'tenants/gofood/tags/CUISINE_BAKMIE', 'tenantUid': 'gofood', 'uid': 'CUISINE_BAKMIE', 'displayName': 'Bakmie', 'description': '', 'taxonomy': 2, 'parentKey': ''}]","Kota Harapan Indah, Pejuang, Kota Bekasi, Jawa Barat, Jawa, 17131, Indonesia"
"Bakmi & Seafood ""99"", Medan Satria","{'average': 4.7, 'total': 0}",3,"[{'key': 'tenants/gofood/tags/CUISINE_BAKMIE', 'tenantUid': 'gofood', 'uid': 'CUISINE_BAKMIE', 'displayName': 'Bakmie', 'description': '', 'taxonomy': 2, 'parentKey': ''}, {'key': 'tenants/gofood/tags/CUISINE_SEAFOOD', 'tenantUid': 'gofood', 'uid': 'CUISINE_SEAFOOD', 'displayName': 'Seafood', 'description': '', 'taxonomy': 2, 'parentKey': ''}]","Jalan Delima 6, Pejuang, Kota Bekasi, Jawa Barat, Jawa, 17131, Indonesia"
"Martabak Alim Premium Jatibening, Pondok gede","{'average': 4.8, 'total': 0}",3,"[{'key': 'tenants/gofood/tags/CUISINE_MARTABAK', 'tenantUid': 'gofood', 'uid': 'CUISINE_MARTABAK', 'displayName': 'Martabak', 'description': '', 'taxonomy': 2, 'parentKey': ''}]","Jalan Raya Jatibening, Perum Dosen IKIP, Jatibening, Kota Bekasi, Jawa Barat, Jawa, 17412, Indonesia"
"RM Belut Juara Pedas, Pondok Gede","{'average': 4.3, 'total': 0}",2,"[{'key': 'tenants/gofood/tags/CUISINE_ANEKA_NASI', 'tenantUid': 'gofood', 'uid': 'CUISINE_ANEKA_NASI', 'displayName': 'Aneka nasi', 'description': '', 'taxonomy': 2, 'parentKey': ''}, {'key': 'tenants/gofood/tags/CUISINE_ANEKA_AYAM_BEBEK', 'tenantUid': 'gofood', 'uid': 'CUISINE_ANEKA_AYAM_BEBEK', 'displayName': 'Ayam & bebek', 'description': '', 'taxonomy': 2, 'parentKey': ''}, {'key': 'tenants/gofood/tags/CUISINE_FASTFOOD', 'tenantUid': 'gofood', 'uid': 'CUISINE_FASTFOOD', 'displayName': 'Cepat saji', 'description': '', 'taxonomy': 2, 'parentKey': ''}]","Jalan Raya Jatibening, Perum Dosen IKIP, Jatibening, Kota Bekasi, Jawa Barat, Jawa, 17412, Indonesia"
"YOSHINOYA BEEF BOWL, Harapan Indah Bekasi","{'average': 4.8, 'total': 0}",3,"[{'key': 'tenants/gofood/tags/CUISINE_FASTFOOD', 'tenantUid': 'gofood', 'uid': 'CUISINE_FASTFOOD', 'displayName': 'Cepat saji', 'description': '', 'taxonomy': 2, 'parentKey': ''}, {'key': 'tenants/gofood/tags/CUISINE_JAPANESE', 'tenantUid': 'gofood', 'uid': 'CUISINE_JAPANESE', 'displayName': 'Jepang', 'description': '', 'taxonomy': 2, 'parentKey': ''}, {'key': 'tenants/gofood/tags/CUISINE_ANEKA_AYAM_BEBEK', 'tenantUid': 'gofood', 'uid': 'CUISINE_ANEKA_AYAM_BEBEK', 'displayName': 'Ayam & bebek', 'description': '', 'taxonomy': 2, 'parentKey': ''}, {'key': 'tenants/gofood/tags/CUISINE_ANEKA_NASI', 'tenantUid': 'gofood', 'uid': 'CUISINE_ANEKA_NASI', 'displayName': 'Aneka nasi', 'description': '', 'taxonomy': 2, 'parentKey': ''}]","Jalan Harapan Indah Bulevar, Kota Harapan Indah, Kota Bekasi, Jawa Barat, Jawa, 17214, Indonesia"
"RESTORAN 99, ASEM RWA MULYA","{'average': 4.4, 'total': 0}",2,"[{'key': 'tenants/gofood/tags/CUISINE_BAKMIE', 'tenantUid': 'gofood', 'uid': 'CUISINE_BAKMIE', 'displayName': 'Bakmie', 'description': '', 'taxonomy': 2, 'parentKey': ''}, {'key': 'tenants/gofood/tags/CUISINE_ANEKA_NASI', 'tenantUid': 'gofood', 'uid': 'CUISINE_ANEKA_NASI', 'displayName': 'Aneka nasi', 'description': '', 'taxonomy': 2, 'parentKey': ''}, {'key': 'tenants/gofood/tags/CUISINE_SEAFOOD', 'tenantUid': 'gofood', 'uid': 'CUISINE_SEAFOOD', 'displayName': 'Seafood', 'description': '', 'taxonomy': 2, 'parentKey': ''}]","Jalan Rawa Mulya, Perempatan Asem, Mutiara Gading, Mustikasari, Kota Bekasi, Jawa Barat, Jawa, 17158, Indonesia"
"Martha Oven, Bekasi","{'average': 0, 'total': 0}",2,"[{'key': 'tenants/gofood/tags/CUISINE_SATE', 'tenantUid': 'gofood', 'uid': 'CUISINE_SATE', 'displayName': 'Sate', 'description': '', 'taxonomy': 2, 'parentKey': ''}, {'key': 'tenants/gofood/tags/CUISINE_BURGER_SANDWICH_STEAK', 'tenantUid': 'gofood', 'uid': 'CUISINE_BURGER_SANDWICH_STEAK', 'displayName': 'Barat', 'description': '', 'taxonomy': 2, 'parentKey': ''}]","Pejuang, Kota Bekasi, Jawa Barat, Jawa, 17131, Indonesia"
"Seblak Lucy, Tambun Selatan","{'average': 3.3, 'total': 0}",1,"[{'key': 'tenants/gofood/tags/CUISINE_SNACKS_JAJANAN', 'tenantUid': 'gofood', 'uid': 'CUISINE_SNACKS_JAJANAN', 'displayName': 'Jajanan', 'description': '', 'taxonomy': 2, 'parentKey': ''}, {'key': 'tenants/gofood/tags/CUISINE_SOTO_BAKSO_SOP', 'tenantUid': 'gofood', 'uid': 'CUISINE_SOTO_BAKSO_SOP', 'displayName': 'Bakso & soto', 'description': '', 'taxonomy': 2, 'parentKey': ''}, {'key': 'tenants/gofood/tags/CUISINE_MINUMAN', 'tenantUid': 'gofood', 'uid': 'CUISINE_MINUMAN', 'displayName': 'Minuman', 'description': '', 'taxonomy': 2, 'parentKey': ''}]","Setiamekar, Kabupaten Bekasi, Jawa Barat, Jawa, 17510, Indonesia"
"Warung Seblak Azzahra, Rawalumbu","{'average': 4.7, 'total': 0}",2,"[{'key': 'tenants/gofood/tags/CUISINE_FASTFOOD', 'tenantUid': 'gofood', 'uid': 'CUISINE_FASTFOOD', 'displayName': 'Cepat saji', 'description': '', 'taxonomy': 2, 'parentKey': ''}, {'key': 'tenants/gofood/tags/CUISINE_SNACKS_JAJANAN', 'tenantUid': 'gofood', 'uid': 'CUISINE_SNACKS_JAJANAN', 'displayName': 'Jajanan', 'description': '', 'taxonomy': 2, 'parentKey': ''}, {'key': 'tenants/gofood/tags/CUISINE_SEAFOOD', 'tenantUid': 'gofood', 'uid': 'CUISINE_SEAFOOD', 'displayName': 'Seafood', 'description': '', 'taxonomy': 2, 'parentKey': ''}]","Markan, Bojong Rawalumbu, Kota Bekasi, Jawa Barat, Jawa, 17117, Indonesia"
"Nagari Rancak, Pondok Gede","{'average': 0, 'total': 0}",4,"[{'key': 'tenants/gofood/tags/CUISINE_FASTFOOD', 'tenantUid': 'gofood', 'uid': 'CUISINE_FASTFOOD', 'displayName': 'Cepat saji', 'description': '', 'taxonomy': 2, 'parentKey': ''}, {'key': 'tenants/gofood/tags/CUISINE_SNACKS_JAJANAN', 'tenantUid': 'gofood', 'uid': 'CUISINE_SNACKS_JAJANAN', 'displayName': 'Jajanan', 'description': '', 'taxonomy': 2, 'parentKey': ''}]","Graha Indah, Kota Bekasi, Jawa Barat, Jawa, 17421, Indonesia"
"AL Salad Buah & Sayur MGT, Mustika Jaya","{'average': 4.4, 'total': 0}",2,"[{'key': 'tenants/gofood/tags/CUISINE_FASTFOOD', 'tenantUid': 'gofood', 'uid': 'CUISINE_FASTFOOD', 'displayName': 'Cepat saji', 'description': '', 'taxonomy': 2, 'parentKey': ''}, {'key': 'tenants/gofood/tags/CUISINE_SNACKS_JAJANAN', 'tenantUid': 'gofood', 'uid': 'CUISINE_SNACKS_JAJANAN', 'displayName': 'Jajanan', 'description': '', 'taxonomy': 2, 'parentKey': ''}, {'key': 'tenants/gofood/tags/CUISINE_SWEETS_DESSERTS', 'tenantUid': 'gofood', 'uid': 'CUISINE_SWEETS_DESSERTS', 'displayName': 'Sweets', 'description': '', 'taxonomy': 2, 'parentKey': ''}]","Mutiara Gading, Mustikasari, Kota Bekasi, Jawa Barat, Jawa, 17158, Indonesia"
"Thai Island Tea, Tambun Selatan","{'average': 5, 'total': 0}",2,"[{'key': 'tenants/gofood/tags/CUISINE_SNACKS_JAJANAN', 'tenantUid': 'gofood', 'uid': 'CUISINE_SNACKS_JAJANAN', 'displayName': 'Jajanan', 'description': '', 'taxonomy': 2, 'parentKey': ''}, {'key': 'tenants/gofood/tags/CUISINE_MINUMAN', 'tenantUid': 'gofood', 'uid': 'CUISINE_MINUMAN', 'displayName': 'Minuman', 'description': '', 'taxonomy': 2, 'parentKey': ''}, {'key': 'tenants/gofood/tags/CUISINE_ROTI', 'tenantUid': 'gofood', 'uid': 'CUISINE_ROTI', 'displayName': 'Roti', 'description': '', 'taxonomy': 2, 'parentKey': ''}]","Jalan Kaswari II, Setiadarma, Kabupaten Bekasi, Jawa Barat, Jawa, 17510, Indonesia"
"Nasi Tim Ayam Lily, Pejuang","{'average': 4.8, 'total': 0}",2,"[{'key': 'tenants/gofood/tags/CUISINE_CHINESE', 'tenantUid': 'gofood', 'uid': 'CUISINE_CHINESE', 'displayName': 'Chinese', 'description': '', 'taxonomy': 2, 'parentKey': ''}, {'key': 'tenants/gofood/tags/CUISINE_ANEKA_NASI', 'tenantUid': 'gofood', 'uid': 'CUISINE_ANEKA_NASI', 'displayName': 'Aneka nasi', 'description': '', 'taxonomy': 2, 'parentKey': ''}, {'key': 'tenants/gofood/tags/CUISINE_BAKMIE', 'tenantUid': 'gofood', 'uid': 'CUISINE_BAKMIE', 'displayName': 'Bakmie', 'description': '', 'taxonomy': 2, 'parentKey': ''}]","Jalan Belimbing, Pejuang, Kota Bekasi, Jawa Barat, Jawa, 17131, Indonesia"
"Gudeg Jogja Aseli , Monggo Mampir","{'average': 4.5, 'total': 0}",2,"[{'key': 'tenants/gofood/tags/CUISINE_ANEKA_NASI', 'tenantUid': 'gofood', 'uid': 'CUISINE_ANEKA_NASI', 'displayName': 'Aneka nasi', 'description': '', 'taxonomy': 2, 'parentKey': ''}]","Jalan Magelang, Komplek Kemang IFI Graha, Jatirasa, Kota Bekasi, Jawa Barat, Jawa, 17424, Indonesia"
"Domino's Pizza, Mall Grand Cakung","{'average': 4.6, 'total': 0}",3,"[{'key': 'tenants/gofood/tags/CUISINE_PIZZA_PASTA', 'tenantUid': 'gofood', 'uid': 'CUISINE_PIZZA_PASTA', 'displayName': 'Pizza & pasta', 'description': '', 'taxonomy': 2, 'parentKey': ''}]","Jalan Bekasi Raya, RW 01, Cakung Timur, Cakung, Jakarta Timur, Daerah Khusus Ibukota Jakarta, Jawa, 13960, Indonesia"
"Bubur Berkat, Alamanda Indah 14","{'average': 4.8, 'total': 0}",2,"[{'key': 'tenants/gofood/tags/CUISINE_ANEKA_NASI', 'tenantUid': 'gofood', 'uid': 'CUISINE_ANEKA_NASI', 'displayName': 'Aneka nasi', 'description': '', 'taxonomy': 2, 'parentKey': ''}]","Kota Harapan Indah, Pejuang, Kota Bekasi, Jawa Barat, Jawa, 17131, Indonesia"
"Warkop Berkah Bendot, Jatiasih","{'average': 4.3, 'total': 0}",1,[],"Graha Indah, Jatikramat, Kota Bekasi, Jawa Barat, Jawa, 17421, Indonesia"
"SATE SOLO 'pak Is', Jl,Kemang Sari Raya No 92","{'average': 4.8, 'total': 0}",2,"[{'key': 'tenants/gofood/tags/CUISINE_SATE', 'tenantUid': 'gofood', 'uid': 'CUISINE_SATE', 'displayName': 'Sate', 'description': '', 'taxonomy': 2, 'parentKey': ''}, {'key': 'tenants/gofood/tags/CUISINE_ANEKA_NASI', 'tenantUid': 'gofood', 'uid': 'CUISINE_ANEKA_NASI', 'displayName': 'Aneka nasi', 'description': '', 'taxonomy': 2, 'parentKey': ''}, {'key': 'tenants/gofood/tags/CUISINE_FASTFOOD', 'tenantUid': 'gofood', 'uid': 'CUISINE_FASTFOOD', 'displayName': 'Cepat saji', 'description': '', 'taxonomy': 2, 'parentKey': ''}]","Jalan Kemang Sari Raya, Perum Dosen IKIP, Jatikramat, Kota Bekasi, Jawa Barat, Jawa, 17413, Indonesia"
"Mie Ayam Bakso Bu Rita, Babelan","{'average': 3.7, 'total': 0}",2,"[{'key': 'tenants/gofood/tags/CUISINE_MINUMAN', 'tenantUid': 'gofood', 'uid': 'CUISINE_MINUMAN', 'displayName': 'Minuman', 'description': '', 'taxonomy': 2, 'parentKey': ''}, {'key': 'tenants/gofood/tags/CUISINE_SOTO_BAKSO_SOP', 'tenantUid': 'gofood', 'uid': 'CUISINE_SOTO_BAKSO_SOP', 'displayName': 'Bakso & soto', 'description': '', 'taxonomy': 2, 'parentKey': ''}, {'key': 'tenants/gofood/tags/CUISINE_BAKMIE', 'tenantUid': 'gofood', 'uid': 'CUISINE_BAKMIE', 'displayName': 'Bakmie', 'description': '', 'taxonomy': 2, 'parentKey': ''}]","Jalan Kh Tajudin, Kabupaten Bekasi, Jawa Barat, Jawa, 17610, Indonesia"
"Surabi Edun, Graha Indah","{'average': 2.9, 'total': 0}",1,"[{'key': 'tenants/gofood/tags/CUISINE_SNACKS_JAJANAN', 'tenantUid': 'gofood', 'uid': 'CUISINE_SNACKS_JAJANAN', 'displayName': 'Jajanan', 'description': '', 'taxonomy': 2, 'parentKey': ''}, {'key': 'tenants/gofood/tags/CUISINE_MINUMAN', 'tenantUid': 'gofood', 'uid': 'CUISINE_MINUMAN', 'displayName': 'Minuman', 'description': '', 'taxonomy': 2, 'parentKey': ''}]","Jalan Taman II, Graha Indah, Jatimekar, Kota Bekasi, Jawa Barat, Jawa, 17421, Indonesia"
"Domino's Pizza, Mutiara Gading Timur","{'average': 4.7, 'total': 0}",3,"[{'key': 'tenants/gofood/tags/CUISINE_PIZZA_PASTA', 'tenantUid': 'gofood', 'uid': 'CUISINE_PIZZA_PASTA', 'displayName': 'Pizza & pasta', 'description': '', 'taxonomy': 2, 'parentKey': ''}, {'key': 'tenants/gofood/tags/CUISINE_FASTFOOD', 'tenantUid': 'gofood', 'uid': 'CUISINE_FASTFOOD', 'displayName': 'Cepat saji', 'description': '', 'taxonomy': 2, 'parentKey': ''}, {'key': 'tenants/gofood/tags/CUISINE_SNACKS_JAJANAN', 'tenantUid': 'gofood', 'uid': 'CUISINE_SNACKS_JAJANAN', 'displayName': 'Jajanan', 'description': '', 'taxonomy': 2, 'parentKey': ''}]","Jalan Mutiara Gading Timur, Perum. Mutiara Gading Timur, Mutiara Gading, Mustikajaya, Kota Bekasi, Jawa Barat, Jawa, 17158, Indonesia"
"Siomay Bang Aceng, Tambun Selatan","{'average': 4.6, 'total': 0}",2,"[{'key': 'tenants/gofood/tags/CUISINE_SNACKS_JAJANAN', 'tenantUid': 'gofood', 'uid': 'CUISINE_SNACKS_JAJANAN', 'displayName': 'Jajanan', 'description': '', 'taxonomy': 2, 'parentKey': ''}]","Tip Top Supermarket Mustika Jaya, Jalan Mustikajaya, Dukuh Bima, Lambangsari, Kabupaten Bekasi, Jawa Barat, Jawa, 17158, Indonesia"
"Bubur Ayam Kampung Nyemplung, Mustikajaya","{'average': 4.7, 'total': 0}",1,"[{'key': 'tenants/gofood/tags/CUISINE_ANEKA_NASI', 'tenantUid': 'gofood', 'uid': 'CUISINE_ANEKA_NASI', 'displayName': 'Aneka nasi', 'description': '', 'taxonomy': 2, 'parentKey': ''}]","West Gateway Boulevard, Grand Wisata Residence, Dukuh Bima, Lambangsari, Kabupaten Bekasi, Jawa Barat, Jawa, 17510, Indonesia"
Sate Maranggi Ibu Hj Yayah,"{'average': 4.7, 'total': 0}",2,"[{'key': 'tenants/gofood/tags/CUISINE_SATE', 'tenantUid': 'gofood', 'uid': 'CUISINE_SATE', 'displayName': 'Sate', 'description': '', 'taxonomy': 2, 'parentKey': ''}]","Perum. Mutiara Gading Timur, Mutiara Gading, Mustikajaya, Kota Bekasi, Jawa Barat, Jawa, 17158, Indonesia"
"Hop Hop Bubble, Harapan Indah","{'average': 4.7, 'total': 0}",2,"[{'key': 'tenants/gofood/tags/CUISINE_MINUMAN', 'tenantUid': 'gofood', 'uid': 'CUISINE_MINUMAN', 'displayName': 'Minuman', 'description': '', 'taxonomy': 2, 'parentKey': ''}]","BPK Penabur Harapan Indah, Jalan Harapan Indah Bulevar, Kota Harapan Indah, Kota Bekasi, Jawa Barat, Jawa, 17214, Indonesia"
"McDonald's, Grand Wisata Bekasi","{'average': 4.8, 'total': 0}",3,"[{'key': 'tenants/gofood/tags/CUISINE_FASTFOOD', 'tenantUid': 'gofood', 'uid': 'CUISINE_FASTFOOD', 'displayName': 'Cepat saji', 'description': '', 'taxonomy': 2, 'parentKey': ''}, {'key': 'tenants/gofood/tags/CUISINE_SWEETS_DESSERTS', 'tenantUid': 'gofood', 'uid': 'CUISINE_SWEETS_DESSERTS', 'displayName': 'Sweets', 'description': '', 'taxonomy': 2, 'parentKey': ''}, {'key': 'tenants/gofood/tags/CUISINE_SNACKS_JAJANAN', 'tenantUid': 'gofood', 'uid': 'CUISINE_SNACKS_JAJANAN', 'displayName': 'Jajanan', 'description': '', 'taxonomy': 2, 'parentKey': ''}]","McDonnald's, Sunset Avenue, Grand Wisata Residence, Dukuh Bima, Lambangsari, Kabupaten Bekasi, Jawa Barat, Jawa, 17510, Indonesia"
Kedai Kopi Tjan,"{'average': 4.6, 'total': 0}",3,"[{'key': 'tenants/gofood/tags/CUISINE_ANEKA_NASI', 'tenantUid': 'gofood', 'uid': 'CUISINE_ANEKA_NASI', 'displayName': 'Aneka nasi', 'description': '', 'taxonomy': 2, 'parentKey': ''}, {'key': 'tenants/gofood/tags/CUISINE_BURGER_SANDWICH_STEAK', 'tenantUid': 'gofood', 'uid': 'CUISINE_BURGER_SANDWICH_STEAK', 'displayName': 'Barat', 'description': '', 'taxonomy': 2, 'parentKey': ''}, {'key': 'tenants/gofood/tags/CUISINE_COFFEE_SHOP', 'tenantUid': 'gofood', 'uid': 'CUISINE_COFFEE_SHOP', 'displayName': 'Kopi', 'description': '', 'taxonomy': 2, 'parentKey': ''}]","Kota Harapan Indah, Kabupaten Bekasi, Jawa Barat, Jawa, 17214, Indonesia"
"Aneka Sop & Soto ""Sakpore"", Medan Satria","{'average': 4.5, 'total': 0}",3,"[{'key': 'tenants/gofood/tags/CUISINE_BAKMIE', 'tenantUid': 'gofood', 'uid': 'CUISINE_BAKMIE', 'displayName': 'Bakmie', 'description': '', 'taxonomy': 2, 'parentKey': ''}, {'key': 'tenants/gofood/tags/CUISINE_SOTO_BAKSO_SOP', 'tenantUid': 'gofood', 'uid': 'CUISINE_SOTO_BAKSO_SOP', 'displayName': 'Bakso & soto', 'description': '', 'taxonomy': 2, 'parentKey': ''}, {'key': 'tenants/gofood/tags/CUISINE_ANEKA_AYAM_BEBEK', 'tenantUid': 'gofood', 'uid': 'CUISINE_ANEKA_AYAM_BEBEK', 'displayName': 'Ayam & bebek', 'description': '', 'taxonomy': 2, 'parentKey': ''}, {'key': 'tenants/gofood/tags/CUISINE_ANEKA_NASI', 'tenantUid': 'gofood', 'uid': 'CUISINE_ANEKA_NASI', 'displayName': 'Aneka nasi', 'description': '', 'taxonomy': 2, 'parentKey': ''}, {'key': 'tenants/gofood/tags/CUISINE_FASTFOOD', 'tenantUid': 'gofood', 'uid': 'CUISINE_FASTFOOD', 'displayName': 'Cepat saji', 'description': '', 'taxonomy': 2, 'parentKey': ''}]","Jalan Nusa Indah XIII, Kota Harapan Indah, Pejuang, Kota Bekasi, Jawa Barat, Jawa, 17214, Indonesia"
"Sop Dan Soto Bude, Harapan Indah Raya","{'average': 4.4, 'total': 0}",3,"[{'key': 'tenants/gofood/tags/CUISINE_ANEKA_AYAM_BEBEK', 'tenantUid': 'gofood', 'uid': 'CUISINE_ANEKA_AYAM_BEBEK', 'displayName': 'Ayam & bebek', 'description': '', 'taxonomy': 2, 'parentKey': ''}, {'key': 'tenants/gofood/tags/CUISINE_BAKMIE', 'tenantUid': 'gofood', 'uid': 'CUISINE_BAKMIE', 'displayName': 'Bakmie', 'description': '', 'taxonomy': 2, 'parentKey': ''}, {'key': 'tenants/gofood/tags/CUISINE_SOTO_BAKSO_SOP', 'tenantUid': 'gofood', 'uid': 'CUISINE_SOTO_BAKSO_SOP', 'displayName': 'Bakso & soto', 'description': '', 'taxonomy': 2, 'parentKey': ''}]","Kota Harapan Indah, Pejuang, Kota Bekasi, Jawa Barat, Jawa, 17131, Indonesia"
"KFC, Grand Wisata","{'average': 4.8, 'total': 0}",3,"[{'key': 'tenants/gofood/tags/CUISINE_FASTFOOD', 'tenantUid': 'gofood', 'uid': 'CUISINE_FASTFOOD', 'displayName': 'Cepat saji', 'description': '', 'taxonomy': 2, 'parentKey': ''}]","Sunset Avenue, Grand Wisata Residence, Dukuh Bima, Lambangsari, Kabupaten Bekasi, Jawa Barat, Jawa, 17510, Indonesia"
"Kedai Mpok Mona, Bebelan","{'average': 4.6, 'total': 0}",2,"[{'key': 'tenants/gofood/tags/CUISINE_SNACKS_JAJANAN', 'tenantUid': 'gofood', 'uid': 'CUISINE_SNACKS_JAJANAN', 'displayName': 'Jajanan', 'description': '', 'taxonomy': 2, 'parentKey': ''}, {'key': 'tenants/gofood/tags/CUISINE_ANEKA_AYAM_BEBEK', 'tenantUid': 'gofood', 'uid': 'CUISINE_ANEKA_AYAM_BEBEK', 'displayName': 'Ayam & bebek', 'description': '', 'taxonomy': 2, 'parentKey': ''}, {'key': 'tenants/gofood/tags/CUISINE_MINUMAN', 'tenantUid': 'gofood', 'uid': 'CUISINE_MINUMAN', 'displayName': 'Minuman', 'description': '', 'taxonomy': 2, 'parentKey': ''}]","Kabupaten Bekasi, Jawa Barat, Jawa, 17610, Indonesia"
"One More Glass Coffee, Medan Satria","{'average': 4.4, 'total': 0}",3,"[{'key': 'tenants/gofood/tags/CUISINE_COFFEE_SHOP', 'tenantUid': 'gofood', 'uid': 'CUISINE_COFFEE_SHOP', 'displayName': 'Kopi', 'description': '', 'taxonomy': 2, 'parentKey': ''}]","Kota Harapan Indah, Kabupaten Bekasi, Jawa Barat, Jawa, 17214, Indonesia"
"Pizza Hut Delivery - PHD, Mustika Jaya","{'average': 4.7, 'total': 0}",4,"[{'key': 'tenants/gofood/tags/CUISINE_PIZZA_PASTA', 'tenantUid': 'gofood', 'uid': 'CUISINE_PIZZA_PASTA', 'displayName': 'Pizza & pasta', 'description': '', 'taxonomy': 2, 'parentKey': ''}, {'key': 'tenants/gofood/tags/CUISINE_FASTFOOD', 'tenantUid': 'gofood', 'uid': 'CUISINE_FASTFOOD', 'displayName': 'Cepat saji', 'description': '', 'taxonomy': 2, 'parentKey': ''}, {'key': 'tenants/gofood/tags/CUISINE_SNACKS_JAJANAN', 'tenantUid': 'gofood', 'uid': 'CUISINE_SNACKS_JAJANAN', 'displayName': 'Jajanan', 'description': '', 'taxonomy': 2, 'parentKey': ''}, {'key': 'tenants/gofood/tags/CUISINE_BURGER_SANDWICH_STEAK', 'tenantUid': 'gofood', 'uid': 'CUISINE_BURGER_SANDWICH_STEAK', 'displayName': 'Barat', 'description': '', 'taxonomy': 2, 'parentKey': ''}, {'key': 'tenants/gofood/tags/CUISINE_ANEKA_AYAM_BEBEK', 'tenantUid': 'gofood', 'uid': 'CUISINE_ANEKA_AYAM_BEBEK', 'displayName': 'Ayam & bebek', 'description': '', 'taxonomy': 2, 'parentKey': ''}]","Vila Asri, Mutiara Gading, Mustikajaya, Kota Bekasi, Jawa Barat, Jawa, 17158, Indonesia"
"Lets Go Chicken, Babelan Bekasi","{'average': 4.1, 'total': 0}",1,"[{'key': 'tenants/gofood/tags/CUISINE_ANEKA_AYAM_BEBEK', 'tenantUid': 'gofood', 'uid': 'CUISINE_ANEKA_AYAM_BEBEK', 'displayName': 'Ayam & bebek', 'description': '', 'taxonomy': 2, 'parentKey': ''}, {'key': 'tenants/gofood/tags/CUISINE_FASTFOOD', 'tenantUid': 'gofood', 'uid': 'CUISINE_FASTFOOD', 'displayName': 'Cepat saji', 'description': '', 'taxonomy': 2, 'parentKey': ''}]","Jalan Raya Babelan, Tera Damai, Babelan Kota, Kabupaten Bekasi, Jawa Barat, Jawa, 17610, Indonesia"
"Bakso Sahabat Mas Yani, Vila Asri","{'average': 4.6, 'total': 0}",2,"[{'key': 'tenants/gofood/tags/CUISINE_BAKMIE', 'tenantUid': 'gofood', 'uid': 'CUISINE_BAKMIE', 'displayName': 'Bakmie', 'description': '', 'taxonomy': 2, 'parentKey': ''}, {'key': 'tenants/gofood/tags/CUISINE_SOTO_BAKSO_SOP', 'tenantUid': 'gofood', 'uid': 'CUISINE_SOTO_BAKSO_SOP', 'displayName': 'Bakso & soto', 'description': '', 'taxonomy': 2, 'parentKey': ''}]","Vila Asri, Mutiara Gading, Mustikajaya, Kota Bekasi, Jawa Barat, Jawa, 17158, Indonesia"
"Nasi Uduk Pecel Ayam Bakar Ibu Ida, Jatikramat","{'average': 4.8, 'total': 0}",2,"[{'key': 'tenants/gofood/tags/CUISINE_ANEKA_NASI', 'tenantUid': 'gofood', 'uid': 'CUISINE_ANEKA_NASI', 'displayName': 'Aneka nasi', 'description': '', 'taxonomy': 2, 'parentKey': ''}, {'key': 'tenants/gofood/tags/CUISINE_ANEKA_AYAM_BEBEK', 'tenantUid': 'gofood', 'uid': 'CUISINE_ANEKA_AYAM_BEBEK', 'displayName': 'Ayam & bebek', 'description': '', 'taxonomy': 2, 'parentKey': ''}, {'key': 'tenants/gofood/tags/CUISINE_SOTO_BAKSO_SOP', 'tenantUid': 'gofood', 'uid': 'CUISINE_SOTO_BAKSO_SOP', 'displayName': 'Bakso & soto', 'description': '', 'taxonomy': 2, 'parentKey': ''}]","Jalan Jatikramat, Perum Dosen IKIP, Jatikramat, Kota Bekasi, Jawa Barat, Jawa, 17421, Indonesia"
"Pempek Zaqi, Perumahan Bumi Lestari","{'average': 4.7, 'total': 0}",1,"[{'key': 'tenants/gofood/tags/CUISINE_SNACKS_JAJANAN', 'tenantUid': 'gofood', 'uid': 'CUISINE_SNACKS_JAJANAN', 'displayName': 'Jajanan', 'description': '', 'taxonomy': 2, 'parentKey': ''}]","Mangunjaya, Kabupaten Bekasi, Jawa Barat, Jawa, 17567, Indonesia"
"Ayam Geprek Inna, Ruko Kemang Ifi Graha","{'average': 4.6, 'total': 0}",2,"[{'key': 'tenants/gofood/tags/CUISINE_ANEKA_AYAM_BEBEK', 'tenantUid': 'gofood', 'uid': 'CUISINE_ANEKA_AYAM_BEBEK', 'displayName': 'Ayam & bebek', 'description': '', 'taxonomy': 2, 'parentKey': ''}]","Jalan Gamelan Raya, Komplek Kemang IFI Graha, Jatirasa, Kota Bekasi, Jawa Barat, Jawa, 17423, Indonesia"
"Tasaji Resto, Mustika Jaya","{'average': 4.3, 'total': 0}",3,"[{'key': 'tenants/gofood/tags/CUISINE_ANEKA_NASI', 'tenantUid': 'gofood', 'uid': 'CUISINE_ANEKA_NASI', 'displayName': 'Aneka nasi', 'description': '', 'taxonomy': 2, 'parentKey': ''}, {'key': 'tenants/gofood/tags/CUISINE_FASTFOOD', 'tenantUid': 'gofood', 'uid': 'CUISINE_FASTFOOD', 'displayName': 'Cepat saji', 'description': '', 'taxonomy': 2, 'parentKey': ''}, {'key': 'tenants/gofood/tags/CUISINE_ROTI', 'tenantUid': 'gofood', 'uid': 'CUISINE_ROTI', 'displayName': 'Roti', 'description': '', 'taxonomy': 2, 'parentKey': ''}]","Jalan Mandor Demong, Kp Atas, Babakan, Mustikasari, Kota Bekasi, Jawa Barat, Jawa, 17157, Indonesia"
"Bakmi Mulia, Jatiasih","{'average': 4.8, 'total': 0}",2,"[{'key': 'tenants/gofood/tags/CUISINE_SEAFOOD', 'tenantUid': 'gofood', 'uid': 'CUISINE_SEAFOOD', 'displayName': 'Seafood', 'description': '', 'taxonomy': 2, 'parentKey': ''}, {'key': 'tenants/gofood/tags/CUISINE_BAKMIE', 'tenantUid': 'gofood', 'uid': 'CUISINE_BAKMIE', 'displayName': 'Bakmie', 'description': '', 'taxonomy': 2, 'parentKey': ''}, {'key': 'tenants/gofood/tags/CUISINE_CHINESE', 'tenantUid': 'gofood', 'uid': 'CUISINE_CHINESE', 'displayName': 'Chinese', 'description': '', 'taxonomy': 2, 'parentKey': ''}]","Jalan Gamelan Raya, Komplek Kemang IFI Graha, Jatirasa, Kota Bekasi, Jawa Barat, Jawa, 17423, Indonesia"
"Kedai Bunda Taman Raya Bekasi, Tambun Selatan","{'average': 4.6, 'total': 0}",2,"[{'key': 'tenants/gofood/tags/CUISINE_BAKMIE', 'tenantUid': 'gofood', 'uid': 'CUISINE_BAKMIE', 'displayName': 'Bakmie', 'description': '', 'taxonomy': 2, 'parentKey': ''}, {'key': 'tenants/gofood/tags/CUISINE_ANEKA_NASI', 'tenantUid': 'gofood', 'uid': 'CUISINE_ANEKA_NASI', 'displayName': 'Aneka nasi', 'description': '', 'taxonomy': 2, 'parentKey': ''}, {'key': 'tenants/gofood/tags/CUISINE_ANEKA_AYAM_BEBEK', 'tenantUid': 'gofood', 'uid': 'CUISINE_ANEKA_AYAM_BEBEK', 'displayName': 'Ayam & bebek', 'description': '', 'taxonomy': 2, 'parentKey': ''}]","Jalan Melati XII, Mangunjaya, Kabupaten Bekasi, Jawa Barat, Jawa, 17567, Indonesia"
"Pastel Mba Muy & Soto Mba Muy, Mangunjaya","{'average': 4.8, 'total': 0}",3,"[{'key': 'tenants/gofood/tags/CUISINE_SOTO_BAKSO_SOP', 'tenantUid': 'gofood', 'uid': 'CUISINE_SOTO_BAKSO_SOP', 'displayName': 'Bakso & soto', 'description': '', 'taxonomy': 2, 'parentKey': ''}, {'key': 'tenants/gofood/tags/CUISINE_FASTFOOD', 'tenantUid': 'gofood', 'uid': 'CUISINE_FASTFOOD', 'displayName': 'Cepat saji', 'description': '', 'taxonomy': 2, 'parentKey': ''}, {'key': 'tenants/gofood/tags/CUISINE_SNACKS_JAJANAN', 'tenantUid': 'gofood', 'uid': 'CUISINE_SNACKS_JAJANAN', 'displayName': 'Jajanan', 'description': '', 'taxonomy': 2, 'parentKey': ''}]","Jalan Melati VIII, Mangunjaya, Kabupaten Bekasi, Jawa Barat, Jawa, 17567, Indonesia"
"Princess Kebab, Grand Wisata Festive Garden","{'average': 4.8, 'total': 0}",2,"[{'key': 'tenants/gofood/tags/CUISINE_SNACKS_JAJANAN', 'tenantUid': 'gofood', 'uid': 'CUISINE_SNACKS_JAJANAN', 'displayName': 'Jajanan', 'description': '', 'taxonomy': 2, 'parentKey': ''}, {'key': 'tenants/gofood/tags/CUISINE_MINUMAN', 'tenantUid': 'gofood', 'uid': 'CUISINE_MINUMAN', 'displayName': 'Minuman', 'description': '', 'taxonomy': 2, 'parentKey': ''}, {'key': 'tenants/gofood/tags/CUISINE_MIDDLE_EASTERN', 'tenantUid': 'gofood', 'uid': 'CUISINE_MIDDLE_EASTERN', 'displayName': 'Timur Tengah', 'description': '', 'taxonomy': 2, 'parentKey': ''}]","Serenade Avenue, Grand Wisata Residence, Dukuh Bima, Lambangsari, Kabupaten Bekasi, Jawa Barat, Jawa, 17510, Indonesia"
"Soto Betmen (Betawi-Kebumen), Jatiasih","{'average': 4.7, 'total': 0}",1,"[{'key': 'tenants/gofood/tags/CUISINE_SOTO_BAKSO_SOP', 'tenantUid': 'gofood', 'uid': 'CUISINE_SOTO_BAKSO_SOP', 'displayName': 'Bakso & soto', 'description': '', 'taxonomy': 2, 'parentKey': ''}, {'key': 'tenants/gofood/tags/CUISINE_ANEKA_AYAM_BEBEK', 'tenantUid': 'gofood', 'uid': 'CUISINE_ANEKA_AYAM_BEBEK', 'displayName': 'Ayam & bebek', 'description': '', 'taxonomy': 2, 'parentKey': ''}]","Jalan Gamelan Raya, Komplek Kemang IFI Graha, Jatirasa, Kota Bekasi, Jawa Barat, Jawa, 17423, Indonesia"
"RM Purbasari, Cakung","{'average': 4.5, 'total': 0}",2,"[{'key': 'tenants/gofood/tags/CUISINE_ANEKA_NASI', 'tenantUid': 'gofood', 'uid': 'CUISINE_ANEKA_NASI', 'displayName': 'Aneka nasi', 'description': '', 'taxonomy': 2, 'parentKey': ''}, {'key': 'tenants/gofood/tags/CUISINE_ANEKA_AYAM_BEBEK', 'tenantUid': 'gofood', 'uid': 'CUISINE_ANEKA_AYAM_BEBEK', 'displayName': 'Ayam & bebek', 'description': '', 'taxonomy': 2, 'parentKey': ''}, {'key': 'tenants/gofood/tags/CUISINE_MINUMAN', 'tenantUid': 'gofood', 'uid': 'CUISINE_MINUMAN', 'displayName': 'Minuman', 'description': '', 'taxonomy': 2, 'parentKey': ''}]","Jalan Bekasi Raya, RW 04, Ujung Menteng, Cakung, Jakarta Timur, Daerah Khusus Ibukota Jakarta, Jawa, 13910, Indonesia"
"Been Sae Cake & Cookies, Tambun Selatan","{'average': 4.4, 'total': 0}",3,"[{'key': 'tenants/gofood/tags/CUISINE_ROTI', 'tenantUid': 'gofood', 'uid': 'CUISINE_ROTI', 'displayName': 'Roti', 'description': '', 'taxonomy': 2, 'parentKey': ''}]","Jalan Mangunjaya, Kompas, Setiadarma, Kabupaten Bekasi, Jawa Barat, Jawa, 17510, Indonesia"
"Sopel (Sosis Pele) 2, Kampung Kandang","{'average': 4.7, 'total': 0}",1,"[{'key': 'tenants/gofood/tags/CUISINE_SNACKS_JAJANAN', 'tenantUid': 'gofood', 'uid': 'CUISINE_SNACKS_JAJANAN', 'displayName': 'Jajanan', 'description': '', 'taxonomy': 2, 'parentKey': ''}]","Perum. Taman Elok Persada, Mutiara Gading, Mustikajaya, Kabupaten Bekasi, Jawa Barat, Jawa, 17158, Indonesia"
"Gajah Thai Tea, Tambun","{'average': 4.2, 'total': 0}",1,"[{'key': 'tenants/gofood/tags/CUISINE_MINUMAN', 'tenantUid': 'gofood', 'uid': 'CUISINE_MINUMAN', 'displayName': 'Minuman', 'description': '', 'taxonomy': 2, 'parentKey': ''}, {'key': 'tenants/gofood/tags/CUISINE_SWEETS_DESSERTS', 'tenantUid': 'gofood', 'uid': 'CUISINE_SWEETS_DESSERTS', 'displayName': 'Sweets', 'description': '', 'taxonomy': 2, 'parentKey': ''}, {'key': 'tenants/gofood/tags/CUISINE_THAI', 'tenantUid': 'gofood', 'uid': 'CUISINE_THAI', 'displayName': 'Thailand', 'description': '', 'taxonomy': 2, 'parentKey': ''}]","Jalan Komplek Graha Permai, Mangunjaya, Kabupaten Bekasi, Jawa Barat, Jawa, 17567, Indonesia"
"Sopel (Sosis Pele), Kp Kandang","{'average': 4.6, 'total': 0}",1,"[{'key': 'tenants/gofood/tags/CUISINE_SNACKS_JAJANAN', 'tenantUid': 'gofood', 'uid': 'CUISINE_SNACKS_JAJANAN', 'displayName': 'Jajanan', 'description': '', 'taxonomy': 2, 'parentKey': ''}]","Perum. Taman Elok Persada, Mutiara Gading, Mustikajaya, Kabupaten Bekasi, Jawa Barat, Jawa, 17158, Indonesia"
"Richeese Factory, Mangunjaya","{'average': 4.6, 'total': 0}",3,"[{'key': 'tenants/gofood/tags/CUISINE_FASTFOOD', 'tenantUid': 'gofood', 'uid': 'CUISINE_FASTFOOD', 'displayName': 'Cepat saji', 'description': '', 'taxonomy': 2, 'parentKey': ''}, {'key': 'tenants/gofood/tags/CUISINE_ANEKA_AYAM_BEBEK', 'tenantUid': 'gofood', 'uid': 'CUISINE_ANEKA_AYAM_BEBEK', 'displayName': 'Ayam & bebek', 'description': '', 'taxonomy': 2, 'parentKey': ''}, {'key': 'tenants/gofood/tags/CUISINE_ANEKA_NASI', 'tenantUid': 'gofood', 'uid': 'CUISINE_ANEKA_NASI', 'displayName': 'Aneka nasi', 'description': '', 'taxonomy': 2, 'parentKey': ''}]","Jalan Mangunjaya, Kompas, Setiadarma, Kabupaten Bekasi, Jawa Barat, Jawa, 17510, Indonesia"
Iga Ndut Grand Wisata,"{'average': 4.5, 'total': 0}",3,"[{'key': 'tenants/gofood/tags/CUISINE_ANEKA_NASI', 'tenantUid': 'gofood', 'uid': 'CUISINE_ANEKA_NASI', 'displayName': 'Aneka nasi', 'description': '', 'taxonomy': 2, 'parentKey': ''}, {'key': 'tenants/gofood/tags/CUISINE_FASTFOOD', 'tenantUid': 'gofood', 'uid': 'CUISINE_FASTFOOD', 'displayName': 'Cepat saji', 'description': '', 'taxonomy': 2, 'parentKey': ''}, {'key': 'tenants/gofood/tags/CUISINE_SNACKS_JAJANAN', 'tenantUid': 'gofood', 'uid': 'CUISINE_SNACKS_JAJANAN', 'displayName': 'Jajanan', 'description': '', 'taxonomy': 2, 'parentKey': ''}]","Grand Wisata Residence, Dukuh Bima, Lambangsari, Kabupaten Bekasi, Jawa Barat, Jawa, 17510, Indonesia"
"Warung Kelontong, Festival Avenue 77","{'average': 4.8, 'total': 0}",2,"[{'key': 'tenants/gofood/tags/CUISINE_ANEKA_AYAM_BEBEK', 'tenantUid': 'gofood', 'uid': 'CUISINE_ANEKA_AYAM_BEBEK', 'displayName': 'Ayam & bebek', 'description': '', 'taxonomy': 2, 'parentKey': ''}, {'key': 'tenants/gofood/tags/CUISINE_ANEKA_NASI', 'tenantUid': 'gofood', 'uid': 'CUISINE_ANEKA_NASI', 'displayName': 'Aneka nasi', 'description': '', 'taxonomy': 2, 'parentKey': ''}, {'key': 'tenants/gofood/tags/CUISINE_PIZZA_PASTA', 'tenantUid': 'gofood', 'uid': 'CUISINE_PIZZA_PASTA', 'displayName': 'Pizza & pasta', 'description': '', 'taxonomy': 2, 'parentKey': ''}]","Grand Wisata Residence, Dukuh Bima, Lambangsari, Kabupaten Bekasi, Jawa Barat, Jawa, 17510, Indonesia"
"Ungkep In Ayam Resto, Jatiasih","{'average': 4.6, 'total': 0}",3,"[{'key': 'tenants/gofood/tags/CUISINE_ANEKA_AYAM_BEBEK', 'tenantUid': 'gofood', 'uid': 'CUISINE_ANEKA_AYAM_BEBEK', 'displayName': 'Ayam & bebek', 'description': '', 'taxonomy': 2, 'parentKey': ''}, {'key': 'tenants/gofood/tags/CUISINE_ANEKA_NASI', 'tenantUid': 'gofood', 'uid': 'CUISINE_ANEKA_NASI', 'displayName': 'Aneka nasi', 'description': '', 'taxonomy': 2, 'parentKey': ''}, {'key': 'tenants/gofood/tags/CUISINE_FASTFOOD', 'tenantUid': 'gofood', 'uid': 'CUISINE_FASTFOOD', 'displayName': 'Cepat saji', 'description': '', 'taxonomy': 2, 'parentKey': ''}]","Jalan Raya Jatimekar, Graha Indah, Jatimekar, Kota Bekasi, Jawa Barat, Jawa, 17422, Indonesia"
Kebun Kopi,"{'average': 4.7, 'total': 0}",3,"[{'key': 'tenants/gofood/tags/CUISINE_COFFEE_SHOP', 'tenantUid': 'gofood', 'uid': 'CUISINE_COFFEE_SHOP', 'displayName': 'Kopi', 'description': '', 'taxonomy': 2, 'parentKey': ''}]","Grand Wisata Residence, Dukuh Bima, Lambangsari, Kabupaten Bekasi, Jawa Barat, Jawa, 17510, Indonesia"
"Sop Ayam Pak Miin Klaten, Jatiasih","{'average': 4.6, 'total': 0}",2,"[{'key': 'tenants/gofood/tags/CUISINE_ANEKA_NASI', 'tenantUid': 'gofood', 'uid': 'CUISINE_ANEKA_NASI', 'displayName': 'Aneka nasi', 'description': '', 'taxonomy': 2, 'parentKey': ''}]","Jalan Raya Jati Asih, Komplek Pemda Jatiasih, Jatimekar, Kota Bekasi, Jawa Barat, Jawa, 17423, Indonesia"
"Pizza Hut, Komsen Jati Asih Bekasi","{'average': 4.7, 'total': 0}",4,"[{'key': 'tenants/gofood/tags/CUISINE_PIZZA_PASTA', 'tenantUid': 'gofood', 'uid': 'CUISINE_PIZZA_PASTA', 'displayName': 'Pizza & pasta', 'description': '', 'taxonomy': 2, 'parentKey': ''}, {'key': 'tenants/gofood/tags/CUISINE_SNACKS_JAJANAN', 'tenantUid': 'gofood', 'uid': 'CUISINE_SNACKS_JAJANAN', 'displayName': 'Jajanan', 'description': '', 'taxonomy': 2, 'parentKey': ''}]","Restoran Pizza Hut - Komsen Jatiasih Bekasi, Jalan Raya Jati Asih, Komplek Pemda Jatiasih, Jatimekar, Kota Bekasi, Jawa Barat, Jawa, 17423, Indonesia"
"SHSD Sambel Hejo Sambel Dadak (Ayam Goreng Basah), Tambun","{'average': 4.8, 'total': 0}",2,"[{'key': 'tenants/gofood/tags/CUISINE_ANEKA_NASI', 'tenantUid': 'gofood', 'uid': 'CUISINE_ANEKA_NASI', 'displayName': 'Aneka nasi', 'description': '', 'taxonomy': 2, 'parentKey': ''}, {'key': 'tenants/gofood/tags/CUISINE_MINUMAN', 'tenantUid': 'gofood', 'uid': 'CUISINE_MINUMAN', 'displayName': 'Minuman', 'description': '', 'taxonomy': 2, 'parentKey': ''}]","Grand Wisata Residence, Dukuh Bima, Lambangsari, Kabupaten Bekasi, Jawa Barat, Jawa, 17510, Indonesia"
"BPK Lompoh, Rawalumbu","{'average': 4.8, 'total': 0}",3,"[{'key': 'tenants/gofood/tags/CUISINE_ANEKA_NASI', 'tenantUid': 'gofood', 'uid': 'CUISINE_ANEKA_NASI', 'displayName': 'Aneka nasi', 'description': '', 'taxonomy': 2, 'parentKey': ''}, {'key': 'tenants/gofood/tags/CUISINE_BAKMIE', 'tenantUid': 'gofood', 'uid': 'CUISINE_BAKMIE', 'displayName': 'Bakmie', 'description': '', 'taxonomy': 2, 'parentKey': ''}, {'key': 'tenants/gofood/tags/CUISINE_MINUMAN', 'tenantUid': 'gofood', 'uid': 'CUISINE_MINUMAN', 'displayName': 'Minuman', 'description': '', 'taxonomy': 2, 'parentKey': ''}]","Jalan Baru Cipendawa, Komplek Pondokgede Permai, Cipendawa, Kota Bekasi, Jawa Barat, Jawa, 17423, Indonesia"
"Sop Buntut Dan Soto Betawi 'Ibu Haji' 1996, Taman Bumyagara","{'average': 4.4, 'total': 0}",3,"[{'key': 'tenants/gofood/tags/CUISINE_SOTO_BAKSO_SOP', 'tenantUid': 'gofood', 'uid': 'CUISINE_SOTO_BAKSO_SOP', 'displayName': 'Bakso & soto', 'description': '', 'taxonomy': 2, 'parentKey': ''}, {'key': 'tenants/gofood/tags/CUISINE_ANEKA_AYAM_BEBEK', 'tenantUid': 'gofood', 'uid': 'CUISINE_ANEKA_AYAM_BEBEK', 'displayName': 'Ayam & bebek', 'description': '', 'taxonomy': 2, 'parentKey': ''}, {'key': 'tenants/gofood/tags/CUISINE_ANEKA_NASI', 'tenantUid': 'gofood', 'uid': 'CUISINE_ANEKA_NASI', 'displayName': 'Aneka nasi', 'description': '', 'taxonomy': 2, 'parentKey': ''}]","Jalan Mutiara Gading Timur 2, Perum. Mutiara Gading Timur, Mutiara Gading, Mustikajaya, Kota Bekasi, Jawa Barat, Jawa, 17158, Indonesia"
"Siomay Bandung ""Rejeki"", Tambun Selatan","{'average': 4.1, 'total': 0}",3,"[{'key': 'tenants/gofood/tags/CUISINE_SNACKS_JAJANAN', 'tenantUid': 'gofood', 'uid': 'CUISINE_SNACKS_JAJANAN', 'displayName': 'Jajanan', 'description': '', 'taxonomy': 2, 'parentKey': ''}]","Grand Wisata Residence, Dukuh Bima, Lambangsari, Kabupaten Bekasi, Jawa Barat, Jawa, 17510, Indonesia"
"Baslok MS wonogiri 3, Tambun Utara","{'average': 4.2, 'total': 0}",3,"[{'key': 'tenants/gofood/tags/CUISINE_SNACKS_JAJANAN', 'tenantUid': 'gofood', 'uid': 'CUISINE_SNACKS_JAJANAN', 'displayName': 'Jajanan', 'description': '', 'taxonomy': 2, 'parentKey': ''}, {'key': 'tenants/gofood/tags/CUISINE_SOTO_BAKSO_SOP', 'tenantUid': 'gofood', 'uid': 'CUISINE_SOTO_BAKSO_SOP', 'displayName': 'Bakso & soto', 'description': '', 'taxonomy': 2, 'parentKey': ''}, {'key': 'tenants/gofood/tags/CUISINE_BAKMIE', 'tenantUid': 'gofood', 'uid': 'CUISINE_BAKMIE', 'displayName': 'Bakmie', 'description': '', 'taxonomy': 2, 'parentKey': ''}]","Jalan Pisangan Raya, Tera Damai, Sriamur, Kabupaten Bekasi, Jawa Barat, Jawa, 17150, Indonesia"
"HokBen, Jati Asih","{'average': 4.8, 'total': 0}",3,"[{'key': 'tenants/gofood/tags/CUISINE_JAPANESE', 'tenantUid': 'gofood', 'uid': 'CUISINE_JAPANESE', 'displayName': 'Jepang', 'description': '', 'taxonomy': 2, 'parentKey': ''}, {'key': 'tenants/gofood/tags/CUISINE_FASTFOOD', 'tenantUid': 'gofood', 'uid': 'CUISINE_FASTFOOD', 'displayName': 'Cepat saji', 'description': '', 'taxonomy': 2, 'parentKey': ''}]","HokBen, Jalan Raya Jati Asih, Komplek Pemda Jatiasih, Jatimekar, Kota Bekasi, Jawa Barat, Jawa, 17423, Indonesia"
"Martabak Pizza Orins, Jati Asih","{'average': 4.7, 'total': 0}",3,"[{'key': 'tenants/gofood/tags/CUISINE_MARTABAK', 'tenantUid': 'gofood', 'uid': 'CUISINE_MARTABAK', 'displayName': 'Martabak', 'description': '', 'taxonomy': 2, 'parentKey': ''}]","Jalan Raya Jati Asih, Komplek Pemda Jatiasih, Jatimekar, Kota Bekasi, Jawa Barat, Jawa, 17423, Indonesia"
"Bakso Balungan Komsen - Jatiasih, Jl Jatiasih Raya 42A","{'average': 4.7, 'total': 0}",2,"[{'key': 'tenants/gofood/tags/CUISINE_SOTO_BAKSO_SOP', 'tenantUid': 'gofood', 'uid': 'CUISINE_SOTO_BAKSO_SOP', 'displayName': 'Bakso & soto', 'description': '', 'taxonomy': 2, 'parentKey': ''}]","Bakso Balungan, Jalan Raya Jati Asih, Komplek Pemda Jatiasih, Kota Bekasi, Jawa Barat, Jawa, 17423, Indonesia"
"Rajanya Ikan Bakar, Setiadarma","{'average': 4.8, 'total': 0}",3,"[{'key': 'tenants/gofood/tags/CUISINE_SEAFOOD', 'tenantUid': 'gofood', 'uid': 'CUISINE_SEAFOOD', 'displayName': 'Seafood', 'description': '', 'taxonomy': 2, 'parentKey': ''}, {'key': 'tenants/gofood/tags/CUISINE_ANEKA_AYAM_BEBEK', 'tenantUid': 'gofood', 'uid': 'CUISINE_ANEKA_AYAM_BEBEK', 'displayName': 'Ayam & bebek', 'description': '', 'taxonomy': 2, 'parentKey': ''}, {'key': 'tenants/gofood/tags/CUISINE_FASTFOOD', 'tenantUid': 'gofood', 'uid': 'CUISINE_FASTFOOD', 'displayName': 'Cepat saji', 'description': '', 'taxonomy': 2, 'parentKey': ''}]","Jalan KH Abu Bakar, Lapangan Kobra, Kompas, Setiadarma, Kabupaten Bekasi, Jawa Barat, Jawa, 17510, Indonesia"
"AG Smokehouse, Ruko Asia Tropis","{'average': 4.4, 'total': 0}",3,"[{'key': 'tenants/gofood/tags/CUISINE_ANEKA_AYAM_BEBEK', 'tenantUid': 'gofood', 'uid': 'CUISINE_ANEKA_AYAM_BEBEK', 'displayName': 'Ayam & bebek', 'description': '', 'taxonomy': 2, 'parentKey': ''}]","30, Jalan Harapan Indah Bulevar, Kota Harapan Indah, Kabupaten Bekasi, Jawa Barat, Jawa, 17214, Indonesia"
"Bakso Sakat Wonogiri, Jatiasih","{'average': 4.6, 'total': 0}",2,"[{'key': 'tenants/gofood/tags/CUISINE_SOTO_BAKSO_SOP', 'tenantUid': 'gofood', 'uid': 'CUISINE_SOTO_BAKSO_SOP', 'displayName': 'Bakso & soto', 'description': '', 'taxonomy': 2, 'parentKey': ''}, {'key': 'tenants/gofood/tags/CUISINE_FASTFOOD', 'tenantUid': 'gofood', 'uid': 'CUISINE_FASTFOOD', 'displayName': 'Cepat saji', 'description': '', 'taxonomy': 2, 'parentKey': ''}, {'key': 'tenants/gofood/tags/CUISINE_BAKMIE', 'tenantUid': 'gofood', 'uid': 'CUISINE_BAKMIE', 'displayName': 'Bakmie', 'description': '', 'taxonomy': 2, 'parentKey': ''}]","Griya Azalea 2, Jatirasa, Kota Bekasi, Jawa Barat, Jawa, 17423, Indonesia"
"Bebek Goreng H. Slamet, Jatiasih","{'average': 4.5, 'total': 0}",3,"[{'key': 'tenants/gofood/tags/CUISINE_ANEKA_AYAM_BEBEK', 'tenantUid': 'gofood', 'uid': 'CUISINE_ANEKA_AYAM_BEBEK', 'displayName': 'Ayam & bebek', 'description': '', 'taxonomy': 2, 'parentKey': ''}]","Komplek Pondokgede Permai, Jatirasa, Kota Bekasi, Jawa Barat, Jawa, 17423, Indonesia"
"Mie Jawir Gajah Mungkur, Jatirasa","{'average': 4.4, 'total': 0}",2,"[{'key': 'tenants/gofood/tags/CUISINE_BAKMIE', 'tenantUid': 'gofood', 'uid': 'CUISINE_BAKMIE', 'displayName': 'Bakmie', 'description': '', 'taxonomy': 2, 'parentKey': ''}, {'key': 'tenants/gofood/tags/CUISINE_SOTO_BAKSO_SOP', 'tenantUid': 'gofood', 'uid': 'CUISINE_SOTO_BAKSO_SOP', 'displayName': 'Bakso & soto', 'description': '', 'taxonomy': 2, 'parentKey': ''}, {'key': 'tenants/gofood/tags/CUISINE_FASTFOOD', 'tenantUid': 'gofood', 'uid': 'CUISINE_FASTFOOD', 'displayName': 'Cepat saji', 'description': '', 'taxonomy': 2, 'parentKey': ''}]","Griya Azalea 2, Jatirasa, Kota Bekasi, Jawa Barat, Jawa, 17423, Indonesia"
"Bakso Echo 2 Dan Mie Ayam, Tambun Selatan","{'average': 4.6, 'total': 0}",2,"[{'key': 'tenants/gofood/tags/CUISINE_SOTO_BAKSO_SOP', 'tenantUid': 'gofood', 'uid': 'CUISINE_SOTO_BAKSO_SOP', 'displayName': 'Bakso & soto', 'description': '', 'taxonomy': 2, 'parentKey': ''}]","Kompas, Mekarsari, Kabupaten Bekasi, Jawa Barat, Jawa, 17510, Indonesia"
"Gingerland Kitchen, Jati Bening Baru","{'average': 4.6, 'total': 0}",3,"[{'key': 'tenants/gofood/tags/CUISINE_SWEETS_DESSERTS', 'tenantUid': 'gofood', 'uid': 'CUISINE_SWEETS_DESSERTS', 'displayName': 'Sweets', 'description': '', 'taxonomy': 2, 'parentKey': ''}, {'key': 'tenants/gofood/tags/CUISINE_SNACKS_JAJANAN', 'tenantUid': 'gofood', 'uid': 'CUISINE_SNACKS_JAJANAN', 'displayName': 'Jajanan', 'description': '', 'taxonomy': 2, 'parentKey': ''}, {'key': 'tenants/gofood/tags/CUISINE_MINUMAN', 'tenantUid': 'gofood', 'uid': 'CUISINE_MINUMAN', 'displayName': 'Minuman', 'description': '', 'taxonomy': 2, 'parentKey': ''}]","Jatibening, Kota Bekasi, Jawa Barat, Jawa, 17412, Indonesia"
"KFC, Jatiasih Bekasi","{'average': 4.7, 'total': 0}",3,"[{'key': 'tenants/gofood/tags/CUISINE_FASTFOOD', 'tenantUid': 'gofood', 'uid': 'CUISINE_FASTFOOD', 'displayName': 'Cepat saji', 'description': '', 'taxonomy': 2, 'parentKey': ''}]","KFC, Jalan Wibawa Mukti II, Komplek Pemda Jatiasih, Jatimekar, Kota Bekasi, Jawa Barat, Jawa, 17423, Indonesia"
"Ayam Gepuk Pak Gembus, Ruko Asia Tropis","{'average': 4.7, 'total': 0}",2,"[{'key': 'tenants/gofood/tags/CUISINE_ANEKA_AYAM_BEBEK', 'tenantUid': 'gofood', 'uid': 'CUISINE_ANEKA_AYAM_BEBEK', 'displayName': 'Ayam & bebek', 'description': '', 'taxonomy': 2, 'parentKey': ''}]","42, Jalan Taman Cemara, Kota Harapan Indah, Kabupaten Bekasi, Jawa Barat, Jawa, 17214, Indonesia"
"Pizza Hut Delivery - PHD, Mangun Jaya Tambun","{'average': 4.7, 'total': 0}",4,"[{'key': 'tenants/gofood/tags/CUISINE_PIZZA_PASTA', 'tenantUid': 'gofood', 'uid': 'CUISINE_PIZZA_PASTA', 'displayName': 'Pizza & pasta', 'description': '', 'taxonomy': 2, 'parentKey': ''}, {'key': 'tenants/gofood/tags/CUISINE_FASTFOOD', 'tenantUid': 'gofood', 'uid': 'CUISINE_FASTFOOD', 'displayName': 'Cepat saji', 'description': '', 'taxonomy': 2, 'parentKey': ''}, {'key': 'tenants/gofood/tags/CUISINE_SNACKS_JAJANAN', 'tenantUid': 'gofood', 'uid': 'CUISINE_SNACKS_JAJANAN', 'displayName': 'Jajanan', 'description': '', 'taxonomy': 2, 'parentKey': ''}, {'key': 'tenants/gofood/tags/CUISINE_BURGER_SANDWICH_STEAK', 'tenantUid': 'gofood', 'uid': 'CUISINE_BURGER_SANDWICH_STEAK', 'displayName': 'Barat', 'description': '', 'taxonomy': 2, 'parentKey': ''}, {'key': 'tenants/gofood/tags/CUISINE_ANEKA_AYAM_BEBEK', 'tenantUid': 'gofood', 'uid': 'CUISINE_ANEKA_AYAM_BEBEK', 'displayName': 'Ayam & bebek', 'description': '', 'taxonomy': 2, 'parentKey': ''}]","Jalan Raya Sumberjaya, Mangunjaya, Kabupaten Bekasi, Jawa Barat, Jawa, 17519, Indonesia"
"SBY (Susu Buah Yoghurt), Jatiasih","{'average': 3.4, 'total': 0}",2,"[{'key': 'tenants/gofood/tags/CUISINE_SNACKS_JAJANAN', 'tenantUid': 'gofood', 'uid': 'CUISINE_SNACKS_JAJANAN', 'displayName': 'Jajanan', 'description': '', 'taxonomy': 2, 'parentKey': ''}, {'key': 'tenants/gofood/tags/CUISINE_MINUMAN', 'tenantUid': 'gofood', 'uid': 'CUISINE_MINUMAN', 'displayName': 'Minuman', 'description': '', 'taxonomy': 2, 'parentKey': ''}]","Jalan Suci, Bumi Nasio Indah, Jatimekar, Kota Bekasi, Jawa Barat, Jawa, 17422, Indonesia"
"Warung Sop Iga Sapi Tante Melani, Villa Gading Harapan","{'average': 4.6, 'total': 0}",2,"[{'key': 'tenants/gofood/tags/CUISINE_SEAFOOD', 'tenantUid': 'gofood', 'uid': 'CUISINE_SEAFOOD', 'displayName': 'Seafood', 'description': '', 'taxonomy': 2, 'parentKey': ''}, {'key': 'tenants/gofood/tags/CUISINE_ANEKA_NASI', 'tenantUid': 'gofood', 'uid': 'CUISINE_ANEKA_NASI', 'displayName': 'Aneka nasi', 'description': '', 'taxonomy': 2, 'parentKey': ''}, {'key': 'tenants/gofood/tags/CUISINE_ANEKA_AYAM_BEBEK', 'tenantUid': 'gofood', 'uid': 'CUISINE_ANEKA_AYAM_BEBEK', 'displayName': 'Ayam & bebek', 'description': '', 'taxonomy': 2, 'parentKey': ''}]","Kabupaten Bekasi, Jawa Barat, Jawa, 17610, Indonesia"
"Mamagaio Resto Ramen and Steak, Grand Wisata","{'average': 4.7, 'total': 0}",3,"[{'key': 'tenants/gofood/tags/CUISINE_JAPANESE', 'tenantUid': 'gofood', 'uid': 'CUISINE_JAPANESE', 'displayName': 'Jepang', 'description': '', 'taxonomy': 2, 'parentKey': ''}]","Celebration Boulevard, Grand Wisata Residence, Dukuh Bima, Lambangsari, Kabupaten Bekasi, Jawa Barat, Jawa, 17510, Indonesia"
"Bakso,Siomay,Dimsum Dapur Manissa, Pondok Gede","{'average': 4.5, 'total': 0}",3,"[{'key': 'tenants/gofood/tags/CUISINE_SNACKS_JAJANAN', 'tenantUid': 'gofood', 'uid': 'CUISINE_SNACKS_JAJANAN', 'displayName': 'Jajanan', 'description': '', 'taxonomy': 2, 'parentKey': ''}, {'key': 'tenants/gofood/tags/CUISINE_FASTFOOD', 'tenantUid': 'gofood', 'uid': 'CUISINE_FASTFOOD', 'displayName': 'Cepat saji', 'description': '', 'taxonomy': 2, 'parentKey': ''}, {'key': 'tenants/gofood/tags/CUISINE_MARTABAK', 'tenantUid': 'gofood', 'uid': 'CUISINE_MARTABAK', 'displayName': 'Martabak', 'description': '', 'taxonomy': 2, 'parentKey': ''}]","De Sanctuary, Jatikramat, Kota Bekasi, Jawa Barat, Jawa, 17413, Indonesia"
"Gudang Coklat & Snack, Tambun Selatan","{'average': 4.4, 'total': 0}",2,"[{'key': 'tenants/gofood/tags/CUISINE_SNACKS_JAJANAN', 'tenantUid': 'gofood', 'uid': 'CUISINE_SNACKS_JAJANAN', 'displayName': 'Jajanan', 'description': '', 'taxonomy': 2, 'parentKey': ''}]","Jalan Villa Bekasi Indah 1, Mangunjaya, Kabupaten Bekasi, Jawa Barat, Jawa, 17567, Indonesia"
"Domino's Pizza, Jati Asih","{'average': 4.7, 'total': 0}",3,"[{'key': 'tenants/gofood/tags/CUISINE_PIZZA_PASTA', 'tenantUid': 'gofood', 'uid': 'CUISINE_PIZZA_PASTA', 'displayName': 'Pizza & pasta', 'description': '', 'taxonomy': 2, 'parentKey': ''}, {'key': 'tenants/gofood/tags/CUISINE_FASTFOOD', 'tenantUid': 'gofood', 'uid': 'CUISINE_FASTFOOD', 'displayName': 'Cepat saji', 'description': '', 'taxonomy': 2, 'parentKey': ''}, {'key': 'tenants/gofood/tags/CUISINE_SNACKS_JAJANAN', 'tenantUid': 'gofood', 'uid': 'CUISINE_SNACKS_JAJANAN', 'displayName': 'Jajanan', 'description': '', 'taxonomy': 2, 'parentKey': ''}]","Starbucks, Jalan Wibawa Mukti II, Komplek Pemda Jatiasih, Jatimekar, Kota Bekasi, Jawa Barat, Jawa, 17423, Indonesia"
"Kopi Kenangan, BP KHI Boulevard","{'average': 4.8, 'total': 0}",2,"[{'key': 'tenants/gofood/tags/CUISINE_MINUMAN', 'tenantUid': 'gofood', 'uid': 'CUISINE_MINUMAN', 'displayName': 'Minuman', 'description': '', 'taxonomy': 2, 'parentKey': ''}, {'key': 'tenants/gofood/tags/CUISINE_COFFEE_SHOP', 'tenantUid': 'gofood', 'uid': 'CUISINE_COFFEE_SHOP', 'displayName': 'Kopi', 'description': '', 'taxonomy': 2, 'parentKey': ''}, {'key': 'tenants/gofood/tags/CUISINE_SWEETS_DESSERTS', 'tenantUid': 'gofood', 'uid': 'CUISINE_SWEETS_DESSERTS', 'displayName': 'Sweets', 'description': '', 'taxonomy': 2, 'parentKey': ''}, {'key': 'tenants/gofood/tags/CUISINE_ROTI', 'tenantUid': 'gofood', 'uid': 'CUISINE_ROTI', 'displayName': 'Roti', 'description': '', 'taxonomy': 2, 'parentKey': ''}, {'key': 'tenants/gofood/tags/CUISINE_SNACKS_JAJANAN', 'tenantUid': 'gofood', 'uid': 'CUISINE_SNACKS_JAJANAN', 'displayName': 'Jajanan', 'description': '', 'taxonomy': 2, 'parentKey': ''}]","BP AKR Kota Harapan Indah, Jalan Harapan Indah Bulevar, Kota Harapan Indah, Kabupaten Bekasi, Jawa Barat, Jawa, 17214, Indonesia"
"Holland Bakery, Jatiasih","{'average': 4.8, 'total': 0}",2,"[{'key': 'tenants/gofood/tags/CUISINE_ROTI', 'tenantUid': 'gofood', 'uid': 'CUISINE_ROTI', 'displayName': 'Roti', 'description': '', 'taxonomy': 2, 'parentKey': ''}, {'key': 'tenants/gofood/tags/CUISINE_SWEETS_DESSERTS', 'tenantUid': 'gofood', 'uid': 'CUISINE_SWEETS_DESSERTS', 'displayName': 'Sweets', 'description': '', 'taxonomy': 2, 'parentKey': ''}]","Jalan Wibawa Mukti II, Komplek Pemda Jatiasih, Jatimekar, Kota Bekasi, Jawa Barat, Jawa, 17423, Indonesia"
"Bebek Bentu, Jatiasih","{'average': 4.8, 'total': 0}",3,"[{'key': 'tenants/gofood/tags/CUISINE_ANEKA_AYAM_BEBEK', 'tenantUid': 'gofood', 'uid': 'CUISINE_ANEKA_AYAM_BEBEK', 'displayName': 'Ayam & bebek', 'description': '', 'taxonomy': 2, 'parentKey': ''}]","Jalan Wibawa Mukti II, Komplek Pemda Jatiasih, Jatimekar, Kota Bekasi, Jawa Barat, Jawa, 17423, Indonesia"
Sahl Kebab & Co. Ruko Niaga,"{'average': 4.8, 'total': 0}",3,"[{'key': 'tenants/gofood/tags/CUISINE_FASTFOOD', 'tenantUid': 'gofood', 'uid': 'CUISINE_FASTFOOD', 'displayName': 'Cepat saji', 'description': '', 'taxonomy': 2, 'parentKey': ''}, {'key': 'tenants/gofood/tags/CUISINE_SNACKS_JAJANAN', 'tenantUid': 'gofood', 'uid': 'CUISINE_SNACKS_JAJANAN', 'displayName': 'Jajanan', 'description': '', 'taxonomy': 2, 'parentKey': ''}, {'key': 'tenants/gofood/tags/CUISINE_MIDDLE_EASTERN', 'tenantUid': 'gofood', 'uid': 'CUISINE_MIDDLE_EASTERN', 'displayName': 'Timur Tengah', 'description': '', 'taxonomy': 2, 'parentKey': ''}]","Jalan Wibawa Mukti II, Komplek Pemda Jatiasih, Jatimekar, Kota Bekasi, Jawa Barat, Jawa, 17423, Indonesia"
"McDonald's, Jati Asih Bekasi","{'average': 4.8, 'total': 0}",3,"[{'key': 'tenants/gofood/tags/CUISINE_FASTFOOD', 'tenantUid': 'gofood', 'uid': 'CUISINE_FASTFOOD', 'displayName': 'Cepat saji', 'description': '', 'taxonomy': 2, 'parentKey': ''}, {'key': 'tenants/gofood/tags/CUISINE_SWEETS_DESSERTS', 'tenantUid': 'gofood', 'uid': 'CUISINE_SWEETS_DESSERTS', 'displayName': 'Sweets', 'description': '', 'taxonomy': 2, 'parentKey': ''}, {'key': 'tenants/gofood/tags/CUISINE_SNACKS_JAJANAN', 'tenantUid': 'gofood', 'uid': 'CUISINE_SNACKS_JAJANAN', 'displayName': 'Jajanan', 'description': '', 'taxonomy': 2, 'parentKey': ''}]","Jalan Wibawa Mukti II, Komplek Pemda Jatiasih, Jatimekar, Kota Bekasi, Jawa Barat, Jawa, 17423, Indonesia"
"I Am Geprek Bensu, Harapan Indah","{'average': 4.8, 'total': 0}",2,"[{'key': 'tenants/gofood/tags/CUISINE_ANEKA_AYAM_BEBEK', 'tenantUid': 'gofood', 'uid': 'CUISINE_ANEKA_AYAM_BEBEK', 'displayName': 'Ayam & bebek', 'description': '', 'taxonomy': 2, 'parentKey': ''}, {'key': 'tenants/gofood/tags/CUISINE_ANEKA_NASI', 'tenantUid': 'gofood', 'uid': 'CUISINE_ANEKA_NASI', 'displayName': 'Aneka nasi', 'description': '', 'taxonomy': 2, 'parentKey': ''}, {'key': 'tenants/gofood/tags/CUISINE_FASTFOOD', 'tenantUid': 'gofood', 'uid': 'CUISINE_FASTFOOD', 'displayName': 'Cepat saji', 'description': '', 'taxonomy': 2, 'parentKey': ''}]","1, Jalan Taman Harapan Indah, Kota Harapan Indah, Kabupaten Bekasi, Jawa Barat, Jawa, 17214, Indonesia"
"Pisang Nugget Kece dan NYOPEE - Kopi Kekinian, Bekasi","{'average': 4.6, 'total': 0}",2,"[{'key': 'tenants/gofood/tags/CUISINE_SNACKS_JAJANAN', 'tenantUid': 'gofood', 'uid': 'CUISINE_SNACKS_JAJANAN', 'displayName': 'Jajanan', 'description': '', 'taxonomy': 2, 'parentKey': ''}, {'key': 'tenants/gofood/tags/CUISINE_SWEETS_DESSERTS', 'tenantUid': 'gofood', 'uid': 'CUISINE_SWEETS_DESSERTS', 'displayName': 'Sweets', 'description': '', 'taxonomy': 2, 'parentKey': ''}, {'key': 'tenants/gofood/tags/CUISINE_COFFEE_SHOP', 'tenantUid': 'gofood', 'uid': 'CUISINE_COFFEE_SHOP', 'displayName': 'Kopi', 'description': '', 'taxonomy': 2, 'parentKey': ''}]","Jalan Wibawa Mukti, Jati Kramat Indah 1, Jatimekar, Kota Bekasi, Jawa Barat, Jawa, 17422, Indonesia"
"Bakso Bakwan Malang Cak Su Kumis, Grand Wisata","{'average': 4.7, 'total': 0}",1,"[{'key': 'tenants/gofood/tags/CUISINE_SOTO_BAKSO_SOP', 'tenantUid': 'gofood', 'uid': 'CUISINE_SOTO_BAKSO_SOP', 'displayName': 'Bakso & soto', 'description': '', 'taxonomy': 2, 'parentKey': ''}]","Jalan Summer Festival 3, Grand Wisata Residence, Dukuh Bima, Lambangsari, Kabupaten Bekasi, Jawa Barat, Jawa, 17158, Indonesia"
"Warung Makan Khas Solo Pak Bejo, Tambun","{'average': 4.4, 'total': 0}",3,"[{'key': 'tenants/gofood/tags/CUISINE_SOTO_BAKSO_SOP', 'tenantUid': 'gofood', 'uid': 'CUISINE_SOTO_BAKSO_SOP', 'displayName': 'Bakso & soto', 'description': '', 'taxonomy': 2, 'parentKey': ''}, {'key': 'tenants/gofood/tags/CUISINE_ANEKA_AYAM_BEBEK', 'tenantUid': 'gofood', 'uid': 'CUISINE_ANEKA_AYAM_BEBEK', 'displayName': 'Ayam & bebek', 'description': '', 'taxonomy': 2, 'parentKey': ''}]","Jalan Hasanuddin, Lapangan Kobra, Kompas, Setiadarma, Kabupaten Bekasi, Jawa Barat, Jawa, 17510, Indonesia"
"Mie Jamur Vilani, Jatiasih Bekasi","{'average': 4.7, 'total': 0}",3,"[{'key': 'tenants/gofood/tags/CUISINE_BAKMIE', 'tenantUid': 'gofood', 'uid': 'CUISINE_BAKMIE', 'displayName': 'Bakmie', 'description': '', 'taxonomy': 2, 'parentKey': ''}]","Jalan Raya Jatikramat, Bumi Nasio Indah, Jatimekar, Kota Bekasi, Jawa Barat, Jawa, 17422, Indonesia"
"Zigaz Coffee  House, Tambun","{'average': 4.5, 'total': 0}",1,"[{'key': 'tenants/gofood/tags/CUISINE_SATE', 'tenantUid': 'gofood', 'uid': 'CUISINE_SATE', 'displayName': 'Sate', 'description': '', 'taxonomy': 2, 'parentKey': ''}, {'key': 'tenants/gofood/tags/CUISINE_SNACKS_JAJANAN', 'tenantUid': 'gofood', 'uid': 'CUISINE_SNACKS_JAJANAN', 'displayName': 'Jajanan', 'description': '', 'taxonomy': 2, 'parentKey': ''}, {'key': 'tenants/gofood/tags/CUISINE_MINUMAN', 'tenantUid': 'gofood', 'uid': 'CUISINE_MINUMAN', 'displayName': 'Minuman', 'description': '', 'taxonomy': 2, 'parentKey': ''}]","Jalan Puri Cendana, Mangunjaya, Kabupaten Bekasi, Jawa Barat, Jawa, 17519, Indonesia"
"RESTAURANT 99, BUMY ANGGARA / GRAHA HARAPAN","{'average': 4.6, 'total': 0}",2,"[{'key': 'tenants/gofood/tags/CUISINE_SEAFOOD', 'tenantUid': 'gofood', 'uid': 'CUISINE_SEAFOOD', 'displayName': 'Seafood', 'description': '', 'taxonomy': 2, 'parentKey': ''}, {'key': 'tenants/gofood/tags/CUISINE_ANEKA_NASI', 'tenantUid': 'gofood', 'uid': 'CUISINE_ANEKA_NASI', 'displayName': 'Aneka nasi', 'description': '', 'taxonomy': 2, 'parentKey': ''}, {'key': 'tenants/gofood/tags/CUISINE_BAKMIE', 'tenantUid': 'gofood', 'uid': 'CUISINE_BAKMIE', 'displayName': 'Bakmie', 'description': '', 'taxonomy': 2, 'parentKey': ''}]","Jalan Graha Harapan, Perum. Pesona Bumyagara, Mutiara Gading, Mustikajaya, Kota Bekasi, Jawa Barat, Jawa, 17158, Indonesia"
"Rumah Makan & Seafood '99', Puri Cendana","{'average': 4.7, 'total': 0}",3,"[{'key': 'tenants/gofood/tags/CUISINE_SEAFOOD', 'tenantUid': 'gofood', 'uid': 'CUISINE_SEAFOOD', 'displayName': 'Seafood', 'description': '', 'taxonomy': 2, 'parentKey': ''}, {'key': 'tenants/gofood/tags/CUISINE_ANEKA_AYAM_BEBEK', 'tenantUid': 'gofood', 'uid': 'CUISINE_ANEKA_AYAM_BEBEK', 'displayName': 'Ayam & bebek', 'description': '', 'taxonomy': 2, 'parentKey': ''}, {'key': 'tenants/gofood/tags/CUISINE_ANEKA_NASI', 'tenantUid': 'gofood', 'uid': 'CUISINE_ANEKA_NASI', 'displayName': 'Aneka nasi', 'description': '', 'taxonomy': 2, 'parentKey': ''}]","Jalan Puri Cendana, Mangunjaya, Kabupaten Bekasi, Jawa Barat, Jawa, 17519, Indonesia"
"Seblak Trisaka, Jatiasih","{'average': 4.6, 'total': 0}",1,"[{'key': 'tenants/gofood/tags/CUISINE_FASTFOOD', 'tenantUid': 'gofood', 'uid': 'CUISINE_FASTFOOD', 'displayName': 'Cepat saji', 'description': '', 'taxonomy': 2, 'parentKey': ''}, {'key': 'tenants/gofood/tags/CUISINE_SNACKS_JAJANAN', 'tenantUid': 'gofood', 'uid': 'CUISINE_SNACKS_JAJANAN', 'displayName': 'Jajanan', 'description': '', 'taxonomy': 2, 'parentKey': ''}]","Griya Azalea 2, Jatirasa, Kota Bekasi, Jawa Barat, Jawa, 17423, Indonesia"
"Spesial Geprek Wae, Tambun","{'average': 4.8, 'total': 0}",1,"[{'key': 'tenants/gofood/tags/CUISINE_ANEKA_NASI', 'tenantUid': 'gofood', 'uid': 'CUISINE_ANEKA_NASI', 'displayName': 'Aneka nasi', 'description': '', 'taxonomy': 2, 'parentKey': ''}, {'key': 'tenants/gofood/tags/CUISINE_ANEKA_AYAM_BEBEK', 'tenantUid': 'gofood', 'uid': 'CUISINE_ANEKA_AYAM_BEBEK', 'displayName': 'Ayam & bebek', 'description': '', 'taxonomy': 2, 'parentKey': ''}]","Mangunjaya, Kabupaten Bekasi, Jawa Barat, Jawa, 17519, Indonesia"
"BUDOR NASI KUNING, samping sekolah AL-MARJAN","{'average': 4.5, 'total': 0}",1,"[{'key': 'tenants/gofood/tags/CUISINE_ANEKA_NASI', 'tenantUid': 'gofood', 'uid': 'CUISINE_ANEKA_NASI', 'displayName': 'Aneka nasi', 'description': '', 'taxonomy': 2, 'parentKey': ''}, {'key': 'tenants/gofood/tags/CUISINE_SNACKS_JAJANAN', 'tenantUid': 'gofood', 'uid': 'CUISINE_SNACKS_JAJANAN', 'displayName': 'Jajanan', 'description': '', 'taxonomy': 2, 'parentKey': ''}, {'key': 'tenants/gofood/tags/CUISINE_MINUMAN', 'tenantUid': 'gofood', 'uid': 'CUISINE_MINUMAN', 'displayName': 'Minuman', 'description': '', 'taxonomy': 2, 'parentKey': ''}]","Duta Indah, Jatikramat, Kota Bekasi, Jawa Barat, Jawa, 17413, Indonesia"
"Bubble Drink Sosis Bakar & Hotang, Jatiasih","{'average': 4.5, 'total': 0}",1,"[{'key': 'tenants/gofood/tags/CUISINE_MINUMAN', 'tenantUid': 'gofood', 'uid': 'CUISINE_MINUMAN', 'displayName': 'Minuman', 'description': '', 'taxonomy': 2, 'parentKey': ''}, {'key': 'tenants/gofood/tags/CUISINE_SNACKS_JAJANAN', 'tenantUid': 'gofood', 'uid': 'CUISINE_SNACKS_JAJANAN', 'displayName': 'Jajanan', 'description': '', 'taxonomy': 2, 'parentKey': ''}, {'key': 'tenants/gofood/tags/CUISINE_KOREAN', 'tenantUid': 'gofood', 'uid': 'CUISINE_KOREAN', 'displayName': 'Korea', 'description': '', 'taxonomy': 2, 'parentKey': ''}]","Jalan Bima, Jati Kramat Indah 1, Jatimekar, Kota Bekasi, Jawa Barat, Jawa, 17422, Indonesia"
Sate Klathak Joss Gandoss,"{'average': 4.8, 'total': 0}",3,"[{'key': 'tenants/gofood/tags/CUISINE_SATE', 'tenantUid': 'gofood', 'uid': 'CUISINE_SATE', 'displayName': 'Sate', 'description': '', 'taxonomy': 2, 'parentKey': ''}, {'key': 'tenants/gofood/tags/CUISINE_MINUMAN', 'tenantUid': 'gofood', 'uid': 'CUISINE_MINUMAN', 'displayName': 'Minuman', 'description': '', 'taxonomy': 2, 'parentKey': ''}, {'key': 'tenants/gofood/tags/CUISINE_FASTFOOD', 'tenantUid': 'gofood', 'uid': 'CUISINE_FASTFOOD', 'displayName': 'Cepat saji', 'description': '', 'taxonomy': 2, 'parentKey': ''}]","Celebration Boulevard, Grand Wisata Residence, Lambangsari, Kabupaten Bekasi, Jawa Barat, Jawa, 17158, Indonesia"
"RajaCau23, Tambun Utara","{'average': 0, 'total': 0}",1,"[{'key': 'tenants/gofood/tags/CUISINE_SNACKS_JAJANAN', 'tenantUid': 'gofood', 'uid': 'CUISINE_SNACKS_JAJANAN', 'displayName': 'Jajanan', 'description': '', 'taxonomy': 2, 'parentKey': ''}]","Satriamekar, Kabupaten Bekasi, Jawa Barat, Jawa, 17567, Indonesia"
"Ayam Gepuk Pak Gembus, Kemangsari","{'average': 4.6, 'total': 0}",2,"[{'key': 'tenants/gofood/tags/CUISINE_ANEKA_AYAM_BEBEK', 'tenantUid': 'gofood', 'uid': 'CUISINE_ANEKA_AYAM_BEBEK', 'displayName': 'Ayam & bebek', 'description': '', 'taxonomy': 2, 'parentKey': ''}]","Jalan Kemang Sari Raya, Perum Dosen IKIP, Jatikramat, Kota Bekasi, Jawa Barat, Jawa, 17413, Indonesia"
Bul - Bul Food and Beverage,"{'average': 0, 'total': 0}",2,"[{'key': 'tenants/gofood/tags/CUISINE_SNACKS_JAJANAN', 'tenantUid': 'gofood', 'uid': 'CUISINE_SNACKS_JAJANAN', 'displayName': 'Jajanan', 'description': '', 'taxonomy': 2, 'parentKey': ''}]","Kompas, Mekarsari, Kabupaten Bekasi, Jawa Barat, Jawa, 17519, Indonesia"
"Segara Biru Frozen Food, Tambun Selatan","{'average': 3.3, 'total': 0}",1,"[{'key': 'tenants/gofood/tags/CUISINE_MINUMAN', 'tenantUid': 'gofood', 'uid': 'CUISINE_MINUMAN', 'displayName': 'Minuman', 'description': '', 'taxonomy': 2, 'parentKey': ''}]","Mangunjaya, Kabupaten Bekasi, Jawa Barat, Jawa, 17567, Indonesia"
"Gudeg Pawon Wiro, Mustika Jaya","{'average': 4.8, 'total': 0}",1,"[{'key': 'tenants/gofood/tags/CUISINE_ANEKA_NASI', 'tenantUid': 'gofood', 'uid': 'CUISINE_ANEKA_NASI', 'displayName': 'Aneka nasi', 'description': '', 'taxonomy': 2, 'parentKey': ''}, {'key': 'tenants/gofood/tags/CUISINE_ROTI', 'tenantUid': 'gofood', 'uid': 'CUISINE_ROTI', 'displayName': 'Roti', 'description': '', 'taxonomy': 2, 'parentKey': ''}, {'key': 'tenants/gofood/tags/CUISINE_SWEETS_DESSERTS', 'tenantUid': 'gofood', 'uid': 'CUISINE_SWEETS_DESSERTS', 'displayName': 'Sweets', 'description': '', 'taxonomy': 2, 'parentKey': ''}]","Dukuh Zamrud, Mustikajaya, Kota Bekasi, Jawa Barat, Jawa, 17156, Indonesia"
"Soto Ceker Jumbo Hj Sumi, Jatiasih","{'average': 4.6, 'total': 0}",2,"[{'key': 'tenants/gofood/tags/CUISINE_SOTO_BAKSO_SOP', 'tenantUid': 'gofood', 'uid': 'CUISINE_SOTO_BAKSO_SOP', 'displayName': 'Bakso & soto', 'description': '', 'taxonomy': 2, 'parentKey': ''}]","Villa Jatirasa, Jatimekar, Kota Bekasi, Jawa Barat, Jawa, 17423, Indonesia"
"Jamilah Happy Food and Drink, Pusaka Rakyat","{'average': 0, 'total': 0}",2,"[{'key': 'tenants/gofood/tags/CUISINE_SNACKS_JAJANAN', 'tenantUid': 'gofood', 'uid': 'CUISINE_SNACKS_JAJANAN', 'displayName': 'Jajanan', 'description': '', 'taxonomy': 2, 'parentKey': ''}, {'key': 'tenants/gofood/tags/CUISINE_MARTABAK', 'tenantUid': 'gofood', 'uid': 'CUISINE_MARTABAK', 'displayName': 'Martabak', 'description': '', 'taxonomy': 2, 'parentKey': ''}, {'key': 'tenants/gofood/tags/CUISINE_MINUMAN', 'tenantUid': 'gofood', 'uid': 'CUISINE_MINUMAN', 'displayName': 'Minuman', 'description': '', 'taxonomy': 2, 'parentKey': ''}]","Jalan Pusaka Rakyat, Kota Harapan Indah, Setiaasih, Kabupaten Bekasi, Jawa Barat, Jawa, 17215, Indonesia"
"Soto Betawi Ibu Emis, Tambun Selatan","{'average': 4.6, 'total': 0}",2,"[{'key': 'tenants/gofood/tags/CUISINE_SOTO_BAKSO_SOP', 'tenantUid': 'gofood', 'uid': 'CUISINE_SOTO_BAKSO_SOP', 'displayName': 'Bakso & soto', 'description': '', 'taxonomy': 2, 'parentKey': ''}]","Kompas, Mekarsari, Kabupaten Bekasi, Jawa Barat, Jawa, 17520, Indonesia"
"Ari Frozen Food, Pondok Gede","{'average': 4.6, 'total': 0}",2,"[{'key': 'tenants/gofood/tags/CUISINE_FASTFOOD', 'tenantUid': 'gofood', 'uid': 'CUISINE_FASTFOOD', 'displayName': 'Cepat saji', 'description': '', 'taxonomy': 2, 'parentKey': ''}]","Jalan Pulau Tanabala, Jatimakmur, Kota Bekasi, Jawa Barat, Jawa, 17413, Indonesia"
"Mommy's Kitchen, Pondok Gede","{'average': 4.8, 'total': 0}",2,"[{'key': 'tenants/gofood/tags/CUISINE_ANEKA_NASI', 'tenantUid': 'gofood', 'uid': 'CUISINE_ANEKA_NASI', 'displayName': 'Aneka nasi', 'description': '', 'taxonomy': 2, 'parentKey': ''}, {'key': 'tenants/gofood/tags/CUISINE_ANEKA_AYAM_BEBEK', 'tenantUid': 'gofood', 'uid': 'CUISINE_ANEKA_AYAM_BEBEK', 'displayName': 'Ayam & bebek', 'description': '', 'taxonomy': 2, 'parentKey': ''}, {'key': 'tenants/gofood/tags/CUISINE_SOTO_BAKSO_SOP', 'tenantUid': 'gofood', 'uid': 'CUISINE_SOTO_BAKSO_SOP', 'displayName': 'Bakso & soto', 'description': '', 'taxonomy': 2, 'parentKey': ''}]","Jalan Mesjid Jati Cempaka, Jatiwaringin, Kota Bekasi, Jawa Barat, Jawa, 17411, Indonesia"
"Jus Buah Kedung 7, Duta Indah","{'average': 4.8, 'total': 0}",1,"[{'key': 'tenants/gofood/tags/CUISINE_MINUMAN', 'tenantUid': 'gofood', 'uid': 'CUISINE_MINUMAN', 'displayName': 'Minuman', 'description': '', 'taxonomy': 2, 'parentKey': ''}]","Jalan Duta Indah Raya, Duta Indah, Jatikramat, Kota Bekasi, Jawa Barat, Jawa, 17413, Indonesia"
"Ayam Geprek HOTLah, Perum Duta Indah","{'average': 4.2, 'total': 0}",1,"[{'key': 'tenants/gofood/tags/CUISINE_ANEKA_AYAM_BEBEK', 'tenantUid': 'gofood', 'uid': 'CUISINE_ANEKA_AYAM_BEBEK', 'displayName': 'Ayam & bebek', 'description': '', 'taxonomy': 2, 'parentKey': ''}]","Jalan Duta Indah Raya, Duta Indah, Jatimakmur, Kota Bekasi, Jawa Barat, Jawa, 17413, Indonesia"
"Kedai Kashibu Ramen & Rice Bowl, Pondok Gede","{'average': 0, 'total': 0}",2,"[{'key': 'tenants/gofood/tags/CUISINE_JAPANESE', 'tenantUid': 'gofood', 'uid': 'CUISINE_JAPANESE', 'displayName': 'Jepang', 'description': '', 'taxonomy': 2, 'parentKey': ''}, {'key': 'tenants/gofood/tags/CUISINE_ANEKA_AYAM_BEBEK', 'tenantUid': 'gofood', 'uid': 'CUISINE_ANEKA_AYAM_BEBEK', 'displayName': 'Ayam & bebek', 'description': '', 'taxonomy': 2, 'parentKey': ''}]","Jalan Duta Indah Raya, Duta Indah, Jatimakmur, Kota Bekasi, Jawa Barat, Jawa, 17413, Indonesia"
"DAI Frozen (Pitu Nutritions), Ruko Pesona Taman Mini","{'average': 4.8, 'total': 0}",2,"[{'key': 'tenants/gofood/tags/CUISINE_FASTFOOD', 'tenantUid': 'gofood', 'uid': 'CUISINE_FASTFOOD', 'displayName': 'Cepat saji', 'description': '', 'taxonomy': 2, 'parentKey': ''}, {'key': 'tenants/gofood/tags/CUISINE_MINUMAN', 'tenantUid': 'gofood', 'uid': 'CUISINE_MINUMAN', 'displayName': 'Minuman', 'description': '', 'taxonomy': 2, 'parentKey': ''}, {'key': 'tenants/gofood/tags/CUISINE_SEAFOOD', 'tenantUid': 'gofood', 'uid': 'CUISINE_SEAFOOD', 'displayName': 'Seafood', 'description': '', 'taxonomy': 2, 'parentKey': ''}]","Duta Indah, Jatimakmur, Kota Bekasi, Jawa Barat, Jawa, 17413, Indonesia"
"Pizza Hut Delivery - PHD,  Ruko Jati Makmur Residence Pondok Gede","{'average': 4.7, 'total': 0}",4,"[{'key': 'tenants/gofood/tags/CUISINE_PIZZA_PASTA', 'tenantUid': 'gofood', 'uid': 'CUISINE_PIZZA_PASTA', 'displayName': 'Pizza & pasta', 'description': '', 'taxonomy': 2, 'parentKey': ''}, {'key': 'tenants/gofood/tags/CUISINE_FASTFOOD', 'tenantUid': 'gofood', 'uid': 'CUISINE_FASTFOOD', 'displayName': 'Cepat saji', 'description': '', 'taxonomy': 2, 'parentKey': ''}, {'key': 'tenants/gofood/tags/CUISINE_SNACKS_JAJANAN', 'tenantUid': 'gofood', 'uid': 'CUISINE_SNACKS_JAJANAN', 'displayName': 'Jajanan', 'description': '', 'taxonomy': 2, 'parentKey': ''}, {'key': 'tenants/gofood/tags/CUISINE_BURGER_SANDWICH_STEAK', 'tenantUid': 'gofood', 'uid': 'CUISINE_BURGER_SANDWICH_STEAK', 'displayName': 'Barat', 'description': '', 'taxonomy': 2, 'parentKey': ''}, {'key': 'tenants/gofood/tags/CUISINE_ANEKA_AYAM_BEBEK', 'tenantUid': 'gofood', 'uid': 'CUISINE_ANEKA_AYAM_BEBEK', 'displayName': 'Ayam & bebek', 'description': '', 'taxonomy': 2, 'parentKey': ''}]","Pizza Hut Delivery, Jalan Raya Jati Makmur, Duta Indah, Jatimakmur, Kota Bekasi, Jawa Barat, Jawa, 17413, Indonesia"
"RM. Sate Madura AL-MAD, Pondok Gede","{'average': 4.7, 'total': 0}",3,"[{'key': 'tenants/gofood/tags/CUISINE_ANEKA_NASI', 'tenantUid': 'gofood', 'uid': 'CUISINE_ANEKA_NASI', 'displayName': 'Aneka nasi', 'description': '', 'taxonomy': 2, 'parentKey': ''}, {'key': 'tenants/gofood/tags/CUISINE_SATE', 'tenantUid': 'gofood', 'uid': 'CUISINE_SATE', 'displayName': 'Sate', 'description': '', 'taxonomy': 2, 'parentKey': ''}, {'key': 'tenants/gofood/tags/CUISINE_ANEKA_AYAM_BEBEK', 'tenantUid': 'gofood', 'uid': 'CUISINE_ANEKA_AYAM_BEBEK', 'displayName': 'Ayam & bebek', 'description': '', 'taxonomy': 2, 'parentKey': ''}]","Jalan Angkatan Laut, Jatimakmur, Kota Bekasi, Jawa Barat, Jawa, 17413, Indonesia"
"Sepotong Rotiku, Dukuh Zamrud","{'average': 4.5, 'total': 0}",3,"[{'key': 'tenants/gofood/tags/CUISINE_ROTI', 'tenantUid': 'gofood', 'uid': 'CUISINE_ROTI', 'displayName': 'Roti', 'description': '', 'taxonomy': 2, 'parentKey': ''}]","Jalan Dukuh Zamrud, Dukuh Zamrud Blok L, Familia Urban, Mustikasari, Kota Bekasi, Jawa Barat, Jawa, 17156, Indonesia"
"Been Sae Cake & Cookies, Baru Kompas","{'average': 4.2, 'total': 0}",3,"[{'key': 'tenants/gofood/tags/CUISINE_ROTI', 'tenantUid': 'gofood', 'uid': 'CUISINE_ROTI', 'displayName': 'Roti', 'description': '', 'taxonomy': 2, 'parentKey': ''}]","Jalan K. Haji Masud, Kompas, Tambun, Kabupaten Bekasi, Jawa Barat, Jawa, 17520, Indonesia"
"Holland Bakery, Ruko Jati Makmur Residence","{'average': 4.8, 'total': 0}",2,"[{'key': 'tenants/gofood/tags/CUISINE_ROTI', 'tenantUid': 'gofood', 'uid': 'CUISINE_ROTI', 'displayName': 'Roti', 'description': '', 'taxonomy': 2, 'parentKey': ''}, {'key': 'tenants/gofood/tags/CUISINE_SWEETS_DESSERTS', 'tenantUid': 'gofood', 'uid': 'CUISINE_SWEETS_DESSERTS', 'displayName': 'Sweets', 'description': '', 'taxonomy': 2, 'parentKey': ''}]","Holland Bakery Jati Makmur, 3A, Jalan Raya Jati Makmur, Duta Indah, Jatimakmur, Kota Bekasi, Jawa Barat, Jawa, 17413, Indonesia"
"Ayam Geprek Fajar, Perumahan Bumi Sentosa Asri","{'average': 4.1, 'total': 0}",2,"[{'key': 'tenants/gofood/tags/CUISINE_FASTFOOD', 'tenantUid': 'gofood', 'uid': 'CUISINE_FASTFOOD', 'displayName': 'Cepat saji', 'description': '', 'taxonomy': 2, 'parentKey': ''}, {'key': 'tenants/gofood/tags/CUISINE_ANEKA_NASI', 'tenantUid': 'gofood', 'uid': 'CUISINE_ANEKA_NASI', 'displayName': 'Aneka nasi', 'description': '', 'taxonomy': 2, 'parentKey': ''}, {'key': 'tenants/gofood/tags/CUISINE_ANEKA_AYAM_BEBEK', 'tenantUid': 'gofood', 'uid': 'CUISINE_ANEKA_AYAM_BEBEK', 'displayName': 'Ayam & bebek', 'description': '', 'taxonomy': 2, 'parentKey': ''}]","Jalenjaya, Kabupaten Bekasi, Jawa Barat, Jawa, 17567, Indonesia"
"Domino's Pizza, Jati Makmur","{'average': 4.8, 'total': 0}",3,"[{'key': 'tenants/gofood/tags/CUISINE_PIZZA_PASTA', 'tenantUid': 'gofood', 'uid': 'CUISINE_PIZZA_PASTA', 'displayName': 'Pizza & pasta', 'description': '', 'taxonomy': 2, 'parentKey': ''}, {'key': 'tenants/gofood/tags/CUISINE_FASTFOOD', 'tenantUid': 'gofood', 'uid': 'CUISINE_FASTFOOD', 'displayName': 'Cepat saji', 'description': '', 'taxonomy': 2, 'parentKey': ''}, {'key': 'tenants/gofood/tags/CUISINE_SNACKS_JAJANAN', 'tenantUid': 'gofood', 'uid': 'CUISINE_SNACKS_JAJANAN', 'displayName': 'Jajanan', 'description': '', 'taxonomy': 2, 'parentKey': ''}]","Holland Bakery Jati Makmur, 3A, Jalan Raya Jati Makmur, Duta Indah, Jatimakmur, Kota Bekasi, Jawa Barat, Jawa, 17413, Indonesia"
"Nikita Fried Chicken, Mustikajaya","{'average': 4.6, 'total': 0}",1,"[{'key': 'tenants/gofood/tags/CUISINE_FASTFOOD', 'tenantUid': 'gofood', 'uid': 'CUISINE_FASTFOOD', 'displayName': 'Cepat saji', 'description': '', 'taxonomy': 2, 'parentKey': ''}]","Dukuh Zamrud, Cimuning, Kota Bekasi, Jawa Barat, Jawa, 17156, Indonesia"
"Bakmie 77 Seafood & Bakso Pitu, Antara, Pondok Gede","{'average': 4.8, 'total': 0}",2,"[{'key': 'tenants/gofood/tags/CUISINE_SOTO_BAKSO_SOP', 'tenantUid': 'gofood', 'uid': 'CUISINE_SOTO_BAKSO_SOP', 'displayName': 'Bakso & soto', 'description': '', 'taxonomy': 2, 'parentKey': ''}, {'key': 'tenants/gofood/tags/CUISINE_BAKMIE', 'tenantUid': 'gofood', 'uid': 'CUISINE_BAKMIE', 'displayName': 'Bakmie', 'description': '', 'taxonomy': 2, 'parentKey': ''}, {'key': 'tenants/gofood/tags/CUISINE_SEAFOOD', 'tenantUid': 'gofood', 'uid': 'CUISINE_SEAFOOD', 'displayName': 'Seafood', 'description': '', 'taxonomy': 2, 'parentKey': ''}]","Jalan Antara, Jatimakmur, Kota Bekasi, Jawa Barat, Jawa, 17413, Indonesia"
"Makanan Ringan Bekasi, Villa Jatirasa","{'average': 4.6, 'total': 0}",2,"[{'key': 'tenants/gofood/tags/CUISINE_SNACKS_JAJANAN', 'tenantUid': 'gofood', 'uid': 'CUISINE_SNACKS_JAJANAN', 'displayName': 'Jajanan', 'description': '', 'taxonomy': 2, 'parentKey': ''}]","Jalan Betet, Villa Jatirasa, Jatirasa, Kota Bekasi, Jawa Barat, Jawa, 17423, Indonesia"
"Truly Thai Tea, Pondok Gede","{'average': 4.7, 'total': 0}",1,"[{'key': 'tenants/gofood/tags/CUISINE_MINUMAN', 'tenantUid': 'gofood', 'uid': 'CUISINE_MINUMAN', 'displayName': 'Minuman', 'description': '', 'taxonomy': 2, 'parentKey': ''}]","Jalan Klamono, Jatiwaringin, Kota Bekasi, Jawa Barat, Jawa, 17411, Indonesia"
Gerai Roti Bakar (Choco Bread),"{'average': 3.9, 'total': 0}",2,"[{'key': 'tenants/gofood/tags/CUISINE_SNACKS_JAJANAN', 'tenantUid': 'gofood', 'uid': 'CUISINE_SNACKS_JAJANAN', 'displayName': 'Jajanan', 'description': '', 'taxonomy': 2, 'parentKey': ''}, {'key': 'tenants/gofood/tags/CUISINE_ROTI', 'tenantUid': 'gofood', 'uid': 'CUISINE_ROTI', 'displayName': 'Roti', 'description': '', 'taxonomy': 2, 'parentKey': ''}, {'key': 'tenants/gofood/tags/CUISINE_SWEETS_DESSERTS', 'tenantUid': 'gofood', 'uid': 'CUISINE_SWEETS_DESSERTS', 'displayName': 'Sweets', 'description': '', 'taxonomy': 2, 'parentKey': ''}]","Babelan Kota, Kabupaten Bekasi, Jawa Barat, Jawa, 17610, Indonesia"
"Seblak Seuhah Ella, Tambun","{'average': 4.8, 'total': 0}",2,"[{'key': 'tenants/gofood/tags/CUISINE_SNACKS_JAJANAN', 'tenantUid': 'gofood', 'uid': 'CUISINE_SNACKS_JAJANAN', 'displayName': 'Jajanan', 'description': '', 'taxonomy': 2, 'parentKey': ''}]","Kompas, Tambun, Kabupaten Bekasi, Jawa Barat, Jawa, 17510, Indonesia"
Cendolan x Nasi Telor Mama Muda,"{'average': 4.7, 'total': 0}",2,"[{'key': 'tenants/gofood/tags/CUISINE_MINUMAN', 'tenantUid': 'gofood', 'uid': 'CUISINE_MINUMAN', 'displayName': 'Minuman', 'description': '', 'taxonomy': 2, 'parentKey': ''}, {'key': 'tenants/gofood/tags/CUISINE_ANEKA_NASI', 'tenantUid': 'gofood', 'uid': 'CUISINE_ANEKA_NASI', 'displayName': 'Aneka nasi', 'description': '', 'taxonomy': 2, 'parentKey': ''}, {'key': 'tenants/gofood/tags/CUISINE_FASTFOOD', 'tenantUid': 'gofood', 'uid': 'CUISINE_FASTFOOD', 'displayName': 'Cepat saji', 'description': '', 'taxonomy': 2, 'parentKey': ''}]","Kompas, Mekarsari, Kabupaten Bekasi, Jawa Barat, Jawa, 17519, Indonesia"
"Ikan Bakar Cianjur, Harapan Indah","{'average': 4.8, 'total': 0}",3,"[{'key': 'tenants/gofood/tags/CUISINE_SEAFOOD', 'tenantUid': 'gofood', 'uid': 'CUISINE_SEAFOOD', 'displayName': 'Seafood', 'description': '', 'taxonomy': 2, 'parentKey': ''}, {'key': 'tenants/gofood/tags/CUISINE_ANEKA_NASI', 'tenantUid': 'gofood', 'uid': 'CUISINE_ANEKA_NASI', 'displayName': 'Aneka nasi', 'description': '', 'taxonomy': 2, 'parentKey': ''}]","Ikan Bakar Cianjur, Jalan Harapan Indah Bulevar, Kota Harapan Indah, Pusakarakyat, Kabupaten Bekasi, Jawa Barat, Jawa, 17214, Indonesia"
"Lontong Medan Selat Malaka Melayu Deli, Mustika Jaya","{'average': 4.6, 'total': 0}",2,"[{'key': 'tenants/gofood/tags/CUISINE_ANEKA_NASI', 'tenantUid': 'gofood', 'uid': 'CUISINE_ANEKA_NASI', 'displayName': 'Aneka nasi', 'description': '', 'taxonomy': 2, 'parentKey': ''}, {'key': 'tenants/gofood/tags/CUISINE_SOTO_BAKSO_SOP', 'tenantUid': 'gofood', 'uid': 'CUISINE_SOTO_BAKSO_SOP', 'displayName': 'Bakso & soto', 'description': '', 'taxonomy': 2, 'parentKey': ''}, {'key': 'tenants/gofood/tags/CUISINE_FASTFOOD', 'tenantUid': 'gofood', 'uid': 'CUISINE_FASTFOOD', 'displayName': 'Cepat saji', 'description': '', 'taxonomy': 2, 'parentKey': ''}]","Jalan Dukuh Zamrud, Dukuh Zamrud Blok L, Familia Urban, Mustikasari, Kota Bekasi, Jawa Barat, Jawa, 17156, Indonesia"
"Soto Kudus Barokah Kang Atho, Tambun Selatan","{'average': 4.6, 'total': 0}",1,"[{'key': 'tenants/gofood/tags/CUISINE_SOTO_BAKSO_SOP', 'tenantUid': 'gofood', 'uid': 'CUISINE_SOTO_BAKSO_SOP', 'displayName': 'Bakso & soto', 'description': '', 'taxonomy': 2, 'parentKey': ''}]","Kompas, Mekarsari, Kabupaten Bekasi, Jawa Barat, Jawa, 17519, Indonesia"
"Tahu Pedas Elit, Mustikas Jaya","{'average': 4.8, 'total': 0}",1,"[{'key': 'tenants/gofood/tags/CUISINE_SNACKS_JAJANAN', 'tenantUid': 'gofood', 'uid': 'CUISINE_SNACKS_JAJANAN', 'displayName': 'Jajanan', 'description': '', 'taxonomy': 2, 'parentKey': ''}]","rumah bpak aki, 142, Jalan Haji Jole, Familia Urban, Padurenan, Kota Bekasi, Jawa Barat, Jawa, 17165, Indonesia"
"Dafishato Ramen 1, Metland Tambun","{'average': 4.5, 'total': 0}",2,"[{'key': 'tenants/gofood/tags/CUISINE_JAPANESE', 'tenantUid': 'gofood', 'uid': 'CUISINE_JAPANESE', 'displayName': 'Jepang', 'description': '', 'taxonomy': 2, 'parentKey': ''}]","Kompas, Tambun, Kabupaten Bekasi, Jawa Barat, Jawa, 17510, Indonesia"
"Yokobento, Ruko Duku Zamrud","{'average': 4.7, 'total': 0}",2,"[{'key': 'tenants/gofood/tags/CUISINE_JAPANESE', 'tenantUid': 'gofood', 'uid': 'CUISINE_JAPANESE', 'displayName': 'Jepang', 'description': '', 'taxonomy': 2, 'parentKey': ''}, {'key': 'tenants/gofood/tags/CUISINE_ANEKA_AYAM_BEBEK', 'tenantUid': 'gofood', 'uid': 'CUISINE_ANEKA_AYAM_BEBEK', 'displayName': 'Ayam & bebek', 'description': '', 'taxonomy': 2, 'parentKey': ''}, {'key': 'tenants/gofood/tags/CUISINE_FASTFOOD', 'tenantUid': 'gofood', 'uid': 'CUISINE_FASTFOOD', 'displayName': 'Cepat saji', 'description': '', 'taxonomy': 2, 'parentKey': ''}]","Yokobento, Jalan Zamrud Utara, Ruko, Dukuh Zamrud, Mustikasari, Kota Bekasi, Jawa Barat, Jawa, 16340, Indonesia"
"BAKMIE 99 SEAFOOD, DUKUH ZAMRUD","{'average': 4.7, 'total': 0}",2,"[{'key': 'tenants/gofood/tags/CUISINE_BAKMIE', 'tenantUid': 'gofood', 'uid': 'CUISINE_BAKMIE', 'displayName': 'Bakmie', 'description': '', 'taxonomy': 2, 'parentKey': ''}, {'key': 'tenants/gofood/tags/CUISINE_ANEKA_NASI', 'tenantUid': 'gofood', 'uid': 'CUISINE_ANEKA_NASI', 'displayName': 'Aneka nasi', 'description': '', 'taxonomy': 2, 'parentKey': ''}, {'key': 'tenants/gofood/tags/CUISINE_SEAFOOD', 'tenantUid': 'gofood', 'uid': 'CUISINE_SEAFOOD', 'displayName': 'Seafood', 'description': '', 'taxonomy': 2, 'parentKey': ''}]","Jalan Zamrud Utara, Dukuh Zamrud, Mustikajaya, Kota Bekasi, Jawa Barat, Jawa, 17156, Indonesia"
"Sate Tegal Barokah, Jati Makmur","{'average': 4.7, 'total': 0}",2,"[{'key': 'tenants/gofood/tags/CUISINE_SATE', 'tenantUid': 'gofood', 'uid': 'CUISINE_SATE', 'displayName': 'Sate', 'description': '', 'taxonomy': 2, 'parentKey': ''}]","Jalan Raya Jati Makmur, Duta Indah, Jatimakmur, Kota Bekasi, Jawa Barat, Jawa, 17413, Indonesia"
"Teras Pak Bendot, Pondok Gede","{'average': 0, 'total': 0}",2,"[{'key': 'tenants/gofood/tags/CUISINE_ANEKA_AYAM_BEBEK', 'tenantUid': 'gofood', 'uid': 'CUISINE_ANEKA_AYAM_BEBEK', 'displayName': 'Ayam & bebek', 'description': '', 'taxonomy': 2, 'parentKey': ''}]","Gang Musolla, Jatimekar, Kota Bekasi, Jawa Barat, Jawa, 17422, Indonesia"
"Dapur Nadfa, Pondok Gede","{'average': 4.7, 'total': 0}",2,"[{'key': 'tenants/gofood/tags/CUISINE_ANEKA_NASI', 'tenantUid': 'gofood', 'uid': 'CUISINE_ANEKA_NASI', 'displayName': 'Aneka nasi', 'description': '', 'taxonomy': 2, 'parentKey': ''}]","Jalan Delta Zamrud, Jatiwaringin, Kota Bekasi, Jawa Barat, Jawa, 17411, Indonesia"
Warung Sopel & Mie Gledek,"{'average': 0, 'total': 0}",0,"[{'key': 'tenants/gofood/tags/CUISINE_SNACKS_JAJANAN', 'tenantUid': 'gofood', 'uid': 'CUISINE_SNACKS_JAJANAN', 'displayName': 'Jajanan', 'description': '', 'taxonomy': 2, 'parentKey': ''}]","Jalan K. Haji Masud, Kompas, Tambun, Kabupaten Bekasi, Jawa Barat, Jawa, 17520, Indonesia"
"Warkop Disini Aja, Villa Mutiara Gading 1","{'average': 4.3, 'total': 0}",2,"[{'key': 'tenants/gofood/tags/CUISINE_ANEKA_NASI', 'tenantUid': 'gofood', 'uid': 'CUISINE_ANEKA_NASI', 'displayName': 'Aneka nasi', 'description': '', 'taxonomy': 2, 'parentKey': ''}, {'key': 'tenants/gofood/tags/CUISINE_FASTFOOD', 'tenantUid': 'gofood', 'uid': 'CUISINE_FASTFOOD', 'displayName': 'Cepat saji', 'description': '', 'taxonomy': 2, 'parentKey': ''}, {'key': 'tenants/gofood/tags/CUISINE_COFFEE_SHOP', 'tenantUid': 'gofood', 'uid': 'CUISINE_COFFEE_SHOP', 'displayName': 'Kopi', 'description': '', 'taxonomy': 2, 'parentKey': ''}]","Jalan Mutiara Gading Raya, Setiaasih, Kabupaten Bekasi, Jawa Barat, Jawa, 17215, Indonesia"
"Bakso Mustika Komsen, Jatiasih","{'average': 4.8, 'total': 0}",2,"[{'key': 'tenants/gofood/tags/CUISINE_SOTO_BAKSO_SOP', 'tenantUid': 'gofood', 'uid': 'CUISINE_SOTO_BAKSO_SOP', 'displayName': 'Bakso & soto', 'description': '', 'taxonomy': 2, 'parentKey': ''}]","Jalan Wibawa Mukti II, Villa Jatirasa, Pamahan, Jatimekar, Kota Bekasi, Jawa Barat, Jawa, 17423, Indonesia"
"Ikan Bakar Laut Rohadi, Pondok Gede","{'average': 4.8, 'total': 0}",3,"[{'key': 'tenants/gofood/tags/CUISINE_ANEKA_AYAM_BEBEK', 'tenantUid': 'gofood', 'uid': 'CUISINE_ANEKA_AYAM_BEBEK', 'displayName': 'Ayam & bebek', 'description': '', 'taxonomy': 2, 'parentKey': ''}, {'key': 'tenants/gofood/tags/CUISINE_SEAFOOD', 'tenantUid': 'gofood', 'uid': 'CUISINE_SEAFOOD', 'displayName': 'Seafood', 'description': '', 'taxonomy': 2, 'parentKey': ''}, {'key': 'tenants/gofood/tags/CUISINE_ANEKA_NASI', 'tenantUid': 'gofood', 'uid': 'CUISINE_ANEKA_NASI', 'displayName': 'Aneka nasi', 'description': '', 'taxonomy': 2, 'parentKey': ''}]","Jalan Haji Ramid, Jatimakmur, Kota Bekasi, Jawa Barat, Jawa, 17413, Indonesia"
"RM Betawi Ibu Yayah, cibuntu","{'average': 4.6, 'total': 0}",2,"[{'key': 'tenants/gofood/tags/CUISINE_ANEKA_NASI', 'tenantUid': 'gofood', 'uid': 'CUISINE_ANEKA_NASI', 'displayName': 'Aneka nasi', 'description': '', 'taxonomy': 2, 'parentKey': ''}, {'key': 'tenants/gofood/tags/CUISINE_SOTO_BAKSO_SOP', 'tenantUid': 'gofood', 'uid': 'CUISINE_SOTO_BAKSO_SOP', 'displayName': 'Bakso & soto', 'description': '', 'taxonomy': 2, 'parentKey': ''}]","Kompas, Tambun, Kabupaten Bekasi, Jawa Barat, Jawa, 17510, Indonesia"
Sop Buntut Ibu Samino Senayan. Pondok Gede,"{'average': 4.1, 'total': 0}",3,"[{'key': 'tenants/gofood/tags/CUISINE_ANEKA_AYAM_BEBEK', 'tenantUid': 'gofood', 'uid': 'CUISINE_ANEKA_AYAM_BEBEK', 'displayName': 'Ayam & bebek', 'description': '', 'taxonomy': 2, 'parentKey': ''}, {'key': 'tenants/gofood/tags/CUISINE_ANEKA_NASI', 'tenantUid': 'gofood', 'uid': 'CUISINE_ANEKA_NASI', 'displayName': 'Aneka nasi', 'description': '', 'taxonomy': 2, 'parentKey': ''}, {'key': 'tenants/gofood/tags/CUISINE_SOTO_BAKSO_SOP', 'tenantUid': 'gofood', 'uid': 'CUISINE_SOTO_BAKSO_SOP', 'displayName': 'Bakso & soto', 'description': '', 'taxonomy': 2, 'parentKey': ''}]","Jalan Raya Jati Makmur, Jatimakmur, Kota Bekasi, Jawa Barat, Jawa, 17413, Indonesia"
"Kedai Q-TA, Babelan","{'average': 0, 'total': 0}",2,"[{'key': 'tenants/gofood/tags/CUISINE_ANEKA_AYAM_BEBEK', 'tenantUid': 'gofood', 'uid': 'CUISINE_ANEKA_AYAM_BEBEK', 'displayName': 'Ayam & bebek', 'description': '', 'taxonomy': 2, 'parentKey': ''}, {'key': 'tenants/gofood/tags/CUISINE_THAI', 'tenantUid': 'gofood', 'uid': 'CUISINE_THAI', 'displayName': 'Thailand', 'description': '', 'taxonomy': 2, 'parentKey': ''}]","Babelan Kota, Kabupaten Bekasi, Jawa Barat, Jawa, 17611, Indonesia"
"Master Penyet, Tarumajaya","{'average': 4.7, 'total': 0}",2,"[{'key': 'tenants/gofood/tags/CUISINE_ANEKA_AYAM_BEBEK', 'tenantUid': 'gofood', 'uid': 'CUISINE_ANEKA_AYAM_BEBEK', 'displayName': 'Ayam & bebek', 'description': '', 'taxonomy': 2, 'parentKey': ''}]","Setiaasih, Kabupaten Bekasi, Jawa Barat, Jawa, 17215, Indonesia"
"Dapur Mama Och, Jatiasih","{'average': 0, 'total': 0}",2,"[{'key': 'tenants/gofood/tags/CUISINE_ANEKA_AYAM_BEBEK', 'tenantUid': 'gofood', 'uid': 'CUISINE_ANEKA_AYAM_BEBEK', 'displayName': 'Ayam & bebek', 'description': '', 'taxonomy': 2, 'parentKey': ''}]","Jatimekar, Kota Bekasi, Jawa Barat, Jawa, 17422, Indonesia"
"Warung Gudeg Ibu Umi, Pondok Gede","{'average': 4.3, 'total': 0}",1,"[{'key': 'tenants/gofood/tags/CUISINE_ANEKA_AYAM_BEBEK', 'tenantUid': 'gofood', 'uid': 'CUISINE_ANEKA_AYAM_BEBEK', 'displayName': 'Ayam & bebek', 'description': '', 'taxonomy': 2, 'parentKey': ''}, {'key': 'tenants/gofood/tags/CUISINE_MINUMAN', 'tenantUid': 'gofood', 'uid': 'CUISINE_MINUMAN', 'displayName': 'Minuman', 'description': '', 'taxonomy': 2, 'parentKey': ''}, {'key': 'tenants/gofood/tags/CUISINE_ANEKA_NASI', 'tenantUid': 'gofood', 'uid': 'CUISINE_ANEKA_NASI', 'displayName': 'Aneka nasi', 'description': '', 'taxonomy': 2, 'parentKey': ''}]","Jatimakmur, Kota Bekasi, Jawa Barat, Jawa, 17413, Indonesia"
"Lapo Samosir Balige, Jatiasih","{'average': 4.5, 'total': 0}",2,"[{'key': 'tenants/gofood/tags/CUISINE_ANEKA_NASI', 'tenantUid': 'gofood', 'uid': 'CUISINE_ANEKA_NASI', 'displayName': 'Aneka nasi', 'description': '', 'taxonomy': 2, 'parentKey': ''}, {'key': 'tenants/gofood/tags/CUISINE_BURGER_SANDWICH_STEAK', 'tenantUid': 'gofood', 'uid': 'CUISINE_BURGER_SANDWICH_STEAK', 'displayName': 'Barat', 'description': '', 'taxonomy': 2, 'parentKey': ''}]","Jalan Wibawa Mukti II, Sakura Regency, Pamahan, Jatiluhur, Kota Bekasi, Jawa Barat, Jawa, 17425, Indonesia"
"Rm Sunda Kelapa, Kranggan","{'average': 4.8, 'total': 0}",3,"[{'key': 'tenants/gofood/tags/CUISINE_ANEKA_AYAM_BEBEK', 'tenantUid': 'gofood', 'uid': 'CUISINE_ANEKA_AYAM_BEBEK', 'displayName': 'Ayam & bebek', 'description': '', 'taxonomy': 2, 'parentKey': ''}, {'key': 'tenants/gofood/tags/CUISINE_ANEKA_NASI', 'tenantUid': 'gofood', 'uid': 'CUISINE_ANEKA_NASI', 'displayName': 'Aneka nasi', 'description': '', 'taxonomy': 2, 'parentKey': ''}]","Jatimekar, Kota Bekasi, Jawa Barat, Jawa, 17422, Indonesia"
"KFC, Metland Tambun","{'average': 4.7, 'total': 0}",2,"[{'key': 'tenants/gofood/tags/CUISINE_FASTFOOD', 'tenantUid': 'gofood', 'uid': 'CUISINE_FASTFOOD', 'displayName': 'Cepat saji', 'description': '', 'taxonomy': 2, 'parentKey': ''}]","Jalan Berlian Timuf, Kompas, Tambun, Kabupaten Bekasi, Jawa Barat, Jawa, 17520, Indonesia"
"Solaria, @Hom Cibitung","{'average': 4.7, 'total': 0}",3,"[{'key': 'tenants/gofood/tags/CUISINE_BAKMIE', 'tenantUid': 'gofood', 'uid': 'CUISINE_BAKMIE', 'displayName': 'Bakmie', 'description': '', 'taxonomy': 2, 'parentKey': ''}, {'key': 'tenants/gofood/tags/CUISINE_ANEKA_NASI', 'tenantUid': 'gofood', 'uid': 'CUISINE_ANEKA_NASI', 'displayName': 'Aneka nasi', 'description': '', 'taxonomy': 2, 'parentKey': ''}, {'key': 'tenants/gofood/tags/CUISINE_CHINESE', 'tenantUid': 'gofood', 'uid': 'CUISINE_CHINESE', 'displayName': 'Chinese', 'description': '', 'taxonomy': 2, 'parentKey': ''}]","Jalan Berlian Timuf, Kompas, Tambun, Kabupaten Bekasi, Jawa Barat, Jawa, 17520, Indonesia"
"Huk Family Resto, Jatiasih","{'average': 4.4, 'total': 0}",3,"[{'key': 'tenants/gofood/tags/CUISINE_PIZZA_PASTA', 'tenantUid': 'gofood', 'uid': 'CUISINE_PIZZA_PASTA', 'displayName': 'Pizza & pasta', 'description': '', 'taxonomy': 2, 'parentKey': ''}, {'key': 'tenants/gofood/tags/CUISINE_ANEKA_AYAM_BEBEK', 'tenantUid': 'gofood', 'uid': 'CUISINE_ANEKA_AYAM_BEBEK', 'displayName': 'Ayam & bebek', 'description': '', 'taxonomy': 2, 'parentKey': ''}, {'key': 'tenants/gofood/tags/CUISINE_BURGER_SANDWICH_STEAK', 'tenantUid': 'gofood', 'uid': 'CUISINE_BURGER_SANDWICH_STEAK', 'displayName': 'Barat', 'description': '', 'taxonomy': 2, 'parentKey': ''}]","Jalan Raya Parpostel, Sakura Regency, Pamahan, Jatiluhur, Kota Bekasi, Jawa Barat, Jawa, 17425, Indonesia"
"Tahu Petis Yudhistira, Pondok Gede","{'average': 4.8, 'total': 0}",2,"[{'key': 'tenants/gofood/tags/CUISINE_FASTFOOD', 'tenantUid': 'gofood', 'uid': 'CUISINE_FASTFOOD', 'displayName': 'Cepat saji', 'description': '', 'taxonomy': 2, 'parentKey': ''}, {'key': 'tenants/gofood/tags/CUISINE_SNACKS_JAJANAN', 'tenantUid': 'gofood', 'uid': 'CUISINE_SNACKS_JAJANAN', 'displayName': 'Jajanan', 'description': '', 'taxonomy': 2, 'parentKey': ''}]","Jatiwaringin, Kota Bekasi, Jawa Barat, Jawa, 17411, Indonesia"
"Ayam Bakar Mbok Marikem, Mustika Jaya","{'average': 4.8, 'total': 0}",3,"[{'key': 'tenants/gofood/tags/CUISINE_ANEKA_AYAM_BEBEK', 'tenantUid': 'gofood', 'uid': 'CUISINE_ANEKA_AYAM_BEBEK', 'displayName': 'Ayam & bebek', 'description': '', 'taxonomy': 2, 'parentKey': ''}]","Jalan Telkom, Familia Urban, Padurenan, Kota Bekasi, Jawa Barat, Jawa, 17152, Indonesia"
"Ayam Kalasan Lela, Pondok Gede","{'average': 0, 'total': 0}",3,"[{'key': 'tenants/gofood/tags/CUISINE_FASTFOOD', 'tenantUid': 'gofood', 'uid': 'CUISINE_FASTFOOD', 'displayName': 'Cepat saji', 'description': '', 'taxonomy': 2, 'parentKey': ''}, {'key': 'tenants/gofood/tags/CUISINE_ANEKA_NASI', 'tenantUid': 'gofood', 'uid': 'CUISINE_ANEKA_NASI', 'displayName': 'Aneka nasi', 'description': '', 'taxonomy': 2, 'parentKey': ''}, {'key': 'tenants/gofood/tags/CUISINE_SNACKS_JAJANAN', 'tenantUid': 'gofood', 'uid': 'CUISINE_SNACKS_JAJANAN', 'displayName': 'Jajanan', 'description': '', 'taxonomy': 2, 'parentKey': ''}]","Jalan Manunggal, Jatimakmur, Kota Bekasi, Jawa Barat, Jawa, 17413, Indonesia"
"Ayam MasMoy, Pondok Gede","{'average': 0, 'total': 0}",1,"[{'key': 'tenants/gofood/tags/CUISINE_SNACKS_JAJANAN', 'tenantUid': 'gofood', 'uid': 'CUISINE_SNACKS_JAJANAN', 'displayName': 'Jajanan', 'description': '', 'taxonomy': 2, 'parentKey': ''}, {'key': 'tenants/gofood/tags/CUISINE_JAPANESE', 'tenantUid': 'gofood', 'uid': 'CUISINE_JAPANESE', 'displayName': 'Jepang', 'description': '', 'taxonomy': 2, 'parentKey': ''}]","Jaticempaka, Kota Bekasi, Jawa Barat, Jawa, 17416, Indonesia"
"Ngidham Bubur, Pondok Melati","{'average': 4.8, 'total': 0}",1,"[{'key': 'tenants/gofood/tags/CUISINE_ANEKA_NASI', 'tenantUid': 'gofood', 'uid': 'CUISINE_ANEKA_NASI', 'displayName': 'Aneka nasi', 'description': '', 'taxonomy': 2, 'parentKey': ''}, {'key': 'tenants/gofood/tags/CUISINE_SNACKS_JAJANAN', 'tenantUid': 'gofood', 'uid': 'CUISINE_SNACKS_JAJANAN', 'displayName': 'Jajanan', 'description': '', 'taxonomy': 2, 'parentKey': ''}, {'key': 'tenants/gofood/tags/CUISINE_SWEETS_DESSERTS', 'tenantUid': 'gofood', 'uid': 'CUISINE_SWEETS_DESSERTS', 'displayName': 'Sweets', 'description': '', 'taxonomy': 2, 'parentKey': ''}]","Jalan Siliwangi Raya, Jatirahayu, Kota Bekasi, Jawa Barat, Jawa, 17422, Indonesia"
"Pancake Durian Bekasi, Grand Regency 6","{'average': 3.9, 'total': 0}",3,"[{'key': 'tenants/gofood/tags/CUISINE_SWEETS_DESSERTS', 'tenantUid': 'gofood', 'uid': 'CUISINE_SWEETS_DESSERTS', 'displayName': 'Sweets', 'description': '', 'taxonomy': 2, 'parentKey': ''}]","Dukuh Zamrud, Padurenan, Kota Bekasi, Jawa Barat, Jawa, 17155, Indonesia"
"RM Sinar Padang, Cibitung","{'average': 4.1, 'total': 0}",1,"[{'key': 'tenants/gofood/tags/CUISINE_ANEKA_NASI', 'tenantUid': 'gofood', 'uid': 'CUISINE_ANEKA_NASI', 'displayName': 'Aneka nasi', 'description': '', 'taxonomy': 2, 'parentKey': ''}]","Gang Berkah, Kompas, Tambun, Kabupaten Bekasi, Jawa Barat, Jawa, 17520, Indonesia"
"Warung Sate Solo Pak Yanto , Pondok Gede, Samping Bebek Bu Yuyun","{'average': 4.7, 'total': 0}",2,"[{'key': 'tenants/gofood/tags/CUISINE_SATE', 'tenantUid': 'gofood', 'uid': 'CUISINE_SATE', 'displayName': 'Sate', 'description': '', 'taxonomy': 2, 'parentKey': ''}, {'key': 'tenants/gofood/tags/CUISINE_ANEKA_NASI', 'tenantUid': 'gofood', 'uid': 'CUISINE_ANEKA_NASI', 'displayName': 'Aneka nasi', 'description': '', 'taxonomy': 2, 'parentKey': ''}]","Jalan Raya Jati Makmur, Jatimakmur, Kota Bekasi, Jawa Barat, Jawa, 17413, Indonesia"
"Belut Penyet & Ayam Geprek Raja, Cibitung","{'average': 3.9, 'total': 0}",2,"[{'key': 'tenants/gofood/tags/CUISINE_ANEKA_NASI', 'tenantUid': 'gofood', 'uid': 'CUISINE_ANEKA_NASI', 'displayName': 'Aneka nasi', 'description': '', 'taxonomy': 2, 'parentKey': ''}]","Kompas, Tambun, Kabupaten Bekasi, Jawa Barat, Jawa, 17520, Indonesia"
"Mie Ayam & Bakso Amarilis 2, Palem Raya","{'average': 4.8, 'total': 0}",2,"[{'key': 'tenants/gofood/tags/CUISINE_BAKMIE', 'tenantUid': 'gofood', 'uid': 'CUISINE_BAKMIE', 'displayName': 'Bakmie', 'description': '', 'taxonomy': 2, 'parentKey': ''}]","Trias, Tridayasakti, Kabupaten Bekasi, Jawa Barat, Jawa, 17519, Indonesia"
"Warung Budhe Eko, Trias Raya","{'average': 4.6, 'total': 0}",2,"[{'key': 'tenants/gofood/tags/CUISINE_SOTO_BAKSO_SOP', 'tenantUid': 'gofood', 'uid': 'CUISINE_SOTO_BAKSO_SOP', 'displayName': 'Bakso & soto', 'description': '', 'taxonomy': 2, 'parentKey': ''}]","Jalan Trias Raya, Trias, Tridayasakti, Kabupaten Bekasi, Jawa Barat, Jawa, 17520, Indonesia"
"Kedai Legit, Aralia","{'average': 0, 'total': 0}",2,"[{'key': 'tenants/gofood/tags/CUISINE_ANEKA_NASI', 'tenantUid': 'gofood', 'uid': 'CUISINE_ANEKA_NASI', 'displayName': 'Aneka nasi', 'description': '', 'taxonomy': 2, 'parentKey': ''}, {'key': 'tenants/gofood/tags/CUISINE_SOTO_BAKSO_SOP', 'tenantUid': 'gofood', 'uid': 'CUISINE_SOTO_BAKSO_SOP', 'displayName': 'Bakso & soto', 'description': '', 'taxonomy': 2, 'parentKey': ''}, {'key': 'tenants/gofood/tags/CUISINE_ANEKA_AYAM_BEBEK', 'tenantUid': 'gofood', 'uid': 'CUISINE_ANEKA_AYAM_BEBEK', 'displayName': 'Ayam & bebek', 'description': '', 'taxonomy': 2, 'parentKey': ''}]","Jalan Bulevar Harapan Indah, Kota Harapan Indah, Pusakarakyat, Kabupaten Bekasi, Jawa Barat, Jawa, 17215, Indonesia"
"Bakso Dan Mie Ayam Rengganis, Jati Makmur Raya","{'average': 4.7, 'total': 0}",2,"[{'key': 'tenants/gofood/tags/CUISINE_MINUMAN', 'tenantUid': 'gofood', 'uid': 'CUISINE_MINUMAN', 'displayName': 'Minuman', 'description': '', 'taxonomy': 2, 'parentKey': ''}]","Jalan Raya Jati Makmur, Jatimakmur, Kota Bekasi, Jawa Barat, Jawa, 17413, Indonesia"
Rumah Makan Padang siKumbang Jaya,"{'average': 4.7, 'total': 0}",1,"[{'key': 'tenants/gofood/tags/CUISINE_ANEKA_NASI', 'tenantUid': 'gofood', 'uid': 'CUISINE_ANEKA_NASI', 'displayName': 'Aneka nasi', 'description': '', 'taxonomy': 2, 'parentKey': ''}]","Benda, Alam Besakih, Puri Gading, Pamahan, Jatiluhur, Kota Bekasi, Jawa Barat, Jawa, 17425, Indonesia"
"Pecel Madiun Kembang Turi, Sapta Pesona Raya","{'average': 4.7, 'total': 0}",1,"[{'key': 'tenants/gofood/tags/CUISINE_ANEKA_NASI', 'tenantUid': 'gofood', 'uid': 'CUISINE_ANEKA_NASI', 'displayName': 'Aneka nasi', 'description': '', 'taxonomy': 2, 'parentKey': ''}, {'key': 'tenants/gofood/tags/CUISINE_ANEKA_AYAM_BEBEK', 'tenantUid': 'gofood', 'uid': 'CUISINE_ANEKA_AYAM_BEBEK', 'displayName': 'Ayam & bebek', 'description': '', 'taxonomy': 2, 'parentKey': ''}]","Masjid Jami Fatahillah, 77, Jalan Raya Parpostel, Komplek Sapta Pesona, Jatiluhur, Kota Bekasi, Jawa Barat, Jawa, 17425, Indonesia"
"J - Zone Cafe, Pondok Gede","{'average': 4.5, 'total': 0}",3,"[{'key': 'tenants/gofood/tags/CUISINE_MINUMAN', 'tenantUid': 'gofood', 'uid': 'CUISINE_MINUMAN', 'displayName': 'Minuman', 'description': '', 'taxonomy': 2, 'parentKey': ''}, {'key': 'tenants/gofood/tags/CUISINE_SNACKS_JAJANAN', 'tenantUid': 'gofood', 'uid': 'CUISINE_SNACKS_JAJANAN', 'displayName': 'Jajanan', 'description': '', 'taxonomy': 2, 'parentKey': ''}, {'key': 'tenants/gofood/tags/CUISINE_BURGER_SANDWICH_STEAK', 'tenantUid': 'gofood', 'uid': 'CUISINE_BURGER_SANDWICH_STEAK', 'displayName': 'Barat', 'description': '', 'taxonomy': 2, 'parentKey': ''}]","Pesantren Yatim As-Syafiiyah, Jalan Jati Waringin, Jaticempaka, Kota Bekasi, Jawa Barat, Jawa, 17416, Indonesia"
"Gado-Gado Dan Ketoptrak Mang Jajang, Warung Tenda Jatiwaringin","{'average': 4.7, 'total': 0}",2,"[{'key': 'tenants/gofood/tags/CUISINE_ANEKA_NASI', 'tenantUid': 'gofood', 'uid': 'CUISINE_ANEKA_NASI', 'displayName': 'Aneka nasi', 'description': '', 'taxonomy': 2, 'parentKey': ''}]","Jalan Jati Waringin, Jaticempaka, Kota Bekasi, Jawa Barat, Jawa, 17416, Indonesia"
"Resto Nusantara, Jatiwaringin","{'average': 4.8, 'total': 0}",3,"[{'key': 'tenants/gofood/tags/CUISINE_SEAFOOD', 'tenantUid': 'gofood', 'uid': 'CUISINE_SEAFOOD', 'displayName': 'Seafood', 'description': '', 'taxonomy': 2, 'parentKey': ''}, {'key': 'tenants/gofood/tags/CUISINE_ANEKA_NASI', 'tenantUid': 'gofood', 'uid': 'CUISINE_ANEKA_NASI', 'displayName': 'Aneka nasi', 'description': '', 'taxonomy': 2, 'parentKey': ''}, {'key': 'tenants/gofood/tags/CUISINE_ANEKA_AYAM_BEBEK', 'tenantUid': 'gofood', 'uid': 'CUISINE_ANEKA_AYAM_BEBEK', 'displayName': 'Ayam & bebek', 'description': '', 'taxonomy': 2, 'parentKey': ''}]","Fortuna Hotel, 58, Jalan Jati Waringin, Jaticempaka, Kota Bekasi, Jawa Barat, Jawa, 17416, Indonesia"
"Palanta Upik Durian, Pondok Melati","{'average': 4, 'total': 0}",3,"[{'key': 'tenants/gofood/tags/CUISINE_SNACKS_JAJANAN', 'tenantUid': 'gofood', 'uid': 'CUISINE_SNACKS_JAJANAN', 'displayName': 'Jajanan', 'description': '', 'taxonomy': 2, 'parentKey': ''}, {'key': 'tenants/gofood/tags/CUISINE_MINUMAN', 'tenantUid': 'gofood', 'uid': 'CUISINE_MINUMAN', 'displayName': 'Minuman', 'description': '', 'taxonomy': 2, 'parentKey': ''}, {'key': 'tenants/gofood/tags/CUISINE_SWEETS_DESSERTS', 'tenantUid': 'gofood', 'uid': 'CUISINE_SWEETS_DESSERTS', 'displayName': 'Sweets', 'description': '', 'taxonomy': 2, 'parentKey': ''}]","Alam Besakih, Puri Gading, Jatiwarna, Kota Bekasi, Jawa Barat, Jawa, 17415, Indonesia"
"BUBUR AYAM DAN KETOPRAK BAROKAH, JaTIMAKMUR","{'average': 4.4, 'total': 0}",1,"[{'key': 'tenants/gofood/tags/CUISINE_ANEKA_NASI', 'tenantUid': 'gofood', 'uid': 'CUISINE_ANEKA_NASI', 'displayName': 'Aneka nasi', 'description': '', 'taxonomy': 2, 'parentKey': ''}, {'key': 'tenants/gofood/tags/CUISINE_FASTFOOD', 'tenantUid': 'gofood', 'uid': 'CUISINE_FASTFOOD', 'displayName': 'Cepat saji', 'description': '', 'taxonomy': 2, 'parentKey': ''}]","Jatimakmur, Kota Bekasi, Jawa Barat, Jawa, 17411, Indonesia"
"KFC, Zamrud Bekasi","{'average': 4.7, 'total': 0}",3,"[{'key': 'tenants/gofood/tags/CUISINE_FASTFOOD', 'tenantUid': 'gofood', 'uid': 'CUISINE_FASTFOOD', 'displayName': 'Cepat saji', 'description': '', 'taxonomy': 2, 'parentKey': ''}]","Jalan Raya Zamrud Selatan, Dukuh Zamrud, Padurenan, Kota Bekasi, Jawa Barat, Jawa, 16340, Indonesia"
"McDonald's, Bekasi Mustika Jaya Setu","{'average': 4.7, 'total': 0}",3,"[{'key': 'tenants/gofood/tags/CUISINE_FASTFOOD', 'tenantUid': 'gofood', 'uid': 'CUISINE_FASTFOOD', 'displayName': 'Cepat saji', 'description': '', 'taxonomy': 2, 'parentKey': ''}, {'key': 'tenants/gofood/tags/CUISINE_SWEETS_DESSERTS', 'tenantUid': 'gofood', 'uid': 'CUISINE_SWEETS_DESSERTS', 'displayName': 'Sweets', 'description': '', 'taxonomy': 2, 'parentKey': ''}, {'key': 'tenants/gofood/tags/CUISINE_SNACKS_JAJANAN', 'tenantUid': 'gofood', 'uid': 'CUISINE_SNACKS_JAJANAN', 'displayName': 'Jajanan', 'description': '', 'taxonomy': 2, 'parentKey': ''}]","Jalan Setu - Bantar Gebang, Dukuh Zamrud, Padurenan, Kota Bekasi, Jawa Barat, Jawa, 16340, Indonesia"
Jajanan Aqilathalla,"{'average': 0, 'total': 0}",3,"[{'key': 'tenants/gofood/tags/CUISINE_SWEETS_DESSERTS', 'tenantUid': 'gofood', 'uid': 'CUISINE_SWEETS_DESSERTS', 'displayName': 'Sweets', 'description': '', 'taxonomy': 2, 'parentKey': ''}, {'key': 'tenants/gofood/tags/CUISINE_SNACKS_JAJANAN', 'tenantUid': 'gofood', 'uid': 'CUISINE_SNACKS_JAJANAN', 'displayName': 'Jajanan', 'description': '', 'taxonomy': 2, 'parentKey': ''}]","Jalan Radar Selatan I, Jaticempaka, Kota Bekasi, Jawa Barat, Jawa, 17416, Indonesia"
"Ayam Panggang Cimut, Cibitung","{'average': 4.7, 'total': 0}",2,"[{'key': 'tenants/gofood/tags/CUISINE_ANEKA_AYAM_BEBEK', 'tenantUid': 'gofood', 'uid': 'CUISINE_ANEKA_AYAM_BEBEK', 'displayName': 'Ayam & bebek', 'description': '', 'taxonomy': 2, 'parentKey': ''}]","Trias, Tridayasakti, Kabupaten Bekasi, Jawa Barat, Jawa, 17520, Indonesia"
"Domino's Pizza, Jatiwaringin","{'average': 4.8, 'total': 0}",3,"[{'key': 'tenants/gofood/tags/CUISINE_PIZZA_PASTA', 'tenantUid': 'gofood', 'uid': 'CUISINE_PIZZA_PASTA', 'displayName': 'Pizza & pasta', 'description': '', 'taxonomy': 2, 'parentKey': ''}, {'key': 'tenants/gofood/tags/CUISINE_FASTFOOD', 'tenantUid': 'gofood', 'uid': 'CUISINE_FASTFOOD', 'displayName': 'Cepat saji', 'description': '', 'taxonomy': 2, 'parentKey': ''}, {'key': 'tenants/gofood/tags/CUISINE_SNACKS_JAJANAN', 'tenantUid': 'gofood', 'uid': 'CUISINE_SNACKS_JAJANAN', 'displayName': 'Jajanan', 'description': '', 'taxonomy': 2, 'parentKey': ''}]","Jalan Haji Muhyin, Jaticempaka, Kota Bekasi, Jawa Barat, Jawa, 17416, Indonesia"
"RM Padang Ranah Minang, Cibitung","{'average': 3.6, 'total': 0}",1,"[{'key': 'tenants/gofood/tags/CUISINE_ANEKA_AYAM_BEBEK', 'tenantUid': 'gofood', 'uid': 'CUISINE_ANEKA_AYAM_BEBEK', 'displayName': 'Ayam & bebek', 'description': '', 'taxonomy': 2, 'parentKey': ''}, {'key': 'tenants/gofood/tags/CUISINE_ANEKA_NASI', 'tenantUid': 'gofood', 'uid': 'CUISINE_ANEKA_NASI', 'displayName': 'Aneka nasi', 'description': '', 'taxonomy': 2, 'parentKey': ''}]","Jalan Trias Raya, Trias, Tridayasakti, Kabupaten Bekasi, Jawa Barat, Jawa, 17520, Indonesia"
"I Am Geprek Bensu, Jatiwaringin","{'average': 4.8, 'total': 0}",2,"[{'key': 'tenants/gofood/tags/CUISINE_ANEKA_AYAM_BEBEK', 'tenantUid': 'gofood', 'uid': 'CUISINE_ANEKA_AYAM_BEBEK', 'displayName': 'Ayam & bebek', 'description': '', 'taxonomy': 2, 'parentKey': ''}, {'key': 'tenants/gofood/tags/CUISINE_ANEKA_NASI', 'tenantUid': 'gofood', 'uid': 'CUISINE_ANEKA_NASI', 'displayName': 'Aneka nasi', 'description': '', 'taxonomy': 2, 'parentKey': ''}, {'key': 'tenants/gofood/tags/CUISINE_FASTFOOD', 'tenantUid': 'gofood', 'uid': 'CUISINE_FASTFOOD', 'displayName': 'Cepat saji', 'description': '', 'taxonomy': 2, 'parentKey': ''}]","Pesantren Putri As-Syafi'iyah Jatiwaringin, 45, Jalan Jati Waringin, Jaticempaka, Kota Bekasi, Jawa Barat, Jawa, 17411, Indonesia"
"WARUNG SATE SOLO PAK CIPTO, NUSA PHALA","{'average': 4.3, 'total': 0}",3,"[{'key': 'tenants/gofood/tags/CUISINE_SATE', 'tenantUid': 'gofood', 'uid': 'CUISINE_SATE', 'displayName': 'Sate', 'description': '', 'taxonomy': 2, 'parentKey': ''}]","Komplek Sapta Pesona, Jatiluhur, Kota Bekasi, Jawa Barat, Jawa, 16969, Indonesia"
"Dapur Mie Aceh 2, Pondok Gede","{'average': 4.6, 'total': 0}",2,"[{'key': 'tenants/gofood/tags/CUISINE_BAKMIE', 'tenantUid': 'gofood', 'uid': 'CUISINE_BAKMIE', 'displayName': 'Bakmie', 'description': '', 'taxonomy': 2, 'parentKey': ''}, {'key': 'tenants/gofood/tags/CUISINE_SNACKS_JAJANAN', 'tenantUid': 'gofood', 'uid': 'CUISINE_SNACKS_JAJANAN', 'displayName': 'Jajanan', 'description': '', 'taxonomy': 2, 'parentKey': ''}, {'key': 'tenants/gofood/tags/CUISINE_ANEKA_NASI', 'tenantUid': 'gofood', 'uid': 'CUISINE_ANEKA_NASI', 'displayName': 'Aneka nasi', 'description': '', 'taxonomy': 2, 'parentKey': ''}]","Pesantren Putri As-Syafi'iyah Jatiwaringin, 45, Jalan Jati Waringin, Jaticempaka, Kota Bekasi, Jawa Barat, Jawa, 17411, Indonesia"
"Rumah Makan & Seafood 99,BTR, Bekasi Timur","{'average': 4.7, 'total': 0}",3,"[{'key': 'tenants/gofood/tags/CUISINE_SEAFOOD', 'tenantUid': 'gofood', 'uid': 'CUISINE_SEAFOOD', 'displayName': 'Seafood', 'description': '', 'taxonomy': 2, 'parentKey': ''}]","Bekasi Timur Regency, Dukuh Zamrud, Padurenan, Kota Bekasi, Jawa Barat, Jawa, 17155, Indonesia"
"Nasi Kebuli Karibulen, Cibitung","{'average': 4.5, 'total': 0}",2,"[{'key': 'tenants/gofood/tags/CUISINE_ANEKA_NASI', 'tenantUid': 'gofood', 'uid': 'CUISINE_ANEKA_NASI', 'displayName': 'Aneka nasi', 'description': '', 'taxonomy': 2, 'parentKey': ''}]","Jalan Frambosia 7, Trias, Tridayasakti, Kabupaten Bekasi, Jawa Barat, Jawa, 17520, Indonesia"
"McDonald's, Jatiwaringin Bekasi","{'average': 4.8, 'total': 0}",3,"[{'key': 'tenants/gofood/tags/CUISINE_FASTFOOD', 'tenantUid': 'gofood', 'uid': 'CUISINE_FASTFOOD', 'displayName': 'Cepat saji', 'description': '', 'taxonomy': 2, 'parentKey': ''}, {'key': 'tenants/gofood/tags/CUISINE_SWEETS_DESSERTS', 'tenantUid': 'gofood', 'uid': 'CUISINE_SWEETS_DESSERTS', 'displayName': 'Sweets', 'description': '', 'taxonomy': 2, 'parentKey': ''}, {'key': 'tenants/gofood/tags/CUISINE_SNACKS_JAJANAN', 'tenantUid': 'gofood', 'uid': 'CUISINE_SNACKS_JAJANAN', 'displayName': 'Jajanan', 'description': '', 'taxonomy': 2, 'parentKey': ''}]","McDonald's, Jalan Bina Lontar, Jatiwaringin, Kota Bekasi, Jawa Barat, Jawa, 17416, Indonesia"
"Richeese Factory, Jatiwaringin","{'average': 4.7, 'total': 0}",3,"[{'key': 'tenants/gofood/tags/CUISINE_FASTFOOD', 'tenantUid': 'gofood', 'uid': 'CUISINE_FASTFOOD', 'displayName': 'Cepat saji', 'description': '', 'taxonomy': 2, 'parentKey': ''}, {'key': 'tenants/gofood/tags/CUISINE_ANEKA_AYAM_BEBEK', 'tenantUid': 'gofood', 'uid': 'CUISINE_ANEKA_AYAM_BEBEK', 'displayName': 'Ayam & bebek', 'description': '', 'taxonomy': 2, 'parentKey': ''}, {'key': 'tenants/gofood/tags/CUISINE_ANEKA_NASI', 'tenantUid': 'gofood', 'uid': 'CUISINE_ANEKA_NASI', 'displayName': 'Aneka nasi', 'description': '', 'taxonomy': 2, 'parentKey': ''}]","Jalan Jati Waringin, Jatiwaringin, Kota Bekasi, Jawa Barat, Jawa, 17411, Indonesia"
"Seafood 27, Jatiwaringin","{'average': 4.7, 'total': 0}",3,"[{'key': 'tenants/gofood/tags/CUISINE_SEAFOOD', 'tenantUid': 'gofood', 'uid': 'CUISINE_SEAFOOD', 'displayName': 'Seafood', 'description': '', 'taxonomy': 2, 'parentKey': ''}]","Jalan Jati Waringin, Jatiwaringin, Kota Bekasi, Jawa Barat, Jawa, 17411, Indonesia"
"Makaroni Ngehe, Foxtrot Bekasi","{'average': 4.7, 'total': 0}",1,"[{'key': 'tenants/gofood/tags/CUISINE_SNACKS_JAJANAN', 'tenantUid': 'gofood', 'uid': 'CUISINE_SNACKS_JAJANAN', 'displayName': 'Jajanan', 'description': '', 'taxonomy': 2, 'parentKey': ''}]","Jalan Jati Waringin, Jatiwaringin, Kota Bekasi, Jawa Barat, Jawa, 17411, Indonesia"
"Gudang Alpukat Mentega, Jatiasih","{'average': 4.7, 'total': 0}",2,"[{'key': 'tenants/gofood/tags/CUISINE_SWEETS_DESSERTS', 'tenantUid': 'gofood', 'uid': 'CUISINE_SWEETS_DESSERTS', 'displayName': 'Sweets', 'description': '', 'taxonomy': 2, 'parentKey': ''}]","Alam Besakih, Puri Gading, Jatiwarna, Kota Bekasi, Jawa Barat, Jawa, 17415, Indonesia"
"Warung Bu Menik, Pondok Gede","{'average': 4.2, 'total': 0}",1,"[{'key': 'tenants/gofood/tags/CUISINE_ANEKA_AYAM_BEBEK', 'tenantUid': 'gofood', 'uid': 'CUISINE_ANEKA_AYAM_BEBEK', 'displayName': 'Ayam & bebek', 'description': '', 'taxonomy': 2, 'parentKey': ''}, {'key': 'tenants/gofood/tags/CUISINE_SOTO_BAKSO_SOP', 'tenantUid': 'gofood', 'uid': 'CUISINE_SOTO_BAKSO_SOP', 'displayName': 'Bakso & soto', 'description': '', 'taxonomy': 2, 'parentKey': ''}]","Jalan Bina Lontar, Jatiwaringin, Kota Bekasi, Jawa Barat, Jawa, 17411, Indonesia"
"Bakso RT Pangkalan 1B, Bantar Gebang","{'average': 4.4, 'total': 0}",2,"[{'key': 'tenants/gofood/tags/CUISINE_SOTO_BAKSO_SOP', 'tenantUid': 'gofood', 'uid': 'CUISINE_SOTO_BAKSO_SOP', 'displayName': 'Bakso & soto', 'description': '', 'taxonomy': 2, 'parentKey': ''}]","Bantargebang, Kota Bekasi, Jawa Barat, Jawa, 17151, Indonesia"
"Ayam Gepuk Pak Gembus, Jatiwaringin","{'average': 4.7, 'total': 0}",2,"[{'key': 'tenants/gofood/tags/CUISINE_ANEKA_AYAM_BEBEK', 'tenantUid': 'gofood', 'uid': 'CUISINE_ANEKA_AYAM_BEBEK', 'displayName': 'Ayam & bebek', 'description': '', 'taxonomy': 2, 'parentKey': ''}, {'key': 'tenants/gofood/tags/CUISINE_ANEKA_NASI', 'tenantUid': 'gofood', 'uid': 'CUISINE_ANEKA_NASI', 'displayName': 'Aneka nasi', 'description': '', 'taxonomy': 2, 'parentKey': ''}]","Jalan Jati Waringin, Jatiwaringin, Kota Bekasi, Jawa Barat, Jawa, 17411, Indonesia"
"Waroeng Steak And Shake, Jatiwaringin","{'average': 4.7, 'total': 0}",3,"[{'key': 'tenants/gofood/tags/CUISINE_BURGER_SANDWICH_STEAK', 'tenantUid': 'gofood', 'uid': 'CUISINE_BURGER_SANDWICH_STEAK', 'displayName': 'Barat', 'description': '', 'taxonomy': 2, 'parentKey': ''}]","Jalan Jati Waringin, Jatiwaringin, Kota Bekasi, Jawa Barat, Jawa, 17411, Indonesia"
"Haus! x Hot Oppa, Jatiwaringin","{'average': 4.7, 'total': 0}",2,"[{'key': 'tenants/gofood/tags/CUISINE_MINUMAN', 'tenantUid': 'gofood', 'uid': 'CUISINE_MINUMAN', 'displayName': 'Minuman', 'description': '', 'taxonomy': 2, 'parentKey': ''}, {'key': 'tenants/gofood/tags/CUISINE_SNACKS_JAJANAN', 'tenantUid': 'gofood', 'uid': 'CUISINE_SNACKS_JAJANAN', 'displayName': 'Jajanan', 'description': '', 'taxonomy': 2, 'parentKey': ''}, {'key': 'tenants/gofood/tags/CUISINE_COFFEE_SHOP', 'tenantUid': 'gofood', 'uid': 'CUISINE_COFFEE_SHOP', 'displayName': 'Kopi', 'description': '', 'taxonomy': 2, 'parentKey': ''}]","Gang Bahagia, Jatiwaringin, Kota Bekasi, Jawa Barat, Jawa, 17411, Indonesia"
"Oke Juice, Jatimakmur","{'average': 3.9, 'total': 0}",1,"[{'key': 'tenants/gofood/tags/CUISINE_MINUMAN', 'tenantUid': 'gofood', 'uid': 'CUISINE_MINUMAN', 'displayName': 'Minuman', 'description': '', 'taxonomy': 2, 'parentKey': ''}]","Jalan Raya Jati Makmur, Jatimakmur, Kota Bekasi, Jawa Barat, Jawa, 17414, Indonesia"
"Dapur Uni Dona d&d, Jati Makmur","{'average': 4.3, 'total': 0}",2,"[{'key': 'tenants/gofood/tags/CUISINE_SOTO_BAKSO_SOP', 'tenantUid': 'gofood', 'uid': 'CUISINE_SOTO_BAKSO_SOP', 'displayName': 'Bakso & soto', 'description': '', 'taxonomy': 2, 'parentKey': ''}]","Jatimakmur, Kota Bekasi, Jawa Barat, Jawa, 17414, Indonesia"
"O-Takoyaki, Legok","{'average': 4.8, 'total': 0}",2,"[{'key': 'tenants/gofood/tags/CUISINE_SNACKS_JAJANAN', 'tenantUid': 'gofood', 'uid': 'CUISINE_SNACKS_JAJANAN', 'displayName': 'Jajanan', 'description': '', 'taxonomy': 2, 'parentKey': ''}, {'key': 'tenants/gofood/tags/CUISINE_MINUMAN', 'tenantUid': 'gofood', 'uid': 'CUISINE_MINUMAN', 'displayName': 'Minuman', 'description': '', 'taxonomy': 2, 'parentKey': ''}, {'key': 'tenants/gofood/tags/CUISINE_JAPANESE', 'tenantUid': 'gofood', 'uid': 'CUISINE_JAPANESE', 'displayName': 'Jepang', 'description': '', 'taxonomy': 2, 'parentKey': ''}]","Jalan Warung Tinggul, Alam Besakih, Puri Gading, Pamahan, Jatiwarna, Kota Bekasi, Jawa Barat, Jawa, 17415, Indonesia"
"Ayam Geprek Kemayu, Pasar Kecapi","{'average': 4.8, 'total': 0}",2,"[{'key': 'tenants/gofood/tags/CUISINE_ANEKA_AYAM_BEBEK', 'tenantUid': 'gofood', 'uid': 'CUISINE_ANEKA_AYAM_BEBEK', 'displayName': 'Ayam & bebek', 'description': '', 'taxonomy': 2, 'parentKey': ''}]","Gang Bersama, Jatiwarna, Kota Bekasi, Jawa Barat, Jawa, 17415, Indonesia"
"Ayam Geprek Sop Iga Mak Jaenah, Jatiwaringin","{'average': 4.1, 'total': 0}",2,"[{'key': 'tenants/gofood/tags/CUISINE_ANEKA_NASI', 'tenantUid': 'gofood', 'uid': 'CUISINE_ANEKA_NASI', 'displayName': 'Aneka nasi', 'description': '', 'taxonomy': 2, 'parentKey': ''}, {'key': 'tenants/gofood/tags/CUISINE_ANEKA_AYAM_BEBEK', 'tenantUid': 'gofood', 'uid': 'CUISINE_ANEKA_AYAM_BEBEK', 'displayName': 'Ayam & bebek', 'description': '', 'taxonomy': 2, 'parentKey': ''}]","Jalan Jati Waringin, Jatiwaringin, Kota Bekasi, Jawa Barat, Jawa, 17411, Indonesia"
"Bang Doel Sop, Mustika Jaya","{'average': 4.8, 'total': 0}",2,"[{'key': 'tenants/gofood/tags/CUISINE_ANEKA_NASI', 'tenantUid': 'gofood', 'uid': 'CUISINE_ANEKA_NASI', 'displayName': 'Aneka nasi', 'description': '', 'taxonomy': 2, 'parentKey': ''}, {'key': 'tenants/gofood/tags/CUISINE_SOTO_BAKSO_SOP', 'tenantUid': 'gofood', 'uid': 'CUISINE_SOTO_BAKSO_SOP', 'displayName': 'Bakso & soto', 'description': '', 'taxonomy': 2, 'parentKey': ''}, {'key': 'tenants/gofood/tags/CUISINE_MINUMAN', 'tenantUid': 'gofood', 'uid': 'CUISINE_MINUMAN', 'displayName': 'Minuman', 'description': '', 'taxonomy': 2, 'parentKey': ''}]","Dukuh Zamrud, Cimuning, Kota Bekasi, Jawa Barat, Jawa, 17155, Indonesia"
"Amanda Brownies, Jatiwaringin","{'average': 4.7, 'total': 0}",3,"[{'key': 'tenants/gofood/tags/CUISINE_SWEETS_DESSERTS', 'tenantUid': 'gofood', 'uid': 'CUISINE_SWEETS_DESSERTS', 'displayName': 'Sweets', 'description': '', 'taxonomy': 2, 'parentKey': ''}]","Jalan Jati Waringin, Jatiwaringin, Kota Bekasi, Jawa Barat, Jawa, 17411, Indonesia"
"Mie Ayam Bakso Uje 2, Mustika Jaya","{'average': 0, 'total': 0}",1,"[{'key': 'tenants/gofood/tags/CUISINE_BAKMIE', 'tenantUid': 'gofood', 'uid': 'CUISINE_BAKMIE', 'displayName': 'Bakmie', 'description': '', 'taxonomy': 2, 'parentKey': ''}]","Jalan Benda, Familia Urban, Cikiwul, Kota Bekasi, Jawa Barat, Jawa, 17152, Indonesia"
"Gudeg Jogja Bu Tomo, Komp BDN","{'average': 4.6, 'total': 0}",1,"[{'key': 'tenants/gofood/tags/CUISINE_ANEKA_NASI', 'tenantUid': 'gofood', 'uid': 'CUISINE_ANEKA_NASI', 'displayName': 'Aneka nasi', 'description': '', 'taxonomy': 2, 'parentKey': ''}]","Jalan Bougenvile, Jatiwaringin, Kota Bekasi, Jawa Barat, Jawa, 17411, Indonesia"
"Cwie Mie Ayam Malang Tugu, Pondok Melati","{'average': 4.4, 'total': 0}",2,"[{'key': 'tenants/gofood/tags/CUISINE_BAKMIE', 'tenantUid': 'gofood', 'uid': 'CUISINE_BAKMIE', 'displayName': 'Bakmie', 'description': '', 'taxonomy': 2, 'parentKey': ''}]","Jalan Cendrawasih, Jatimakmur, Kota Bekasi, Jawa Barat, Jawa, 17414, Indonesia"
"Al Kautsar, Cibitung","{'average': 0, 'total': 0}",2,"[{'key': 'tenants/gofood/tags/CUISINE_SNACKS_JAJANAN', 'tenantUid': 'gofood', 'uid': 'CUISINE_SNACKS_JAJANAN', 'displayName': 'Jajanan', 'description': '', 'taxonomy': 2, 'parentKey': ''}]","Kompas, Tambun, Kabupaten Bekasi, Jawa Barat, Jawa, 17520, Indonesia"
"Taraso, Bekasi","{'average': 4.8, 'total': 0}",2,"[{'key': 'tenants/gofood/tags/CUISINE_ANEKA_NASI', 'tenantUid': 'gofood', 'uid': 'CUISINE_ANEKA_NASI', 'displayName': 'Aneka nasi', 'description': '', 'taxonomy': 2, 'parentKey': ''}]","Jalan Jati Waringin, Jatiwaringin, Kota Bekasi, Jawa Barat, Jawa, 17411, Indonesia"
"Pisang Goreng Rafa, Jatiluhur","{'average': 4.4, 'total': 0}",2,"[{'key': 'tenants/gofood/tags/CUISINE_SNACKS_JAJANAN', 'tenantUid': 'gofood', 'uid': 'CUISINE_SNACKS_JAJANAN', 'displayName': 'Jajanan', 'description': '', 'taxonomy': 2, 'parentKey': ''}, {'key': 'tenants/gofood/tags/CUISINE_MINUMAN', 'tenantUid': 'gofood', 'uid': 'CUISINE_MINUMAN', 'displayName': 'Minuman', 'description': '', 'taxonomy': 2, 'parentKey': ''}, {'key': 'tenants/gofood/tags/CUISINE_SWEETS_DESSERTS', 'tenantUid': 'gofood', 'uid': 'CUISINE_SWEETS_DESSERTS', 'displayName': 'Sweets', 'description': '', 'taxonomy': 2, 'parentKey': ''}]","Villa Ubud, Puri Gading, Jatiluhur, Kota Bekasi, Jawa Barat, Jawa, 17425, Indonesia"
"Majestyk Bakery & Cakes, Pondok Gede","{'average': 4.3, 'total': 0}",3,"[{'key': 'tenants/gofood/tags/CUISINE_SNACKS_JAJANAN', 'tenantUid': 'gofood', 'uid': 'CUISINE_SNACKS_JAJANAN', 'displayName': 'Jajanan', 'description': '', 'taxonomy': 2, 'parentKey': ''}, {'key': 'tenants/gofood/tags/CUISINE_SWEETS_DESSERTS', 'tenantUid': 'gofood', 'uid': 'CUISINE_SWEETS_DESSERTS', 'displayName': 'Sweets', 'description': '', 'taxonomy': 2, 'parentKey': ''}, {'key': 'tenants/gofood/tags/CUISINE_ROTI', 'tenantUid': 'gofood', 'uid': 'CUISINE_ROTI', 'displayName': 'Roti', 'description': '', 'taxonomy': 2, 'parentKey': ''}]","Jalan Swadaya II, Jatiwaringin, Kota Bekasi, Jawa Barat, Jawa, 17411, Indonesia"
"EL Food and Snack, Pondok Gede","{'average': 0, 'total': 0}",2,"[{'key': 'tenants/gofood/tags/CUISINE_FASTFOOD', 'tenantUid': 'gofood', 'uid': 'CUISINE_FASTFOOD', 'displayName': 'Cepat saji', 'description': '', 'taxonomy': 2, 'parentKey': ''}, {'key': 'tenants/gofood/tags/CUISINE_BURGER_SANDWICH_STEAK', 'tenantUid': 'gofood', 'uid': 'CUISINE_BURGER_SANDWICH_STEAK', 'displayName': 'Barat', 'description': '', 'taxonomy': 2, 'parentKey': ''}, {'key': 'tenants/gofood/tags/CUISINE_SNACKS_JAJANAN', 'tenantUid': 'gofood', 'uid': 'CUISINE_SNACKS_JAJANAN', 'displayName': 'Jajanan', 'description': '', 'taxonomy': 2, 'parentKey': ''}]","Jatiwaringin, Kota Bekasi, Jawa Barat, Jawa, 17411, Indonesia"
"KFC Box, Cibitung","{'average': 4.7, 'total': 0}",3,"[{'key': 'tenants/gofood/tags/CUISINE_FASTFOOD', 'tenantUid': 'gofood', 'uid': 'CUISINE_FASTFOOD', 'displayName': 'Cepat saji', 'description': '', 'taxonomy': 2, 'parentKey': ''}]","RS. Cibitung Medika, Jalan Raya B. Bosih, Trias, Wanasari, Kabupaten Bekasi, Jawa Barat, Jawa, 17520, Indonesia"
"Asinan Betawi Ibu Susi, Cibitung","{'average': 4.6, 'total': 0}",2,"[{'key': 'tenants/gofood/tags/CUISINE_SNACKS_JAJANAN', 'tenantUid': 'gofood', 'uid': 'CUISINE_SNACKS_JAJANAN', 'displayName': 'Jajanan', 'description': '', 'taxonomy': 2, 'parentKey': ''}]","RS. Cibitung Medika, Jalan Raya B. Bosih, Trias, Wanasari, Kabupaten Bekasi, Jawa Barat, Jawa, 17520, Indonesia"
"Sate Domba Hj. Rahmah Khas Betawi, Jatimelati","{'average': 4.5, 'total': 0}",2,"[{'key': 'tenants/gofood/tags/CUISINE_SOTO_BAKSO_SOP', 'tenantUid': 'gofood', 'uid': 'CUISINE_SOTO_BAKSO_SOP', 'displayName': 'Bakso & soto', 'description': '', 'taxonomy': 2, 'parentKey': ''}, {'key': 'tenants/gofood/tags/CUISINE_SATE', 'tenantUid': 'gofood', 'uid': 'CUISINE_SATE', 'displayName': 'Sate', 'description': '', 'taxonomy': 2, 'parentKey': ''}]","Alam Besakih, Puri Gading, Jatiwarna, Kota Bekasi, Jawa Barat, Jawa, 17415, Indonesia"
"Nasi Uduk Idaman, Jatiwaringin","{'average': 4.8, 'total': 0}",2,"[{'key': 'tenants/gofood/tags/CUISINE_SOTO_BAKSO_SOP', 'tenantUid': 'gofood', 'uid': 'CUISINE_SOTO_BAKSO_SOP', 'displayName': 'Bakso & soto', 'description': '', 'taxonomy': 2, 'parentKey': ''}, {'key': 'tenants/gofood/tags/CUISINE_ANEKA_AYAM_BEBEK', 'tenantUid': 'gofood', 'uid': 'CUISINE_ANEKA_AYAM_BEBEK', 'displayName': 'Ayam & bebek', 'description': '', 'taxonomy': 2, 'parentKey': ''}]","Jatiwaringin, Kota Bekasi, Jawa Barat, Jawa, 17411, Indonesia"
"Bubur Ayam Barokah Pondok Gede, Pondok Gede","{'average': 4.1, 'total': 0}",1,"[{'key': 'tenants/gofood/tags/CUISINE_ANEKA_NASI', 'tenantUid': 'gofood', 'uid': 'CUISINE_ANEKA_NASI', 'displayName': 'Aneka nasi', 'description': '', 'taxonomy': 2, 'parentKey': ''}, {'key': 'tenants/gofood/tags/CUISINE_FASTFOOD', 'tenantUid': 'gofood', 'uid': 'CUISINE_FASTFOOD', 'displayName': 'Cepat saji', 'description': '', 'taxonomy': 2, 'parentKey': ''}]","Jalan Jati Waringin, Jatiwaringin, Kota Bekasi, Jawa Barat, Jawa, 17411, Indonesia"
"Butri Cake and Bakery, Jatirahayu","{'average': 4.3, 'total': 0}",3,"[{'key': 'tenants/gofood/tags/CUISINE_SWEETS_DESSERTS', 'tenantUid': 'gofood', 'uid': 'CUISINE_SWEETS_DESSERTS', 'displayName': 'Sweets', 'description': '', 'taxonomy': 2, 'parentKey': ''}, {'key': 'tenants/gofood/tags/CUISINE_ROTI', 'tenantUid': 'gofood', 'uid': 'CUISINE_ROTI', 'displayName': 'Roti', 'description': '', 'taxonomy': 2, 'parentKey': ''}, {'key': 'tenants/gofood/tags/CUISINE_SNACKS_JAJANAN', 'tenantUid': 'gofood', 'uid': 'CUISINE_SNACKS_JAJANAN', 'displayName': 'Jajanan', 'description': '', 'taxonomy': 2, 'parentKey': ''}]","Jalan Raya Pasar Kecapi, Jatirahayu, Kota Bekasi, Jawa Barat, Jawa, 17414, Indonesia"
"Abuba Steak, Jatiwaringin","{'average': 4.8, 'total': 0}",3,"[{'key': 'tenants/gofood/tags/CUISINE_BURGER_SANDWICH_STEAK', 'tenantUid': 'gofood', 'uid': 'CUISINE_BURGER_SANDWICH_STEAK', 'displayName': 'Barat', 'description': '', 'taxonomy': 2, 'parentKey': ''}]","Jalan Jati Waringin, Jatiwaringin, Kota Bekasi, Jawa Barat, Jawa, 17411, Indonesia"
"Tahu Bakso AB, Puri Gading","{'average': 4.7, 'total': 0}",3,"[{'key': 'tenants/gofood/tags/CUISINE_SNACKS_JAJANAN', 'tenantUid': 'gofood', 'uid': 'CUISINE_SNACKS_JAJANAN', 'displayName': 'Jajanan', 'description': '', 'taxonomy': 2, 'parentKey': ''}]","Alam Besakih, Puri Gading, Jatiwarna, Kota Bekasi, Jawa Barat, Jawa, 17415, Indonesia"
"Sate Tegal Barokah 17, Pondok Melati","{'average': 4.7, 'total': 0}",1,"[{'key': 'tenants/gofood/tags/CUISINE_SATE', 'tenantUid': 'gofood', 'uid': 'CUISINE_SATE', 'displayName': 'Sate', 'description': '', 'taxonomy': 2, 'parentKey': ''}]","Jalan Raya Pasar Kecapi, Jatirahayu, Kota Bekasi, Jawa Barat, Jawa, 17414, Indonesia"
"RM. Padang Jaya, Mustika Jaya","{'average': 4.6, 'total': 0}",2,"[{'key': 'tenants/gofood/tags/CUISINE_ANEKA_NASI', 'tenantUid': 'gofood', 'uid': 'CUISINE_ANEKA_NASI', 'displayName': 'Aneka nasi', 'description': '', 'taxonomy': 2, 'parentKey': ''}]","Jalan Bekasi Timur Regensi, Bekasi Timur Regency, Dukuh Zamrud, Cimuning, Kota Bekasi, Jawa Barat, Jawa, 17155, Indonesia"
"Raja Alpukat Mentega 01, Pondok Melati","{'average': 0, 'total': 0}",2,"[{'key': 'tenants/gofood/tags/CUISINE_SNACKS_JAJANAN', 'tenantUid': 'gofood', 'uid': 'CUISINE_SNACKS_JAJANAN', 'displayName': 'Jajanan', 'description': '', 'taxonomy': 2, 'parentKey': ''}]","Jalan Pintu Air, Jatirahayu, Kota Bekasi, Jawa Barat, Jawa, 17414, Indonesia"
"Icetagram Bubble Dink, Pondok Melati","{'average': 3.1, 'total': 0}",2,"[{'key': 'tenants/gofood/tags/CUISINE_ANEKA_NASI', 'tenantUid': 'gofood', 'uid': 'CUISINE_ANEKA_NASI', 'displayName': 'Aneka nasi', 'description': '', 'taxonomy': 2, 'parentKey': ''}, {'key': 'tenants/gofood/tags/CUISINE_SOTO_BAKSO_SOP', 'tenantUid': 'gofood', 'uid': 'CUISINE_SOTO_BAKSO_SOP', 'displayName': 'Bakso & soto', 'description': '', 'taxonomy': 2, 'parentKey': ''}]","Jalan Raya Pasar Kecapi, Jatirahayu, Kota Bekasi, Jawa Barat, Jawa, 17414, Indonesia"
Rumah Makan Ayam Bakar Kartika,"{'average': 4.7, 'total': 0}",1,"[{'key': 'tenants/gofood/tags/CUISINE_ANEKA_AYAM_BEBEK', 'tenantUid': 'gofood', 'uid': 'CUISINE_ANEKA_AYAM_BEBEK', 'displayName': 'Ayam & bebek', 'description': '', 'taxonomy': 2, 'parentKey': ''}]","Trias, Tridayasakti, Kabupaten Bekasi, Jawa Barat, Jawa, 17520, Indonesia"
"Kupat Tahu Magelang AA, Pondok Melati","{'average': 4.5, 'total': 0}",3,"[{'key': 'tenants/gofood/tags/CUISINE_SNACKS_JAJANAN', 'tenantUid': 'gofood', 'uid': 'CUISINE_SNACKS_JAJANAN', 'displayName': 'Jajanan', 'description': '', 'taxonomy': 2, 'parentKey': ''}]","Kodau, Alam Besakih, Puri Gading, Jatiwarna, Kota Bekasi, Jawa Barat, Jawa, 17415, Indonesia"
"Tako Bar Takoyaki, Puri Gading","{'average': 2.7, 'total': 0}",2,"[{'key': 'tenants/gofood/tags/CUISINE_SNACKS_JAJANAN', 'tenantUid': 'gofood', 'uid': 'CUISINE_SNACKS_JAJANAN', 'displayName': 'Jajanan', 'description': '', 'taxonomy': 2, 'parentKey': ''}, {'key': 'tenants/gofood/tags/CUISINE_FASTFOOD', 'tenantUid': 'gofood', 'uid': 'CUISINE_FASTFOOD', 'displayName': 'Cepat saji', 'description': '', 'taxonomy': 2, 'parentKey': ''}, {'key': 'tenants/gofood/tags/CUISINE_JAPANESE', 'tenantUid': 'gofood', 'uid': 'CUISINE_JAPANESE', 'displayName': 'Jepang', 'description': '', 'taxonomy': 2, 'parentKey': ''}]","Puri Gading, Jatiwarna, Kota Bekasi, Jawa Barat, Jawa, 17415, Indonesia"
"Kopi Raden, Pondok Melati","{'average': 4.6, 'total': 0}",2,"[{'key': 'tenants/gofood/tags/CUISINE_ANEKA_NASI', 'tenantUid': 'gofood', 'uid': 'CUISINE_ANEKA_NASI', 'displayName': 'Aneka nasi', 'description': '', 'taxonomy': 2, 'parentKey': ''}, {'key': 'tenants/gofood/tags/CUISINE_COFFEE_SHOP', 'tenantUid': 'gofood', 'uid': 'CUISINE_COFFEE_SHOP', 'displayName': 'Kopi', 'description': '', 'taxonomy': 2, 'parentKey': ''}, {'key': 'tenants/gofood/tags/CUISINE_MINUMAN', 'tenantUid': 'gofood', 'uid': 'CUISINE_MINUMAN', 'displayName': 'Minuman', 'description': '', 'taxonomy': 2, 'parentKey': ''}]","Puri Gading, Jatiwarna, Kota Bekasi, Jawa Barat, Jawa, 17415, Indonesia"
"GleGek, Bosih Cibitung","{'average': 4.2, 'total': 0}",1,[],"Jalan Raya B. Bosih, Trias, Wanasari, Kabupaten Bekasi, Jawa Barat, Jawa, 17520, Indonesia"
"Toko Kue Ibu Danis, Puri Gading","{'average': 4.7, 'total': 0}",3,"[{'key': 'tenants/gofood/tags/CUISINE_ROTI', 'tenantUid': 'gofood', 'uid': 'CUISINE_ROTI', 'displayName': 'Roti', 'description': '', 'taxonomy': 2, 'parentKey': ''}]","Puri Gading, Jatiwarna, Kota Bekasi, Jawa Barat, Jawa, 17415, Indonesia"
"Radja Gurame, Hankam","{'average': 4.8, 'total': 0}",3,"[{'key': 'tenants/gofood/tags/CUISINE_SEAFOOD', 'tenantUid': 'gofood', 'uid': 'CUISINE_SEAFOOD', 'displayName': 'Seafood', 'description': '', 'taxonomy': 2, 'parentKey': ''}]","Jalan Raya Pasar Kecapi, Jatirahayu, Kota Bekasi, Jawa Barat, Jawa, 17414, Indonesia"
"Mie Aceh & Mie Kocok Aceh Ajib, Puri Gading","{'average': 4.6, 'total': 0}",2,"[{'key': 'tenants/gofood/tags/CUISINE_BAKMIE', 'tenantUid': 'gofood', 'uid': 'CUISINE_BAKMIE', 'displayName': 'Bakmie', 'description': '', 'taxonomy': 2, 'parentKey': ''}]","Puri Gading, Jatiwarna, Kota Bekasi, Jawa Barat, Jawa, 17415, Indonesia"
"Bakmie/Nasi Campur Kalimantan, Bekasi","{'average': 4.8, 'total': 0}",3,"[{'key': 'tenants/gofood/tags/CUISINE_ANEKA_NASI', 'tenantUid': 'gofood', 'uid': 'CUISINE_ANEKA_NASI', 'displayName': 'Aneka nasi', 'description': '', 'taxonomy': 2, 'parentKey': ''}, {'key': 'tenants/gofood/tags/CUISINE_BAKMIE', 'tenantUid': 'gofood', 'uid': 'CUISINE_BAKMIE', 'displayName': 'Bakmie', 'description': '', 'taxonomy': 2, 'parentKey': ''}]","Puri Gading, Jatiwarna, Kota Bekasi, Jawa Barat, Jawa, 17415, Indonesia"
"Kopi Namtuju, Pondok Melati","{'average': 4.6, 'total': 0}",2,"[{'key': 'tenants/gofood/tags/CUISINE_COFFEE_SHOP', 'tenantUid': 'gofood', 'uid': 'CUISINE_COFFEE_SHOP', 'displayName': 'Kopi', 'description': '', 'taxonomy': 2, 'parentKey': ''}, {'key': 'tenants/gofood/tags/CUISINE_MINUMAN', 'tenantUid': 'gofood', 'uid': 'CUISINE_MINUMAN', 'displayName': 'Minuman', 'description': '', 'taxonomy': 2, 'parentKey': ''}, {'key': 'tenants/gofood/tags/CUISINE_SNACKS_JAJANAN', 'tenantUid': 'gofood', 'uid': 'CUISINE_SNACKS_JAJANAN', 'displayName': 'Jajanan', 'description': '', 'taxonomy': 2, 'parentKey': ''}]","Jalan Puri Gading Utama, Puri Gading, Jatiwarna, Kota Bekasi, Jawa Barat, Jawa, 17415, Indonesia"
"Kalasan Sedap Rasa 88 Ny Andreas, Jalan Raya Kp Sawah","{'average': 4.8, 'total': 0}",2,"[{'key': 'tenants/gofood/tags/CUISINE_ANEKA_AYAM_BEBEK', 'tenantUid': 'gofood', 'uid': 'CUISINE_ANEKA_AYAM_BEBEK', 'displayName': 'Ayam & bebek', 'description': '', 'taxonomy': 2, 'parentKey': ''}, {'key': 'tenants/gofood/tags/CUISINE_SOTO_BAKSO_SOP', 'tenantUid': 'gofood', 'uid': 'CUISINE_SOTO_BAKSO_SOP', 'displayName': 'Bakso & soto', 'description': '', 'taxonomy': 2, 'parentKey': ''}]","Jalan Raya Kampung Sawah, Villa Legian, Puri Gading, Jatiwarna, Kota Bekasi, Jawa Barat, Jawa, 17415, Indonesia"
Seblak Sosmed 10,"{'average': 4.5, 'total': 0}",2,"[{'key': 'tenants/gofood/tags/CUISINE_SNACKS_JAJANAN', 'tenantUid': 'gofood', 'uid': 'CUISINE_SNACKS_JAJANAN', 'displayName': 'Jajanan', 'description': '', 'taxonomy': 2, 'parentKey': ''}]","Jalan Hankam Raya, Jatirahayu, Kota Bekasi, Jawa Barat, Jawa, 17414, Indonesia"
Kedai Sop BTR,"{'average': 4.3, 'total': 0}",2,"[{'key': 'tenants/gofood/tags/CUISINE_SOTO_BAKSO_SOP', 'tenantUid': 'gofood', 'uid': 'CUISINE_SOTO_BAKSO_SOP', 'displayName': 'Bakso & soto', 'description': '', 'taxonomy': 2, 'parentKey': ''}, {'key': 'tenants/gofood/tags/CUISINE_ANEKA_AYAM_BEBEK', 'tenantUid': 'gofood', 'uid': 'CUISINE_ANEKA_AYAM_BEBEK', 'displayName': 'Ayam & bebek', 'description': '', 'taxonomy': 2, 'parentKey': ''}]","Bekasi Timur Regency, Padurenan, Kota Bekasi, Jawa Barat, Jawa, 17155, Indonesia"
"YOSHINOYA BEEF BOWL, Pulo Gadung Trade Center","{'average': 4.7, 'total': 0}",3,"[{'key': 'tenants/gofood/tags/CUISINE_JAPANESE', 'tenantUid': 'gofood', 'uid': 'CUISINE_JAPANESE', 'displayName': 'Jepang', 'description': '', 'taxonomy': 2, 'parentKey': ''}, {'key': 'tenants/gofood/tags/CUISINE_FASTFOOD', 'tenantUid': 'gofood', 'uid': 'CUISINE_FASTFOOD', 'displayName': 'Cepat saji', 'description': '', 'taxonomy': 2, 'parentKey': ''}, {'key': 'tenants/gofood/tags/CUISINE_ANEKA_AYAM_BEBEK', 'tenantUid': 'gofood', 'uid': 'CUISINE_ANEKA_AYAM_BEBEK', 'displayName': 'Ayam & bebek', 'description': '', 'taxonomy': 2, 'parentKey': ''}, {'key': 'tenants/gofood/tags/CUISINE_ANEKA_NASI', 'tenantUid': 'gofood', 'uid': 'CUISINE_ANEKA_NASI', 'displayName': 'Aneka nasi', 'description': '', 'taxonomy': 2, 'parentKey': ''}]","Pulogadung Trade Center, Km 21, Jalan Bekasi Raya, RW 03, Rawa Terate, Cakung, Jakarta Timur, Daerah Khusus Ibukota Jakarta, Jawa, 13920, Indonesia"
"Ayam Geprek Juara, Hankam","{'average': 4.7, 'total': 0}",2,"[{'key': 'tenants/gofood/tags/CUISINE_ANEKA_NASI', 'tenantUid': 'gofood', 'uid': 'CUISINE_ANEKA_NASI', 'displayName': 'Aneka nasi', 'description': '', 'taxonomy': 2, 'parentKey': ''}, {'key': 'tenants/gofood/tags/CUISINE_ANEKA_AYAM_BEBEK', 'tenantUid': 'gofood', 'uid': 'CUISINE_ANEKA_AYAM_BEBEK', 'displayName': 'Ayam & bebek', 'description': '', 'taxonomy': 2, 'parentKey': ''}]","Jalan Hankam Raya, Jatirahayu, Kota Bekasi, Jawa Barat, Jawa, 17414, Indonesia"
"FamilyMart, PTC","{'average': 4.8, 'total': 0}",2,"[{'key': 'tenants/gofood/tags/CUISINE_COFFEE_SHOP', 'tenantUid': 'gofood', 'uid': 'CUISINE_COFFEE_SHOP', 'displayName': 'Kopi', 'description': '', 'taxonomy': 2, 'parentKey': ''}, {'key': 'tenants/gofood/tags/CUISINE_SNACKS_JAJANAN', 'tenantUid': 'gofood', 'uid': 'CUISINE_SNACKS_JAJANAN', 'displayName': 'Jajanan', 'description': '', 'taxonomy': 2, 'parentKey': ''}, {'key': 'tenants/gofood/tags/CUISINE_ANEKA_NASI', 'tenantUid': 'gofood', 'uid': 'CUISINE_ANEKA_NASI', 'displayName': 'Aneka nasi', 'description': '', 'taxonomy': 2, 'parentKey': ''}, {'key': 'tenants/gofood/tags/CUISINE_MINUMAN', 'tenantUid': 'gofood', 'uid': 'CUISINE_MINUMAN', 'displayName': 'Minuman', 'description': '', 'taxonomy': 2, 'parentKey': ''}, {'key': 'tenants/gofood/tags/CUISINE_ANEKA_AYAM_BEBEK', 'tenantUid': 'gofood', 'uid': 'CUISINE_ANEKA_AYAM_BEBEK', 'displayName': 'Ayam & bebek', 'description': '', 'taxonomy': 2, 'parentKey': ''}]","Pulogadung Trade Center, Km 21, Jalan Bekasi Raya, RW 03, Rawa Terate, Cakung, Jakarta Timur, Daerah Khusus Ibukota Jakarta, Jawa, 13920, Indonesia"
"Waroeng Kampoeng Seafood & Ropang, Hankam","{'average': 4.8, 'total': 0}",3,"[{'key': 'tenants/gofood/tags/CUISINE_SEAFOOD', 'tenantUid': 'gofood', 'uid': 'CUISINE_SEAFOOD', 'displayName': 'Seafood', 'description': '', 'taxonomy': 2, 'parentKey': ''}]","Jalan Hankam Raya, Jatirahayu, Kota Bekasi, Jawa Barat, Jawa, 17414, Indonesia"
A&W Pulo Gadung Trade Centre,"{'average': 4.7, 'total': 0}",3,"[{'key': 'tenants/gofood/tags/CUISINE_FASTFOOD', 'tenantUid': 'gofood', 'uid': 'CUISINE_FASTFOOD', 'displayName': 'Cepat saji', 'description': '', 'taxonomy': 2, 'parentKey': ''}]","Pulogadung Trade Center, Km 21, Jalan Bekasi Raya, RW 03, Rawa Terate, Cakung, Jakarta Timur, Daerah Khusus Ibukota Jakarta, Jawa, 13920, Indonesia"
"Warung Sate Solo Pak Bejo, Cibuntu","{'average': 3.7, 'total': 0}",2,"[{'key': 'tenants/gofood/tags/CUISINE_ANEKA_NASI', 'tenantUid': 'gofood', 'uid': 'CUISINE_ANEKA_NASI', 'displayName': 'Aneka nasi', 'description': '', 'taxonomy': 2, 'parentKey': ''}, {'key': 'tenants/gofood/tags/CUISINE_SOTO_BAKSO_SOP', 'tenantUid': 'gofood', 'uid': 'CUISINE_SOTO_BAKSO_SOP', 'displayName': 'Bakso & soto', 'description': '', 'taxonomy': 2, 'parentKey': ''}, {'key': 'tenants/gofood/tags/CUISINE_SATE', 'tenantUid': 'gofood', 'uid': 'CUISINE_SATE', 'displayName': 'Sate', 'description': '', 'taxonomy': 2, 'parentKey': ''}]","Jalan Inspeksi Kalimalang, Gandasari, Kabupaten Bekasi, Jawa Barat, Jawa, 17520, Indonesia"
"Solaria, Plaza Pondok Gede 2","{'average': 4.8, 'total': 0}",3,"[{'key': 'tenants/gofood/tags/CUISINE_SEAFOOD', 'tenantUid': 'gofood', 'uid': 'CUISINE_SEAFOOD', 'displayName': 'Seafood', 'description': '', 'taxonomy': 2, 'parentKey': ''}, {'key': 'tenants/gofood/tags/CUISINE_CHINESE', 'tenantUid': 'gofood', 'uid': 'CUISINE_CHINESE', 'displayName': 'Chinese', 'description': '', 'taxonomy': 2, 'parentKey': ''}, {'key': 'tenants/gofood/tags/CUISINE_ANEKA_NASI', 'tenantUid': 'gofood', 'uid': 'CUISINE_ANEKA_NASI', 'displayName': 'Aneka nasi', 'description': '', 'taxonomy': 2, 'parentKey': ''}]","Plaza Pondok Gede 2, Jalan Masjid Nurul Ihsan, Jatiwaringin, Kota Bekasi, Jawa Barat, Jawa, 17411, Indonesia"
"Bakso Sapi'i, PTC Pulogadung","{'average': 4.6, 'total': 0}",2,"[{'key': 'tenants/gofood/tags/CUISINE_SOTO_BAKSO_SOP', 'tenantUid': 'gofood', 'uid': 'CUISINE_SOTO_BAKSO_SOP', 'displayName': 'Bakso & soto', 'description': '', 'taxonomy': 2, 'parentKey': ''}]","Pulogadung Trade Center, Km 21, Jalan Bekasi Raya, RW 03, Rawa Terate, Cakung, Jakarta Timur, Daerah Khusus Ibukota Jakarta, Jawa, 13920, Indonesia"
"Bakso Lapangan Tembak Senayan, Pondok Gede - Kyati Group","{'average': 4.6, 'total': 0}",3,"[{'key': 'tenants/gofood/tags/CUISINE_SOTO_BAKSO_SOP', 'tenantUid': 'gofood', 'uid': 'CUISINE_SOTO_BAKSO_SOP', 'displayName': 'Bakso & soto', 'description': '', 'taxonomy': 2, 'parentKey': ''}]","Plaza Pondok Gede 2, Jalan Masjid Nurul Ihsan, Jatiwaringin, Kota Bekasi, Jawa Barat, Jawa, 17411, Indonesia"
"KFC, Pondok Gede Park","{'average': 4.7, 'total': 0}",2,"[{'key': 'tenants/gofood/tags/CUISINE_FASTFOOD', 'tenantUid': 'gofood', 'uid': 'CUISINE_FASTFOOD', 'displayName': 'Cepat saji', 'description': '', 'taxonomy': 2, 'parentKey': ''}]","Ramayana Department Store, Jalan Pondok Gede, Jatimakmur, Kota Bekasi, Jawa Barat, Jawa, 17411, Indonesia"
"D'COST, Pondok Gede","{'average': 4.7, 'total': 0}",3,"[{'key': 'tenants/gofood/tags/CUISINE_SEAFOOD', 'tenantUid': 'gofood', 'uid': 'CUISINE_SEAFOOD', 'displayName': 'Seafood', 'description': '', 'taxonomy': 2, 'parentKey': ''}, {'key': 'tenants/gofood/tags/CUISINE_ANEKA_NASI', 'tenantUid': 'gofood', 'uid': 'CUISINE_ANEKA_NASI', 'displayName': 'Aneka nasi', 'description': '', 'taxonomy': 2, 'parentKey': ''}]","Plaza Pondok Gede 2, Jalan Masjid Nurul Ihsan, Jatiwaringin, Kota Bekasi, Jawa Barat, Jawa, 17411, Indonesia"
"HokBen, Plaza Pondok Gede","{'average': 4.8, 'total': 0}",3,"[{'key': 'tenants/gofood/tags/CUISINE_FASTFOOD', 'tenantUid': 'gofood', 'uid': 'CUISINE_FASTFOOD', 'displayName': 'Cepat saji', 'description': '', 'taxonomy': 2, 'parentKey': ''}, {'key': 'tenants/gofood/tags/CUISINE_JAPANESE', 'tenantUid': 'gofood', 'uid': 'CUISINE_JAPANESE', 'displayName': 'Jepang', 'description': '', 'taxonomy': 2, 'parentKey': ''}]","Plaza Pondok Gede 2, Jalan Masjid Nurul Ihsan, Jatiwaringin, Kota Bekasi, Jawa Barat, Jawa, 17411, Indonesia"
"Id'Crazz Mini Cafe ( MiCa ), Jatirahayu","{'average': 4.8, 'total': 0}",2,"[{'key': 'tenants/gofood/tags/CUISINE_ANEKA_NASI', 'tenantUid': 'gofood', 'uid': 'CUISINE_ANEKA_NASI', 'displayName': 'Aneka nasi', 'description': '', 'taxonomy': 2, 'parentKey': ''}, {'key': 'tenants/gofood/tags/CUISINE_FASTFOOD', 'tenantUid': 'gofood', 'uid': 'CUISINE_FASTFOOD', 'displayName': 'Cepat saji', 'description': '', 'taxonomy': 2, 'parentKey': ''}, {'key': 'tenants/gofood/tags/CUISINE_COFFEE_SHOP', 'tenantUid': 'gofood', 'uid': 'CUISINE_COFFEE_SHOP', 'displayName': 'Kopi', 'description': '', 'taxonomy': 2, 'parentKey': ''}]","Jatirahayu, Kota Bekasi, Jawa Barat, Jawa, 17414, Indonesia"
"Jambu Bonbon, Plaza Pondok Gede","{'average': 4.8, 'total': 0}",3,"[{'key': 'tenants/gofood/tags/CUISINE_SWEETS_DESSERTS', 'tenantUid': 'gofood', 'uid': 'CUISINE_SWEETS_DESSERTS', 'displayName': 'Sweets', 'description': '', 'taxonomy': 2, 'parentKey': ''}]","Plaza Pondok Gede 2, Jalan Masjid Nurul Ihsan, Jatiwaringin, Kota Bekasi, Jawa Barat, Jawa, 17411, Indonesia"
"KFC, Pondok Gede Plaza","{'average': 4.7, 'total': 0}",3,"[{'key': 'tenants/gofood/tags/CUISINE_FASTFOOD', 'tenantUid': 'gofood', 'uid': 'CUISINE_FASTFOOD', 'displayName': 'Cepat saji', 'description': '', 'taxonomy': 2, 'parentKey': ''}]","Ramayana Department Store, Jalan Pondok Gede, Jatimakmur, Kota Bekasi, Jawa Barat, Jawa, 17411, Indonesia"
A&W Plaza Pondok Gede,"{'average': 4.9, 'total': 0}",3,"[{'key': 'tenants/gofood/tags/CUISINE_FASTFOOD', 'tenantUid': 'gofood', 'uid': 'CUISINE_FASTFOOD', 'displayName': 'Cepat saji', 'description': '', 'taxonomy': 2, 'parentKey': ''}]","Pondok Gede Plaza, Jalan Masjid Nurul Ihsan, Jatiwaringin, Kota Bekasi, Jawa Barat, Jawa, 17411, Indonesia"
"Dons Burger Cafe, Plaza Pondok Gede","{'average': 4.5, 'total': 0}",2,"[{'key': 'tenants/gofood/tags/CUISINE_FASTFOOD', 'tenantUid': 'gofood', 'uid': 'CUISINE_FASTFOOD', 'displayName': 'Cepat saji', 'description': '', 'taxonomy': 2, 'parentKey': ''}]","Pondok Gede Plaza, Jalan Masjid Nurul Ihsan, Jatiwaringin, Kota Bekasi, Jawa Barat, Jawa, 17411, Indonesia"
"Dunkin' Donuts, Pondok Gede","{'average': 4.2, 'total': 0}",3,"[{'key': 'tenants/gofood/tags/CUISINE_ROTI', 'tenantUid': 'gofood', 'uid': 'CUISINE_ROTI', 'displayName': 'Roti', 'description': '', 'taxonomy': 2, 'parentKey': ''}, {'key': 'tenants/gofood/tags/CUISINE_COFFEE_SHOP', 'tenantUid': 'gofood', 'uid': 'CUISINE_COFFEE_SHOP', 'displayName': 'Kopi', 'description': '', 'taxonomy': 2, 'parentKey': ''}, {'key': 'tenants/gofood/tags/CUISINE_SWEETS_DESSERTS', 'tenantUid': 'gofood', 'uid': 'CUISINE_SWEETS_DESSERTS', 'displayName': 'Sweets', 'description': '', 'taxonomy': 2, 'parentKey': ''}]","Jalan Pondok Gede, Jatirahayu, Kota Bekasi, Jawa Barat, Jawa, 17411, Indonesia"
"Gokana Ramen & Teppan, Pondok Gede Plaza","{'average': 4.5, 'total': 0}",3,"[{'key': 'tenants/gofood/tags/CUISINE_JAPANESE', 'tenantUid': 'gofood', 'uid': 'CUISINE_JAPANESE', 'displayName': 'Jepang', 'description': '', 'taxonomy': 2, 'parentKey': ''}, {'key': 'tenants/gofood/tags/CUISINE_ANEKA_NASI', 'tenantUid': 'gofood', 'uid': 'CUISINE_ANEKA_NASI', 'displayName': 'Aneka nasi', 'description': '', 'taxonomy': 2, 'parentKey': ''}, {'key': 'tenants/gofood/tags/CUISINE_BAKMIE', 'tenantUid': 'gofood', 'uid': 'CUISINE_BAKMIE', 'displayName': 'Bakmie', 'description': '', 'taxonomy': 2, 'parentKey': ''}, {'key': 'tenants/gofood/tags/CUISINE_THAI', 'tenantUid': 'gofood', 'uid': 'CUISINE_THAI', 'displayName': 'Thailand', 'description': '', 'taxonomy': 2, 'parentKey': ''}]","Plaza Pondok Gede, Jalan Pondok Gede, Jatiwaringin, Kota Bekasi, Jawa Barat, Jawa, 17411, Indonesia"
"Spesial Soto Boyolali (SSB) Hj. Hesti Widodo, Puri Gading","{'average': 4.8, 'total': 0}",1,"[{'key': 'tenants/gofood/tags/CUISINE_SOTO_BAKSO_SOP', 'tenantUid': 'gofood', 'uid': 'CUISINE_SOTO_BAKSO_SOP', 'displayName': 'Bakso & soto', 'description': '', 'taxonomy': 2, 'parentKey': ''}]","Jalan Puri Gading Utama, Puri Gading, Jatiwarna, Kota Bekasi, Jawa Barat, Jawa, 17415, Indonesia"
"Kopi Kaya, Pondok Gede","{'average': 0, 'total': 0}",1,"[{'key': 'tenants/gofood/tags/CUISINE_MINUMAN', 'tenantUid': 'gofood', 'uid': 'CUISINE_MINUMAN', 'displayName': 'Minuman', 'description': '', 'taxonomy': 2, 'parentKey': ''}, {'key': 'tenants/gofood/tags/CUISINE_SWEETS_DESSERTS', 'tenantUid': 'gofood', 'uid': 'CUISINE_SWEETS_DESSERTS', 'displayName': 'Sweets', 'description': '', 'taxonomy': 2, 'parentKey': ''}, {'key': 'tenants/gofood/tags/CUISINE_COFFEE_SHOP', 'tenantUid': 'gofood', 'uid': 'CUISINE_COFFEE_SHOP', 'displayName': 'Kopi', 'description': '', 'taxonomy': 2, 'parentKey': ''}]","Pondok Gede Plaza, Jalan Masjid Nurul Ihsan, Jatiwaringin, Kota Bekasi, Jawa Barat, Jawa, 17411, Indonesia"
"Cozy Cafe & Resto, Pondok Gede Plaza","{'average': 4.8, 'total': 0}",3,"[{'key': 'tenants/gofood/tags/CUISINE_BURGER_SANDWICH_STEAK', 'tenantUid': 'gofood', 'uid': 'CUISINE_BURGER_SANDWICH_STEAK', 'displayName': 'Barat', 'description': '', 'taxonomy': 2, 'parentKey': ''}, {'key': 'tenants/gofood/tags/CUISINE_ANEKA_NASI', 'tenantUid': 'gofood', 'uid': 'CUISINE_ANEKA_NASI', 'displayName': 'Aneka nasi', 'description': '', 'taxonomy': 2, 'parentKey': ''}, {'key': 'tenants/gofood/tags/CUISINE_BAKMIE', 'tenantUid': 'gofood', 'uid': 'CUISINE_BAKMIE', 'displayName': 'Bakmie', 'description': '', 'taxonomy': 2, 'parentKey': ''}]","Pondok Gede Plaza, Jalan Masjid Nurul Ihsan, Jatiwaringin, Kota Bekasi, Jawa Barat, Jawa, 17411, Indonesia"
Rumah Makan Sate Kambing H. Nawi Klender,"{'average': 4.7, 'total': 0}",3,"[{'key': 'tenants/gofood/tags/CUISINE_SATE', 'tenantUid': 'gofood', 'uid': 'CUISINE_SATE', 'displayName': 'Sate', 'description': '', 'taxonomy': 2, 'parentKey': ''}]","Jalan Bekasi Timur, RW 02, Jatinegara, Cakung, Jakarta Timur, Daerah Khusus Ibukota Jakarta, Jawa, 13470, Indonesia"
"XIBOBA, Cibitung","{'average': 4.6, 'total': 0}",2,"[{'key': 'tenants/gofood/tags/CUISINE_SWEETS_DESSERTS', 'tenantUid': 'gofood', 'uid': 'CUISINE_SWEETS_DESSERTS', 'displayName': 'Sweets', 'description': '', 'taxonomy': 2, 'parentKey': ''}, {'key': 'tenants/gofood/tags/CUISINE_SNACKS_JAJANAN', 'tenantUid': 'gofood', 'uid': 'CUISINE_SNACKS_JAJANAN', 'displayName': 'Jajanan', 'description': '', 'taxonomy': 2, 'parentKey': ''}, {'key': 'tenants/gofood/tags/CUISINE_COFFEE_SHOP', 'tenantUid': 'gofood', 'uid': 'CUISINE_COFFEE_SHOP', 'displayName': 'Kopi', 'description': '', 'taxonomy': 2, 'parentKey': ''}, {'key': 'tenants/gofood/tags/CUISINE_MINUMAN', 'tenantUid': 'gofood', 'uid': 'CUISINE_MINUMAN', 'displayName': 'Minuman', 'description': '', 'taxonomy': 2, 'parentKey': ''}]","Ramayana Department Store Cibitung, Jalan Raya Teuku Umar, Gandasari, Kabupaten Bekasi, Jawa Barat, Jawa, 17520, Indonesia"
"Radja Gurame, Pondok Gede","{'average': 4.5, 'total': 0}",3,"[{'key': 'tenants/gofood/tags/CUISINE_SEAFOOD', 'tenantUid': 'gofood', 'uid': 'CUISINE_SEAFOOD', 'displayName': 'Seafood', 'description': '', 'taxonomy': 2, 'parentKey': ''}]","Bank Syariah Indonesia, Jalan Pondok Gede, Jatiwaringin, Kota Bekasi, Jawa Barat, Jawa, 17411, Indonesia"
Wizky Dimsum,"{'average': 3.3, 'total': 0}",2,"[{'key': 'tenants/gofood/tags/CUISINE_FASTFOOD', 'tenantUid': 'gofood', 'uid': 'CUISINE_FASTFOOD', 'displayName': 'Cepat saji', 'description': '', 'taxonomy': 2, 'parentKey': ''}]","Jatirahayu, Kota Bekasi, Jawa Barat, Jawa, 17414, Indonesia"
"Cafe Perlu Dicoba, Jatiasih","{'average': 4.7, 'total': 0}",2,"[{'key': 'tenants/gofood/tags/CUISINE_ANEKA_AYAM_BEBEK', 'tenantUid': 'gofood', 'uid': 'CUISINE_ANEKA_AYAM_BEBEK', 'displayName': 'Ayam & bebek', 'description': '', 'taxonomy': 2, 'parentKey': ''}, {'key': 'tenants/gofood/tags/CUISINE_SNACKS_JAJANAN', 'tenantUid': 'gofood', 'uid': 'CUISINE_SNACKS_JAJANAN', 'displayName': 'Jajanan', 'description': '', 'taxonomy': 2, 'parentKey': ''}, {'key': 'tenants/gofood/tags/CUISINE_SOTO_BAKSO_SOP', 'tenantUid': 'gofood', 'uid': 'CUISINE_SOTO_BAKSO_SOP', 'displayName': 'Bakso & soto', 'description': '', 'taxonomy': 2, 'parentKey': ''}]","Komplek Asabri Indah, Jatiluhur, Kota Bekasi, Jawa Barat, Jawa, 17425, Indonesia"
"Bakso Kumis Permai 2, Cibitung","{'average': 4.4, 'total': 0}",2,"[{'key': 'tenants/gofood/tags/CUISINE_BAKMIE', 'tenantUid': 'gofood', 'uid': 'CUISINE_BAKMIE', 'displayName': 'Bakmie', 'description': '', 'taxonomy': 2, 'parentKey': ''}, {'key': 'tenants/gofood/tags/CUISINE_SOTO_BAKSO_SOP', 'tenantUid': 'gofood', 'uid': 'CUISINE_SOTO_BAKSO_SOP', 'displayName': 'Bakso & soto', 'description': '', 'taxonomy': 2, 'parentKey': ''}]","Trias, Wanasari, Kabupaten Bekasi, Jawa Barat, Jawa, 17520, Indonesia"
Waroenk Bamboe PGR,"{'average': 4.2, 'total': 0}",2,"[{'key': 'tenants/gofood/tags/CUISINE_FASTFOOD', 'tenantUid': 'gofood', 'uid': 'CUISINE_FASTFOOD', 'displayName': 'Cepat saji', 'description': '', 'taxonomy': 2, 'parentKey': ''}, {'key': 'tenants/gofood/tags/CUISINE_SNACKS_JAJANAN', 'tenantUid': 'gofood', 'uid': 'CUISINE_SNACKS_JAJANAN', 'displayName': 'Jajanan', 'description': '', 'taxonomy': 2, 'parentKey': ''}, {'key': 'tenants/gofood/tags/CUISINE_JAPANESE', 'tenantUid': 'gofood', 'uid': 'CUISINE_JAPANESE', 'displayName': 'Jepang', 'description': '', 'taxonomy': 2, 'parentKey': ''}]","Jalan Puri Gading Utama, Puri Gading, Jatiwarna, Kota Bekasi, Jawa Barat, Jawa, 17415, Indonesia"
Tuah Saiyo,"{'average': 4.5, 'total': 0}",2,"[{'key': 'tenants/gofood/tags/CUISINE_ANEKA_NASI', 'tenantUid': 'gofood', 'uid': 'CUISINE_ANEKA_NASI', 'displayName': 'Aneka nasi', 'description': '', 'taxonomy': 2, 'parentKey': ''}]","Jatiwarna, Kota Bekasi, Jawa Barat, Jawa, 17415, Indonesia"
"Bittersweet By Najla, Sumarecon Bekasi","{'average': 4.7, 'total': 0}",3,"[{'key': 'tenants/gofood/tags/CUISINE_SWEETS_DESSERTS', 'tenantUid': 'gofood', 'uid': 'CUISINE_SWEETS_DESSERTS', 'displayName': 'Sweets', 'description': '', 'taxonomy': 2, 'parentKey': ''}]","Simetri Coffee Roasters - Marga Mulya, Jalan Raya Rawa Bugel, Summarecon Bekasi, Kota Bekasi, Jawa Barat, Jawa, 17142, Indonesia"
"Mie Gacoan Bekasi, Juanda","{'average': 4.7, 'total': 0}",1,"[{'key': 'tenants/gofood/tags/CUISINE_BAKMIE', 'tenantUid': 'gofood', 'uid': 'CUISINE_BAKMIE', 'displayName': 'Bakmie', 'description': '', 'taxonomy': 2, 'parentKey': ''}]","DISDUKCAPIL Kota Bekasi, 1, Jalan Insinyur Haji Juanda, Rawasemut, Bekasi Jaya, Kota Bekasi, Jawa Barat, Jawa, 17113, Indonesia"
"Richeese Factory, Mega Mall Bekasi","{'average': 4.7, 'total': 0}",3,"[{'key': 'tenants/gofood/tags/CUISINE_ANEKA_NASI', 'tenantUid': 'gofood', 'uid': 'CUISINE_ANEKA_NASI', 'displayName': 'Aneka nasi', 'description': '', 'taxonomy': 2, 'parentKey': ''}, {'key': 'tenants/gofood/tags/CUISINE_ANEKA_AYAM_BEBEK', 'tenantUid': 'gofood', 'uid': 'CUISINE_ANEKA_AYAM_BEBEK', 'displayName': 'Ayam & bebek', 'description': '', 'taxonomy': 2, 'parentKey': ''}, {'key': 'tenants/gofood/tags/CUISINE_FASTFOOD', 'tenantUid': 'gofood', 'uid': 'CUISINE_FASTFOOD', 'displayName': 'Cepat saji', 'description': '', 'taxonomy': 2, 'parentKey': ''}]","Mega Bekasi Hypermall, Jalan Ahmad Yani, Rawa Panjang, Margajaya, Kota Bekasi, Jawa Barat, Jawa, 17141, Indonesia"
"Republic Kebab Premium, Kayuringin Jaya","{'average': 4.8, 'total': 0}",2,"[{'key': 'tenants/gofood/tags/CUISINE_SNACKS_JAJANAN', 'tenantUid': 'gofood', 'uid': 'CUISINE_SNACKS_JAJANAN', 'displayName': 'Jajanan', 'description': '', 'taxonomy': 2, 'parentKey': ''}]","Jalan Rajawali Raya, Kranji, Kayuringinjaya, Kota Bekasi, Jawa Barat, Jawa, 17136, Indonesia"
"620 HokBen, Summarecon Boulevard Bekasi","{'average': 4.8, 'total': 0}",3,"[{'key': 'tenants/gofood/tags/CUISINE_JAPANESE', 'tenantUid': 'gofood', 'uid': 'CUISINE_JAPANESE', 'displayName': 'Jepang', 'description': '', 'taxonomy': 2, 'parentKey': ''}, {'key': 'tenants/gofood/tags/CUISINE_FASTFOOD', 'tenantUid': 'gofood', 'uid': 'CUISINE_FASTFOOD', 'displayName': 'Cepat saji', 'description': '', 'taxonomy': 2, 'parentKey': ''}]","HokBen, Jalan Bulevar Ahmad Yani, Summarecon Bekasi, Kota Bekasi, Jawa Barat, Jawa, 17142, Indonesia"
"Burger King, Summarecon Bekasi","{'average': 4.7, 'total': 0}",2,"[{'key': 'tenants/gofood/tags/CUISINE_FASTFOOD', 'tenantUid': 'gofood', 'uid': 'CUISINE_FASTFOOD', 'displayName': 'Cepat saji', 'description': '', 'taxonomy': 2, 'parentKey': ''}, {'key': 'tenants/gofood/tags/CUISINE_ANEKA_NASI', 'tenantUid': 'gofood', 'uid': 'CUISINE_ANEKA_NASI', 'displayName': 'Aneka nasi', 'description': '', 'taxonomy': 2, 'parentKey': ''}, {'key': 'tenants/gofood/tags/CUISINE_SNACKS_JAJANAN', 'tenantUid': 'gofood', 'uid': 'CUISINE_SNACKS_JAJANAN', 'displayName': 'Jajanan', 'description': '', 'taxonomy': 2, 'parentKey': ''}, {'key': 'tenants/gofood/tags/CUISINE_ANEKA_AYAM_BEBEK', 'tenantUid': 'gofood', 'uid': 'CUISINE_ANEKA_AYAM_BEBEK', 'displayName': 'Ayam & bebek', 'description': '', 'taxonomy': 2, 'parentKey': ''}]","Burger King, Jalan Bulevar Ahmad Yani, Summarecon Bekasi, Kota Bekasi, Jawa Barat, Jawa, 17142, Indonesia"
"Richeese Factory, Summarecon Bekasi","{'average': 4.7, 'total': 0}",3,"[{'key': 'tenants/gofood/tags/CUISINE_FASTFOOD', 'tenantUid': 'gofood', 'uid': 'CUISINE_FASTFOOD', 'displayName': 'Cepat saji', 'description': '', 'taxonomy': 2, 'parentKey': ''}, {'key': 'tenants/gofood/tags/CUISINE_ANEKA_AYAM_BEBEK', 'tenantUid': 'gofood', 'uid': 'CUISINE_ANEKA_AYAM_BEBEK', 'displayName': 'Ayam & bebek', 'description': '', 'taxonomy': 2, 'parentKey': ''}, {'key': 'tenants/gofood/tags/CUISINE_ANEKA_NASI', 'tenantUid': 'gofood', 'uid': 'CUISINE_ANEKA_NASI', 'displayName': 'Aneka nasi', 'description': '', 'taxonomy': 2, 'parentKey': ''}]","Burger King, Jalan Bulevar Ahmad Yani, Summarecon Bekasi, Kota Bekasi, Jawa Barat, Jawa, 17142, Indonesia"
"Ayam Geprek Ganas, Letjen Sarbini","{'average': 4.7, 'total': 0}",2,"[{'key': 'tenants/gofood/tags/CUISINE_ANEKA_AYAM_BEBEK', 'tenantUid': 'gofood', 'uid': 'CUISINE_ANEKA_AYAM_BEBEK', 'displayName': 'Ayam & bebek', 'description': '', 'taxonomy': 2, 'parentKey': ''}, {'key': 'tenants/gofood/tags/CUISINE_MINUMAN', 'tenantUid': 'gofood', 'uid': 'CUISINE_MINUMAN', 'displayName': 'Minuman', 'description': '', 'taxonomy': 2, 'parentKey': ''}, {'key': 'tenants/gofood/tags/CUISINE_FASTFOOD', 'tenantUid': 'gofood', 'uid': 'CUISINE_FASTFOOD', 'displayName': 'Cepat saji', 'description': '', 'taxonomy': 2, 'parentKey': ''}]","Kemakmuran, Rawa Panjang, Margajaya, Kota Bekasi, Jawa Barat, Jawa, 17141, Indonesia"
"Burger Bangor Express, Agus Salim","{'average': 4.7, 'total': 0}",3,"[{'key': 'tenants/gofood/tags/CUISINE_BURGER_SANDWICH_STEAK', 'tenantUid': 'gofood', 'uid': 'CUISINE_BURGER_SANDWICH_STEAK', 'displayName': 'Barat', 'description': '', 'taxonomy': 2, 'parentKey': ''}, {'key': 'tenants/gofood/tags/CUISINE_FASTFOOD', 'tenantUid': 'gofood', 'uid': 'CUISINE_FASTFOOD', 'displayName': 'Cepat saji', 'description': '', 'taxonomy': 2, 'parentKey': ''}, {'key': 'tenants/gofood/tags/CUISINE_ANEKA_AYAM_BEBEK', 'tenantUid': 'gofood', 'uid': 'CUISINE_ANEKA_AYAM_BEBEK', 'displayName': 'Ayam & bebek', 'description': '', 'taxonomy': 2, 'parentKey': ''}]","Jalan KH. Agus Salim, Bekasi Jaya, Kota Bekasi, Jawa Barat, Jawa, 17112, Indonesia"
"Nasi Goreng Gila Dua Saudara, Anggrek Raya","{'average': 4.5, 'total': 0}",2,"[{'key': 'tenants/gofood/tags/CUISINE_ANEKA_NASI', 'tenantUid': 'gofood', 'uid': 'CUISINE_ANEKA_NASI', 'displayName': 'Aneka nasi', 'description': '', 'taxonomy': 2, 'parentKey': ''}, {'key': 'tenants/gofood/tags/CUISINE_FASTFOOD', 'tenantUid': 'gofood', 'uid': 'CUISINE_FASTFOOD', 'displayName': 'Cepat saji', 'description': '', 'taxonomy': 2, 'parentKey': ''}, {'key': 'tenants/gofood/tags/CUISINE_SEAFOOD', 'tenantUid': 'gofood', 'uid': 'CUISINE_SEAFOOD', 'displayName': 'Seafood', 'description': '', 'taxonomy': 2, 'parentKey': ''}]","Jalan Anggrek Raya, Kranji, Kota Bekasi, Jawa Barat, Jawa, 17136, Indonesia"
"Ayam Bakar, Ayam Goreng & Seblak Dapur EKM Bekasi, Rawa Bugel","{'average': 4.5, 'total': 0}",2,"[{'key': 'tenants/gofood/tags/CUISINE_FASTFOOD', 'tenantUid': 'gofood', 'uid': 'CUISINE_FASTFOOD', 'displayName': 'Cepat saji', 'description': '', 'taxonomy': 2, 'parentKey': ''}, {'key': 'tenants/gofood/tags/CUISINE_ANEKA_AYAM_BEBEK', 'tenantUid': 'gofood', 'uid': 'CUISINE_ANEKA_AYAM_BEBEK', 'displayName': 'Ayam & bebek', 'description': '', 'taxonomy': 2, 'parentKey': ''}, {'key': 'tenants/gofood/tags/CUISINE_ANEKA_NASI', 'tenantUid': 'gofood', 'uid': 'CUISINE_ANEKA_NASI', 'displayName': 'Aneka nasi', 'description': '', 'taxonomy': 2, 'parentKey': ''}]","Jalan Raya Rawa Bugel, Harapanjaya, Kota Bekasi, Jawa Barat, Jawa, 17142, Indonesia"
"Burger King, Lagoon Avenue","{'average': 4.7, 'total': 0}",2,"[{'key': 'tenants/gofood/tags/CUISINE_ANEKA_AYAM_BEBEK', 'tenantUid': 'gofood', 'uid': 'CUISINE_ANEKA_AYAM_BEBEK', 'displayName': 'Ayam & bebek', 'description': '', 'taxonomy': 2, 'parentKey': ''}, {'key': 'tenants/gofood/tags/CUISINE_FASTFOOD', 'tenantUid': 'gofood', 'uid': 'CUISINE_FASTFOOD', 'displayName': 'Cepat saji', 'description': '', 'taxonomy': 2, 'parentKey': ''}, {'key': 'tenants/gofood/tags/CUISINE_ANEKA_NASI', 'tenantUid': 'gofood', 'uid': 'CUISINE_ANEKA_NASI', 'displayName': 'Aneka nasi', 'description': '', 'taxonomy': 2, 'parentKey': ''}, {'key': 'tenants/gofood/tags/CUISINE_SNACKS_JAJANAN', 'tenantUid': 'gofood', 'uid': 'CUISINE_SNACKS_JAJANAN', 'displayName': 'Jajanan', 'description': '', 'taxonomy': 2, 'parentKey': ''}]","Lagoon Avenue, Jalan Cikas Tengah 4, Bumi Satria Kencana, Pekayon, Jakasampurna, Kota Bekasi, Jawa Barat, Jawa, 17148, Indonesia"
"Sushi Yay, Bintara","{'average': 4.6, 'total': 0}",3,"[{'key': 'tenants/gofood/tags/CUISINE_ANEKA_NASI', 'tenantUid': 'gofood', 'uid': 'CUISINE_ANEKA_NASI', 'displayName': 'Aneka nasi', 'description': '', 'taxonomy': 2, 'parentKey': ''}, {'key': 'tenants/gofood/tags/CUISINE_JAPANESE', 'tenantUid': 'gofood', 'uid': 'CUISINE_JAPANESE', 'displayName': 'Jepang', 'description': '', 'taxonomy': 2, 'parentKey': ''}, {'key': 'tenants/gofood/tags/CUISINE_ANEKA_AYAM_BEBEK', 'tenantUid': 'gofood', 'uid': 'CUISINE_ANEKA_AYAM_BEBEK', 'displayName': 'Ayam & bebek', 'description': '', 'taxonomy': 2, 'parentKey': ''}]","Jalan Bintara Raya, Kranji, Kota Bekasi, Jawa Barat, Jawa, 17136, Indonesia"
"Restoran Sederhana, Bekasi Town Square","{'average': 4.7, 'total': 0}",2,"[{'key': 'tenants/gofood/tags/CUISINE_ANEKA_NASI', 'tenantUid': 'gofood', 'uid': 'CUISINE_ANEKA_NASI', 'displayName': 'Aneka nasi', 'description': '', 'taxonomy': 2, 'parentKey': ''}]","Jalan Cut Mutia, Rawasemut, Kota Bekasi, Jawa Barat, Jawa, 17113, Indonesia"
"Mixue Summarecon, Bekasi","{'average': 4.7, 'total': 0}",2,"[{'key': 'tenants/gofood/tags/CUISINE_MINUMAN', 'tenantUid': 'gofood', 'uid': 'CUISINE_MINUMAN', 'displayName': 'Minuman', 'description': '', 'taxonomy': 2, 'parentKey': ''}, {'key': 'tenants/gofood/tags/CUISINE_SNACKS_JAJANAN', 'tenantUid': 'gofood', 'uid': 'CUISINE_SNACKS_JAJANAN', 'displayName': 'Jajanan', 'description': '', 'taxonomy': 2, 'parentKey': ''}, {'key': 'tenants/gofood/tags/CUISINE_SWEETS_DESSERTS', 'tenantUid': 'gofood', 'uid': 'CUISINE_SWEETS_DESSERTS', 'displayName': 'Sweets', 'description': '', 'taxonomy': 2, 'parentKey': ''}]","Summarecon Bekasi, Bekasi Jaya, Kota Bekasi, Jawa Barat, Jawa, 17142, Indonesia"
"Ayam Goreng Sultan, Margahayu","{'average': 4.6, 'total': 0}",2,"[{'key': 'tenants/gofood/tags/CUISINE_ANEKA_AYAM_BEBEK', 'tenantUid': 'gofood', 'uid': 'CUISINE_ANEKA_AYAM_BEBEK', 'displayName': 'Ayam & bebek', 'description': '', 'taxonomy': 2, 'parentKey': ''}, {'key': 'tenants/gofood/tags/CUISINE_ANEKA_NASI', 'tenantUid': 'gofood', 'uid': 'CUISINE_ANEKA_NASI', 'displayName': 'Aneka nasi', 'description': '', 'taxonomy': 2, 'parentKey': ''}]","Jalan Insinyur Haji Juanda, Rawasemut, Kota Bekasi, Jawa Barat, Jawa, 17113, Indonesia"
"KFC, Djuanda Bekasi","{'average': 4.7, 'total': 0}",2,"[{'key': 'tenants/gofood/tags/CUISINE_FASTFOOD', 'tenantUid': 'gofood', 'uid': 'CUISINE_FASTFOOD', 'displayName': 'Cepat saji', 'description': '', 'taxonomy': 2, 'parentKey': ''}, {'key': 'tenants/gofood/tags/CUISINE_ANEKA_AYAM_BEBEK', 'tenantUid': 'gofood', 'uid': 'CUISINE_ANEKA_AYAM_BEBEK', 'displayName': 'Ayam & bebek', 'description': '', 'taxonomy': 2, 'parentKey': ''}]","Rawasemut, Kota Bekasi, Jawa Barat, Jawa, 17113, Indonesia"
"Ayam Gepuk Pak Gembus, Patriot","{'average': 4.7, 'total': 0}",2,"[{'key': 'tenants/gofood/tags/CUISINE_ANEKA_AYAM_BEBEK', 'tenantUid': 'gofood', 'uid': 'CUISINE_ANEKA_AYAM_BEBEK', 'displayName': 'Ayam & bebek', 'description': '', 'taxonomy': 2, 'parentKey': ''}, {'key': 'tenants/gofood/tags/CUISINE_ANEKA_NASI', 'tenantUid': 'gofood', 'uid': 'CUISINE_ANEKA_NASI', 'displayName': 'Aneka nasi', 'description': '', 'taxonomy': 2, 'parentKey': ''}]","Jalan Singaraja, Kranji, Jakasampurna, Kota Bekasi, Jawa Barat, Jawa, 17136, Indonesia"
Mixue Patriot,"{'average': 4.7, 'total': 0}",2,"[{'key': 'tenants/gofood/tags/CUISINE_MINUMAN', 'tenantUid': 'gofood', 'uid': 'CUISINE_MINUMAN', 'displayName': 'Minuman', 'description': '', 'taxonomy': 2, 'parentKey': ''}, {'key': 'tenants/gofood/tags/CUISINE_SNACKS_JAJANAN', 'tenantUid': 'gofood', 'uid': 'CUISINE_SNACKS_JAJANAN', 'displayName': 'Jajanan', 'description': '', 'taxonomy': 2, 'parentKey': ''}, {'key': 'tenants/gofood/tags/CUISINE_SWEETS_DESSERTS', 'tenantUid': 'gofood', 'uid': 'CUISINE_SWEETS_DESSERTS', 'displayName': 'Sweets', 'description': '', 'taxonomy': 2, 'parentKey': ''}]","Jalan Pemuda Patriot, Kranji, Jakasampurna, Kota Bekasi, Jawa Barat, Jawa, 17136, Indonesia"
"Sushi Yay, Summarecon Bekasi","{'average': 4.7, 'total': 0}",3,"[{'key': 'tenants/gofood/tags/CUISINE_ANEKA_NASI', 'tenantUid': 'gofood', 'uid': 'CUISINE_ANEKA_NASI', 'displayName': 'Aneka nasi', 'description': '', 'taxonomy': 2, 'parentKey': ''}, {'key': 'tenants/gofood/tags/CUISINE_JAPANESE', 'tenantUid': 'gofood', 'uid': 'CUISINE_JAPANESE', 'displayName': 'Jepang', 'description': '', 'taxonomy': 2, 'parentKey': ''}, {'key': 'tenants/gofood/tags/CUISINE_FASTFOOD', 'tenantUid': 'gofood', 'uid': 'CUISINE_FASTFOOD', 'displayName': 'Cepat saji', 'description': '', 'taxonomy': 2, 'parentKey': ''}, {'key': 'tenants/gofood/tags/CUISINE_ANEKA_AYAM_BEBEK', 'tenantUid': 'gofood', 'uid': 'CUISINE_ANEKA_AYAM_BEBEK', 'displayName': 'Ayam & bebek', 'description': '', 'taxonomy': 2, 'parentKey': ''}]","Jalan Prima Harapan Regensi, Duta Harapan, Harapan Baru, Kota Bekasi, Jawa Barat, Jawa, 17122, Indonesia"
"Solaria, Transmart Bekasi Juanda","{'average': 4.7, 'total': 0}",3,"[{'key': 'tenants/gofood/tags/CUISINE_ANEKA_NASI', 'tenantUid': 'gofood', 'uid': 'CUISINE_ANEKA_NASI', 'displayName': 'Aneka nasi', 'description': '', 'taxonomy': 2, 'parentKey': ''}]","Bulak Kapal, Kota Bekasi, Jawa Barat, Jawa, 17113, Indonesia"
"Garbun Sus, Bekasi Timur","{'average': 4.8, 'total': 0}",3,"[{'key': 'tenants/gofood/tags/CUISINE_ROTI', 'tenantUid': 'gofood', 'uid': 'CUISINE_ROTI', 'displayName': 'Roti', 'description': '', 'taxonomy': 2, 'parentKey': ''}, {'key': 'tenants/gofood/tags/CUISINE_SNACKS_JAJANAN', 'tenantUid': 'gofood', 'uid': 'CUISINE_SNACKS_JAJANAN', 'displayName': 'Jajanan', 'description': '', 'taxonomy': 2, 'parentKey': ''}]","Jalan Rawa Indah, Perumahan Margahayu Jaya, Rawasemut, Kota Bekasi, Jawa Barat, Jawa, 17113, Indonesia"
"McDonald's, Juanda Bekasi Timur","{'average': 4.7, 'total': 0}",3,"[{'key': 'tenants/gofood/tags/CUISINE_FASTFOOD', 'tenantUid': 'gofood', 'uid': 'CUISINE_FASTFOOD', 'displayName': 'Cepat saji', 'description': '', 'taxonomy': 2, 'parentKey': ''}, {'key': 'tenants/gofood/tags/CUISINE_SWEETS_DESSERTS', 'tenantUid': 'gofood', 'uid': 'CUISINE_SWEETS_DESSERTS', 'displayName': 'Sweets', 'description': '', 'taxonomy': 2, 'parentKey': ''}, {'key': 'tenants/gofood/tags/CUISINE_SNACKS_JAJANAN', 'tenantUid': 'gofood', 'uid': 'CUISINE_SNACKS_JAJANAN', 'displayName': 'Jajanan', 'description': '', 'taxonomy': 2, 'parentKey': ''}]","Jalan Ir. H. Juanda, Rawasemut, Duren Jaya, Kota Bekasi, Jawa Barat, Jawa, 10350, Indonesia"
"Ayam Gepuk Pak Gembus, Pekayon New","{'average': 4.7, 'total': 0}",2,"[{'key': 'tenants/gofood/tags/CUISINE_ANEKA_AYAM_BEBEK', 'tenantUid': 'gofood', 'uid': 'CUISINE_ANEKA_AYAM_BEBEK', 'displayName': 'Ayam & bebek', 'description': '', 'taxonomy': 2, 'parentKey': ''}, {'key': 'tenants/gofood/tags/CUISINE_ANEKA_NASI', 'tenantUid': 'gofood', 'uid': 'CUISINE_ANEKA_NASI', 'displayName': 'Aneka nasi', 'description': '', 'taxonomy': 2, 'parentKey': ''}, {'key': 'tenants/gofood/tags/CUISINE_FASTFOOD', 'tenantUid': 'gofood', 'uid': 'CUISINE_FASTFOOD', 'displayName': 'Cepat saji', 'description': '', 'taxonomy': 2, 'parentKey': ''}]","Multazam Utama, 17A, Jalan Pekayon Raya, Pekayon, Margajaya, Kota Bekasi, Jawa Barat, Jawa, 17148, Indonesia"
"HokBen, Kitchen Bintara","{'average': 4.8, 'total': 0}",3,"[{'key': 'tenants/gofood/tags/CUISINE_JAPANESE', 'tenantUid': 'gofood', 'uid': 'CUISINE_JAPANESE', 'displayName': 'Jepang', 'description': '', 'taxonomy': 2, 'parentKey': ''}, {'key': 'tenants/gofood/tags/CUISINE_FASTFOOD', 'tenantUid': 'gofood', 'uid': 'CUISINE_FASTFOOD', 'displayName': 'Cepat saji', 'description': '', 'taxonomy': 2, 'parentKey': ''}, {'key': 'tenants/gofood/tags/CUISINE_ANEKA_AYAM_BEBEK', 'tenantUid': 'gofood', 'uid': 'CUISINE_ANEKA_AYAM_BEBEK', 'displayName': 'Ayam & bebek', 'description': '', 'taxonomy': 2, 'parentKey': ''}]","McDonald's, 17, Jalan Bintara Raya, Kranji, Bintara, Kota Bekasi, Jawa Barat, Jawa, 17134, Indonesia"
"Solaria, Naga Swalayan Pekayon","{'average': 4.7, 'total': 0}",0,"[{'key': 'tenants/gofood/tags/CUISINE_ANEKA_NASI', 'tenantUid': 'gofood', 'uid': 'CUISINE_ANEKA_NASI', 'displayName': 'Aneka nasi', 'description': '', 'taxonomy': 2, 'parentKey': ''}, {'key': 'tenants/gofood/tags/CUISINE_ANEKA_AYAM_BEBEK', 'tenantUid': 'gofood', 'uid': 'CUISINE_ANEKA_AYAM_BEBEK', 'displayName': 'Ayam & bebek', 'description': '', 'taxonomy': 2, 'parentKey': ''}, {'key': 'tenants/gofood/tags/CUISINE_CHINESE', 'tenantUid': 'gofood', 'uid': 'CUISINE_CHINESE', 'displayName': 'Chinese', 'description': '', 'taxonomy': 2, 'parentKey': ''}, {'key': 'tenants/gofood/tags/CUISINE_SOTO_BAKSO_SOP', 'tenantUid': 'gofood', 'uid': 'CUISINE_SOTO_BAKSO_SOP', 'displayName': 'Bakso & soto', 'description': '', 'taxonomy': 2, 'parentKey': ''}]","Mall Pekayon, Jalan Pekayon Raya, Pekayon, Margajaya, Kota Bekasi, Jawa Barat, Jawa, 17148, Indonesia"
"Mie Gacoan, Bekasi Bintara","{'average': 4.7, 'total': 0}",1,"[{'key': 'tenants/gofood/tags/CUISINE_BAKMIE', 'tenantUid': 'gofood', 'uid': 'CUISINE_BAKMIE', 'displayName': 'Bakmie', 'description': '', 'taxonomy': 2, 'parentKey': ''}]","McDonald's, 17, Jalan Bintara Raya, Kranji, Bintara, Kota Bekasi, Jawa Barat, Jawa, 17134, Indonesia"
"Fore Coffee, Taman Galaxy","{'average': 4.8, 'total': 0}",0,"[{'key': 'tenants/gofood/tags/CUISINE_COFFEE_SHOP', 'tenantUid': 'gofood', 'uid': 'CUISINE_COFFEE_SHOP', 'displayName': 'Kopi', 'description': '', 'taxonomy': 2, 'parentKey': ''}, {'key': 'tenants/gofood/tags/CUISINE_MINUMAN', 'tenantUid': 'gofood', 'uid': 'CUISINE_MINUMAN', 'displayName': 'Minuman', 'description': '', 'taxonomy': 2, 'parentKey': ''}, {'key': 'tenants/gofood/tags/CUISINE_SWEETS_DESSERTS', 'tenantUid': 'gofood', 'uid': 'CUISINE_SWEETS_DESSERTS', 'displayName': 'Sweets', 'description': '', 'taxonomy': 2, 'parentKey': ''}]","Jalan Taman Galaksi Raya, Jakasampurna, Kota Bekasi, Jawa Barat, Jawa, 17145, Indonesia"
"Masakan Padang Surya Rasa, Bekasi Selatan","{'average': 4.8, 'total': 0}",1,"[{'key': 'tenants/gofood/tags/CUISINE_ANEKA_NASI', 'tenantUid': 'gofood', 'uid': 'CUISINE_ANEKA_NASI', 'displayName': 'Aneka nasi', 'description': '', 'taxonomy': 2, 'parentKey': ''}]","Jalan Pekayon Raya, Pondok Pekayon Indah, Pekayon, Jakasetia, Kota Bekasi, Jawa Barat, Jawa, 17114, Indonesia"
"HokBen, Kitchen Rawalumbu","{'average': 4.8, 'total': 0}",3,"[{'key': 'tenants/gofood/tags/CUISINE_JAPANESE', 'tenantUid': 'gofood', 'uid': 'CUISINE_JAPANESE', 'displayName': 'Jepang', 'description': '', 'taxonomy': 2, 'parentKey': ''}, {'key': 'tenants/gofood/tags/CUISINE_FASTFOOD', 'tenantUid': 'gofood', 'uid': 'CUISINE_FASTFOOD', 'displayName': 'Cepat saji', 'description': '', 'taxonomy': 2, 'parentKey': ''}, {'key': 'tenants/gofood/tags/CUISINE_ANEKA_AYAM_BEBEK', 'tenantUid': 'gofood', 'uid': 'CUISINE_ANEKA_AYAM_BEBEK', 'displayName': 'Ayam & bebek', 'description': '', 'taxonomy': 2, 'parentKey': ''}]","Jalan Pramuka, Jembatan Nol, Rawalumbu, Sepanjangjaya, Kota Bekasi, Jawa Barat, Jawa, 17175, Indonesia"
"Ayam Bakar & Ikan Bakar Pak Min, Bekasi Timur","{'average': 4.7, 'total': 0}",2,"[{'key': 'tenants/gofood/tags/CUISINE_ANEKA_AYAM_BEBEK', 'tenantUid': 'gofood', 'uid': 'CUISINE_ANEKA_AYAM_BEBEK', 'displayName': 'Ayam & bebek', 'description': '', 'taxonomy': 2, 'parentKey': ''}, {'key': 'tenants/gofood/tags/CUISINE_MINUMAN', 'tenantUid': 'gofood', 'uid': 'CUISINE_MINUMAN', 'displayName': 'Minuman', 'description': '', 'taxonomy': 2, 'parentKey': ''}, {'key': 'tenants/gofood/tags/CUISINE_SEAFOOD', 'tenantUid': 'gofood', 'uid': 'CUISINE_SEAFOOD', 'displayName': 'Seafood', 'description': '', 'taxonomy': 2, 'parentKey': ''}]","Duren Jaya, Kota Bekasi, Jawa Barat, Jawa, 17111, Indonesia"
"SeIndonesia (Sei Sapi Dan Ayam), Lakuliner Galaxy","{'average': 4.6, 'total': 0}",0,"[{'key': 'tenants/gofood/tags/CUISINE_ANEKA_NASI', 'tenantUid': 'gofood', 'uid': 'CUISINE_ANEKA_NASI', 'displayName': 'Aneka nasi', 'description': '', 'taxonomy': 2, 'parentKey': ''}, {'key': 'tenants/gofood/tags/CUISINE_ANEKA_AYAM_BEBEK', 'tenantUid': 'gofood', 'uid': 'CUISINE_ANEKA_AYAM_BEBEK', 'displayName': 'Ayam & bebek', 'description': '', 'taxonomy': 2, 'parentKey': ''}, {'key': 'tenants/gofood/tags/CUISINE_FASTFOOD', 'tenantUid': 'gofood', 'uid': 'CUISINE_FASTFOOD', 'displayName': 'Cepat saji', 'description': '', 'taxonomy': 2, 'parentKey': ''}]","B. 451, Jalan Matahari Raya, Jakamulya, Kota Bekasi, Jawa Barat, Jawa, 17145, Indonesia"
KEBULI JORDAN BEKASI,"{'average': 4.8, 'total': 0}",3,"[{'key': 'tenants/gofood/tags/CUISINE_ANEKA_NASI', 'tenantUid': 'gofood', 'uid': 'CUISINE_ANEKA_NASI', 'displayName': 'Aneka nasi', 'description': '', 'taxonomy': 2, 'parentKey': ''}, {'key': 'tenants/gofood/tags/CUISINE_FASTFOOD', 'tenantUid': 'gofood', 'uid': 'CUISINE_FASTFOOD', 'displayName': 'Cepat saji', 'description': '', 'taxonomy': 2, 'parentKey': ''}, {'key': 'tenants/gofood/tags/CUISINE_MIDDLE_EASTERN', 'tenantUid': 'gofood', 'uid': 'CUISINE_MIDDLE_EASTERN', 'displayName': 'Timur Tengah', 'description': '', 'taxonomy': 2, 'parentKey': ''}]","Jalan Raya Pondok Cipta, Kranji, Bintara, Kota Bekasi, Jawa Barat, Jawa, 17134, Indonesia"
"Moon Chicken (Ayam Goreng Korea), Taman Galaxy","{'average': 4.8, 'total': 0}",3,"[{'key': 'tenants/gofood/tags/CUISINE_ANEKA_AYAM_BEBEK', 'tenantUid': 'gofood', 'uid': 'CUISINE_ANEKA_AYAM_BEBEK', 'displayName': 'Ayam & bebek', 'description': '', 'taxonomy': 2, 'parentKey': ''}, {'key': 'tenants/gofood/tags/CUISINE_FASTFOOD', 'tenantUid': 'gofood', 'uid': 'CUISINE_FASTFOOD', 'displayName': 'Cepat saji', 'description': '', 'taxonomy': 2, 'parentKey': ''}, {'key': 'tenants/gofood/tags/CUISINE_SNACKS_JAJANAN', 'tenantUid': 'gofood', 'uid': 'CUISINE_SNACKS_JAJANAN', 'displayName': 'Jajanan', 'description': '', 'taxonomy': 2, 'parentKey': ''}, {'key': 'tenants/gofood/tags/CUISINE_KOREAN', 'tenantUid': 'gofood', 'uid': 'CUISINE_KOREAN', 'displayName': 'Korea', 'description': '', 'taxonomy': 2, 'parentKey': ''}, {'key': 'tenants/gofood/tags/CUISINE_ANEKA_NASI', 'tenantUid': 'gofood', 'uid': 'CUISINE_ANEKA_NASI', 'displayName': 'Aneka nasi', 'description': '', 'taxonomy': 2, 'parentKey': ''}]","Chimica Laboratory Cafe, 232, Jalan Pulo Sirih Utama, Pondok Pekayon Indah, Pekayon, Jakasetia, Kota Bekasi, Jawa Barat, Jawa, 17147, Indonesia"
"Sop Daging Janda Mas Dana, Perumnas 3","{'average': 4.7, 'total': 0}",2,"[{'key': 'tenants/gofood/tags/CUISINE_FASTFOOD', 'tenantUid': 'gofood', 'uid': 'CUISINE_FASTFOOD', 'displayName': 'Cepat saji', 'description': '', 'taxonomy': 2, 'parentKey': ''}, {'key': 'tenants/gofood/tags/CUISINE_SNACKS_JAJANAN', 'tenantUid': 'gofood', 'uid': 'CUISINE_SNACKS_JAJANAN', 'displayName': 'Jajanan', 'description': '', 'taxonomy': 2, 'parentKey': ''}, {'key': 'tenants/gofood/tags/CUISINE_MARTABAK', 'tenantUid': 'gofood', 'uid': 'CUISINE_MARTABAK', 'displayName': 'Martabak', 'description': '', 'taxonomy': 2, 'parentKey': ''}, {'key': 'tenants/gofood/tags/CUISINE_SOTO_BAKSO_SOP', 'tenantUid': 'gofood', 'uid': 'CUISINE_SOTO_BAKSO_SOP', 'displayName': 'Bakso & soto', 'description': '', 'taxonomy': 2, 'parentKey': ''}, {'key': 'tenants/gofood/tags/CUISINE_ANEKA_NASI', 'tenantUid': 'gofood', 'uid': 'CUISINE_ANEKA_NASI', 'displayName': 'Aneka nasi', 'description': '', 'taxonomy': 2, 'parentKey': ''}, {'key': 'tenants/gofood/tags/CUISINE_MINUMAN', 'tenantUid': 'gofood', 'uid': 'CUISINE_MINUMAN', 'displayName': 'Minuman', 'description': '', 'taxonomy': 2, 'parentKey': ''}]","Jalan Nusantara, Bulak Kapal, Aren Jaya, Kota Bekasi, Jawa Barat, Jawa, 17111, Indonesia"
"Kopi Janji Jiwa & Jiwa Toast, Raya Bintara","{'average': 4.8, 'total': 0}",2,"[{'key': 'tenants/gofood/tags/CUISINE_MINUMAN', 'tenantUid': 'gofood', 'uid': 'CUISINE_MINUMAN', 'displayName': 'Minuman', 'description': '', 'taxonomy': 2, 'parentKey': ''}, {'key': 'tenants/gofood/tags/CUISINE_COFFEE_SHOP', 'tenantUid': 'gofood', 'uid': 'CUISINE_COFFEE_SHOP', 'displayName': 'Kopi', 'description': '', 'taxonomy': 2, 'parentKey': ''}, {'key': 'tenants/gofood/tags/CUISINE_ROTI', 'tenantUid': 'gofood', 'uid': 'CUISINE_ROTI', 'displayName': 'Roti', 'description': '', 'taxonomy': 2, 'parentKey': ''}, {'key': 'tenants/gofood/tags/CUISINE_SNACKS_JAJANAN', 'tenantUid': 'gofood', 'uid': 'CUISINE_SNACKS_JAJANAN', 'displayName': 'Jajanan', 'description': '', 'taxonomy': 2, 'parentKey': ''}]","Jalan Bintara Raya, Kranji, Bintara, Kota Bekasi, Jawa Barat, Jawa, 17134, Indonesia"
"Rumah Makan 99 Seafood, Rawalumbu","{'average': 4.7, 'total': 0}",3,"[{'key': 'tenants/gofood/tags/CUISINE_ANEKA_NASI', 'tenantUid': 'gofood', 'uid': 'CUISINE_ANEKA_NASI', 'displayName': 'Aneka nasi', 'description': '', 'taxonomy': 2, 'parentKey': ''}]","Jalan Dasa Dharma, Jembatan Nol, Rawalumbu, Sepanjangjaya, Kota Bekasi, Jawa Barat, Jawa, 17175, Indonesia"
"Solaria, Golden City Bekasi","{'average': 4.6, 'total': 0}",3,"[{'key': 'tenants/gofood/tags/CUISINE_ANEKA_NASI', 'tenantUid': 'gofood', 'uid': 'CUISINE_ANEKA_NASI', 'displayName': 'Aneka nasi', 'description': '', 'taxonomy': 2, 'parentKey': ''}, {'key': 'tenants/gofood/tags/CUISINE_CHINESE', 'tenantUid': 'gofood', 'uid': 'CUISINE_CHINESE', 'displayName': 'Chinese', 'description': '', 'taxonomy': 2, 'parentKey': ''}]","solaria, Jalan Lingkar Utara, Harapan Baru, Kota Bekasi, Jawa Barat, Jawa, 17121, Indonesia"
"Pizza Hut, Golden City Bekasi","{'average': 4.7, 'total': 0}",4,"[{'key': 'tenants/gofood/tags/CUISINE_PIZZA_PASTA', 'tenantUid': 'gofood', 'uid': 'CUISINE_PIZZA_PASTA', 'displayName': 'Pizza & pasta', 'description': '', 'taxonomy': 2, 'parentKey': ''}, {'key': 'tenants/gofood/tags/CUISINE_FASTFOOD', 'tenantUid': 'gofood', 'uid': 'CUISINE_FASTFOOD', 'displayName': 'Cepat saji', 'description': '', 'taxonomy': 2, 'parentKey': ''}, {'key': 'tenants/gofood/tags/CUISINE_BURGER_SANDWICH_STEAK', 'tenantUid': 'gofood', 'uid': 'CUISINE_BURGER_SANDWICH_STEAK', 'displayName': 'Barat', 'description': '', 'taxonomy': 2, 'parentKey': ''}, {'key': 'tenants/gofood/tags/CUISINE_SNACKS_JAJANAN', 'tenantUid': 'gofood', 'uid': 'CUISINE_SNACKS_JAJANAN', 'displayName': 'Jajanan', 'description': '', 'taxonomy': 2, 'parentKey': ''}, {'key': 'tenants/gofood/tags/CUISINE_ANEKA_AYAM_BEBEK', 'tenantUid': 'gofood', 'uid': 'CUISINE_ANEKA_AYAM_BEBEK', 'displayName': 'Ayam & bebek', 'description': '', 'taxonomy': 2, 'parentKey': ''}]","Richeese Factory, Jalan Lingkar Utara, Harapan Baru, Kota Bekasi, Jawa Barat, Jawa, 17121, Indonesia"
"Richeese Factory, Golden City","{'average': 4.7, 'total': 0}",3,"[{'key': 'tenants/gofood/tags/CUISINE_FASTFOOD', 'tenantUid': 'gofood', 'uid': 'CUISINE_FASTFOOD', 'displayName': 'Cepat saji', 'description': '', 'taxonomy': 2, 'parentKey': ''}, {'key': 'tenants/gofood/tags/CUISINE_ANEKA_AYAM_BEBEK', 'tenantUid': 'gofood', 'uid': 'CUISINE_ANEKA_AYAM_BEBEK', 'displayName': 'Ayam & bebek', 'description': '', 'taxonomy': 2, 'parentKey': ''}, {'key': 'tenants/gofood/tags/CUISINE_ANEKA_NASI', 'tenantUid': 'gofood', 'uid': 'CUISINE_ANEKA_NASI', 'displayName': 'Aneka nasi', 'description': '', 'taxonomy': 2, 'parentKey': ''}]","Harapan Baru, Kota Bekasi, Jawa Barat, Jawa, 17121, Indonesia"
"Mie Gacoan, Golden City","{'average': 4.6, 'total': 0}",1,"[{'key': 'tenants/gofood/tags/CUISINE_BAKMIE', 'tenantUid': 'gofood', 'uid': 'CUISINE_BAKMIE', 'displayName': 'Bakmie', 'description': '', 'taxonomy': 2, 'parentKey': ''}]","Jalan Lingkar Utara, Harapan Baru, Kota Bekasi, Jawa Barat, Jawa, 17121, Indonesia"
"Republic Kebab Premium, Jaka Setia","{'average': 4.7, 'total': 0}",2,"[{'key': 'tenants/gofood/tags/CUISINE_SNACKS_JAJANAN', 'tenantUid': 'gofood', 'uid': 'CUISINE_SNACKS_JAJANAN', 'displayName': 'Jajanan', 'description': '', 'taxonomy': 2, 'parentKey': ''}, {'key': 'tenants/gofood/tags/CUISINE_FASTFOOD', 'tenantUid': 'gofood', 'uid': 'CUISINE_FASTFOOD', 'displayName': 'Cepat saji', 'description': '', 'taxonomy': 2, 'parentKey': ''}, {'key': 'tenants/gofood/tags/CUISINE_MIDDLE_EASTERN', 'tenantUid': 'gofood', 'uid': 'CUISINE_MIDDLE_EASTERN', 'displayName': 'Timur Tengah', 'description': '', 'taxonomy': 2, 'parentKey': ''}]","Jalan Pulo Sirih Utama, Pondok Pekayon Indah, Pekayon, Jakasetia, Kota Bekasi, Jawa Barat, Jawa, 17147, Indonesia"
"Sate Madura Cak Bakrie, Rawalumbu","{'average': 4.8, 'total': 0}",2,"[{'key': 'tenants/gofood/tags/CUISINE_SATE', 'tenantUid': 'gofood', 'uid': 'CUISINE_SATE', 'displayName': 'Sate', 'description': '', 'taxonomy': 2, 'parentKey': ''}, {'key': 'tenants/gofood/tags/CUISINE_ANEKA_NASI', 'tenantUid': 'gofood', 'uid': 'CUISINE_ANEKA_NASI', 'displayName': 'Aneka nasi', 'description': '', 'taxonomy': 2, 'parentKey': ''}, {'key': 'tenants/gofood/tags/CUISINE_MINUMAN', 'tenantUid': 'gofood', 'uid': 'CUISINE_MINUMAN', 'displayName': 'Minuman', 'description': '', 'taxonomy': 2, 'parentKey': ''}]","Jalan Siliwangi, Rawalumbu, Bojong Rawalumbu, Kota Bekasi, Jawa Barat, Jawa, 17114, Indonesia"
"Mixue, Galaxy Bekasi","{'average': 4.7, 'total': 0}",2,"[{'key': 'tenants/gofood/tags/CUISINE_MINUMAN', 'tenantUid': 'gofood', 'uid': 'CUISINE_MINUMAN', 'displayName': 'Minuman', 'description': '', 'taxonomy': 2, 'parentKey': ''}]","Jalan Pulo Sirih Utama, Pondok Pekayon Indah, Pekayon, Jakasetia, Kota Bekasi, Jawa Barat, Jawa, 17147, Indonesia"
"KFC, Kota Bintang","{'average': 4.8, 'total': 0}",3,"[{'key': 'tenants/gofood/tags/CUISINE_FASTFOOD', 'tenantUid': 'gofood', 'uid': 'CUISINE_FASTFOOD', 'displayName': 'Cepat saji', 'description': '', 'taxonomy': 2, 'parentKey': ''}]","KFC, Jalan Raya Kalimalang, Bintarajaya, Kota Bekasi, Jawa Barat, Jawa, 17145, Indonesia"
"Ayam Geprek Gold Chick, Jatimulya","{'average': 4.7, 'total': 0}",2,"[{'key': 'tenants/gofood/tags/CUISINE_FASTFOOD', 'tenantUid': 'gofood', 'uid': 'CUISINE_FASTFOOD', 'displayName': 'Cepat saji', 'description': '', 'taxonomy': 2, 'parentKey': ''}, {'key': 'tenants/gofood/tags/CUISINE_ANEKA_AYAM_BEBEK', 'tenantUid': 'gofood', 'uid': 'CUISINE_ANEKA_AYAM_BEBEK', 'displayName': 'Ayam & bebek', 'description': '', 'taxonomy': 2, 'parentKey': ''}, {'key': 'tenants/gofood/tags/CUISINE_ANEKA_NASI', 'tenantUid': 'gofood', 'uid': 'CUISINE_ANEKA_NASI', 'displayName': 'Aneka nasi', 'description': '', 'taxonomy': 2, 'parentKey': ''}]","Jalan Jatimulya, Graha Mutiara, Pondok Hijau, Kota Bekasi, Jawa Barat, Jawa, 17115, Indonesia"
"Solaria, Grand Kota Bintang Bekasi","{'average': 4.7, 'total': 0}",3,"[{'key': 'tenants/gofood/tags/CUISINE_FASTFOOD', 'tenantUid': 'gofood', 'uid': 'CUISINE_FASTFOOD', 'displayName': 'Cepat saji', 'description': '', 'taxonomy': 2, 'parentKey': ''}]","Solaria, Jalan Tol Lingkar Luar Jakarta, Bintarajaya, Kota Bekasi, Jawa Barat, Jawa, 17145, Indonesia"
"YOSHINOYA BEEF BOWL, Grand Kota Bintang","{'average': 4.8, 'total': 0}",3,"[{'key': 'tenants/gofood/tags/CUISINE_JAPANESE', 'tenantUid': 'gofood', 'uid': 'CUISINE_JAPANESE', 'displayName': 'Jepang', 'description': '', 'taxonomy': 2, 'parentKey': ''}, {'key': 'tenants/gofood/tags/CUISINE_FASTFOOD', 'tenantUid': 'gofood', 'uid': 'CUISINE_FASTFOOD', 'displayName': 'Cepat saji', 'description': '', 'taxonomy': 2, 'parentKey': ''}, {'key': 'tenants/gofood/tags/CUISINE_ANEKA_AYAM_BEBEK', 'tenantUid': 'gofood', 'uid': 'CUISINE_ANEKA_AYAM_BEBEK', 'displayName': 'Ayam & bebek', 'description': '', 'taxonomy': 2, 'parentKey': ''}, {'key': 'tenants/gofood/tags/CUISINE_ANEKA_NASI', 'tenantUid': 'gofood', 'uid': 'CUISINE_ANEKA_NASI', 'displayName': 'Aneka nasi', 'description': '', 'taxonomy': 2, 'parentKey': ''}, {'key': 'tenants/gofood/tags/CUISINE_COFFEE_SHOP', 'tenantUid': 'gofood', 'uid': 'CUISINE_COFFEE_SHOP', 'displayName': 'Kopi', 'description': '', 'taxonomy': 2, 'parentKey': ''}]","Bintarajaya, Kota Bekasi, Jawa Barat, Jawa, 17145, Indonesia"
"Kopi Janji Jiwa & Jiwa Toast, Golden City","{'average': 4.7, 'total': 0}",2,"[{'key': 'tenants/gofood/tags/CUISINE_COFFEE_SHOP', 'tenantUid': 'gofood', 'uid': 'CUISINE_COFFEE_SHOP', 'displayName': 'Kopi', 'description': '', 'taxonomy': 2, 'parentKey': ''}, {'key': 'tenants/gofood/tags/CUISINE_SWEETS_DESSERTS', 'tenantUid': 'gofood', 'uid': 'CUISINE_SWEETS_DESSERTS', 'displayName': 'Sweets', 'description': '', 'taxonomy': 2, 'parentKey': ''}, {'key': 'tenants/gofood/tags/CUISINE_MINUMAN', 'tenantUid': 'gofood', 'uid': 'CUISINE_MINUMAN', 'displayName': 'Minuman', 'description': '', 'taxonomy': 2, 'parentKey': ''}, {'key': 'tenants/gofood/tags/CUISINE_ROTI', 'tenantUid': 'gofood', 'uid': 'CUISINE_ROTI', 'displayName': 'Roti', 'description': '', 'taxonomy': 2, 'parentKey': ''}, {'key': 'tenants/gofood/tags/CUISINE_SNACKS_JAJANAN', 'tenantUid': 'gofood', 'uid': 'CUISINE_SNACKS_JAJANAN', 'displayName': 'Jajanan', 'description': '', 'taxonomy': 2, 'parentKey': ''}]","Harapan Baru, Kota Bekasi, Jawa Barat, Jawa, 17121, Indonesia"
"HokBen, Kitchen Kemang Pratama","{'average': 4.8, 'total': 0}",3,"[{'key': 'tenants/gofood/tags/CUISINE_FASTFOOD', 'tenantUid': 'gofood', 'uid': 'CUISINE_FASTFOOD', 'displayName': 'Cepat saji', 'description': '', 'taxonomy': 2, 'parentKey': ''}, {'key': 'tenants/gofood/tags/CUISINE_JAPANESE', 'tenantUid': 'gofood', 'uid': 'CUISINE_JAPANESE', 'displayName': 'Jepang', 'description': '', 'taxonomy': 2, 'parentKey': ''}]","Kemang Bakery, Jalan Kemang Pratama, Markan, Bojong Rawalumbu, Kota Bekasi, Jawa Barat, Jawa, 17114, Indonesia"
"Pizza Hut Delivery - PHD, Nusantara Raya Bekasi","{'average': 4.7, 'total': 0}",4,"[{'key': 'tenants/gofood/tags/CUISINE_FASTFOOD', 'tenantUid': 'gofood', 'uid': 'CUISINE_FASTFOOD', 'displayName': 'Cepat saji', 'description': '', 'taxonomy': 2, 'parentKey': ''}, {'key': 'tenants/gofood/tags/CUISINE_PIZZA_PASTA', 'tenantUid': 'gofood', 'uid': 'CUISINE_PIZZA_PASTA', 'displayName': 'Pizza & pasta', 'description': '', 'taxonomy': 2, 'parentKey': ''}, {'key': 'tenants/gofood/tags/CUISINE_SNACKS_JAJANAN', 'tenantUid': 'gofood', 'uid': 'CUISINE_SNACKS_JAJANAN', 'displayName': 'Jajanan', 'description': '', 'taxonomy': 2, 'parentKey': ''}, {'key': 'tenants/gofood/tags/CUISINE_BURGER_SANDWICH_STEAK', 'tenantUid': 'gofood', 'uid': 'CUISINE_BURGER_SANDWICH_STEAK', 'displayName': 'Barat', 'description': '', 'taxonomy': 2, 'parentKey': ''}, {'key': 'tenants/gofood/tags/CUISINE_ANEKA_AYAM_BEBEK', 'tenantUid': 'gofood', 'uid': 'CUISINE_ANEKA_AYAM_BEBEK', 'displayName': 'Ayam & bebek', 'description': '', 'taxonomy': 2, 'parentKey': ''}]","Jalan Pulau Bali Raya, Aren Jaya, Kota Bekasi, Jawa Barat, Jawa, 17111, Indonesia"
"Richeese Factory, Kemang Pratama","{'average': 4.7, 'total': 0}",3,"[{'key': 'tenants/gofood/tags/CUISINE_ANEKA_AYAM_BEBEK', 'tenantUid': 'gofood', 'uid': 'CUISINE_ANEKA_AYAM_BEBEK', 'displayName': 'Ayam & bebek', 'description': '', 'taxonomy': 2, 'parentKey': ''}, {'key': 'tenants/gofood/tags/CUISINE_ANEKA_NASI', 'tenantUid': 'gofood', 'uid': 'CUISINE_ANEKA_NASI', 'displayName': 'Aneka nasi', 'description': '', 'taxonomy': 2, 'parentKey': ''}, {'key': 'tenants/gofood/tags/CUISINE_FASTFOOD', 'tenantUid': 'gofood', 'uid': 'CUISINE_FASTFOOD', 'displayName': 'Cepat saji', 'description': '', 'taxonomy': 2, 'parentKey': ''}]","Feeder Busway, Jalan Kemang Pratama, Markan, Bojong Rawalumbu, Kota Bekasi, Jawa Barat, Jawa, 17114, Indonesia"
Mixue Nusantara Raya,"{'average': 4.7, 'total': 0}",2,"[{'key': 'tenants/gofood/tags/CUISINE_MINUMAN', 'tenantUid': 'gofood', 'uid': 'CUISINE_MINUMAN', 'displayName': 'Minuman', 'description': '', 'taxonomy': 2, 'parentKey': ''}, {'key': 'tenants/gofood/tags/CUISINE_SWEETS_DESSERTS', 'tenantUid': 'gofood', 'uid': 'CUISINE_SWEETS_DESSERTS', 'displayName': 'Sweets', 'description': '', 'taxonomy': 2, 'parentKey': ''}]","Jalan Nusantara, Bulak Kapal, Aren Jaya, Kota Bekasi, Jawa Barat, Jawa, 17111, Indonesia"
"Kopi Kenangan, Ruko Galaxy Bekasi","{'average': 4.8, 'total': 0}",2,"[{'key': 'tenants/gofood/tags/CUISINE_MINUMAN', 'tenantUid': 'gofood', 'uid': 'CUISINE_MINUMAN', 'displayName': 'Minuman', 'description': '', 'taxonomy': 2, 'parentKey': ''}, {'key': 'tenants/gofood/tags/CUISINE_COFFEE_SHOP', 'tenantUid': 'gofood', 'uid': 'CUISINE_COFFEE_SHOP', 'displayName': 'Kopi', 'description': '', 'taxonomy': 2, 'parentKey': ''}, {'key': 'tenants/gofood/tags/CUISINE_SWEETS_DESSERTS', 'tenantUid': 'gofood', 'uid': 'CUISINE_SWEETS_DESSERTS', 'displayName': 'Sweets', 'description': '', 'taxonomy': 2, 'parentKey': ''}, {'key': 'tenants/gofood/tags/CUISINE_ROTI', 'tenantUid': 'gofood', 'uid': 'CUISINE_ROTI', 'displayName': 'Roti', 'description': '', 'taxonomy': 2, 'parentKey': ''}, {'key': 'tenants/gofood/tags/CUISINE_SNACKS_JAJANAN', 'tenantUid': 'gofood', 'uid': 'CUISINE_SNACKS_JAJANAN', 'displayName': 'Jajanan', 'description': '', 'taxonomy': 2, 'parentKey': ''}]","Jalan Lotus Tengah, Komplek Mayor, Jakasetia, Kota Bekasi, Jawa Barat, Jawa, 17147, Indonesia"
"Janji Jiwa, Grand Galaxy City Bekasi","{'average': 4.7, 'total': 0}",2,"[{'key': 'tenants/gofood/tags/CUISINE_COFFEE_SHOP', 'tenantUid': 'gofood', 'uid': 'CUISINE_COFFEE_SHOP', 'displayName': 'Kopi', 'description': '', 'taxonomy': 2, 'parentKey': ''}, {'key': 'tenants/gofood/tags/CUISINE_ROTI', 'tenantUid': 'gofood', 'uid': 'CUISINE_ROTI', 'displayName': 'Roti', 'description': '', 'taxonomy': 2, 'parentKey': ''}, {'key': 'tenants/gofood/tags/CUISINE_MINUMAN', 'tenantUid': 'gofood', 'uid': 'CUISINE_MINUMAN', 'displayName': 'Minuman', 'description': '', 'taxonomy': 2, 'parentKey': ''}, {'key': 'tenants/gofood/tags/CUISINE_SNACKS_JAJANAN', 'tenantUid': 'gofood', 'uid': 'CUISINE_SNACKS_JAJANAN', 'displayName': 'Jajanan', 'description': '', 'taxonomy': 2, 'parentKey': ''}]","Jalan Boulevard Raya Barat, Pondok Pekayon Indah, Pekayon, Jakasetia, Kota Bekasi, Jawa Barat, Jawa, 17147, Indonesia"
"Kopi Janji Jiwa & Jiwa Toast, Ruko Karang Satria","{'average': 4.7, 'total': 0}",2,"[{'key': 'tenants/gofood/tags/CUISINE_ROTI', 'tenantUid': 'gofood', 'uid': 'CUISINE_ROTI', 'displayName': 'Roti', 'description': '', 'taxonomy': 2, 'parentKey': ''}, {'key': 'tenants/gofood/tags/CUISINE_SNACKS_JAJANAN', 'tenantUid': 'gofood', 'uid': 'CUISINE_SNACKS_JAJANAN', 'displayName': 'Jajanan', 'description': '', 'taxonomy': 2, 'parentKey': ''}, {'key': 'tenants/gofood/tags/CUISINE_COFFEE_SHOP', 'tenantUid': 'gofood', 'uid': 'CUISINE_COFFEE_SHOP', 'displayName': 'Kopi', 'description': '', 'taxonomy': 2, 'parentKey': ''}, {'key': 'tenants/gofood/tags/CUISINE_MINUMAN', 'tenantUid': 'gofood', 'uid': 'CUISINE_MINUMAN', 'displayName': 'Minuman', 'description': '', 'taxonomy': 2, 'parentKey': ''}]","Jalan Karang Satria, Karangsatria, Kabupaten Bekasi, Jawa Barat, Jawa, 17123, Indonesia"
"HokBen, Kitchen Karang Satria","{'average': 4.8, 'total': 0}",3,"[{'key': 'tenants/gofood/tags/CUISINE_ANEKA_NASI', 'tenantUid': 'gofood', 'uid': 'CUISINE_ANEKA_NASI', 'displayName': 'Aneka nasi', 'description': '', 'taxonomy': 2, 'parentKey': ''}, {'key': 'tenants/gofood/tags/CUISINE_JAPANESE', 'tenantUid': 'gofood', 'uid': 'CUISINE_JAPANESE', 'displayName': 'Jepang', 'description': '', 'taxonomy': 2, 'parentKey': ''}]","Jalan Karang Satria, Karangsatria, Kabupaten Bekasi, Jawa Barat, Jawa, 17123, Indonesia"
"Ayam Gepuk Pak Gembus, Galaxy","{'average': 4.6, 'total': 0}",2,"[{'key': 'tenants/gofood/tags/CUISINE_ANEKA_NASI', 'tenantUid': 'gofood', 'uid': 'CUISINE_ANEKA_NASI', 'displayName': 'Aneka nasi', 'description': '', 'taxonomy': 2, 'parentKey': ''}, {'key': 'tenants/gofood/tags/CUISINE_ANEKA_AYAM_BEBEK', 'tenantUid': 'gofood', 'uid': 'CUISINE_ANEKA_AYAM_BEBEK', 'displayName': 'Ayam & bebek', 'description': '', 'taxonomy': 2, 'parentKey': ''}]","Jalan Ruko Sentra Niaga 6, Komplek Mayor, Pekayon, Jakasetia, Kota Bekasi, Jawa Barat, Jawa, 17147, Indonesia"
"Gamchi, Potato Cheese Bread, Bekasi Selatan","{'average': 4.7, 'total': 0}",3,"[{'key': 'tenants/gofood/tags/CUISINE_SNACKS_JAJANAN', 'tenantUid': 'gofood', 'uid': 'CUISINE_SNACKS_JAJANAN', 'displayName': 'Jajanan', 'description': '', 'taxonomy': 2, 'parentKey': ''}]","Jalan Ruko Sentra Komersial 5, Komplek Mayor, Pekayon, Jakasetia, Kota Bekasi, Jawa Barat, Jawa, 17147, Indonesia"
"Kopi Dari Hati&Toast, Mutiara Gading 2","{'average': 4.9, 'total': 0}",2,"[{'key': 'tenants/gofood/tags/CUISINE_COFFEE_SHOP', 'tenantUid': 'gofood', 'uid': 'CUISINE_COFFEE_SHOP', 'displayName': 'Kopi', 'description': '', 'taxonomy': 2, 'parentKey': ''}, {'key': 'tenants/gofood/tags/CUISINE_ROTI', 'tenantUid': 'gofood', 'uid': 'CUISINE_ROTI', 'displayName': 'Roti', 'description': '', 'taxonomy': 2, 'parentKey': ''}, {'key': 'tenants/gofood/tags/CUISINE_MINUMAN', 'tenantUid': 'gofood', 'uid': 'CUISINE_MINUMAN', 'displayName': 'Minuman', 'description': '', 'taxonomy': 2, 'parentKey': ''}]","Karangsatria, Kabupaten Bekasi, Jawa Barat, Jawa, 17123, Indonesia"
"Jatinangor House, Jatibening","{'average': 4.6, 'total': 0}",0,"[{'key': 'tenants/gofood/tags/CUISINE_ANEKA_AYAM_BEBEK', 'tenantUid': 'gofood', 'uid': 'CUISINE_ANEKA_AYAM_BEBEK', 'displayName': 'Ayam & bebek', 'description': '', 'taxonomy': 2, 'parentKey': ''}]","Suluki Cempaka, Jakamulya, Kota Bekasi, Jawa Barat, Jawa, 17145, Indonesia"
"Burger King, Gading Terrace Boelevard","{'average': 4.7, 'total': 0}",2,"[{'key': 'tenants/gofood/tags/CUISINE_FASTFOOD', 'tenantUid': 'gofood', 'uid': 'CUISINE_FASTFOOD', 'displayName': 'Cepat saji', 'description': '', 'taxonomy': 2, 'parentKey': ''}, {'key': 'tenants/gofood/tags/CUISINE_ANEKA_NASI', 'tenantUid': 'gofood', 'uid': 'CUISINE_ANEKA_NASI', 'displayName': 'Aneka nasi', 'description': '', 'taxonomy': 2, 'parentKey': ''}, {'key': 'tenants/gofood/tags/CUISINE_SNACKS_JAJANAN', 'tenantUid': 'gofood', 'uid': 'CUISINE_SNACKS_JAJANAN', 'displayName': 'Jajanan', 'description': '', 'taxonomy': 2, 'parentKey': ''}, {'key': 'tenants/gofood/tags/CUISINE_ANEKA_AYAM_BEBEK', 'tenantUid': 'gofood', 'uid': 'CUISINE_ANEKA_AYAM_BEBEK', 'displayName': 'Ayam & bebek', 'description': '', 'taxonomy': 2, 'parentKey': ''}]","Karangsatria, Kabupaten Bekasi, Jawa Barat, Jawa, 17123, Indonesia"
"HokBen Kitchen, Perumnas 3 Bekasi","{'average': 4.7, 'total': 0}",3,"[{'key': 'tenants/gofood/tags/CUISINE_FASTFOOD', 'tenantUid': 'gofood', 'uid': 'CUISINE_FASTFOOD', 'displayName': 'Cepat saji', 'description': '', 'taxonomy': 2, 'parentKey': ''}, {'key': 'tenants/gofood/tags/CUISINE_JAPANESE', 'tenantUid': 'gofood', 'uid': 'CUISINE_JAPANESE', 'displayName': 'Jepang', 'description': '', 'taxonomy': 2, 'parentKey': ''}]","Aren Jaya, Kota Bekasi, Jawa Barat, Jawa, 17111, Indonesia"
"Mixue, Caman Raya","{'average': 4.7, 'total': 0}",2,"[{'key': 'tenants/gofood/tags/CUISINE_MINUMAN', 'tenantUid': 'gofood', 'uid': 'CUISINE_MINUMAN', 'displayName': 'Minuman', 'description': '', 'taxonomy': 2, 'parentKey': ''}, {'key': 'tenants/gofood/tags/CUISINE_FASTFOOD', 'tenantUid': 'gofood', 'uid': 'CUISINE_FASTFOOD', 'displayName': 'Cepat saji', 'description': '', 'taxonomy': 2, 'parentKey': ''}, {'key': 'tenants/gofood/tags/CUISINE_SNACKS_JAJANAN', 'tenantUid': 'gofood', 'uid': 'CUISINE_SNACKS_JAJANAN', 'displayName': 'Jajanan', 'description': '', 'taxonomy': 2, 'parentKey': ''}]","Jalan Caman Raya, Bintarajaya, Kota Bekasi, Jawa Barat, Jawa, 17145, Indonesia"
"Sushi Yay, Karang Satria Bekasi","{'average': 4.7, 'total': 0}",3,"[{'key': 'tenants/gofood/tags/CUISINE_JAPANESE', 'tenantUid': 'gofood', 'uid': 'CUISINE_JAPANESE', 'displayName': 'Jepang', 'description': '', 'taxonomy': 2, 'parentKey': ''}, {'key': 'tenants/gofood/tags/CUISINE_FASTFOOD', 'tenantUid': 'gofood', 'uid': 'CUISINE_FASTFOOD', 'displayName': 'Cepat saji', 'description': '', 'taxonomy': 2, 'parentKey': ''}, {'key': 'tenants/gofood/tags/CUISINE_ANEKA_NASI', 'tenantUid': 'gofood', 'uid': 'CUISINE_ANEKA_NASI', 'displayName': 'Aneka nasi', 'description': '', 'taxonomy': 2, 'parentKey': ''}, {'key': 'tenants/gofood/tags/CUISINE_ANEKA_AYAM_BEBEK', 'tenantUid': 'gofood', 'uid': 'CUISINE_ANEKA_AYAM_BEBEK', 'displayName': 'Ayam & bebek', 'description': '', 'taxonomy': 2, 'parentKey': ''}]","Jalan Karang Satria Raya, Karangsatria, Kabupaten Bekasi, Jawa Barat, Jawa, 17123, Indonesia"
"McDonald's, Karang Satria","{'average': 4.7, 'total': 0}",3,"[{'key': 'tenants/gofood/tags/CUISINE_FASTFOOD', 'tenantUid': 'gofood', 'uid': 'CUISINE_FASTFOOD', 'displayName': 'Cepat saji', 'description': '', 'taxonomy': 2, 'parentKey': ''}, {'key': 'tenants/gofood/tags/CUISINE_SWEETS_DESSERTS', 'tenantUid': 'gofood', 'uid': 'CUISINE_SWEETS_DESSERTS', 'displayName': 'Sweets', 'description': '', 'taxonomy': 2, 'parentKey': ''}, {'key': 'tenants/gofood/tags/CUISINE_SNACKS_JAJANAN', 'tenantUid': 'gofood', 'uid': 'CUISINE_SNACKS_JAJANAN', 'displayName': 'Jajanan', 'description': '', 'taxonomy': 2, 'parentKey': ''}]","Karangsatria, Kabupaten Bekasi, Jawa Barat, Jawa, 17123, Indonesia"
"Frozy Land, Rawalumbu","{'average': 4.6, 'total': 0}",2,"[{'key': 'tenants/gofood/tags/CUISINE_SWEETS_DESSERTS', 'tenantUid': 'gofood', 'uid': 'CUISINE_SWEETS_DESSERTS', 'displayName': 'Sweets', 'description': '', 'taxonomy': 2, 'parentKey': ''}, {'key': 'tenants/gofood/tags/CUISINE_ROTI', 'tenantUid': 'gofood', 'uid': 'CUISINE_ROTI', 'displayName': 'Roti', 'description': '', 'taxonomy': 2, 'parentKey': ''}, {'key': 'tenants/gofood/tags/CUISINE_SNACKS_JAJANAN', 'tenantUid': 'gofood', 'uid': 'CUISINE_SNACKS_JAJANAN', 'displayName': 'Jajanan', 'description': '', 'taxonomy': 2, 'parentKey': ''}]","Jalan Dalang, Cluster Teras Madani, Rawalumbu, Bojong Rawalumbu, Kota Bekasi, Jawa Barat, Jawa, 17116, Indonesia"
"Ayam Bakar Madu & Goreng Kremes MAMA IRA, Bekasi Barat","{'average': 4.8, 'total': 0}",2,"[{'key': 'tenants/gofood/tags/CUISINE_ANEKA_AYAM_BEBEK', 'tenantUid': 'gofood', 'uid': 'CUISINE_ANEKA_AYAM_BEBEK', 'displayName': 'Ayam & bebek', 'description': '', 'taxonomy': 2, 'parentKey': ''}, {'key': 'tenants/gofood/tags/CUISINE_ANEKA_NASI', 'tenantUid': 'gofood', 'uid': 'CUISINE_ANEKA_NASI', 'displayName': 'Aneka nasi', 'description': '', 'taxonomy': 2, 'parentKey': ''}]","Bintara, Kota Bekasi, Jawa Barat, Jawa, 13460, Indonesia"
NASI PADANG AMBUN PAGI TELUK PUCUNG,"{'average': 4.8, 'total': 0}",2,"[{'key': 'tenants/gofood/tags/CUISINE_FASTFOOD', 'tenantUid': 'gofood', 'uid': 'CUISINE_FASTFOOD', 'displayName': 'Cepat saji', 'description': '', 'taxonomy': 2, 'parentKey': ''}]","Telukpucung, Kota Bekasi, Jawa Barat, Jawa, 17121, Indonesia"
"Sushi Yay, Taman Galaxy","{'average': 4.8, 'total': 0}",3,"[{'key': 'tenants/gofood/tags/CUISINE_JAPANESE', 'tenantUid': 'gofood', 'uid': 'CUISINE_JAPANESE', 'displayName': 'Jepang', 'description': '', 'taxonomy': 2, 'parentKey': ''}, {'key': 'tenants/gofood/tags/CUISINE_ANEKA_NASI', 'tenantUid': 'gofood', 'uid': 'CUISINE_ANEKA_NASI', 'displayName': 'Aneka nasi', 'description': '', 'taxonomy': 2, 'parentKey': ''}, {'key': 'tenants/gofood/tags/CUISINE_FASTFOOD', 'tenantUid': 'gofood', 'uid': 'CUISINE_FASTFOOD', 'displayName': 'Cepat saji', 'description': '', 'taxonomy': 2, 'parentKey': ''}, {'key': 'tenants/gofood/tags/CUISINE_ANEKA_AYAM_BEBEK', 'tenantUid': 'gofood', 'uid': 'CUISINE_ANEKA_AYAM_BEBEK', 'displayName': 'Ayam & bebek', 'description': '', 'taxonomy': 2, 'parentKey': ''}]","Jalan Ruko Sentra Bisnis 5, Komplek Mayor, Markan, Jakasetia, Kota Bekasi, Jawa Barat, Jawa, 17147, Indonesia"
"KFC, Alamanda Karang Satria","{'average': 4.7, 'total': 0}",3,"[{'key': 'tenants/gofood/tags/CUISINE_FASTFOOD', 'tenantUid': 'gofood', 'uid': 'CUISINE_FASTFOOD', 'displayName': 'Cepat saji', 'description': '', 'taxonomy': 2, 'parentKey': ''}]","Jalan Karang Satria Raya, Karangsatria, Kabupaten Bekasi, Jawa Barat, Jawa, 17123, Indonesia"
"ABD, Ayam Bang Dava, Ayam Geprek & Popcorn, Harapan Indah","{'average': 4.7, 'total': 0}",2,"[{'key': 'tenants/gofood/tags/CUISINE_ANEKA_AYAM_BEBEK', 'tenantUid': 'gofood', 'uid': 'CUISINE_ANEKA_AYAM_BEBEK', 'displayName': 'Ayam & bebek', 'description': '', 'taxonomy': 2, 'parentKey': ''}, {'key': 'tenants/gofood/tags/CUISINE_ANEKA_NASI', 'tenantUid': 'gofood', 'uid': 'CUISINE_ANEKA_NASI', 'displayName': 'Aneka nasi', 'description': '', 'taxonomy': 2, 'parentKey': ''}, {'key': 'tenants/gofood/tags/CUISINE_FASTFOOD', 'tenantUid': 'gofood', 'uid': 'CUISINE_FASTFOOD', 'displayName': 'Cepat saji', 'description': '', 'taxonomy': 2, 'parentKey': ''}]","Kota Harapan Indah, Pejuang, Kota Bekasi, Jawa Barat, Jawa, 17181, Indonesia"
"Solaria, Kota Harapan Indah Bekasi","{'average': 4.8, 'total': 0}",3,"[{'key': 'tenants/gofood/tags/CUISINE_ANEKA_NASI', 'tenantUid': 'gofood', 'uid': 'CUISINE_ANEKA_NASI', 'displayName': 'Aneka nasi', 'description': '', 'taxonomy': 2, 'parentKey': ''}]","Jalan Harapan Indah Bulevar, Kota Harapan Indah, Medansatria, Kota Bekasi, Jawa Barat, Jawa, 17132, Indonesia"
"Keikpop by The Food Chain, Harapan Indah","{'average': 4.5, 'total': 0}",3,"[{'key': 'tenants/gofood/tags/CUISINE_SWEETS_DESSERTS', 'tenantUid': 'gofood', 'uid': 'CUISINE_SWEETS_DESSERTS', 'displayName': 'Sweets', 'description': '', 'taxonomy': 2, 'parentKey': ''}, {'key': 'tenants/gofood/tags/CUISINE_ROTI', 'tenantUid': 'gofood', 'uid': 'CUISINE_ROTI', 'displayName': 'Roti', 'description': '', 'taxonomy': 2, 'parentKey': ''}]","Jalan Harapan Indah Bulevar, Kota Harapan Indah, Medansatria, Kota Bekasi, Jawa Barat, Jawa, 17132, Indonesia"
"HokBen Kitchen, Sumber Artha","{'average': 4.8, 'total': 0}",3,"[{'key': 'tenants/gofood/tags/CUISINE_JAPANESE', 'tenantUid': 'gofood', 'uid': 'CUISINE_JAPANESE', 'displayName': 'Jepang', 'description': '', 'taxonomy': 2, 'parentKey': ''}, {'key': 'tenants/gofood/tags/CUISINE_FASTFOOD', 'tenantUid': 'gofood', 'uid': 'CUISINE_FASTFOOD', 'displayName': 'Cepat saji', 'description': '', 'taxonomy': 2, 'parentKey': ''}]","Bintarajaya, Kota Bekasi, Jawa Barat, Jawa, 17412, Indonesia"
"Burger King, Kota Harapan Indah","{'average': 4.7, 'total': 0}",3,"[{'key': 'tenants/gofood/tags/CUISINE_FASTFOOD', 'tenantUid': 'gofood', 'uid': 'CUISINE_FASTFOOD', 'displayName': 'Cepat saji', 'description': '', 'taxonomy': 2, 'parentKey': ''}, {'key': 'tenants/gofood/tags/CUISINE_ANEKA_NASI', 'tenantUid': 'gofood', 'uid': 'CUISINE_ANEKA_NASI', 'displayName': 'Aneka nasi', 'description': '', 'taxonomy': 2, 'parentKey': ''}, {'key': 'tenants/gofood/tags/CUISINE_SNACKS_JAJANAN', 'tenantUid': 'gofood', 'uid': 'CUISINE_SNACKS_JAJANAN', 'displayName': 'Jajanan', 'description': '', 'taxonomy': 2, 'parentKey': ''}, {'key': 'tenants/gofood/tags/CUISINE_ANEKA_AYAM_BEBEK', 'tenantUid': 'gofood', 'uid': 'CUISINE_ANEKA_AYAM_BEBEK', 'displayName': 'Ayam & bebek', 'description': '', 'taxonomy': 2, 'parentKey': ''}]","Jalan Harapan Indah Bulevar, Kota Harapan Indah, Medansatria, Kota Bekasi, Jawa Barat, Jawa, 17132, Indonesia"
"Bittersweet By Najla, Harapan Indah","{'average': 4.7, 'total': 0}",3,"[{'key': 'tenants/gofood/tags/CUISINE_SWEETS_DESSERTS', 'tenantUid': 'gofood', 'uid': 'CUISINE_SWEETS_DESSERTS', 'displayName': 'Sweets', 'description': '', 'taxonomy': 2, 'parentKey': ''}, {'key': 'tenants/gofood/tags/CUISINE_SNACKS_JAJANAN', 'tenantUid': 'gofood', 'uid': 'CUISINE_SNACKS_JAJANAN', 'displayName': 'Jajanan', 'description': '', 'taxonomy': 2, 'parentKey': ''}]","Jalan Boulevard Hijau Raya, Kota Harapan Indah, Pejuang, Kota Bekasi, Jawa Barat, Jawa, 17181, Indonesia"
Ayam Penyet Tulang Lunak Abah Anom,"{'average': 4.7, 'total': 0}",2,"[{'key': 'tenants/gofood/tags/CUISINE_ANEKA_AYAM_BEBEK', 'tenantUid': 'gofood', 'uid': 'CUISINE_ANEKA_AYAM_BEBEK', 'displayName': 'Ayam & bebek', 'description': '', 'taxonomy': 2, 'parentKey': ''}, {'key': 'tenants/gofood/tags/CUISINE_ANEKA_NASI', 'tenantUid': 'gofood', 'uid': 'CUISINE_ANEKA_NASI', 'displayName': 'Aneka nasi', 'description': '', 'taxonomy': 2, 'parentKey': ''}, {'key': 'tenants/gofood/tags/CUISINE_SEAFOOD', 'tenantUid': 'gofood', 'uid': 'CUISINE_SEAFOOD', 'displayName': 'Seafood', 'description': '', 'taxonomy': 2, 'parentKey': ''}]","Setiamekar, Kabupaten Bekasi, Jawa Barat, Jawa, 17111, Indonesia"
"Seblak Mewek, Marakash","{'average': 4.7, 'total': 0}",1,"[{'key': 'tenants/gofood/tags/CUISINE_SNACKS_JAJANAN', 'tenantUid': 'gofood', 'uid': 'CUISINE_SNACKS_JAJANAN', 'displayName': 'Jajanan', 'description': '', 'taxonomy': 2, 'parentKey': ''}]","Grand Pondok Ungu, Kabupaten Bekasi, Jawa Barat, Jawa, 17125, Indonesia"
"Sushi Yay, Pondok Ungu","{'average': 4.7, 'total': 0}",3,"[{'key': 'tenants/gofood/tags/CUISINE_FASTFOOD', 'tenantUid': 'gofood', 'uid': 'CUISINE_FASTFOOD', 'displayName': 'Cepat saji', 'description': '', 'taxonomy': 2, 'parentKey': ''}, {'key': 'tenants/gofood/tags/CUISINE_JAPANESE', 'tenantUid': 'gofood', 'uid': 'CUISINE_JAPANESE', 'displayName': 'Jepang', 'description': '', 'taxonomy': 2, 'parentKey': ''}, {'key': 'tenants/gofood/tags/CUISINE_ANEKA_NASI', 'tenantUid': 'gofood', 'uid': 'CUISINE_ANEKA_NASI', 'displayName': 'Aneka nasi', 'description': '', 'taxonomy': 2, 'parentKey': ''}, {'key': 'tenants/gofood/tags/CUISINE_ANEKA_AYAM_BEBEK', 'tenantUid': 'gofood', 'uid': 'CUISINE_ANEKA_AYAM_BEBEK', 'displayName': 'Ayam & bebek', 'description': '', 'taxonomy': 2, 'parentKey': ''}]","Jalan Pondok Ungu Permai, Pondok Ungu Permai, Kabupaten Bekasi, Jawa Barat, Jawa, 17125, Indonesia"
"HokBen Kitchen, Marakash","{'average': 4.7, 'total': 0}",3,"[{'key': 'tenants/gofood/tags/CUISINE_JAPANESE', 'tenantUid': 'gofood', 'uid': 'CUISINE_JAPANESE', 'displayName': 'Jepang', 'description': '', 'taxonomy': 2, 'parentKey': ''}]","Jalan Kavling Taman Wisala, Grand Pondok Ungu, Kabupaten Bekasi, Jawa Barat, Jawa, 17125, Indonesia"
"Es Nona Ayam Kremes 89, Pondok Gede","{'average': 4.9, 'total': 0}",2,"[{'key': 'tenants/gofood/tags/CUISINE_ANEKA_AYAM_BEBEK', 'tenantUid': 'gofood', 'uid': 'CUISINE_ANEKA_AYAM_BEBEK', 'displayName': 'Ayam & bebek', 'description': '', 'taxonomy': 2, 'parentKey': ''}, {'key': 'tenants/gofood/tags/CUISINE_BAKMIE', 'tenantUid': 'gofood', 'uid': 'CUISINE_BAKMIE', 'displayName': 'Bakmie', 'description': '', 'taxonomy': 2, 'parentKey': ''}, {'key': 'tenants/gofood/tags/CUISINE_CHINESE', 'tenantUid': 'gofood', 'uid': 'CUISINE_CHINESE', 'displayName': 'Chinese', 'description': '', 'taxonomy': 2, 'parentKey': ''}]","Jalan Dokter Ratna, Bumi Nasio Indah, Jatimekar, Kota Bekasi, Jawa Barat, Jawa, 17421, Indonesia"
"Pizza Hut Delivery - PHD, Pondok Ungu Bekasi","{'average': 4.7, 'total': 0}",4,"[{'key': 'tenants/gofood/tags/CUISINE_PIZZA_PASTA', 'tenantUid': 'gofood', 'uid': 'CUISINE_PIZZA_PASTA', 'displayName': 'Pizza & pasta', 'description': '', 'taxonomy': 2, 'parentKey': ''}, {'key': 'tenants/gofood/tags/CUISINE_FASTFOOD', 'tenantUid': 'gofood', 'uid': 'CUISINE_FASTFOOD', 'displayName': 'Cepat saji', 'description': '', 'taxonomy': 2, 'parentKey': ''}, {'key': 'tenants/gofood/tags/CUISINE_SNACKS_JAJANAN', 'tenantUid': 'gofood', 'uid': 'CUISINE_SNACKS_JAJANAN', 'displayName': 'Jajanan', 'description': '', 'taxonomy': 2, 'parentKey': ''}, {'key': 'tenants/gofood/tags/CUISINE_BURGER_SANDWICH_STEAK', 'tenantUid': 'gofood', 'uid': 'CUISINE_BURGER_SANDWICH_STEAK', 'displayName': 'Barat', 'description': '', 'taxonomy': 2, 'parentKey': ''}, {'key': 'tenants/gofood/tags/CUISINE_ANEKA_AYAM_BEBEK', 'tenantUid': 'gofood', 'uid': 'CUISINE_ANEKA_AYAM_BEBEK', 'displayName': 'Ayam & bebek', 'description': '', 'taxonomy': 2, 'parentKey': ''}]","Jalan Pondok Ungu Permai, Pondok Ungu Permai, Kabupaten Bekasi, Jawa Barat, Jawa, 17125, Indonesia"
"Solaria, Naga Swalayan Tambun","{'average': 4.7, 'total': 0}",3,"[{'key': 'tenants/gofood/tags/CUISINE_ANEKA_NASI', 'tenantUid': 'gofood', 'uid': 'CUISINE_ANEKA_NASI', 'displayName': 'Aneka nasi', 'description': '', 'taxonomy': 2, 'parentKey': ''}, {'key': 'tenants/gofood/tags/CUISINE_BAKMIE', 'tenantUid': 'gofood', 'uid': 'CUISINE_BAKMIE', 'displayName': 'Bakmie', 'description': '', 'taxonomy': 2, 'parentKey': ''}, {'key': 'tenants/gofood/tags/CUISINE_ANEKA_AYAM_BEBEK', 'tenantUid': 'gofood', 'uid': 'CUISINE_ANEKA_AYAM_BEBEK', 'displayName': 'Ayam & bebek', 'description': '', 'taxonomy': 2, 'parentKey': ''}, {'key': 'tenants/gofood/tags/CUISINE_CHINESE', 'tenantUid': 'gofood', 'uid': 'CUISINE_CHINESE', 'displayName': 'Chinese', 'description': '', 'taxonomy': 2, 'parentKey': ''}]","Naga Swalayan, Jalan Diponegoro, Toyogiri, Setiadarma, Kabupaten Bekasi, Jawa Barat, Jawa, 17510, Indonesia"
"Ayam Geprek Gold Chick, Jati Bening","{'average': 4.7, 'total': 0}",2,"[{'key': 'tenants/gofood/tags/CUISINE_ANEKA_NASI', 'tenantUid': 'gofood', 'uid': 'CUISINE_ANEKA_NASI', 'displayName': 'Aneka nasi', 'description': '', 'taxonomy': 2, 'parentKey': ''}, {'key': 'tenants/gofood/tags/CUISINE_ANEKA_AYAM_BEBEK', 'tenantUid': 'gofood', 'uid': 'CUISINE_ANEKA_AYAM_BEBEK', 'displayName': 'Ayam & bebek', 'description': '', 'taxonomy': 2, 'parentKey': ''}, {'key': 'tenants/gofood/tags/CUISINE_FASTFOOD', 'tenantUid': 'gofood', 'uid': 'CUISINE_FASTFOOD', 'displayName': 'Cepat saji', 'description': '', 'taxonomy': 2, 'parentKey': ''}]","Jalan Raya Jatibening, Perum Dosen IKIP, Jatibening, Kota Bekasi, Jawa Barat, Jawa, 17412, Indonesia"
"Hokben, Ruko Jatibening","{'average': 4.8, 'total': 0}",3,"[{'key': 'tenants/gofood/tags/CUISINE_JAPANESE', 'tenantUid': 'gofood', 'uid': 'CUISINE_JAPANESE', 'displayName': 'Jepang', 'description': '', 'taxonomy': 2, 'parentKey': ''}, {'key': 'tenants/gofood/tags/CUISINE_ANEKA_AYAM_BEBEK', 'tenantUid': 'gofood', 'uid': 'CUISINE_ANEKA_AYAM_BEBEK', 'displayName': 'Ayam & bebek', 'description': '', 'taxonomy': 2, 'parentKey': ''}, {'key': 'tenants/gofood/tags/CUISINE_FASTFOOD', 'tenantUid': 'gofood', 'uid': 'CUISINE_FASTFOOD', 'displayName': 'Cepat saji', 'description': '', 'taxonomy': 2, 'parentKey': ''}]","Jalan Raya Jatibening, Perum Dosen IKIP, Jatibening, Kota Bekasi, Jawa Barat, Jawa, 17412, Indonesia"
"Mixue Sentrakota, Bekasi, Sentrakota Jatibening B No 12","{'average': 4.8, 'total': 0}",2,"[{'key': 'tenants/gofood/tags/CUISINE_MINUMAN', 'tenantUid': 'gofood', 'uid': 'CUISINE_MINUMAN', 'displayName': 'Minuman', 'description': '', 'taxonomy': 2, 'parentKey': ''}, {'key': 'tenants/gofood/tags/CUISINE_SWEETS_DESSERTS', 'tenantUid': 'gofood', 'uid': 'CUISINE_SWEETS_DESSERTS', 'displayName': 'Sweets', 'description': '', 'taxonomy': 2, 'parentKey': ''}, {'key': 'tenants/gofood/tags/CUISINE_SNACKS_JAJANAN', 'tenantUid': 'gofood', 'uid': 'CUISINE_SNACKS_JAJANAN', 'displayName': 'Jajanan', 'description': '', 'taxonomy': 2, 'parentKey': ''}]","Perum Dosen IKIP, Jatibening, Kota Bekasi, Jawa Barat, Jawa, 17412, Indonesia"
"Ayam Bakar Madu Baraya 18, Rawalumbu","{'average': 4.8, 'total': 0}",3,"[{'key': 'tenants/gofood/tags/CUISINE_ANEKA_NASI', 'tenantUid': 'gofood', 'uid': 'CUISINE_ANEKA_NASI', 'displayName': 'Aneka nasi', 'description': '', 'taxonomy': 2, 'parentKey': ''}, {'key': 'tenants/gofood/tags/CUISINE_ANEKA_AYAM_BEBEK', 'tenantUid': 'gofood', 'uid': 'CUISINE_ANEKA_AYAM_BEBEK', 'displayName': 'Ayam & bebek', 'description': '', 'taxonomy': 2, 'parentKey': ''}]","Markan, Bojong Rawalumbu, Kota Bekasi, Jawa Barat, Jawa, 17117, Indonesia"
"Mixue, Mutiara Gading Timur","{'average': 4.8, 'total': 0}",2,"[{'key': 'tenants/gofood/tags/CUISINE_MINUMAN', 'tenantUid': 'gofood', 'uid': 'CUISINE_MINUMAN', 'displayName': 'Minuman', 'description': '', 'taxonomy': 2, 'parentKey': ''}]","Jalan Mutiara Gading Timur, Perum. Mutiara Gading Timur, Mutiara Gading, Mustikajaya, Kota Bekasi, Jawa Barat, Jawa, 17158, Indonesia"
"HokBen, Grand Wisata Bekasi","{'average': 4.8, 'total': 0}",3,"[{'key': 'tenants/gofood/tags/CUISINE_JAPANESE', 'tenantUid': 'gofood', 'uid': 'CUISINE_JAPANESE', 'displayName': 'Jepang', 'description': '', 'taxonomy': 2, 'parentKey': ''}]","Sunset Avenue, Grand Wisata Residence, Dukuh Bima, Lambangsari, Kabupaten Bekasi, Jawa Barat, Jawa, 17510, Indonesia"
"Burger King, Grand Wisata","{'average': 4.7, 'total': 0}",2,"[{'key': 'tenants/gofood/tags/CUISINE_FASTFOOD', 'tenantUid': 'gofood', 'uid': 'CUISINE_FASTFOOD', 'displayName': 'Cepat saji', 'description': '', 'taxonomy': 2, 'parentKey': ''}, {'key': 'tenants/gofood/tags/CUISINE_ANEKA_NASI', 'tenantUid': 'gofood', 'uid': 'CUISINE_ANEKA_NASI', 'displayName': 'Aneka nasi', 'description': '', 'taxonomy': 2, 'parentKey': ''}, {'key': 'tenants/gofood/tags/CUISINE_SNACKS_JAJANAN', 'tenantUid': 'gofood', 'uid': 'CUISINE_SNACKS_JAJANAN', 'displayName': 'Jajanan', 'description': '', 'taxonomy': 2, 'parentKey': ''}, {'key': 'tenants/gofood/tags/CUISINE_ANEKA_AYAM_BEBEK', 'tenantUid': 'gofood', 'uid': 'CUISINE_ANEKA_AYAM_BEBEK', 'displayName': 'Ayam & bebek', 'description': '', 'taxonomy': 2, 'parentKey': ''}]","Sunset Avenue, Grand Wisata Residence, Dukuh Bima, Lambangsari, Kabupaten Bekasi, Jawa Barat, Jawa, 17510, Indonesia"
"Solaria, Grand Wisata Bekasi","{'average': 4.7, 'total': 0}",3,"[{'key': 'tenants/gofood/tags/CUISINE_ANEKA_NASI', 'tenantUid': 'gofood', 'uid': 'CUISINE_ANEKA_NASI', 'displayName': 'Aneka nasi', 'description': '', 'taxonomy': 2, 'parentKey': ''}, {'key': 'tenants/gofood/tags/CUISINE_CHINESE', 'tenantUid': 'gofood', 'uid': 'CUISINE_CHINESE', 'displayName': 'Chinese', 'description': '', 'taxonomy': 2, 'parentKey': ''}]","Jalan Boulevard Grand Wisata, Grand Wisata Residence, Dukuh Bima, Lambangsari, Kabupaten Bekasi, Jawa Barat, Jawa, 17510, Indonesia"
"Ayam Gepuk Pak Gembus, Mangun jaya","{'average': 4.7, 'total': 0}",2,"[{'key': 'tenants/gofood/tags/CUISINE_ANEKA_AYAM_BEBEK', 'tenantUid': 'gofood', 'uid': 'CUISINE_ANEKA_AYAM_BEBEK', 'displayName': 'Ayam & bebek', 'description': '', 'taxonomy': 2, 'parentKey': ''}]","Kompas, Mekarsari, Kabupaten Bekasi, Jawa Barat, Jawa, 17510, Indonesia"
"AYAM GEPREK GOLD CHICK, TAMBUN","{'average': 4.7, 'total': 0}",2,"[{'key': 'tenants/gofood/tags/CUISINE_ANEKA_AYAM_BEBEK', 'tenantUid': 'gofood', 'uid': 'CUISINE_ANEKA_AYAM_BEBEK', 'displayName': 'Ayam & bebek', 'description': '', 'taxonomy': 2, 'parentKey': ''}, {'key': 'tenants/gofood/tags/CUISINE_ANEKA_NASI', 'tenantUid': 'gofood', 'uid': 'CUISINE_ANEKA_NASI', 'displayName': 'Aneka nasi', 'description': '', 'taxonomy': 2, 'parentKey': ''}, {'key': 'tenants/gofood/tags/CUISINE_FASTFOOD', 'tenantUid': 'gofood', 'uid': 'CUISINE_FASTFOOD', 'displayName': 'Cepat saji', 'description': '', 'taxonomy': 2, 'parentKey': ''}]","Jalan Mangunjaya, Kompas, Setiadarma, Kabupaten Bekasi, Jawa Barat, Jawa, 17510, Indonesia"
"Nasi Padang RM Minang Jaya (Tugu, Setiadarma 1)","{'average': 4.8, 'total': 0}",1,"[{'key': 'tenants/gofood/tags/CUISINE_ANEKA_NASI', 'tenantUid': 'gofood', 'uid': 'CUISINE_ANEKA_NASI', 'displayName': 'Aneka nasi', 'description': '', 'taxonomy': 2, 'parentKey': ''}, {'key': 'tenants/gofood/tags/CUISINE_ANEKA_AYAM_BEBEK', 'tenantUid': 'gofood', 'uid': 'CUISINE_ANEKA_AYAM_BEBEK', 'displayName': 'Ayam & bebek', 'description': '', 'taxonomy': 2, 'parentKey': ''}, {'key': 'tenants/gofood/tags/CUISINE_SNACKS_JAJANAN', 'tenantUid': 'gofood', 'uid': 'CUISINE_SNACKS_JAJANAN', 'displayName': 'Jajanan', 'description': '', 'taxonomy': 2, 'parentKey': ''}]","Lapangan Kobra, Setiadarma, Kabupaten Bekasi, Jawa Barat, Jawa, 17510, Indonesia"
"Nasi Padang Taman Mini Indah, Jatiasih","{'average': 4.7, 'total': 0}",2,"[{'key': 'tenants/gofood/tags/CUISINE_ANEKA_NASI', 'tenantUid': 'gofood', 'uid': 'CUISINE_ANEKA_NASI', 'displayName': 'Aneka nasi', 'description': '', 'taxonomy': 2, 'parentKey': ''}, {'key': 'tenants/gofood/tags/CUISINE_MINUMAN', 'tenantUid': 'gofood', 'uid': 'CUISINE_MINUMAN', 'displayName': 'Minuman', 'description': '', 'taxonomy': 2, 'parentKey': ''}]","Jalan Raya Jati Asih, Komplek Pemda Jatiasih, Kota Bekasi, Jawa Barat, Jawa, 17423, Indonesia"
"Pizza Hut, Grand Wisata Bekasi","{'average': 4.7, 'total': 0}",4,"[{'key': 'tenants/gofood/tags/CUISINE_PIZZA_PASTA', 'tenantUid': 'gofood', 'uid': 'CUISINE_PIZZA_PASTA', 'displayName': 'Pizza & pasta', 'description': '', 'taxonomy': 2, 'parentKey': ''}, {'key': 'tenants/gofood/tags/CUISINE_FASTFOOD', 'tenantUid': 'gofood', 'uid': 'CUISINE_FASTFOOD', 'displayName': 'Cepat saji', 'description': '', 'taxonomy': 2, 'parentKey': ''}, {'key': 'tenants/gofood/tags/CUISINE_BURGER_SANDWICH_STEAK', 'tenantUid': 'gofood', 'uid': 'CUISINE_BURGER_SANDWICH_STEAK', 'displayName': 'Barat', 'description': '', 'taxonomy': 2, 'parentKey': ''}, {'key': 'tenants/gofood/tags/CUISINE_SNACKS_JAJANAN', 'tenantUid': 'gofood', 'uid': 'CUISINE_SNACKS_JAJANAN', 'displayName': 'Jajanan', 'description': '', 'taxonomy': 2, 'parentKey': ''}, {'key': 'tenants/gofood/tags/CUISINE_ANEKA_AYAM_BEBEK', 'tenantUid': 'gofood', 'uid': 'CUISINE_ANEKA_AYAM_BEBEK', 'displayName': 'Ayam & bebek', 'description': '', 'taxonomy': 2, 'parentKey': ''}]","Grand Wisata Residence, Dukuh Bima, Lambangsari, Kabupaten Bekasi, Jawa Barat, Jawa, 17510, Indonesia"
"Wingstop, Jatiasih","{'average': 4.7, 'total': 0}",3,"[{'key': 'tenants/gofood/tags/CUISINE_ANEKA_AYAM_BEBEK', 'tenantUid': 'gofood', 'uid': 'CUISINE_ANEKA_AYAM_BEBEK', 'displayName': 'Ayam & bebek', 'description': '', 'taxonomy': 2, 'parentKey': ''}, {'key': 'tenants/gofood/tags/CUISINE_BURGER_SANDWICH_STEAK', 'tenantUid': 'gofood', 'uid': 'CUISINE_BURGER_SANDWICH_STEAK', 'displayName': 'Barat', 'description': '', 'taxonomy': 2, 'parentKey': ''}, {'key': 'tenants/gofood/tags/CUISINE_FASTFOOD', 'tenantUid': 'gofood', 'uid': 'CUISINE_FASTFOOD', 'displayName': 'Cepat saji', 'description': '', 'taxonomy': 2, 'parentKey': ''}, {'key': 'tenants/gofood/tags/CUISINE_ANEKA_NASI', 'tenantUid': 'gofood', 'uid': 'CUISINE_ANEKA_NASI', 'displayName': 'Aneka nasi', 'description': '', 'taxonomy': 2, 'parentKey': ''}, {'key': 'tenants/gofood/tags/CUISINE_SNACKS_JAJANAN', 'tenantUid': 'gofood', 'uid': 'CUISINE_SNACKS_JAJANAN', 'displayName': 'Jajanan', 'description': '', 'taxonomy': 2, 'parentKey': ''}]","HokBen, Jalan Raya Jati Asih, Komplek Pemda Jatiasih, Jatimekar, Kota Bekasi, Jawa Barat, Jawa, 17423, Indonesia"
"Richeese Factory, Jatiasih Bekasi","{'average': 4.6, 'total': 0}",3,"[{'key': 'tenants/gofood/tags/CUISINE_ANEKA_AYAM_BEBEK', 'tenantUid': 'gofood', 'uid': 'CUISINE_ANEKA_AYAM_BEBEK', 'displayName': 'Ayam & bebek', 'description': '', 'taxonomy': 2, 'parentKey': ''}, {'key': 'tenants/gofood/tags/CUISINE_ANEKA_NASI', 'tenantUid': 'gofood', 'uid': 'CUISINE_ANEKA_NASI', 'displayName': 'Aneka nasi', 'description': '', 'taxonomy': 2, 'parentKey': ''}, {'key': 'tenants/gofood/tags/CUISINE_FASTFOOD', 'tenantUid': 'gofood', 'uid': 'CUISINE_FASTFOOD', 'displayName': 'Cepat saji', 'description': '', 'taxonomy': 2, 'parentKey': ''}]","Jalan Raya Jati Asih, Komplek Pemda Jatiasih, Jatimekar, Kota Bekasi, Jawa Barat, Jawa, 17423, Indonesia"
"Fore Coffee, Jatiasih","{'average': 4.8, 'total': 0}",3,"[{'key': 'tenants/gofood/tags/CUISINE_COFFEE_SHOP', 'tenantUid': 'gofood', 'uid': 'CUISINE_COFFEE_SHOP', 'displayName': 'Kopi', 'description': '', 'taxonomy': 2, 'parentKey': ''}, {'key': 'tenants/gofood/tags/CUISINE_MINUMAN', 'tenantUid': 'gofood', 'uid': 'CUISINE_MINUMAN', 'displayName': 'Minuman', 'description': '', 'taxonomy': 2, 'parentKey': ''}]","Jalan Raya Jati Asih, Komplek Pemda Jatiasih, Kota Bekasi, Jawa Barat, Jawa, 17423, Indonesia"
"Burger King, Jati Asih","{'average': 4.7, 'total': 0}",3,"[{'key': 'tenants/gofood/tags/CUISINE_FASTFOOD', 'tenantUid': 'gofood', 'uid': 'CUISINE_FASTFOOD', 'displayName': 'Cepat saji', 'description': '', 'taxonomy': 2, 'parentKey': ''}, {'key': 'tenants/gofood/tags/CUISINE_ANEKA_NASI', 'tenantUid': 'gofood', 'uid': 'CUISINE_ANEKA_NASI', 'displayName': 'Aneka nasi', 'description': '', 'taxonomy': 2, 'parentKey': ''}, {'key': 'tenants/gofood/tags/CUISINE_SNACKS_JAJANAN', 'tenantUid': 'gofood', 'uid': 'CUISINE_SNACKS_JAJANAN', 'displayName': 'Jajanan', 'description': '', 'taxonomy': 2, 'parentKey': ''}, {'key': 'tenants/gofood/tags/CUISINE_ANEKA_AYAM_BEBEK', 'tenantUid': 'gofood', 'uid': 'CUISINE_ANEKA_AYAM_BEBEK', 'displayName': 'Ayam & bebek', 'description': '', 'taxonomy': 2, 'parentKey': ''}]","Komplek Pemda Jatiasih, Jatimekar, Kota Bekasi, Jawa Barat, Jawa, 17423, Indonesia"
"Chatime x Cupbop, Ruko Jati Asih","{'average': 4.8, 'total': 0}",2,"[{'key': 'tenants/gofood/tags/CUISINE_MINUMAN', 'tenantUid': 'gofood', 'uid': 'CUISINE_MINUMAN', 'displayName': 'Minuman', 'description': '', 'taxonomy': 2, 'parentKey': ''}, {'key': 'tenants/gofood/tags/CUISINE_SNACKS_JAJANAN', 'tenantUid': 'gofood', 'uid': 'CUISINE_SNACKS_JAJANAN', 'displayName': 'Jajanan', 'description': '', 'taxonomy': 2, 'parentKey': ''}]","Richeese Factory Jati Asih, Jalan Raya Jati Asih, Komplek Pemda Jatiasih, Kota Bekasi, Jawa Barat, Jawa, 17423, Indonesia"
"Burger Bangor Express, Jatiasih","{'average': 4.8, 'total': 0}",3,"[{'key': 'tenants/gofood/tags/CUISINE_BURGER_SANDWICH_STEAK', 'tenantUid': 'gofood', 'uid': 'CUISINE_BURGER_SANDWICH_STEAK', 'displayName': 'Barat', 'description': '', 'taxonomy': 2, 'parentKey': ''}, {'key': 'tenants/gofood/tags/CUISINE_FASTFOOD', 'tenantUid': 'gofood', 'uid': 'CUISINE_FASTFOOD', 'displayName': 'Cepat saji', 'description': '', 'taxonomy': 2, 'parentKey': ''}, {'key': 'tenants/gofood/tags/CUISINE_ANEKA_AYAM_BEBEK', 'tenantUid': 'gofood', 'uid': 'CUISINE_ANEKA_AYAM_BEBEK', 'displayName': 'Ayam & bebek', 'description': '', 'taxonomy': 2, 'parentKey': ''}]","Jalan Wibawa Mukti II, Komplek Pemda Jatiasih, Jatimekar, Kota Bekasi, Jawa Barat, Jawa, 17423, Indonesia"
"RM. Restu Bundo Kapin, Marna Putra Atas","{'average': 4.7, 'total': 0}",2,"[{'key': 'tenants/gofood/tags/CUISINE_ANEKA_NASI', 'tenantUid': 'gofood', 'uid': 'CUISINE_ANEKA_NASI', 'displayName': 'Aneka nasi', 'description': '', 'taxonomy': 2, 'parentKey': ''}, {'key': 'tenants/gofood/tags/CUISINE_ANEKA_AYAM_BEBEK', 'tenantUid': 'gofood', 'uid': 'CUISINE_ANEKA_AYAM_BEBEK', 'displayName': 'Ayam & bebek', 'description': '', 'taxonomy': 2, 'parentKey': ''}, {'key': 'tenants/gofood/tags/CUISINE_FASTFOOD', 'tenantUid': 'gofood', 'uid': 'CUISINE_FASTFOOD', 'displayName': 'Cepat saji', 'description': '', 'taxonomy': 2, 'parentKey': ''}]","Jalan Jati Utama Raya, Jatibening, Kota Bekasi, Jawa Barat, Jawa, 17412, Indonesia"
"Richeese Factory, Grand Wisata","{'average': 4.7, 'total': 0}",3,"[{'key': 'tenants/gofood/tags/CUISINE_FASTFOOD', 'tenantUid': 'gofood', 'uid': 'CUISINE_FASTFOOD', 'displayName': 'Cepat saji', 'description': '', 'taxonomy': 2, 'parentKey': ''}, {'key': 'tenants/gofood/tags/CUISINE_ANEKA_AYAM_BEBEK', 'tenantUid': 'gofood', 'uid': 'CUISINE_ANEKA_AYAM_BEBEK', 'displayName': 'Ayam & bebek', 'description': '', 'taxonomy': 2, 'parentKey': ''}, {'key': 'tenants/gofood/tags/CUISINE_ANEKA_NASI', 'tenantUid': 'gofood', 'uid': 'CUISINE_ANEKA_NASI', 'displayName': 'Aneka nasi', 'description': '', 'taxonomy': 2, 'parentKey': ''}]","Grand Wisata Residence, Lambangsari, Kabupaten Bekasi, Jawa Barat, Jawa, 17510, Indonesia"
"Toko Kopi Tuku, Harapan Indah","{'average': 4.8, 'total': 0}",2,"[{'key': 'tenants/gofood/tags/CUISINE_MINUMAN', 'tenantUid': 'gofood', 'uid': 'CUISINE_MINUMAN', 'displayName': 'Minuman', 'description': '', 'taxonomy': 2, 'parentKey': ''}, {'key': 'tenants/gofood/tags/CUISINE_COFFEE_SHOP', 'tenantUid': 'gofood', 'uid': 'CUISINE_COFFEE_SHOP', 'displayName': 'Kopi', 'description': '', 'taxonomy': 2, 'parentKey': ''}]","41, Jalan Taman Cemara, Kota Harapan Indah, Kabupaten Bekasi, Jawa Barat, Jawa, 17214, Indonesia"
"Keikpop by The Food Chain, Grand Wisata","{'average': 4.3, 'total': 0}",3,"[{'key': 'tenants/gofood/tags/CUISINE_SWEETS_DESSERTS', 'tenantUid': 'gofood', 'uid': 'CUISINE_SWEETS_DESSERTS', 'displayName': 'Sweets', 'description': '', 'taxonomy': 2, 'parentKey': ''}, {'key': 'tenants/gofood/tags/CUISINE_ROTI', 'tenantUid': 'gofood', 'uid': 'CUISINE_ROTI', 'displayName': 'Roti', 'description': '', 'taxonomy': 2, 'parentKey': ''}]","Celebration Boulevard, Grand Wisata Residence, Dukuh Bima, Lambangsari, Kabupaten Bekasi, Jawa Barat, Jawa, 17510, Indonesia"
SEDERHANA LINTAU 88,"{'average': 4.8, 'total': 0}",2,"[{'key': 'tenants/gofood/tags/CUISINE_ANEKA_NASI', 'tenantUid': 'gofood', 'uid': 'CUISINE_ANEKA_NASI', 'displayName': 'Aneka nasi', 'description': '', 'taxonomy': 2, 'parentKey': ''}, {'key': 'tenants/gofood/tags/CUISINE_FASTFOOD', 'tenantUid': 'gofood', 'uid': 'CUISINE_FASTFOOD', 'displayName': 'Cepat saji', 'description': '', 'taxonomy': 2, 'parentKey': ''}]","Celebration Boulevard, Grand Wisata Residence, Dukuh Bima, Lambangsari, Kabupaten Bekasi, Jawa Barat, Jawa, 17510, Indonesia"
"Toko Kopi Tuku, Jatiasih","{'average': 4.8, 'total': 0}",2,"[{'key': 'tenants/gofood/tags/CUISINE_MINUMAN', 'tenantUid': 'gofood', 'uid': 'CUISINE_MINUMAN', 'displayName': 'Minuman', 'description': '', 'taxonomy': 2, 'parentKey': ''}, {'key': 'tenants/gofood/tags/CUISINE_COFFEE_SHOP', 'tenantUid': 'gofood', 'uid': 'CUISINE_COFFEE_SHOP', 'displayName': 'Kopi', 'description': '', 'taxonomy': 2, 'parentKey': ''}]","Jalan Wibawa Mukti II, Komplek Pemda Jatiasih, Jatimekar, Kota Bekasi, Jawa Barat, Jawa, 17423, Indonesia"
"Bebek Madu 88, Mustika Jaya","{'average': 4.7, 'total': 0}",2,"[{'key': 'tenants/gofood/tags/CUISINE_ANEKA_AYAM_BEBEK', 'tenantUid': 'gofood', 'uid': 'CUISINE_ANEKA_AYAM_BEBEK', 'displayName': 'Ayam & bebek', 'description': '', 'taxonomy': 2, 'parentKey': ''}, {'key': 'tenants/gofood/tags/CUISINE_ANEKA_NASI', 'tenantUid': 'gofood', 'uid': 'CUISINE_ANEKA_NASI', 'displayName': 'Aneka nasi', 'description': '', 'taxonomy': 2, 'parentKey': ''}]","Mutiara Gading, Mustikajaya, Kota Bekasi, Jawa Barat, Jawa, 17158, Indonesia"
"Solaria, Rest Area KM 6B","{'average': 4.8, 'total': 0}",3,"[{'key': 'tenants/gofood/tags/CUISINE_ANEKA_NASI', 'tenantUid': 'gofood', 'uid': 'CUISINE_ANEKA_NASI', 'displayName': 'Aneka nasi', 'description': '', 'taxonomy': 2, 'parentKey': ''}]","Rest Area KM 6 Bekasi, Jalan Swakarsa, Jatibening, Kota Bekasi, Jawa Barat, Jawa, 17412, Indonesia"
"JCO, Jati Asih Stand Alone","{'average': 4.6, 'total': 0}",3,"[{'key': 'tenants/gofood/tags/CUISINE_SWEETS_DESSERTS', 'tenantUid': 'gofood', 'uid': 'CUISINE_SWEETS_DESSERTS', 'displayName': 'Sweets', 'description': '', 'taxonomy': 2, 'parentKey': ''}]","Jalan Wibawa Mukti II, Villa Jatirasa, Pamahan, Jatimekar, Kota Bekasi, Jawa Barat, Jawa, 17423, Indonesia"
"Moon Chicken (Ayam Goreng Korea), Grand Wisata","{'average': 4.7, 'total': 0}",3,"[{'key': 'tenants/gofood/tags/CUISINE_ANEKA_AYAM_BEBEK', 'tenantUid': 'gofood', 'uid': 'CUISINE_ANEKA_AYAM_BEBEK', 'displayName': 'Ayam & bebek', 'description': '', 'taxonomy': 2, 'parentKey': ''}, {'key': 'tenants/gofood/tags/CUISINE_FASTFOOD', 'tenantUid': 'gofood', 'uid': 'CUISINE_FASTFOOD', 'displayName': 'Cepat saji', 'description': '', 'taxonomy': 2, 'parentKey': ''}, {'key': 'tenants/gofood/tags/CUISINE_SNACKS_JAJANAN', 'tenantUid': 'gofood', 'uid': 'CUISINE_SNACKS_JAJANAN', 'displayName': 'Jajanan', 'description': '', 'taxonomy': 2, 'parentKey': ''}, {'key': 'tenants/gofood/tags/CUISINE_KOREAN', 'tenantUid': 'gofood', 'uid': 'CUISINE_KOREAN', 'displayName': 'Korea', 'description': '', 'taxonomy': 2, 'parentKey': ''}, {'key': 'tenants/gofood/tags/CUISINE_ANEKA_NASI', 'tenantUid': 'gofood', 'uid': 'CUISINE_ANEKA_NASI', 'displayName': 'Aneka nasi', 'description': '', 'taxonomy': 2, 'parentKey': ''}]","Celebration Boulevard, Grand Wisata Residence, Dukuh Bima, Lambangsari, Kabupaten Bekasi, Jawa Barat, Jawa, 17158, Indonesia"
"Seblak Mewek, Puri Cendana","{'average': 4.7, 'total': 0}",1,[],"Jalan Puri Cendana, Mangunjaya, Kabupaten Bekasi, Jawa Barat, Jawa, 17519, Indonesia"
"Sushi Yay, Grand Wisata","{'average': 4.8, 'total': 0}",3,"[{'key': 'tenants/gofood/tags/CUISINE_ANEKA_NASI', 'tenantUid': 'gofood', 'uid': 'CUISINE_ANEKA_NASI', 'displayName': 'Aneka nasi', 'description': '', 'taxonomy': 2, 'parentKey': ''}, {'key': 'tenants/gofood/tags/CUISINE_JAPANESE', 'tenantUid': 'gofood', 'uid': 'CUISINE_JAPANESE', 'displayName': 'Jepang', 'description': '', 'taxonomy': 2, 'parentKey': ''}, {'key': 'tenants/gofood/tags/CUISINE_FASTFOOD', 'tenantUid': 'gofood', 'uid': 'CUISINE_FASTFOOD', 'displayName': 'Cepat saji', 'description': '', 'taxonomy': 2, 'parentKey': ''}, {'key': 'tenants/gofood/tags/CUISINE_ANEKA_AYAM_BEBEK', 'tenantUid': 'gofood', 'uid': 'CUISINE_ANEKA_AYAM_BEBEK', 'displayName': 'Ayam & bebek', 'description': '', 'taxonomy': 2, 'parentKey': ''}]","Rimendi Photography Studio, BA1/28, Celebration Boulevard, Grand Wisata Residence, Dukuh Bima, Lambangsari, Kabupaten Bekasi, Jawa Barat, Jawa, 17510, Indonesia"
"Mixue, Jatikramat","{'average': 4.6, 'total': 0}",2,"[{'key': 'tenants/gofood/tags/CUISINE_MINUMAN', 'tenantUid': 'gofood', 'uid': 'CUISINE_MINUMAN', 'displayName': 'Minuman', 'description': '', 'taxonomy': 2, 'parentKey': ''}, {'key': 'tenants/gofood/tags/CUISINE_SNACKS_JAJANAN', 'tenantUid': 'gofood', 'uid': 'CUISINE_SNACKS_JAJANAN', 'displayName': 'Jajanan', 'description': '', 'taxonomy': 2, 'parentKey': ''}, {'key': 'tenants/gofood/tags/CUISINE_COFFEE_SHOP', 'tenantUid': 'gofood', 'uid': 'CUISINE_COFFEE_SHOP', 'displayName': 'Kopi', 'description': '', 'taxonomy': 2, 'parentKey': ''}]","Jalan Raya Jati Makmur, Duta Indah, Jatimekar, Kota Bekasi, Jawa Barat, Jawa, 17413, Indonesia"
"Pempek Palembang Dawan, Street Babelan City","{'average': 4.6, 'total': 0}",3,"[{'key': 'tenants/gofood/tags/CUISINE_SNACKS_JAJANAN', 'tenantUid': 'gofood', 'uid': 'CUISINE_SNACKS_JAJANAN', 'displayName': 'Jajanan', 'description': '', 'taxonomy': 2, 'parentKey': ''}, {'key': 'tenants/gofood/tags/CUISINE_MINUMAN', 'tenantUid': 'gofood', 'uid': 'CUISINE_MINUMAN', 'displayName': 'Minuman', 'description': '', 'taxonomy': 2, 'parentKey': ''}, {'key': 'tenants/gofood/tags/CUISINE_FASTFOOD', 'tenantUid': 'gofood', 'uid': 'CUISINE_FASTFOOD', 'displayName': 'Cepat saji', 'description': '', 'taxonomy': 2, 'parentKey': ''}]","Babelan Kota, Kabupaten Bekasi, Jawa Barat, Jawa, 17611, Indonesia"
"McDonald's, Mutiara Gading City","{'average': 4.7, 'total': 0}",0,"[{'key': 'tenants/gofood/tags/CUISINE_FASTFOOD', 'tenantUid': 'gofood', 'uid': 'CUISINE_FASTFOOD', 'displayName': 'Cepat saji', 'description': '', 'taxonomy': 2, 'parentKey': ''}, {'key': 'tenants/gofood/tags/CUISINE_ANEKA_AYAM_BEBEK', 'tenantUid': 'gofood', 'uid': 'CUISINE_ANEKA_AYAM_BEBEK', 'displayName': 'Ayam & bebek', 'description': '', 'taxonomy': 2, 'parentKey': ''}, {'key': 'tenants/gofood/tags/CUISINE_SWEETS_DESSERTS', 'tenantUid': 'gofood', 'uid': 'CUISINE_SWEETS_DESSERTS', 'displayName': 'Sweets', 'description': '', 'taxonomy': 2, 'parentKey': ''}, {'key': 'tenants/gofood/tags/CUISINE_SNACKS_JAJANAN', 'tenantUid': 'gofood', 'uid': 'CUISINE_SNACKS_JAJANAN', 'displayName': 'Jajanan', 'description': '', 'taxonomy': 2, 'parentKey': ''}]","Jalan Prapatan Kampung, Mutiara Gading City, Kabupaten Bekasi, Jawa Barat, Jawa, 17215, Indonesia"
"Pizza Hut Delivery - PHD, Radar Komsen Bekasi","{'average': 4.7, 'total': 0}",4,"[{'key': 'tenants/gofood/tags/CUISINE_FASTFOOD', 'tenantUid': 'gofood', 'uid': 'CUISINE_FASTFOOD', 'displayName': 'Cepat saji', 'description': '', 'taxonomy': 2, 'parentKey': ''}, {'key': 'tenants/gofood/tags/CUISINE_PIZZA_PASTA', 'tenantUid': 'gofood', 'uid': 'CUISINE_PIZZA_PASTA', 'displayName': 'Pizza & pasta', 'description': '', 'taxonomy': 2, 'parentKey': ''}, {'key': 'tenants/gofood/tags/CUISINE_SNACKS_JAJANAN', 'tenantUid': 'gofood', 'uid': 'CUISINE_SNACKS_JAJANAN', 'displayName': 'Jajanan', 'description': '', 'taxonomy': 2, 'parentKey': ''}, {'key': 'tenants/gofood/tags/CUISINE_BURGER_SANDWICH_STEAK', 'tenantUid': 'gofood', 'uid': 'CUISINE_BURGER_SANDWICH_STEAK', 'displayName': 'Barat', 'description': '', 'taxonomy': 2, 'parentKey': ''}, {'key': 'tenants/gofood/tags/CUISINE_ANEKA_AYAM_BEBEK', 'tenantUid': 'gofood', 'uid': 'CUISINE_ANEKA_AYAM_BEBEK', 'displayName': 'Ayam & bebek', 'description': '', 'taxonomy': 2, 'parentKey': ''}]","Jalan Wibawa Mukti II, Villa Jatirasa, Pamahan, Jatimekar, Kota Bekasi, Jawa Barat, Jawa, 17423, Indonesia"
"Hokben Kitchen, Jatimakmur Bekasi","{'average': 4.8, 'total': 0}",3,"[{'key': 'tenants/gofood/tags/CUISINE_JAPANESE', 'tenantUid': 'gofood', 'uid': 'CUISINE_JAPANESE', 'displayName': 'Jepang', 'description': '', 'taxonomy': 2, 'parentKey': ''}, {'key': 'tenants/gofood/tags/CUISINE_ANEKA_NASI', 'tenantUid': 'gofood', 'uid': 'CUISINE_ANEKA_NASI', 'displayName': 'Aneka nasi', 'description': '', 'taxonomy': 2, 'parentKey': ''}]","Jalan Raya Jati Makmur, Duta Indah, Jatimakmur, Kota Bekasi, Jawa Barat, Jawa, 17413, Indonesia"
"Pecel Lele Pak Kumis, Bantargebang","{'average': 4.8, 'total': 0}",2,"[{'key': 'tenants/gofood/tags/CUISINE_ANEKA_AYAM_BEBEK', 'tenantUid': 'gofood', 'uid': 'CUISINE_ANEKA_AYAM_BEBEK', 'displayName': 'Ayam & bebek', 'description': '', 'taxonomy': 2, 'parentKey': ''}, {'key': 'tenants/gofood/tags/CUISINE_FASTFOOD', 'tenantUid': 'gofood', 'uid': 'CUISINE_FASTFOOD', 'displayName': 'Cepat saji', 'description': '', 'taxonomy': 2, 'parentKey': ''}, {'key': 'tenants/gofood/tags/CUISINE_SEAFOOD', 'tenantUid': 'gofood', 'uid': 'CUISINE_SEAFOOD', 'displayName': 'Seafood', 'description': '', 'taxonomy': 2, 'parentKey': ''}]","Bantargebang, Kota Bekasi, Jawa Barat, Jawa, 17151, Indonesia"
"Sushi Yay, Mangun Jaya","{'average': 4.6, 'total': 0}",3,"[{'key': 'tenants/gofood/tags/CUISINE_ANEKA_NASI', 'tenantUid': 'gofood', 'uid': 'CUISINE_ANEKA_NASI', 'displayName': 'Aneka nasi', 'description': '', 'taxonomy': 2, 'parentKey': ''}, {'key': 'tenants/gofood/tags/CUISINE_JAPANESE', 'tenantUid': 'gofood', 'uid': 'CUISINE_JAPANESE', 'displayName': 'Jepang', 'description': '', 'taxonomy': 2, 'parentKey': ''}, {'key': 'tenants/gofood/tags/CUISINE_FASTFOOD', 'tenantUid': 'gofood', 'uid': 'CUISINE_FASTFOOD', 'displayName': 'Cepat saji', 'description': '', 'taxonomy': 2, 'parentKey': ''}, {'key': 'tenants/gofood/tags/CUISINE_ANEKA_AYAM_BEBEK', 'tenantUid': 'gofood', 'uid': 'CUISINE_ANEKA_AYAM_BEBEK', 'displayName': 'Ayam & bebek', 'description': '', 'taxonomy': 2, 'parentKey': ''}]","Jalan K. Haji Masud, Kompas, Tambun, Kabupaten Bekasi, Jawa Barat, Jawa, 17520, Indonesia"
"HokBen, Ruko Tambun City","{'average': 4.7, 'total': 0}",3,"[{'key': 'tenants/gofood/tags/CUISINE_FASTFOOD', 'tenantUid': 'gofood', 'uid': 'CUISINE_FASTFOOD', 'displayName': 'Cepat saji', 'description': '', 'taxonomy': 2, 'parentKey': ''}, {'key': 'tenants/gofood/tags/CUISINE_JAPANESE', 'tenantUid': 'gofood', 'uid': 'CUISINE_JAPANESE', 'displayName': 'Jepang', 'description': '', 'taxonomy': 2, 'parentKey': ''}, {'key': 'tenants/gofood/tags/CUISINE_SNACKS_JAJANAN', 'tenantUid': 'gofood', 'uid': 'CUISINE_SNACKS_JAJANAN', 'displayName': 'Jajanan', 'description': '', 'taxonomy': 2, 'parentKey': ''}]","Ruko Tambun City, Jalan Hasanuddin, Kompas, Tambun, Kabupaten Bekasi, Jawa Barat, Jawa, 17520, Indonesia"
"Pizza Hut Delivery - PHD, Padurenan","{'average': 4.6, 'total': 0}",3,"[{'key': 'tenants/gofood/tags/CUISINE_PIZZA_PASTA', 'tenantUid': 'gofood', 'uid': 'CUISINE_PIZZA_PASTA', 'displayName': 'Pizza & pasta', 'description': '', 'taxonomy': 2, 'parentKey': ''}, {'key': 'tenants/gofood/tags/CUISINE_FASTFOOD', 'tenantUid': 'gofood', 'uid': 'CUISINE_FASTFOOD', 'displayName': 'Cepat saji', 'description': '', 'taxonomy': 2, 'parentKey': ''}, {'key': 'tenants/gofood/tags/CUISINE_SNACKS_JAJANAN', 'tenantUid': 'gofood', 'uid': 'CUISINE_SNACKS_JAJANAN', 'displayName': 'Jajanan', 'description': '', 'taxonomy': 2, 'parentKey': ''}, {'key': 'tenants/gofood/tags/CUISINE_BURGER_SANDWICH_STEAK', 'tenantUid': 'gofood', 'uid': 'CUISINE_BURGER_SANDWICH_STEAK', 'displayName': 'Barat', 'description': '', 'taxonomy': 2, 'parentKey': ''}, {'key': 'tenants/gofood/tags/CUISINE_ANEKA_AYAM_BEBEK', 'tenantUid': 'gofood', 'uid': 'CUISINE_ANEKA_AYAM_BEBEK', 'displayName': 'Ayam & bebek', 'description': '', 'taxonomy': 2, 'parentKey': ''}]","Familia Urban, Padurenan, Kota Bekasi, Jawa Barat, Jawa, 16340, Indonesia"
"Mie Gacoan, Jatiasih","{'average': 4.7, 'total': 0}",0,"[{'key': 'tenants/gofood/tags/CUISINE_BAKMIE', 'tenantUid': 'gofood', 'uid': 'CUISINE_BAKMIE', 'displayName': 'Bakmie', 'description': '', 'taxonomy': 2, 'parentKey': ''}]","Jalan Wibawa Mukti II, Villa Jatirasa, Pamahan, Jatimekar, Kota Bekasi, Jawa Barat, Jawa, 17423, Indonesia"
"Sushi Yay, Jati Asih","{'average': 4.6, 'total': 0}",3,"[{'key': 'tenants/gofood/tags/CUISINE_ANEKA_NASI', 'tenantUid': 'gofood', 'uid': 'CUISINE_ANEKA_NASI', 'displayName': 'Aneka nasi', 'description': '', 'taxonomy': 2, 'parentKey': ''}, {'key': 'tenants/gofood/tags/CUISINE_FASTFOOD', 'tenantUid': 'gofood', 'uid': 'CUISINE_FASTFOOD', 'displayName': 'Cepat saji', 'description': '', 'taxonomy': 2, 'parentKey': ''}, {'key': 'tenants/gofood/tags/CUISINE_JAPANESE', 'tenantUid': 'gofood', 'uid': 'CUISINE_JAPANESE', 'displayName': 'Jepang', 'description': '', 'taxonomy': 2, 'parentKey': ''}, {'key': 'tenants/gofood/tags/CUISINE_ANEKA_AYAM_BEBEK', 'tenantUid': 'gofood', 'uid': 'CUISINE_ANEKA_AYAM_BEBEK', 'displayName': 'Ayam & bebek', 'description': '', 'taxonomy': 2, 'parentKey': ''}]","Jalan Bunga Sakura Raya, Sakura Regency, Pamahan, Jatiluhur, Kota Bekasi, Jawa Barat, Jawa, 17425, Indonesia"
"JCO, Plaza Metropolitan Tambun","{'average': 4.6, 'total': 0}",3,"[{'key': 'tenants/gofood/tags/CUISINE_SWEETS_DESSERTS', 'tenantUid': 'gofood', 'uid': 'CUISINE_SWEETS_DESSERTS', 'displayName': 'Sweets', 'description': '', 'taxonomy': 2, 'parentKey': ''}]","KFC, Jalan Hasanuddin, Kompas, Tambun, Kabupaten Bekasi, Jawa Barat, Jawa, 17520, Indonesia"
"Richeese Factory, Metropolitan Tambun","{'average': 4.7, 'total': 0}",3,"[{'key': 'tenants/gofood/tags/CUISINE_ANEKA_AYAM_BEBEK', 'tenantUid': 'gofood', 'uid': 'CUISINE_ANEKA_AYAM_BEBEK', 'displayName': 'Ayam & bebek', 'description': '', 'taxonomy': 2, 'parentKey': ''}, {'key': 'tenants/gofood/tags/CUISINE_FASTFOOD', 'tenantUid': 'gofood', 'uid': 'CUISINE_FASTFOOD', 'displayName': 'Cepat saji', 'description': '', 'taxonomy': 2, 'parentKey': ''}, {'key': 'tenants/gofood/tags/CUISINE_ANEKA_NASI', 'tenantUid': 'gofood', 'uid': 'CUISINE_ANEKA_NASI', 'displayName': 'Aneka nasi', 'description': '', 'taxonomy': 2, 'parentKey': ''}]","Jalan Berlian Timuf, Kompas, Tambun, Kabupaten Bekasi, Jawa Barat, Jawa, 17520, Indonesia"
"Burger King, Tambun","{'average': 4.7, 'total': 0}",2,"[{'key': 'tenants/gofood/tags/CUISINE_FASTFOOD', 'tenantUid': 'gofood', 'uid': 'CUISINE_FASTFOOD', 'displayName': 'Cepat saji', 'description': '', 'taxonomy': 2, 'parentKey': ''}, {'key': 'tenants/gofood/tags/CUISINE_ANEKA_NASI', 'tenantUid': 'gofood', 'uid': 'CUISINE_ANEKA_NASI', 'displayName': 'Aneka nasi', 'description': '', 'taxonomy': 2, 'parentKey': ''}, {'key': 'tenants/gofood/tags/CUISINE_SNACKS_JAJANAN', 'tenantUid': 'gofood', 'uid': 'CUISINE_SNACKS_JAJANAN', 'displayName': 'Jajanan', 'description': '', 'taxonomy': 2, 'parentKey': ''}, {'key': 'tenants/gofood/tags/CUISINE_ANEKA_AYAM_BEBEK', 'tenantUid': 'gofood', 'uid': 'CUISINE_ANEKA_AYAM_BEBEK', 'displayName': 'Ayam & bebek', 'description': '', 'taxonomy': 2, 'parentKey': ''}]","Jalan Hasanuddin, Kompas, Tambun, Kabupaten Bekasi, Jawa Barat, Jawa, 17520, Indonesia"
"Mixue, Dukuh Zamrud","{'average': 4.8, 'total': 0}",2,"[{'key': 'tenants/gofood/tags/CUISINE_SWEETS_DESSERTS', 'tenantUid': 'gofood', 'uid': 'CUISINE_SWEETS_DESSERTS', 'displayName': 'Sweets', 'description': '', 'taxonomy': 2, 'parentKey': ''}, {'key': 'tenants/gofood/tags/CUISINE_MINUMAN', 'tenantUid': 'gofood', 'uid': 'CUISINE_MINUMAN', 'displayName': 'Minuman', 'description': '', 'taxonomy': 2, 'parentKey': ''}, {'key': 'tenants/gofood/tags/CUISINE_COFFEE_SHOP', 'tenantUid': 'gofood', 'uid': 'CUISINE_COFFEE_SHOP', 'displayName': 'Kopi', 'description': '', 'taxonomy': 2, 'parentKey': ''}]","Jalan Raya Zamrud Selatan, Dukuh Zamrud, Padurenan, Kota Bekasi, Jawa Barat, Jawa, 17155, Indonesia"
"Kopi Janji Jiwa & Jiwa Toast, Ruko Zamrud Mustika Jaya","{'average': 4.7, 'total': 0}",2,"[{'key': 'tenants/gofood/tags/CUISINE_COFFEE_SHOP', 'tenantUid': 'gofood', 'uid': 'CUISINE_COFFEE_SHOP', 'displayName': 'Kopi', 'description': '', 'taxonomy': 2, 'parentKey': ''}, {'key': 'tenants/gofood/tags/CUISINE_MINUMAN', 'tenantUid': 'gofood', 'uid': 'CUISINE_MINUMAN', 'displayName': 'Minuman', 'description': '', 'taxonomy': 2, 'parentKey': ''}, {'key': 'tenants/gofood/tags/CUISINE_ROTI', 'tenantUid': 'gofood', 'uid': 'CUISINE_ROTI', 'displayName': 'Roti', 'description': '', 'taxonomy': 2, 'parentKey': ''}, {'key': 'tenants/gofood/tags/CUISINE_SNACKS_JAJANAN', 'tenantUid': 'gofood', 'uid': 'CUISINE_SNACKS_JAJANAN', 'displayName': 'Jajanan', 'description': '', 'taxonomy': 2, 'parentKey': ''}]","Jalan Raya Zamrud Selatan, Dukuh Zamrud, Padurenan, Kota Bekasi, Jawa Barat, Jawa, 17155, Indonesia"
"Hokben, Kitchen Zamrud Bekasi","{'average': 4.8, 'total': 0}",3,"[{'key': 'tenants/gofood/tags/CUISINE_FASTFOOD', 'tenantUid': 'gofood', 'uid': 'CUISINE_FASTFOOD', 'displayName': 'Cepat saji', 'description': '', 'taxonomy': 2, 'parentKey': ''}, {'key': 'tenants/gofood/tags/CUISINE_JAPANESE', 'tenantUid': 'gofood', 'uid': 'CUISINE_JAPANESE', 'displayName': 'Jepang', 'description': '', 'taxonomy': 2, 'parentKey': ''}]","Dukuh Zamrud, Cimuning, Kota Bekasi, Jawa Barat, Jawa, 17155, Indonesia"
"Sushi Yay, Mustika Jaya","{'average': 4.6, 'total': 0}",3,"[{'key': 'tenants/gofood/tags/CUISINE_ANEKA_NASI', 'tenantUid': 'gofood', 'uid': 'CUISINE_ANEKA_NASI', 'displayName': 'Aneka nasi', 'description': '', 'taxonomy': 2, 'parentKey': ''}, {'key': 'tenants/gofood/tags/CUISINE_JAPANESE', 'tenantUid': 'gofood', 'uid': 'CUISINE_JAPANESE', 'displayName': 'Jepang', 'description': '', 'taxonomy': 2, 'parentKey': ''}, {'key': 'tenants/gofood/tags/CUISINE_FASTFOOD', 'tenantUid': 'gofood', 'uid': 'CUISINE_FASTFOOD', 'displayName': 'Cepat saji', 'description': '', 'taxonomy': 2, 'parentKey': ''}, {'key': 'tenants/gofood/tags/CUISINE_ANEKA_AYAM_BEBEK', 'tenantUid': 'gofood', 'uid': 'CUISINE_ANEKA_AYAM_BEBEK', 'displayName': 'Ayam & bebek', 'description': '', 'taxonomy': 2, 'parentKey': ''}]","Jalan Raya Zamrud Selatan, Dukuh Zamrud, Padurenan, Kota Bekasi, Jawa Barat, Jawa, 16340, Indonesia"
"Mie Gacoan, Bekasi Mustika","{'average': 4.7, 'total': 0}",1,"[{'key': 'tenants/gofood/tags/CUISINE_BAKMIE', 'tenantUid': 'gofood', 'uid': 'CUISINE_BAKMIE', 'displayName': 'Bakmie', 'description': '', 'taxonomy': 2, 'parentKey': ''}]","Jalan Setu - Bantar Gebang, Dukuh Zamrud, Cimuning, Kota Bekasi, Jawa Barat, Jawa, 17155, Indonesia"
"Mixue, Jatiwaringin","{'average': 4.7, 'total': 0}",2,"[{'key': 'tenants/gofood/tags/CUISINE_MINUMAN', 'tenantUid': 'gofood', 'uid': 'CUISINE_MINUMAN', 'displayName': 'Minuman', 'description': '', 'taxonomy': 2, 'parentKey': ''}]","Jalan Jati Waringin, Jatiwaringin, Kota Bekasi, Jawa Barat, Jawa, 17411, Indonesia"
"Rumah Makan Padang Nusantara Raya 2, Pondok Melati","{'average': 4.8, 'total': 0}",2,"[{'key': 'tenants/gofood/tags/CUISINE_ANEKA_AYAM_BEBEK', 'tenantUid': 'gofood', 'uid': 'CUISINE_ANEKA_AYAM_BEBEK', 'displayName': 'Ayam & bebek', 'description': '', 'taxonomy': 2, 'parentKey': ''}, {'key': 'tenants/gofood/tags/CUISINE_ANEKA_NASI', 'tenantUid': 'gofood', 'uid': 'CUISINE_ANEKA_NASI', 'displayName': 'Aneka nasi', 'description': '', 'taxonomy': 2, 'parentKey': ''}, {'key': 'tenants/gofood/tags/CUISINE_FASTFOOD', 'tenantUid': 'gofood', 'uid': 'CUISINE_FASTFOOD', 'displayName': 'Cepat saji', 'description': '', 'taxonomy': 2, 'parentKey': ''}]","Alam Besakih, Puri Gading, Jatiwarna, Kota Bekasi, Jawa Barat, Jawa, 17415, Indonesia"
"Keikpop by The Food Chain, Jatiwaringin","{'average': 4.4, 'total': 0}",3,"[{'key': 'tenants/gofood/tags/CUISINE_SWEETS_DESSERTS', 'tenantUid': 'gofood', 'uid': 'CUISINE_SWEETS_DESSERTS', 'displayName': 'Sweets', 'description': '', 'taxonomy': 2, 'parentKey': ''}, {'key': 'tenants/gofood/tags/CUISINE_ROTI', 'tenantUid': 'gofood', 'uid': 'CUISINE_ROTI', 'displayName': 'Roti', 'description': '', 'taxonomy': 2, 'parentKey': ''}]","Jalan Jati Waringin, Jatiwaringin, Kota Bekasi, Jawa Barat, Jawa, 17411, Indonesia"
"Solaria, Jatiwaringin Stand Alone","{'average': 4.8, 'total': 0}",0,"[{'key': 'tenants/gofood/tags/CUISINE_ANEKA_NASI', 'tenantUid': 'gofood', 'uid': 'CUISINE_ANEKA_NASI', 'displayName': 'Aneka nasi', 'description': '', 'taxonomy': 2, 'parentKey': ''}, {'key': 'tenants/gofood/tags/CUISINE_ANEKA_AYAM_BEBEK', 'tenantUid': 'gofood', 'uid': 'CUISINE_ANEKA_AYAM_BEBEK', 'displayName': 'Ayam & bebek', 'description': '', 'taxonomy': 2, 'parentKey': ''}, {'key': 'tenants/gofood/tags/CUISINE_CHINESE', 'tenantUid': 'gofood', 'uid': 'CUISINE_CHINESE', 'displayName': 'Chinese', 'description': '', 'taxonomy': 2, 'parentKey': ''}]","Jalan Jati Waringin, Jatiwaringin, Kota Bekasi, Jawa Barat, Jawa, 17411, Indonesia"
"Sushi Yay, Pondok Gede Bekasi","{'average': 4.7, 'total': 0}",3,"[{'key': 'tenants/gofood/tags/CUISINE_JAPANESE', 'tenantUid': 'gofood', 'uid': 'CUISINE_JAPANESE', 'displayName': 'Jepang', 'description': '', 'taxonomy': 2, 'parentKey': ''}, {'key': 'tenants/gofood/tags/CUISINE_FASTFOOD', 'tenantUid': 'gofood', 'uid': 'CUISINE_FASTFOOD', 'displayName': 'Cepat saji', 'description': '', 'taxonomy': 2, 'parentKey': ''}, {'key': 'tenants/gofood/tags/CUISINE_ANEKA_NASI', 'tenantUid': 'gofood', 'uid': 'CUISINE_ANEKA_NASI', 'displayName': 'Aneka nasi', 'description': '', 'taxonomy': 2, 'parentKey': ''}, {'key': 'tenants/gofood/tags/CUISINE_ANEKA_AYAM_BEBEK', 'tenantUid': 'gofood', 'uid': 'CUISINE_ANEKA_AYAM_BEBEK', 'displayName': 'Ayam & bebek', 'description': '', 'taxonomy': 2, 'parentKey': ''}]","Jalan Raya Jati Makmur, Jatimakmur, Kota Bekasi, Jawa Barat, Jawa, 17414, Indonesia"
"Fore Coffee, Jatiwaringin","{'average': 4.8, 'total': 0}",3,"[{'key': 'tenants/gofood/tags/CUISINE_COFFEE_SHOP', 'tenantUid': 'gofood', 'uid': 'CUISINE_COFFEE_SHOP', 'displayName': 'Kopi', 'description': '', 'taxonomy': 2, 'parentKey': ''}, {'key': 'tenants/gofood/tags/CUISINE_MINUMAN', 'tenantUid': 'gofood', 'uid': 'CUISINE_MINUMAN', 'displayName': 'Minuman', 'description': '', 'taxonomy': 2, 'parentKey': ''}, {'key': 'tenants/gofood/tags/CUISINE_FASTFOOD', 'tenantUid': 'gofood', 'uid': 'CUISINE_FASTFOOD', 'displayName': 'Cepat saji', 'description': '', 'taxonomy': 2, 'parentKey': ''}]","Jalan Jati Waringin, Jatiwaringin, Kota Bekasi, Jawa Barat, Jawa, 17411, Indonesia"
"Mie Gacoan, Bekasi Jatiwaringin","{'average': 4.7, 'total': 0}",1,"[{'key': 'tenants/gofood/tags/CUISINE_BAKMIE', 'tenantUid': 'gofood', 'uid': 'CUISINE_BAKMIE', 'displayName': 'Bakmie', 'description': '', 'taxonomy': 2, 'parentKey': ''}, {'key': 'tenants/gofood/tags/CUISINE_FASTFOOD', 'tenantUid': 'gofood', 'uid': 'CUISINE_FASTFOOD', 'displayName': 'Cepat saji', 'description': '', 'taxonomy': 2, 'parentKey': ''}]","Jalan Jati Waringin, Jatiwaringin, Kota Bekasi, Jawa Barat, Jawa, 17411, Indonesia"
"Wingstop, Jatiwaringin","{'average': 4.8, 'total': 0}",3,"[{'key': 'tenants/gofood/tags/CUISINE_FASTFOOD', 'tenantUid': 'gofood', 'uid': 'CUISINE_FASTFOOD', 'displayName': 'Cepat saji', 'description': '', 'taxonomy': 2, 'parentKey': ''}, {'key': 'tenants/gofood/tags/CUISINE_BURGER_SANDWICH_STEAK', 'tenantUid': 'gofood', 'uid': 'CUISINE_BURGER_SANDWICH_STEAK', 'displayName': 'Barat', 'description': '', 'taxonomy': 2, 'parentKey': ''}, {'key': 'tenants/gofood/tags/CUISINE_ANEKA_AYAM_BEBEK', 'tenantUid': 'gofood', 'uid': 'CUISINE_ANEKA_AYAM_BEBEK', 'displayName': 'Ayam & bebek', 'description': '', 'taxonomy': 2, 'parentKey': ''}, {'key': 'tenants/gofood/tags/CUISINE_ANEKA_NASI', 'tenantUid': 'gofood', 'uid': 'CUISINE_ANEKA_NASI', 'displayName': 'Aneka nasi', 'description': '', 'taxonomy': 2, 'parentKey': ''}, {'key': 'tenants/gofood/tags/CUISINE_SNACKS_JAJANAN', 'tenantUid': 'gofood', 'uid': 'CUISINE_SNACKS_JAJANAN', 'displayName': 'Jajanan', 'description': '', 'taxonomy': 2, 'parentKey': ''}]","Jalan Penghulu IV, Jatiwaringin, Kota Bekasi, Jawa Barat, Jawa, 17411, Indonesia"
"Haus!, Cibitung","{'average': 4.7, 'total': 0}",2,"[{'key': 'tenants/gofood/tags/CUISINE_MINUMAN', 'tenantUid': 'gofood', 'uid': 'CUISINE_MINUMAN', 'displayName': 'Minuman', 'description': '', 'taxonomy': 2, 'parentKey': ''}, {'key': 'tenants/gofood/tags/CUISINE_SNACKS_JAJANAN', 'tenantUid': 'gofood', 'uid': 'CUISINE_SNACKS_JAJANAN', 'displayName': 'Jajanan', 'description': '', 'taxonomy': 2, 'parentKey': ''}, {'key': 'tenants/gofood/tags/CUISINE_COFFEE_SHOP', 'tenantUid': 'gofood', 'uid': 'CUISINE_COFFEE_SHOP', 'displayName': 'Kopi', 'description': '', 'taxonomy': 2, 'parentKey': ''}]","Jalan Raya B. Bosih, Trias, Wanasari, Kabupaten Bekasi, Jawa Barat, Jawa, 17520, Indonesia"
"Mixue, Jatiwarna","{'average': 4.8, 'total': 0}",2,"[{'key': 'tenants/gofood/tags/CUISINE_MINUMAN', 'tenantUid': 'gofood', 'uid': 'CUISINE_MINUMAN', 'displayName': 'Minuman', 'description': '', 'taxonomy': 2, 'parentKey': ''}, {'key': 'tenants/gofood/tags/CUISINE_SWEETS_DESSERTS', 'tenantUid': 'gofood', 'uid': 'CUISINE_SWEETS_DESSERTS', 'displayName': 'Sweets', 'description': '', 'taxonomy': 2, 'parentKey': ''}]","Jalan Raya Kampung Sawah, Villa Legian, Puri Gading, Jatiwarna, Kota Bekasi, Jawa Barat, Jawa, 17415, Indonesia"
"HokBen, Hankam Bekasi","{'average': 4.8, 'total': 0}",3,"[{'key': 'tenants/gofood/tags/CUISINE_JAPANESE', 'tenantUid': 'gofood', 'uid': 'CUISINE_JAPANESE', 'displayName': 'Jepang', 'description': '', 'taxonomy': 2, 'parentKey': ''}, {'key': 'tenants/gofood/tags/CUISINE_FASTFOOD', 'tenantUid': 'gofood', 'uid': 'CUISINE_FASTFOOD', 'displayName': 'Cepat saji', 'description': '', 'taxonomy': 2, 'parentKey': ''}]","Jalan Hankam Raya, Jatirahayu, Kota Bekasi, Jawa Barat, Jawa, 17414, Indonesia"
"Pizza Hut, Hankam Raya","{'average': 4.8, 'total': 0}",4,"[{'key': 'tenants/gofood/tags/CUISINE_PIZZA_PASTA', 'tenantUid': 'gofood', 'uid': 'CUISINE_PIZZA_PASTA', 'displayName': 'Pizza & pasta', 'description': '', 'taxonomy': 2, 'parentKey': ''}, {'key': 'tenants/gofood/tags/CUISINE_FASTFOOD', 'tenantUid': 'gofood', 'uid': 'CUISINE_FASTFOOD', 'displayName': 'Cepat saji', 'description': '', 'taxonomy': 2, 'parentKey': ''}, {'key': 'tenants/gofood/tags/CUISINE_BURGER_SANDWICH_STEAK', 'tenantUid': 'gofood', 'uid': 'CUISINE_BURGER_SANDWICH_STEAK', 'displayName': 'Barat', 'description': '', 'taxonomy': 2, 'parentKey': ''}, {'key': 'tenants/gofood/tags/CUISINE_SNACKS_JAJANAN', 'tenantUid': 'gofood', 'uid': 'CUISINE_SNACKS_JAJANAN', 'displayName': 'Jajanan', 'description': '', 'taxonomy': 2, 'parentKey': ''}, {'key': 'tenants/gofood/tags/CUISINE_ANEKA_AYAM_BEBEK', 'tenantUid': 'gofood', 'uid': 'CUISINE_ANEKA_AYAM_BEBEK', 'displayName': 'Ayam & bebek', 'description': '', 'taxonomy': 2, 'parentKey': ''}]","Jalan Hankam Raya, Jatirahayu, Kota Bekasi, Jawa Barat, Jawa, 17414, Indonesia"
"Solaria, Naga Swalayan Hankam","{'average': 4.8, 'total': 0}",3,"[{'key': 'tenants/gofood/tags/CUISINE_ANEKA_NASI', 'tenantUid': 'gofood', 'uid': 'CUISINE_ANEKA_NASI', 'displayName': 'Aneka nasi', 'description': '', 'taxonomy': 2, 'parentKey': ''}, {'key': 'tenants/gofood/tags/CUISINE_CHINESE', 'tenantUid': 'gofood', 'uid': 'CUISINE_CHINESE', 'displayName': 'Chinese', 'description': '', 'taxonomy': 2, 'parentKey': ''}, {'key': 'tenants/gofood/tags/CUISINE_SOTO_BAKSO_SOP', 'tenantUid': 'gofood', 'uid': 'CUISINE_SOTO_BAKSO_SOP', 'displayName': 'Bakso & soto', 'description': '', 'taxonomy': 2, 'parentKey': ''}]","Jalan Hankam Raya, Jatirahayu, Kota Bekasi, Jawa Barat, Jawa, 17414, Indonesia"
"Kopi Janji Jiwa & Jiwa Toast, Puri Gading Raya","{'average': 4.7, 'total': 0}",2,"[{'key': 'tenants/gofood/tags/CUISINE_COFFEE_SHOP', 'tenantUid': 'gofood', 'uid': 'CUISINE_COFFEE_SHOP', 'displayName': 'Kopi', 'description': '', 'taxonomy': 2, 'parentKey': ''}, {'key': 'tenants/gofood/tags/CUISINE_MINUMAN', 'tenantUid': 'gofood', 'uid': 'CUISINE_MINUMAN', 'displayName': 'Minuman', 'description': '', 'taxonomy': 2, 'parentKey': ''}, {'key': 'tenants/gofood/tags/CUISINE_ROTI', 'tenantUid': 'gofood', 'uid': 'CUISINE_ROTI', 'displayName': 'Roti', 'description': '', 'taxonomy': 2, 'parentKey': ''}, {'key': 'tenants/gofood/tags/CUISINE_SNACKS_JAJANAN', 'tenantUid': 'gofood', 'uid': 'CUISINE_SNACKS_JAJANAN', 'displayName': 'Jajanan', 'description': '', 'taxonomy': 2, 'parentKey': ''}]","Jalan Puri Gading Utama, Puri Gading, Jatiwarna, Kota Bekasi, Jawa Barat, Jawa, 17415, Indonesia"
"McDonald's, Cibitung","{'average': 4.7, 'total': 0}",3,"[{'key': 'tenants/gofood/tags/CUISINE_FASTFOOD', 'tenantUid': 'gofood', 'uid': 'CUISINE_FASTFOOD', 'displayName': 'Cepat saji', 'description': '', 'taxonomy': 2, 'parentKey': ''}, {'key': 'tenants/gofood/tags/CUISINE_SWEETS_DESSERTS', 'tenantUid': 'gofood', 'uid': 'CUISINE_SWEETS_DESSERTS', 'displayName': 'Sweets', 'description': '', 'taxonomy': 2, 'parentKey': ''}, {'key': 'tenants/gofood/tags/CUISINE_SNACKS_JAJANAN', 'tenantUid': 'gofood', 'uid': 'CUISINE_SNACKS_JAJANAN', 'displayName': 'Jajanan', 'description': '', 'taxonomy': 2, 'parentKey': ''}]","McDonald's, Jalan Raya Teuku Umar, Gandasari, Kabupaten Bekasi, Jawa Barat, Jawa, 17520, Indonesia"
"Popeyes Chicken, Jatiwarna","{'average': 4.7, 'total': 0}",2,"[{'key': 'tenants/gofood/tags/CUISINE_FASTFOOD', 'tenantUid': 'gofood', 'uid': 'CUISINE_FASTFOOD', 'displayName': 'Cepat saji', 'description': '', 'taxonomy': 2, 'parentKey': ''}, {'key': 'tenants/gofood/tags/CUISINE_ANEKA_AYAM_BEBEK', 'tenantUid': 'gofood', 'uid': 'CUISINE_ANEKA_AYAM_BEBEK', 'displayName': 'Ayam & bebek', 'description': '', 'taxonomy': 2, 'parentKey': ''}, {'key': 'tenants/gofood/tags/CUISINE_ANEKA_NASI', 'tenantUid': 'gofood', 'uid': 'CUISINE_ANEKA_NASI', 'displayName': 'Aneka nasi', 'description': '', 'taxonomy': 2, 'parentKey': ''}]","Jalan Hankam Raya, Jatiwarna, Kota Bekasi, Jawa Barat, Jawa, 17415, Indonesia"
"KFC, Jatiwarna","{'average': 4.8, 'total': 0}",3,"[{'key': 'tenants/gofood/tags/CUISINE_FASTFOOD', 'tenantUid': 'gofood', 'uid': 'CUISINE_FASTFOOD', 'displayName': 'Cepat saji', 'description': '', 'taxonomy': 2, 'parentKey': ''}]","Jalan Melati II, Jatiwarna, Kota Bekasi, Jawa Barat, Jawa, 17415, Indonesia"
"Kopi Kenangan, SPBU Pertamina Jatiwarna Pondok","{'average': 4.8, 'total': 0}",2,"[{'key': 'tenants/gofood/tags/CUISINE_MINUMAN', 'tenantUid': 'gofood', 'uid': 'CUISINE_MINUMAN', 'displayName': 'Minuman', 'description': '', 'taxonomy': 2, 'parentKey': ''}, {'key': 'tenants/gofood/tags/CUISINE_COFFEE_SHOP', 'tenantUid': 'gofood', 'uid': 'CUISINE_COFFEE_SHOP', 'displayName': 'Kopi', 'description': '', 'taxonomy': 2, 'parentKey': ''}, {'key': 'tenants/gofood/tags/CUISINE_SWEETS_DESSERTS', 'tenantUid': 'gofood', 'uid': 'CUISINE_SWEETS_DESSERTS', 'displayName': 'Sweets', 'description': '', 'taxonomy': 2, 'parentKey': ''}, {'key': 'tenants/gofood/tags/CUISINE_ROTI', 'tenantUid': 'gofood', 'uid': 'CUISINE_ROTI', 'displayName': 'Roti', 'description': '', 'taxonomy': 2, 'parentKey': ''}, {'key': 'tenants/gofood/tags/CUISINE_SNACKS_JAJANAN', 'tenantUid': 'gofood', 'uid': 'CUISINE_SNACKS_JAJANAN', 'displayName': 'Jajanan', 'description': '', 'taxonomy': 2, 'parentKey': ''}]","Jalan Kranggan, Jatiwarna, Kota Bekasi, Jawa Barat, Jawa, 17415, Indonesia"
"McDonald's, Jatiwarna","{'average': 4.7, 'total': 0}",3,"[{'key': 'tenants/gofood/tags/CUISINE_FASTFOOD', 'tenantUid': 'gofood', 'uid': 'CUISINE_FASTFOOD', 'displayName': 'Cepat saji', 'description': '', 'taxonomy': 2, 'parentKey': ''}, {'key': 'tenants/gofood/tags/CUISINE_SWEETS_DESSERTS', 'tenantUid': 'gofood', 'uid': 'CUISINE_SWEETS_DESSERTS', 'displayName': 'Sweets', 'description': '', 'taxonomy': 2, 'parentKey': ''}, {'key': 'tenants/gofood/tags/CUISINE_SNACKS_JAJANAN', 'tenantUid': 'gofood', 'uid': 'CUISINE_SNACKS_JAJANAN', 'displayName': 'Jajanan', 'description': '', 'taxonomy': 2, 'parentKey': ''}]","McDonald's, Jalan Kranggan, Jatiwarna, Kota Bekasi, Jawa Barat, Jawa, 17415, Indonesia"
"Kopi Janji Jiwa & Jiwa Toast, Vasanta Innopark","{'average': 4.8, 'total': 0}",2,"[{'key': 'tenants/gofood/tags/CUISINE_COFFEE_SHOP', 'tenantUid': 'gofood', 'uid': 'CUISINE_COFFEE_SHOP', 'displayName': 'Kopi', 'description': '', 'taxonomy': 2, 'parentKey': ''}, {'key': 'tenants/gofood/tags/CUISINE_MINUMAN', 'tenantUid': 'gofood', 'uid': 'CUISINE_MINUMAN', 'displayName': 'Minuman', 'description': '', 'taxonomy': 2, 'parentKey': ''}, {'key': 'tenants/gofood/tags/CUISINE_ROTI', 'tenantUid': 'gofood', 'uid': 'CUISINE_ROTI', 'displayName': 'Roti', 'description': '', 'taxonomy': 2, 'parentKey': ''}, {'key': 'tenants/gofood/tags/CUISINE_SNACKS_JAJANAN', 'tenantUid': 'gofood', 'uid': 'CUISINE_SNACKS_JAJANAN', 'displayName': 'Jajanan', 'description': '', 'taxonomy': 2, 'parentKey': ''}]","Jalan Kalimantan, MM2100 Industrial Town, Gandamekar, Kabupaten Bekasi, Jawa Barat, Jawa, 17520, Indonesia"
"Pizza Hut Delivery - PHD, Jatiwarna","{'average': 4.8, 'total': 0}",4,"[{'key': 'tenants/gofood/tags/CUISINE_PIZZA_PASTA', 'tenantUid': 'gofood', 'uid': 'CUISINE_PIZZA_PASTA', 'displayName': 'Pizza & pasta', 'description': '', 'taxonomy': 2, 'parentKey': ''}, {'key': 'tenants/gofood/tags/CUISINE_FASTFOOD', 'tenantUid': 'gofood', 'uid': 'CUISINE_FASTFOOD', 'displayName': 'Cepat saji', 'description': '', 'taxonomy': 2, 'parentKey': ''}, {'key': 'tenants/gofood/tags/CUISINE_SNACKS_JAJANAN', 'tenantUid': 'gofood', 'uid': 'CUISINE_SNACKS_JAJANAN', 'displayName': 'Jajanan', 'description': '', 'taxonomy': 2, 'parentKey': ''}, {'key': 'tenants/gofood/tags/CUISINE_BURGER_SANDWICH_STEAK', 'tenantUid': 'gofood', 'uid': 'CUISINE_BURGER_SANDWICH_STEAK', 'displayName': 'Barat', 'description': '', 'taxonomy': 2, 'parentKey': ''}, {'key': 'tenants/gofood/tags/CUISINE_ANEKA_AYAM_BEBEK', 'tenantUid': 'gofood', 'uid': 'CUISINE_ANEKA_AYAM_BEBEK', 'displayName': 'Ayam & bebek', 'description': '', 'taxonomy': 2, 'parentKey': ''}]","Jalan Kranggan, Jatiraden, Jatisampurna, Kota Bekasi, Jawa Barat, Jawa, 17433, Indonesia"
Nasi Padang Sumatra Indah,"{'average': 4.8, 'total': 0}",1,"[{'key': 'tenants/gofood/tags/CUISINE_MINUMAN', 'tenantUid': 'gofood', 'uid': 'CUISINE_MINUMAN', 'displayName': 'Minuman', 'description': '', 'taxonomy': 2, 'parentKey': ''}, {'key': 'tenants/gofood/tags/CUISINE_ANEKA_NASI', 'tenantUid': 'gofood', 'uid': 'CUISINE_ANEKA_NASI', 'displayName': 'Aneka nasi', 'description': '', 'taxonomy': 2, 'parentKey': ''}, {'key': 'tenants/gofood/tags/CUISINE_FASTFOOD', 'tenantUid': 'gofood', 'uid': 'CUISINE_FASTFOOD', 'displayName': 'Cepat saji', 'description': '', 'taxonomy': 2, 'parentKey': ''}]","Jalan Kranggan, Jatiraden, Jatisampurna, Kota Bekasi, Jawa Barat, Jawa, 17433, Indonesia"
"Richeese Factory, Hankam","{'average': 4.7, 'total': 0}",3,"[{'key': 'tenants/gofood/tags/CUISINE_FASTFOOD', 'tenantUid': 'gofood', 'uid': 'CUISINE_FASTFOOD', 'displayName': 'Cepat saji', 'description': '', 'taxonomy': 2, 'parentKey': ''}, {'key': 'tenants/gofood/tags/CUISINE_ANEKA_AYAM_BEBEK', 'tenantUid': 'gofood', 'uid': 'CUISINE_ANEKA_AYAM_BEBEK', 'displayName': 'Ayam & bebek', 'description': '', 'taxonomy': 2, 'parentKey': ''}, {'key': 'tenants/gofood/tags/CUISINE_ANEKA_NASI', 'tenantUid': 'gofood', 'uid': 'CUISINE_ANEKA_NASI', 'displayName': 'Aneka nasi', 'description': '', 'taxonomy': 2, 'parentKey': ''}]","Jalan Kranggan, Jatiraden, Jatisampurna, Kota Bekasi, Jawa Barat, Jawa, 17433, Indonesia"
"Pizza Hut Delivery - PHD, Cikarang Barat","{'average': 4.7, 'total': 0}",3,"[{'key': 'tenants/gofood/tags/CUISINE_PIZZA_PASTA', 'tenantUid': 'gofood', 'uid': 'CUISINE_PIZZA_PASTA', 'displayName': 'Pizza & pasta', 'description': '', 'taxonomy': 2, 'parentKey': ''}, {'key': 'tenants/gofood/tags/CUISINE_FASTFOOD', 'tenantUid': 'gofood', 'uid': 'CUISINE_FASTFOOD', 'displayName': 'Cepat saji', 'description': '', 'taxonomy': 2, 'parentKey': ''}, {'key': 'tenants/gofood/tags/CUISINE_SNACKS_JAJANAN', 'tenantUid': 'gofood', 'uid': 'CUISINE_SNACKS_JAJANAN', 'displayName': 'Jajanan', 'description': '', 'taxonomy': 2, 'parentKey': ''}, {'key': 'tenants/gofood/tags/CUISINE_BURGER_SANDWICH_STEAK', 'tenantUid': 'gofood', 'uid': 'CUISINE_BURGER_SANDWICH_STEAK', 'displayName': 'Barat', 'description': '', 'taxonomy': 2, 'parentKey': ''}, {'key': 'tenants/gofood/tags/CUISINE_ANEKA_AYAM_BEBEK', 'tenantUid': 'gofood', 'uid': 'CUISINE_ANEKA_AYAM_BEBEK', 'displayName': 'Ayam & bebek', 'description': '', 'taxonomy': 2, 'parentKey': ''}]","Sukadanau, Kabupaten Bekasi, Jawa Barat, Jawa, 17520, Indonesia"
"HokBen, Kitchen Kranggan","{'average': 4.8, 'total': 0}",3,"[{'key': 'tenants/gofood/tags/CUISINE_ANEKA_NASI', 'tenantUid': 'gofood', 'uid': 'CUISINE_ANEKA_NASI', 'displayName': 'Aneka nasi', 'description': '', 'taxonomy': 2, 'parentKey': ''}, {'key': 'tenants/gofood/tags/CUISINE_JAPANESE', 'tenantUid': 'gofood', 'uid': 'CUISINE_JAPANESE', 'displayName': 'Jepang', 'description': '', 'taxonomy': 2, 'parentKey': ''}]","Jalan Kranggan, Jatiraden, Jatisampurna, Kota Bekasi, Jawa Barat, Jawa, 17433, Indonesia"
"Domino's Pizza, Ujung Aspal","{'average': 4.7, 'total': 0}",3,"[{'key': 'tenants/gofood/tags/CUISINE_PIZZA_PASTA', 'tenantUid': 'gofood', 'uid': 'CUISINE_PIZZA_PASTA', 'displayName': 'Pizza & pasta', 'description': '', 'taxonomy': 2, 'parentKey': ''}, {'key': 'tenants/gofood/tags/CUISINE_FASTFOOD', 'tenantUid': 'gofood', 'uid': 'CUISINE_FASTFOOD', 'displayName': 'Cepat saji', 'description': '', 'taxonomy': 2, 'parentKey': ''}, {'key': 'tenants/gofood/tags/CUISINE_SNACKS_JAJANAN', 'tenantUid': 'gofood', 'uid': 'CUISINE_SNACKS_JAJANAN', 'displayName': 'Jajanan', 'description': '', 'taxonomy': 2, 'parentKey': ''}]","Jalan Kranggan, Jatiraden, Jatisampurna, Kota Bekasi, Jawa Barat, Jawa, 17433, Indonesia"
"Sederhana SA, Jatinegara","{'average': 4.7, 'total': 0}",2,"[{'key': 'tenants/gofood/tags/CUISINE_ANEKA_NASI', 'tenantUid': 'gofood', 'uid': 'CUISINE_ANEKA_NASI', 'displayName': 'Aneka nasi', 'description': '', 'taxonomy': 2, 'parentKey': ''}, {'key': 'tenants/gofood/tags/CUISINE_ANEKA_AYAM_BEBEK', 'tenantUid': 'gofood', 'uid': 'CUISINE_ANEKA_AYAM_BEBEK', 'displayName': 'Ayam & bebek', 'description': '', 'taxonomy': 2, 'parentKey': ''}, {'key': 'tenants/gofood/tags/CUISINE_SATE', 'tenantUid': 'gofood', 'uid': 'CUISINE_SATE', 'displayName': 'Sate', 'description': '', 'taxonomy': 2, 'parentKey': ''}]","Jalan Bekasi Timur VIII, RW 04, Rawa Bunga, Jatinegara, Jakarta Timur, Daerah Khusus Ibukota Jakarta, Jawa, 13350, Indonesia"
"Ketoprak Telor Sosis Pertigaan Padang, Jatirangga","{'average': 4.3, 'total': 0}",2,"[{'key': 'tenants/gofood/tags/CUISINE_FASTFOOD', 'tenantUid': 'gofood', 'uid': 'CUISINE_FASTFOOD', 'displayName': 'Cepat saji', 'description': '', 'taxonomy': 2, 'parentKey': ''}]","Jalan Raya Kranggan Wetan, RT 06, RW 07, Jatirangga, Kota Bekasi, Jawa Barat, Jawa, 17434, Indonesia"
"Richeese Factory, Cikarang","{'average': 4.7, 'total': 0}",3,"[{'key': 'tenants/gofood/tags/CUISINE_ANEKA_AYAM_BEBEK', 'tenantUid': 'gofood', 'uid': 'CUISINE_ANEKA_AYAM_BEBEK', 'displayName': 'Ayam & bebek', 'description': '', 'taxonomy': 2, 'parentKey': ''}, {'key': 'tenants/gofood/tags/CUISINE_ANEKA_NASI', 'tenantUid': 'gofood', 'uid': 'CUISINE_ANEKA_NASI', 'displayName': 'Aneka nasi', 'description': '', 'taxonomy': 2, 'parentKey': ''}, {'key': 'tenants/gofood/tags/CUISINE_FASTFOOD', 'tenantUid': 'gofood', 'uid': 'CUISINE_FASTFOOD', 'displayName': 'Cepat saji', 'description': '', 'taxonomy': 2, 'parentKey': ''}]","Cikarang, Kabupaten Bekasi, Jawa Barat, Jawa, 17383, Indonesia"
"HokBen, Sentra Grosir Cikarang","{'average': 4.7, 'total': 0}",3,"[{'key': 'tenants/gofood/tags/CUISINE_FASTFOOD', 'tenantUid': 'gofood', 'uid': 'CUISINE_FASTFOOD', 'displayName': 'Cepat saji', 'description': '', 'taxonomy': 2, 'parentKey': ''}]","SGC - Sentra Grosir Cikarang, Jalan R.E. Martadinata, Cikarang, Kabupaten Bekasi, Jawa Barat, Jawa, 17383, Indonesia"
"Mixue SGC, Cikarang Kota","{'average': 4.7, 'total': 0}",2,"[{'key': 'tenants/gofood/tags/CUISINE_MINUMAN', 'tenantUid': 'gofood', 'uid': 'CUISINE_MINUMAN', 'displayName': 'Minuman', 'description': '', 'taxonomy': 2, 'parentKey': ''}, {'key': 'tenants/gofood/tags/CUISINE_SNACKS_JAJANAN', 'tenantUid': 'gofood', 'uid': 'CUISINE_SNACKS_JAJANAN', 'displayName': 'Jajanan', 'description': '', 'taxonomy': 2, 'parentKey': ''}, {'key': 'tenants/gofood/tags/CUISINE_SWEETS_DESSERTS', 'tenantUid': 'gofood', 'uid': 'CUISINE_SWEETS_DESSERTS', 'displayName': 'Sweets', 'description': '', 'taxonomy': 2, 'parentKey': ''}]","Naga, Jalan R.E. Martadinata, Cikarang, Kabupaten Bekasi, Jawa Barat, Jawa, 17383, Indonesia"
"Pecel Lele Mas Jono, Jatisampurna","{'average': 4.7, 'total': 0}",2,"[{'key': 'tenants/gofood/tags/CUISINE_ANEKA_AYAM_BEBEK', 'tenantUid': 'gofood', 'uid': 'CUISINE_ANEKA_AYAM_BEBEK', 'displayName': 'Ayam & bebek', 'description': '', 'taxonomy': 2, 'parentKey': ''}, {'key': 'tenants/gofood/tags/CUISINE_MINUMAN', 'tenantUid': 'gofood', 'uid': 'CUISINE_MINUMAN', 'displayName': 'Minuman', 'description': '', 'taxonomy': 2, 'parentKey': ''}, {'key': 'tenants/gofood/tags/CUISINE_FASTFOOD', 'tenantUid': 'gofood', 'uid': 'CUISINE_FASTFOOD', 'displayName': 'Cepat saji', 'description': '', 'taxonomy': 2, 'parentKey': ''}]","Kota Bekasi, Jawa Barat, Jawa, 17435, Indonesia"
"McDonald's, Lippo Cikarang","{'average': 4.7, 'total': 0}",3,"[{'key': 'tenants/gofood/tags/CUISINE_FASTFOOD', 'tenantUid': 'gofood', 'uid': 'CUISINE_FASTFOOD', 'displayName': 'Cepat saji', 'description': '', 'taxonomy': 2, 'parentKey': ''}, {'key': 'tenants/gofood/tags/CUISINE_SWEETS_DESSERTS', 'tenantUid': 'gofood', 'uid': 'CUISINE_SWEETS_DESSERTS', 'displayName': 'Sweets', 'description': '', 'taxonomy': 2, 'parentKey': ''}, {'key': 'tenants/gofood/tags/CUISINE_SNACKS_JAJANAN', 'tenantUid': 'gofood', 'uid': 'CUISINE_SNACKS_JAJANAN', 'displayName': 'Jajanan', 'description': '', 'taxonomy': 2, 'parentKey': ''}]","Jalan Mohammad Husni Thamrin, Lippo Cikarang, Sukaresmi, Kabupaten Bekasi, Jawa Barat, Jawa, 17550, Indonesia"
"Sushi Yay, Transyogi Cibubur","{'average': 4.7, 'total': 0}",3,"[{'key': 'tenants/gofood/tags/CUISINE_JAPANESE', 'tenantUid': 'gofood', 'uid': 'CUISINE_JAPANESE', 'displayName': 'Jepang', 'description': '', 'taxonomy': 2, 'parentKey': ''}, {'key': 'tenants/gofood/tags/CUISINE_ANEKA_NASI', 'tenantUid': 'gofood', 'uid': 'CUISINE_ANEKA_NASI', 'displayName': 'Aneka nasi', 'description': '', 'taxonomy': 2, 'parentKey': ''}, {'key': 'tenants/gofood/tags/CUISINE_FASTFOOD', 'tenantUid': 'gofood', 'uid': 'CUISINE_FASTFOOD', 'displayName': 'Cepat saji', 'description': '', 'taxonomy': 2, 'parentKey': ''}, {'key': 'tenants/gofood/tags/CUISINE_ANEKA_AYAM_BEBEK', 'tenantUid': 'gofood', 'uid': 'CUISINE_ANEKA_AYAM_BEBEK', 'displayName': 'Ayam & bebek', 'description': '', 'taxonomy': 2, 'parentKey': ''}]","Jalan Wijaya Kusuma, Kota Bekasi, Jawa Barat, Jawa, 17435, Indonesia"
"Richeese Factory, Lippo Cikarang","{'average': 4.7, 'total': 0}",3,"[{'key': 'tenants/gofood/tags/CUISINE_FASTFOOD', 'tenantUid': 'gofood', 'uid': 'CUISINE_FASTFOOD', 'displayName': 'Cepat saji', 'description': '', 'taxonomy': 2, 'parentKey': ''}, {'key': 'tenants/gofood/tags/CUISINE_ANEKA_AYAM_BEBEK', 'tenantUid': 'gofood', 'uid': 'CUISINE_ANEKA_AYAM_BEBEK', 'displayName': 'Ayam & bebek', 'description': '', 'taxonomy': 2, 'parentKey': ''}, {'key': 'tenants/gofood/tags/CUISINE_ANEKA_NASI', 'tenantUid': 'gofood', 'uid': 'CUISINE_ANEKA_NASI', 'displayName': 'Aneka nasi', 'description': '', 'taxonomy': 2, 'parentKey': ''}]","Jalan Mohammad Husni Thamrin, Lippo Cikarang, Sukaresmi, Kabupaten Bekasi, Jawa Barat, Jawa, 17550, Indonesia"
"Mie Gacoan, Cibubur","{'average': 4.7, 'total': 0}",1,"[{'key': 'tenants/gofood/tags/CUISINE_BAKMIE', 'tenantUid': 'gofood', 'uid': 'CUISINE_BAKMIE', 'displayName': 'Bakmie', 'description': '', 'taxonomy': 2, 'parentKey': ''}, {'key': 'tenants/gofood/tags/CUISINE_SNACKS_JAJANAN', 'tenantUid': 'gofood', 'uid': 'CUISINE_SNACKS_JAJANAN', 'displayName': 'Jajanan', 'description': '', 'taxonomy': 2, 'parentKey': ''}]","Jalan Transyogi, Kota Bekasi, Jawa Barat, Jawa, 17435, Indonesia"
"Sarimande Metropolitan (Padang), Cibubur","{'average': 4.7, 'total': 0}",2,"[{'key': 'tenants/gofood/tags/CUISINE_ANEKA_NASI', 'tenantUid': 'gofood', 'uid': 'CUISINE_ANEKA_NASI', 'displayName': 'Aneka nasi', 'description': '', 'taxonomy': 2, 'parentKey': ''}]","RM Sarimande Metropolitan, Jalan Transyogi, Harjamukti, Kota Bekasi, Bogor, Jawa Barat, Jawa, 17435, Indonesia"
"KFC, Plaza Cibubur","{'average': 4.8, 'total': 0}",3,"[{'key': 'tenants/gofood/tags/CUISINE_FASTFOOD', 'tenantUid': 'gofood', 'uid': 'CUISINE_FASTFOOD', 'displayName': 'Cepat saji', 'description': '', 'taxonomy': 2, 'parentKey': ''}]","Jalan Transyogi, Harjamukti, Kota Bekasi, Bogor, Jawa Barat, Jawa, 17435, Indonesia"
"McDonald's, Plaza Cibubur","{'average': 4.7, 'total': 0}",3,"[{'key': 'tenants/gofood/tags/CUISINE_FASTFOOD', 'tenantUid': 'gofood', 'uid': 'CUISINE_FASTFOOD', 'displayName': 'Cepat saji', 'description': '', 'taxonomy': 2, 'parentKey': ''}, {'key': 'tenants/gofood/tags/CUISINE_SWEETS_DESSERTS', 'tenantUid': 'gofood', 'uid': 'CUISINE_SWEETS_DESSERTS', 'displayName': 'Sweets', 'description': '', 'taxonomy': 2, 'parentKey': ''}, {'key': 'tenants/gofood/tags/CUISINE_SNACKS_JAJANAN', 'tenantUid': 'gofood', 'uid': 'CUISINE_SNACKS_JAJANAN', 'displayName': 'Jajanan', 'description': '', 'taxonomy': 2, 'parentKey': ''}]","Jalan Transyogi, Harjamukti, Kota Bekasi, Bogor, Jawa Barat, Jawa, 17435, Indonesia"
MIXUE ALTERNATIF CIBUBUR,"{'average': 4.7, 'total': 0}",2,"[{'key': 'tenants/gofood/tags/CUISINE_MINUMAN', 'tenantUid': 'gofood', 'uid': 'CUISINE_MINUMAN', 'displayName': 'Minuman', 'description': '', 'taxonomy': 2, 'parentKey': ''}, {'key': 'tenants/gofood/tags/CUISINE_SWEETS_DESSERTS', 'tenantUid': 'gofood', 'uid': 'CUISINE_SWEETS_DESSERTS', 'displayName': 'Sweets', 'description': '', 'taxonomy': 2, 'parentKey': ''}, {'key': 'tenants/gofood/tags/CUISINE_SNACKS_JAJANAN', 'tenantUid': 'gofood', 'uid': 'CUISINE_SNACKS_JAJANAN', 'displayName': 'Jajanan', 'description': '', 'taxonomy': 2, 'parentKey': ''}]","Jalan Transyogi, Kota Bekasi, Jawa Barat, Jawa, 17435, Indonesia"
"Domino's Pizza, Citywalk Cikarang","{'average': 4.7, 'total': 0}",3,"[{'key': 'tenants/gofood/tags/CUISINE_PIZZA_PASTA', 'tenantUid': 'gofood', 'uid': 'CUISINE_PIZZA_PASTA', 'displayName': 'Pizza & pasta', 'description': '', 'taxonomy': 2, 'parentKey': ''}, {'key': 'tenants/gofood/tags/CUISINE_FASTFOOD', 'tenantUid': 'gofood', 'uid': 'CUISINE_FASTFOOD', 'displayName': 'Cepat saji', 'description': '', 'taxonomy': 2, 'parentKey': ''}, {'key': 'tenants/gofood/tags/CUISINE_SNACKS_JAJANAN', 'tenantUid': 'gofood', 'uid': 'CUISINE_SNACKS_JAJANAN', 'displayName': 'Jajanan', 'description': '', 'taxonomy': 2, 'parentKey': ''}]","CityWalk, Jalan Mohammad Husni Thamrin, Lippo Cikarang, Sukaresmi, Kabupaten Bekasi, Jawa Barat, Jawa, 17550, Indonesia"
"Solaria, Plaza Cibubur","{'average': 4.7, 'total': 0}",3,"[{'key': 'tenants/gofood/tags/CUISINE_ANEKA_NASI', 'tenantUid': 'gofood', 'uid': 'CUISINE_ANEKA_NASI', 'displayName': 'Aneka nasi', 'description': '', 'taxonomy': 2, 'parentKey': ''}]","Plaza Cibubur, Jalan Kalimanggis, Kota Bekasi, Jawa Barat, Jawa, 17433, Indonesia"
"HokBen, Plasa Cibubur","{'average': 4.8, 'total': 0}",3,"[{'key': 'tenants/gofood/tags/CUISINE_FASTFOOD', 'tenantUid': 'gofood', 'uid': 'CUISINE_FASTFOOD', 'displayName': 'Cepat saji', 'description': '', 'taxonomy': 2, 'parentKey': ''}, {'key': 'tenants/gofood/tags/CUISINE_JAPANESE', 'tenantUid': 'gofood', 'uid': 'CUISINE_JAPANESE', 'displayName': 'Jepang', 'description': '', 'taxonomy': 2, 'parentKey': ''}]","Plaza Cibubur, Jalan Kalimanggis, Kota Bekasi, Jawa Barat, Jawa, 17433, Indonesia"
"Solaria, Mall Ciputra Citra Grand","{'average': 4.7, 'total': 0}",3,"[{'key': 'tenants/gofood/tags/CUISINE_CHINESE', 'tenantUid': 'gofood', 'uid': 'CUISINE_CHINESE', 'displayName': 'Chinese', 'description': '', 'taxonomy': 2, 'parentKey': ''}, {'key': 'tenants/gofood/tags/CUISINE_ANEKA_NASI', 'tenantUid': 'gofood', 'uid': 'CUISINE_ANEKA_NASI', 'displayName': 'Aneka nasi', 'description': '', 'taxonomy': 2, 'parentKey': ''}]","Jalan Tol Cimanggis–Cibitung, CitraGrand Cibubur CBD, Kota Bekasi, Gunung Putri, Bogor, Jawa Barat, Jawa, 17435, Indonesia"
"Bakmi GM, Mall Ciputra","{'average': 4.7, 'total': 0}",3,"[{'key': 'tenants/gofood/tags/CUISINE_BAKMIE', 'tenantUid': 'gofood', 'uid': 'CUISINE_BAKMIE', 'displayName': 'Bakmie', 'description': '', 'taxonomy': 2, 'parentKey': ''}, {'key': 'tenants/gofood/tags/CUISINE_ANEKA_NASI', 'tenantUid': 'gofood', 'uid': 'CUISINE_ANEKA_NASI', 'displayName': 'Aneka nasi', 'description': '', 'taxonomy': 2, 'parentKey': ''}, {'key': 'tenants/gofood/tags/CUISINE_CHINESE', 'tenantUid': 'gofood', 'uid': 'CUISINE_CHINESE', 'displayName': 'Chinese', 'description': '', 'taxonomy': 2, 'parentKey': ''}]","Blok A6/1-5, Kota Bekasi, Jawa Barat, Jawa, 17435, Indonesia"
"Pizza Hut Delivery - PHD, Cikarang","{'average': 4.6, 'total': 0}",3,"[{'key': 'tenants/gofood/tags/CUISINE_PIZZA_PASTA', 'tenantUid': 'gofood', 'uid': 'CUISINE_PIZZA_PASTA', 'displayName': 'Pizza & pasta', 'description': '', 'taxonomy': 2, 'parentKey': ''}, {'key': 'tenants/gofood/tags/CUISINE_FASTFOOD', 'tenantUid': 'gofood', 'uid': 'CUISINE_FASTFOOD', 'displayName': 'Cepat saji', 'description': '', 'taxonomy': 2, 'parentKey': ''}, {'key': 'tenants/gofood/tags/CUISINE_SNACKS_JAJANAN', 'tenantUid': 'gofood', 'uid': 'CUISINE_SNACKS_JAJANAN', 'displayName': 'Jajanan', 'description': '', 'taxonomy': 2, 'parentKey': ''}, {'key': 'tenants/gofood/tags/CUISINE_BURGER_SANDWICH_STEAK', 'tenantUid': 'gofood', 'uid': 'CUISINE_BURGER_SANDWICH_STEAK', 'displayName': 'Barat', 'description': '', 'taxonomy': 2, 'parentKey': ''}, {'key': 'tenants/gofood/tags/CUISINE_ANEKA_AYAM_BEBEK', 'tenantUid': 'gofood', 'uid': 'CUISINE_ANEKA_AYAM_BEBEK', 'displayName': 'Ayam & bebek', 'description': '', 'taxonomy': 2, 'parentKey': ''}]","Jalan Raya Cibarusah, Ciantra, Kabupaten Bekasi, Jawa Barat, Jawa, 17550, Indonesia"
"HokBen Kitchen, Cifest","{'average': 4.7, 'total': 0}",3,"[{'key': 'tenants/gofood/tags/CUISINE_JAPANESE', 'tenantUid': 'gofood', 'uid': 'CUISINE_JAPANESE', 'displayName': 'Jepang', 'description': '', 'taxonomy': 2, 'parentKey': ''}]","Jalan Cifest Raya, Ciantra, Kabupaten Bekasi, Jawa Barat, Jawa, 17550, Indonesia"
"KFC, Lippo Thamrin Cikarang","{'average': 4.7, 'total': 0}",2,"[{'key': 'tenants/gofood/tags/CUISINE_FASTFOOD', 'tenantUid': 'gofood', 'uid': 'CUISINE_FASTFOOD', 'displayName': 'Cepat saji', 'description': '', 'taxonomy': 2, 'parentKey': ''}]","SPBU 10054230, 112, Jalan Mohammad Husni Thamrin, Lippo Cikarang, Sukaresmi, Kabupaten Bekasi, Jawa Barat, Jawa, 17550, Indonesia"
"Burger King, Lippo Cikarang","{'average': 4.7, 'total': 0}",2,"[{'key': 'tenants/gofood/tags/CUISINE_FASTFOOD', 'tenantUid': 'gofood', 'uid': 'CUISINE_FASTFOOD', 'displayName': 'Cepat saji', 'description': '', 'taxonomy': 2, 'parentKey': ''}, {'key': 'tenants/gofood/tags/CUISINE_ANEKA_NASI', 'tenantUid': 'gofood', 'uid': 'CUISINE_ANEKA_NASI', 'displayName': 'Aneka nasi', 'description': '', 'taxonomy': 2, 'parentKey': ''}, {'key': 'tenants/gofood/tags/CUISINE_SNACKS_JAJANAN', 'tenantUid': 'gofood', 'uid': 'CUISINE_SNACKS_JAJANAN', 'displayName': 'Jajanan', 'description': '', 'taxonomy': 2, 'parentKey': ''}, {'key': 'tenants/gofood/tags/CUISINE_ANEKA_AYAM_BEBEK', 'tenantUid': 'gofood', 'uid': 'CUISINE_ANEKA_AYAM_BEBEK', 'displayName': 'Ayam & bebek', 'description': '', 'taxonomy': 2, 'parentKey': ''}]","SPBU 10054230, 112, Jalan Mohammad Husni Thamrin, Lippo Cikarang, Sukaresmi, Kabupaten Bekasi, Jawa Barat, Jawa, 17550, Indonesia"
"Kopi Kenangan, Ruko Cikarang Festival","{'average': 4.8, 'total': 0}",2,"[{'key': 'tenants/gofood/tags/CUISINE_COFFEE_SHOP', 'tenantUid': 'gofood', 'uid': 'CUISINE_COFFEE_SHOP', 'displayName': 'Kopi', 'description': '', 'taxonomy': 2, 'parentKey': ''}, {'key': 'tenants/gofood/tags/CUISINE_MINUMAN', 'tenantUid': 'gofood', 'uid': 'CUISINE_MINUMAN', 'displayName': 'Minuman', 'description': '', 'taxonomy': 2, 'parentKey': ''}, {'key': 'tenants/gofood/tags/CUISINE_SNACKS_JAJANAN', 'tenantUid': 'gofood', 'uid': 'CUISINE_SNACKS_JAJANAN', 'displayName': 'Jajanan', 'description': '', 'taxonomy': 2, 'parentKey': ''}, {'key': 'tenants/gofood/tags/CUISINE_SWEETS_DESSERTS', 'tenantUid': 'gofood', 'uid': 'CUISINE_SWEETS_DESSERTS', 'displayName': 'Sweets', 'description': '', 'taxonomy': 2, 'parentKey': ''}]","Ciantra, Kabupaten Bekasi, Jawa Barat, Jawa, 17550, Indonesia"
"Bittersweet By Najla, Cibubur","{'average': 4.8, 'total': 0}",3,"[{'key': 'tenants/gofood/tags/CUISINE_SWEETS_DESSERTS', 'tenantUid': 'gofood', 'uid': 'CUISINE_SWEETS_DESSERTS', 'displayName': 'Sweets', 'description': '', 'taxonomy': 2, 'parentKey': ''}, {'key': 'tenants/gofood/tags/CUISINE_SNACKS_JAJANAN', 'tenantUid': 'gofood', 'uid': 'CUISINE_SNACKS_JAJANAN', 'displayName': 'Jajanan', 'description': '', 'taxonomy': 2, 'parentKey': ''}]","Kota Bekasi, Jawa Barat, Jawa, 17433, Indonesia"
"Mie Gacoan, Cikarang","{'average': 4.7, 'total': 0}",1,"[{'key': 'tenants/gofood/tags/CUISINE_BAKMIE', 'tenantUid': 'gofood', 'uid': 'CUISINE_BAKMIE', 'displayName': 'Bakmie', 'description': '', 'taxonomy': 2, 'parentKey': ''}, {'key': 'tenants/gofood/tags/CUISINE_FASTFOOD', 'tenantUid': 'gofood', 'uid': 'CUISINE_FASTFOOD', 'displayName': 'Cepat saji', 'description': '', 'taxonomy': 2, 'parentKey': ''}]","Jalan Bekasi Raya, Lippo Cikarang, Sukaresmi, Kabupaten Bekasi, Jawa Barat, Jawa, 17550, Indonesia"
"Domino's Pizza, Jababeka 2","{'average': 4.7, 'total': 0}",3,"[{'key': 'tenants/gofood/tags/CUISINE_PIZZA_PASTA', 'tenantUid': 'gofood', 'uid': 'CUISINE_PIZZA_PASTA', 'displayName': 'Pizza & pasta', 'description': '', 'taxonomy': 2, 'parentKey': ''}, {'key': 'tenants/gofood/tags/CUISINE_FASTFOOD', 'tenantUid': 'gofood', 'uid': 'CUISINE_FASTFOOD', 'displayName': 'Cepat saji', 'description': '', 'taxonomy': 2, 'parentKey': ''}, {'key': 'tenants/gofood/tags/CUISINE_SNACKS_JAJANAN', 'tenantUid': 'gofood', 'uid': 'CUISINE_SNACKS_JAJANAN', 'displayName': 'Jajanan', 'description': '', 'taxonomy': 2, 'parentKey': ''}]","Jalan Raya Cibarusah, Jababeka, Mekarmukti, Kabupaten Bekasi, Jawa Barat, Jawa, 17530, Indonesia"
"Richeese Factory, Plaza Jababeka","{'average': 4.7, 'total': 0}",3,"[{'key': 'tenants/gofood/tags/CUISINE_ANEKA_AYAM_BEBEK', 'tenantUid': 'gofood', 'uid': 'CUISINE_ANEKA_AYAM_BEBEK', 'displayName': 'Ayam & bebek', 'description': '', 'taxonomy': 2, 'parentKey': ''}, {'key': 'tenants/gofood/tags/CUISINE_FASTFOOD', 'tenantUid': 'gofood', 'uid': 'CUISINE_FASTFOOD', 'displayName': 'Cepat saji', 'description': '', 'taxonomy': 2, 'parentKey': ''}, {'key': 'tenants/gofood/tags/CUISINE_KOREAN', 'tenantUid': 'gofood', 'uid': 'CUISINE_KOREAN', 'displayName': 'Korea', 'description': '', 'taxonomy': 2, 'parentKey': ''}]","Plaza Jababeka, Jalan Industri Utara 1, Jababeka, Mekarmukti, Kabupaten Bekasi, Jawa Barat, Jawa, 17530, Indonesia"
"Solaria, Living Plaza Jababeka","{'average': 4.7, 'total': 0}",3,"[{'key': 'tenants/gofood/tags/CUISINE_ANEKA_NASI', 'tenantUid': 'gofood', 'uid': 'CUISINE_ANEKA_NASI', 'displayName': 'Aneka nasi', 'description': '', 'taxonomy': 2, 'parentKey': ''}, {'key': 'tenants/gofood/tags/CUISINE_ANEKA_AYAM_BEBEK', 'tenantUid': 'gofood', 'uid': 'CUISINE_ANEKA_AYAM_BEBEK', 'displayName': 'Ayam & bebek', 'description': '', 'taxonomy': 2, 'parentKey': ''}]","Jalan Niaga Raya, Jababeka, Pasirsari, Kabupaten Bekasi, Jawa Barat, Jawa, 17530, Indonesia"
"McDonald's, Jababeka 2 Cikarang","{'average': 4.7, 'total': 0}",3,"[{'key': 'tenants/gofood/tags/CUISINE_FASTFOOD', 'tenantUid': 'gofood', 'uid': 'CUISINE_FASTFOOD', 'displayName': 'Cepat saji', 'description': '', 'taxonomy': 2, 'parentKey': ''}, {'key': 'tenants/gofood/tags/CUISINE_SWEETS_DESSERTS', 'tenantUid': 'gofood', 'uid': 'CUISINE_SWEETS_DESSERTS', 'displayName': 'Sweets', 'description': '', 'taxonomy': 2, 'parentKey': ''}, {'key': 'tenants/gofood/tags/CUISINE_SNACKS_JAJANAN', 'tenantUid': 'gofood', 'uid': 'CUISINE_SNACKS_JAJANAN', 'displayName': 'Jajanan', 'description': '', 'taxonomy': 2, 'parentKey': ''}]","McDonald's, Jalan Niaga Raya, Jababeka, Pasirsari, Kabupaten Bekasi, Jawa Barat, Jawa, 17530, Indonesia"
"HokBen, Lippo Cikarang","{'average': 4.8, 'total': 0}",3,"[{'key': 'tenants/gofood/tags/CUISINE_FASTFOOD', 'tenantUid': 'gofood', 'uid': 'CUISINE_FASTFOOD', 'displayName': 'Cepat saji', 'description': '', 'taxonomy': 2, 'parentKey': ''}]","Mal Lippo Cikarang, Jalan Daha, Lippo Cikarang, Sukaresmi, Kabupaten Bekasi, Jawa Barat, Jawa, 17550, Indonesia"
"Sop Iga Dapur Mama 2, Cikarang","{'average': 4.7, 'total': 0}",2,"[{'key': 'tenants/gofood/tags/CUISINE_ANEKA_NASI', 'tenantUid': 'gofood', 'uid': 'CUISINE_ANEKA_NASI', 'displayName': 'Aneka nasi', 'description': '', 'taxonomy': 2, 'parentKey': ''}, {'key': 'tenants/gofood/tags/CUISINE_SOTO_BAKSO_SOP', 'tenantUid': 'gofood', 'uid': 'CUISINE_SOTO_BAKSO_SOP', 'displayName': 'Bakso & soto', 'description': '', 'taxonomy': 2, 'parentKey': ''}]","Jalan Kedasih Raya, Jababeka, Pasirsari, Kabupaten Bekasi, Jawa Barat, Jawa, 17530, Indonesia"
"Esteh Indonesia, Jababeka Cikarang","{'average': 4.8, 'total': 0}",2,"[{'key': 'tenants/gofood/tags/CUISINE_MINUMAN', 'tenantUid': 'gofood', 'uid': 'CUISINE_MINUMAN', 'displayName': 'Minuman', 'description': '', 'taxonomy': 2, 'parentKey': ''}]","Jalan Kedasih Raya, Jababeka, Pasirsari, Kabupaten Bekasi, Jawa Barat, Jawa, 17530, Indonesia"
"Chinese Food ""88"", Sentra Niaga Kalimalang","{'average': 4.7, 'total': 0}",3,"[{'key': 'tenants/gofood/tags/CUISINE_ANEKA_NASI', 'tenantUid': 'gofood', 'uid': 'CUISINE_ANEKA_NASI', 'displayName': 'Aneka nasi', 'description': '', 'taxonomy': 2, 'parentKey': ''}, {'key': 'tenants/gofood/tags/CUISINE_CHINESE', 'tenantUid': 'gofood', 'uid': 'CUISINE_CHINESE', 'displayName': 'Chinese', 'description': '', 'taxonomy': 2, 'parentKey': ''}, {'key': 'tenants/gofood/tags/CUISINE_SEAFOOD', 'tenantUid': 'gofood', 'uid': 'CUISINE_SEAFOOD', 'displayName': 'Seafood', 'description': '', 'taxonomy': 2, 'parentKey': ''}]","PT. JASA KONSULTAN KEUANGAN, Jl, Jalan Ahmad Yani, Kayuringinjaya, Kota Bekasi, Jawa Barat, Jawa, 17144, Indonesia"
"Mie Ayam Bangka Ciremai, Bekasi Selatan","{'average': 4.5, 'total': 0}",2,"[{'key': 'tenants/gofood/tags/CUISINE_BAKMIE', 'tenantUid': 'gofood', 'uid': 'CUISINE_BAKMIE', 'displayName': 'Bakmie', 'description': '', 'taxonomy': 2, 'parentKey': ''}]","Jalan Kemakmuran, Kayuringinjaya, Kota Bekasi, Jawa Barat, Jawa, 17141, Indonesia"
"RM. Barito Minang, Bekasi","{'average': 4.2, 'total': 0}",2,"[{'key': 'tenants/gofood/tags/CUISINE_ANEKA_NASI', 'tenantUid': 'gofood', 'uid': 'CUISINE_ANEKA_NASI', 'displayName': 'Aneka nasi', 'description': '', 'taxonomy': 2, 'parentKey': ''}]","Gang Haji Ukar. AB, Kayuringinjaya, Kota Bekasi, Jawa Barat, Jawa, 17141, Indonesia"
"Ayam Penyet Sambal Ijo Sep'to Bledar Bleder, Bekasi Selatan","{'average': 4.7, 'total': 0}",2,"[{'key': 'tenants/gofood/tags/CUISINE_ANEKA_AYAM_BEBEK', 'tenantUid': 'gofood', 'uid': 'CUISINE_ANEKA_AYAM_BEBEK', 'displayName': 'Ayam & bebek', 'description': '', 'taxonomy': 2, 'parentKey': ''}]","Jalan Jati Raya, Kranji, Kayuringinjaya, Kota Bekasi, Jawa Barat, Jawa, 17144, Indonesia"
"Sate Madura Cak Andi, Bekasi Selatan","{'average': 4.7, 'total': 0}",2,"[{'key': 'tenants/gofood/tags/CUISINE_SATE', 'tenantUid': 'gofood', 'uid': 'CUISINE_SATE', 'displayName': 'Sate', 'description': '', 'taxonomy': 2, 'parentKey': ''}]","Jalan Kemakmuran, Kayuringinjaya, Kota Bekasi, Jawa Barat, Jawa, 17141, Indonesia"
"Ayam Gepuk Pak Gembus, Kemakmuran Bekasi","{'average': 4.6, 'total': 0}",2,"[{'key': 'tenants/gofood/tags/CUISINE_ANEKA_NASI', 'tenantUid': 'gofood', 'uid': 'CUISINE_ANEKA_NASI', 'displayName': 'Aneka nasi', 'description': '', 'taxonomy': 2, 'parentKey': ''}, {'key': 'tenants/gofood/tags/CUISINE_ANEKA_AYAM_BEBEK', 'tenantUid': 'gofood', 'uid': 'CUISINE_ANEKA_AYAM_BEBEK', 'displayName': 'Ayam & bebek', 'description': '', 'taxonomy': 2, 'parentKey': ''}]","Jalan Kemakmuran, Kayuringinjaya, Kota Bekasi, Jawa Barat, Jawa, 17141, Indonesia"
"Dcika Cakes & Bakery, Stasiun Bekasi","{'average': 4.4, 'total': 0}",3,"[{'key': 'tenants/gofood/tags/CUISINE_ROTI', 'tenantUid': 'gofood', 'uid': 'CUISINE_ROTI', 'displayName': 'Roti', 'description': '', 'taxonomy': 2, 'parentKey': ''}, {'key': 'tenants/gofood/tags/CUISINE_SWEETS_DESSERTS', 'tenantUid': 'gofood', 'uid': 'CUISINE_SWEETS_DESSERTS', 'displayName': 'Sweets', 'description': '', 'taxonomy': 2, 'parentKey': ''}, {'key': 'tenants/gofood/tags/CUISINE_SNACKS_JAJANAN', 'tenantUid': 'gofood', 'uid': 'CUISINE_SNACKS_JAJANAN', 'displayName': 'Jajanan', 'description': '', 'taxonomy': 2, 'parentKey': ''}]","Minimarket Pintu Air 2 Marga Mulya, Jalan Insinyur Haji Juanda, Kayuringinjaya, Kota Bekasi, Jawa Barat, Jawa, 17141, Indonesia"
"Pempek Palembang Gaby, Stasiun Bekasi","{'average': 4.6, 'total': 0}",2,"[{'key': 'tenants/gofood/tags/CUISINE_SNACKS_JAJANAN', 'tenantUid': 'gofood', 'uid': 'CUISINE_SNACKS_JAJANAN', 'displayName': 'Jajanan', 'description': '', 'taxonomy': 2, 'parentKey': ''}]","Gang Haji Anom, Kayuringinjaya, Kota Bekasi, Jawa Barat, Jawa, 17141, Indonesia"
"Nam Thai Tea, Bekasi Utara","{'average': 0, 'total': 0}",1,"[{'key': 'tenants/gofood/tags/CUISINE_MINUMAN', 'tenantUid': 'gofood', 'uid': 'CUISINE_MINUMAN', 'displayName': 'Minuman', 'description': '', 'taxonomy': 2, 'parentKey': ''}]","Kopi Kenangan x Cerita Roti - Dapur Kitchen Bekasi, Jalan Perjuangan, Bekasi Jaya, Kota Bekasi, Jawa Barat, Jawa, 17142, Indonesia"
Warung Eco,"{'average': 0, 'total': 0}",0,"[{'key': 'tenants/gofood/tags/CUISINE_ANEKA_NASI', 'tenantUid': 'gofood', 'uid': 'CUISINE_ANEKA_NASI', 'displayName': 'Aneka nasi', 'description': '', 'taxonomy': 2, 'parentKey': ''}]","Indomaret, Jalan Bulevar Selatan, Summarecon Bekasi, Kota Bekasi, Jawa Barat, Jawa, 17142, Indonesia"
"Nasi Pecel Khas Kediri Ibu Rafy, Pasar Modern Sinpasa","{'average': 4.8, 'total': 0}",1,"[{'key': 'tenants/gofood/tags/CUISINE_ANEKA_NASI', 'tenantUid': 'gofood', 'uid': 'CUISINE_ANEKA_NASI', 'displayName': 'Aneka nasi', 'description': '', 'taxonomy': 2, 'parentKey': ''}]","Indomaret, Jalan Bulevar Selatan, Summarecon Bekasi, Kota Bekasi, Jawa Barat, Jawa, 17142, Indonesia"
"McDonald's, Summarecon Bekasi","{'average': 4.8, 'total': 0}",3,"[{'key': 'tenants/gofood/tags/CUISINE_FASTFOOD', 'tenantUid': 'gofood', 'uid': 'CUISINE_FASTFOOD', 'displayName': 'Cepat saji', 'description': '', 'taxonomy': 2, 'parentKey': ''}, {'key': 'tenants/gofood/tags/CUISINE_SWEETS_DESSERTS', 'tenantUid': 'gofood', 'uid': 'CUISINE_SWEETS_DESSERTS', 'displayName': 'Sweets', 'description': '', 'taxonomy': 2, 'parentKey': ''}, {'key': 'tenants/gofood/tags/CUISINE_SNACKS_JAJANAN', 'tenantUid': 'gofood', 'uid': 'CUISINE_SNACKS_JAJANAN', 'displayName': 'Jajanan', 'description': '', 'taxonomy': 2, 'parentKey': ''}]","McDonald's, Jalan Bulevar Selatan, Summarecon Bekasi, Kota Bekasi, Jawa Barat, Jawa, 17142, Indonesia"
"RM Bude Zenkhori, Kantor Desa Lambang Sari","{'average': 4.8, 'total': 0}",2,"[{'key': 'tenants/gofood/tags/CUISINE_ANEKA_AYAM_BEBEK', 'tenantUid': 'gofood', 'uid': 'CUISINE_ANEKA_AYAM_BEBEK', 'displayName': 'Ayam & bebek', 'description': '', 'taxonomy': 2, 'parentKey': ''}, {'key': 'tenants/gofood/tags/CUISINE_ANEKA_NASI', 'tenantUid': 'gofood', 'uid': 'CUISINE_ANEKA_NASI', 'displayName': 'Aneka nasi', 'description': '', 'taxonomy': 2, 'parentKey': ''}]","Jalan Mustikajaya, Dukuh Bima, Lambangsari, Kabupaten Bekasi, Jawa Barat, Jawa, 17158, Indonesia"
"Soto Kudus Kartini, Dirgantara Jatisari","{'average': 4.3, 'total': 0}",1,"[{'key': 'tenants/gofood/tags/CUISINE_ANEKA_AYAM_BEBEK', 'tenantUid': 'gofood', 'uid': 'CUISINE_ANEKA_AYAM_BEBEK', 'displayName': 'Ayam & bebek', 'description': '', 'taxonomy': 2, 'parentKey': ''}, {'key': 'tenants/gofood/tags/CUISINE_SOTO_BAKSO_SOP', 'tenantUid': 'gofood', 'uid': 'CUISINE_SOTO_BAKSO_SOP', 'displayName': 'Bakso & soto', 'description': '', 'taxonomy': 2, 'parentKey': ''}, {'key': 'tenants/gofood/tags/CUISINE_SNACKS_JAJANAN', 'tenantUid': 'gofood', 'uid': 'CUISINE_SNACKS_JAJANAN', 'displayName': 'Jajanan', 'description': '', 'taxonomy': 2, 'parentKey': ''}]","Jalan Sirojul Munir, Komplek PKPU, Jatiluhur, Kota Bekasi, Jawa Barat, Jawa, 16969, Indonesia"
"Cilok Rumpi, Green Park Cotton Wood 5","{'average': 4.4, 'total': 0}",1,"[{'key': 'tenants/gofood/tags/CUISINE_SNACKS_JAJANAN', 'tenantUid': 'gofood', 'uid': 'CUISINE_SNACKS_JAJANAN', 'displayName': 'Jajanan', 'description': '', 'taxonomy': 2, 'parentKey': ''}, {'key': 'tenants/gofood/tags/CUISINE_SWEETS_DESSERTS', 'tenantUid': 'gofood', 'uid': 'CUISINE_SWEETS_DESSERTS', 'displayName': 'Sweets', 'description': '', 'taxonomy': 2, 'parentKey': ''}]","Green Park Residence, Jatiwarna, Kota Bekasi, Jawa Barat, Jawa, 17415, Indonesia"
"Salero Raso, Narogong","{'average': 4.7, 'total': 0}",2,"[{'key': 'tenants/gofood/tags/CUISINE_ANEKA_NASI', 'tenantUid': 'gofood', 'uid': 'CUISINE_ANEKA_NASI', 'displayName': 'Aneka nasi', 'description': '', 'taxonomy': 2, 'parentKey': ''}, {'key': 'tenants/gofood/tags/CUISINE_ANEKA_AYAM_BEBEK', 'tenantUid': 'gofood', 'uid': 'CUISINE_ANEKA_AYAM_BEBEK', 'displayName': 'Ayam & bebek', 'description': '', 'taxonomy': 2, 'parentKey': ''}]","Cikiwul, Kota Bekasi, Jawa Barat, Jawa, 17153, Indonesia"
Kedai Resep Oma,"{'average': 4.8, 'total': 0}",2,"[{'key': 'tenants/gofood/tags/CUISINE_ANEKA_AYAM_BEBEK', 'tenantUid': 'gofood', 'uid': 'CUISINE_ANEKA_AYAM_BEBEK', 'displayName': 'Ayam & bebek', 'description': '', 'taxonomy': 2, 'parentKey': ''}, {'key': 'tenants/gofood/tags/CUISINE_MINUMAN', 'tenantUid': 'gofood', 'uid': 'CUISINE_MINUMAN', 'displayName': 'Minuman', 'description': '', 'taxonomy': 2, 'parentKey': ''}, {'key': 'tenants/gofood/tags/CUISINE_ANEKA_NASI', 'tenantUid': 'gofood', 'uid': 'CUISINE_ANEKA_NASI', 'displayName': 'Aneka nasi', 'description': '', 'taxonomy': 2, 'parentKey': ''}]","Green Park Residence, Jatimurni, Kota Bekasi, Jawa Barat, Jawa, 17415, Indonesia"
"Kopi Kila, Jatiwarna","{'average': 4.8, 'total': 0}",2,"[{'key': 'tenants/gofood/tags/CUISINE_COFFEE_SHOP', 'tenantUid': 'gofood', 'uid': 'CUISINE_COFFEE_SHOP', 'displayName': 'Kopi', 'description': '', 'taxonomy': 2, 'parentKey': ''}]","Gang Mawar, Jatiwarna, Kota Bekasi, Jawa Barat, Jawa, 17415, Indonesia"
"Resepnya Eyang, Komplek Bulog","{'average': 4.6, 'total': 0}",3,"[{'key': 'tenants/gofood/tags/CUISINE_SWEETS_DESSERTS', 'tenantUid': 'gofood', 'uid': 'CUISINE_SWEETS_DESSERTS', 'displayName': 'Sweets', 'description': '', 'taxonomy': 2, 'parentKey': ''}]","Jalan Yanatera 4, Green Park Residence, Jatiwarna, Kota Bekasi, Jawa Barat, Jawa, 17415, Indonesia"
"Warkop 1899, 77 Termuda 2","{'average': 4.6, 'total': 0}",1,"[{'key': 'tenants/gofood/tags/CUISINE_SNACKS_JAJANAN', 'tenantUid': 'gofood', 'uid': 'CUISINE_SNACKS_JAJANAN', 'displayName': 'Jajanan', 'description': '', 'taxonomy': 2, 'parentKey': ''}, {'key': 'tenants/gofood/tags/CUISINE_COFFEE_SHOP', 'tenantUid': 'gofood', 'uid': 'CUISINE_COFFEE_SHOP', 'displayName': 'Kopi', 'description': '', 'taxonomy': 2, 'parentKey': ''}]","Jalan Yon Armed, Cikiwul, Kota Bekasi, Jawa Barat, Jawa, 17152, Indonesia"
"Ayam Bakar 69, Jatimurni","{'average': 2.6, 'total': 0}",2,"[{'key': 'tenants/gofood/tags/CUISINE_FASTFOOD', 'tenantUid': 'gofood', 'uid': 'CUISINE_FASTFOOD', 'displayName': 'Cepat saji', 'description': '', 'taxonomy': 2, 'parentKey': ''}, {'key': 'tenants/gofood/tags/CUISINE_ANEKA_AYAM_BEBEK', 'tenantUid': 'gofood', 'uid': 'CUISINE_ANEKA_AYAM_BEBEK', 'displayName': 'Ayam & bebek', 'description': '', 'taxonomy': 2, 'parentKey': ''}, {'key': 'tenants/gofood/tags/CUISINE_BAKMIE', 'tenantUid': 'gofood', 'uid': 'CUISINE_BAKMIE', 'displayName': 'Bakmie', 'description': '', 'taxonomy': 2, 'parentKey': ''}]","Alam Raya 2, Puri Gading, Jatimurni, Kota Bekasi, Jawa Barat, Jawa, 17426, Indonesia"
"Mr. Dimsum & Takoyaki, Jatiasih","{'average': 4.7, 'total': 0}",2,"[{'key': 'tenants/gofood/tags/CUISINE_FASTFOOD', 'tenantUid': 'gofood', 'uid': 'CUISINE_FASTFOOD', 'displayName': 'Cepat saji', 'description': '', 'taxonomy': 2, 'parentKey': ''}, {'key': 'tenants/gofood/tags/CUISINE_SNACKS_JAJANAN', 'tenantUid': 'gofood', 'uid': 'CUISINE_SNACKS_JAJANAN', 'displayName': 'Jajanan', 'description': '', 'taxonomy': 2, 'parentKey': ''}, {'key': 'tenants/gofood/tags/CUISINE_JAPANESE', 'tenantUid': 'gofood', 'uid': 'CUISINE_JAPANESE', 'displayName': 'Jepang', 'description': '', 'taxonomy': 2, 'parentKey': ''}]","Jalan Rinjani III, Komplek BCA, Jatisari, Kota Bekasi, Jawa Barat, Jawa, 17426, Indonesia"
"Ayam Gepuk Pak Gembus, Jatiwarna","{'average': 4.2, 'total': 0}",2,"[{'key': 'tenants/gofood/tags/CUISINE_ANEKA_NASI', 'tenantUid': 'gofood', 'uid': 'CUISINE_ANEKA_NASI', 'displayName': 'Aneka nasi', 'description': '', 'taxonomy': 2, 'parentKey': ''}, {'key': 'tenants/gofood/tags/CUISINE_ANEKA_AYAM_BEBEK', 'tenantUid': 'gofood', 'uid': 'CUISINE_ANEKA_AYAM_BEBEK', 'displayName': 'Ayam & bebek', 'description': '', 'taxonomy': 2, 'parentKey': ''}]","Starbucks, Jalan Kranggan, Jatiwarna, Kota Bekasi, Jawa Barat, Jawa, 17415, Indonesia"
"Soto Betawi Bu Karni, Raya Hankam","{'average': 4.6, 'total': 0}",2,"[{'key': 'tenants/gofood/tags/CUISINE_SOTO_BAKSO_SOP', 'tenantUid': 'gofood', 'uid': 'CUISINE_SOTO_BAKSO_SOP', 'displayName': 'Bakso & soto', 'description': '', 'taxonomy': 2, 'parentKey': ''}, {'key': 'tenants/gofood/tags/CUISINE_ANEKA_NASI', 'tenantUid': 'gofood', 'uid': 'CUISINE_ANEKA_NASI', 'displayName': 'Aneka nasi', 'description': '', 'taxonomy': 2, 'parentKey': ''}, {'key': 'tenants/gofood/tags/CUISINE_FASTFOOD', 'tenantUid': 'gofood', 'uid': 'CUISINE_FASTFOOD', 'displayName': 'Cepat saji', 'description': '', 'taxonomy': 2, 'parentKey': ''}]","Jalan Kranggan, Jatiwarna, Kota Bekasi, Jawa Barat, Jawa, 17415, Indonesia"
Junacake Jatiwarna - pusat oleh oleh lapis talas & brownies,"{'average': 4.4, 'total': 0}",2,"[{'key': 'tenants/gofood/tags/CUISINE_SWEETS_DESSERTS', 'tenantUid': 'gofood', 'uid': 'CUISINE_SWEETS_DESSERTS', 'displayName': 'Sweets', 'description': '', 'taxonomy': 2, 'parentKey': ''}, {'key': 'tenants/gofood/tags/CUISINE_SNACKS_JAJANAN', 'tenantUid': 'gofood', 'uid': 'CUISINE_SNACKS_JAJANAN', 'displayName': 'Jajanan', 'description': '', 'taxonomy': 2, 'parentKey': ''}]","Jalan Kranggan, Jatiwarna, Kota Bekasi, Jawa Barat, Jawa, 17415, Indonesia"
"Ayam Bakar Aghniya, Pondok Melati","{'average': 4.8, 'total': 0}",2,"[{'key': 'tenants/gofood/tags/CUISINE_SNACKS_JAJANAN', 'tenantUid': 'gofood', 'uid': 'CUISINE_SNACKS_JAJANAN', 'displayName': 'Jajanan', 'description': '', 'taxonomy': 2, 'parentKey': ''}, {'key': 'tenants/gofood/tags/CUISINE_ANEKA_AYAM_BEBEK', 'tenantUid': 'gofood', 'uid': 'CUISINE_ANEKA_AYAM_BEBEK', 'displayName': 'Ayam & bebek', 'description': '', 'taxonomy': 2, 'parentKey': ''}, {'key': 'tenants/gofood/tags/CUISINE_FASTFOOD', 'tenantUid': 'gofood', 'uid': 'CUISINE_FASTFOOD', 'displayName': 'Cepat saji', 'description': '', 'taxonomy': 2, 'parentKey': ''}]","Jalan Yanatera 5, Jatiwarna, Kota Bekasi, Jawa Barat, Jawa, 17415, Indonesia"
"Holland Bakery, Jatiwarna","{'average': 4.8, 'total': 0}",2,"[{'key': 'tenants/gofood/tags/CUISINE_SWEETS_DESSERTS', 'tenantUid': 'gofood', 'uid': 'CUISINE_SWEETS_DESSERTS', 'displayName': 'Sweets', 'description': '', 'taxonomy': 2, 'parentKey': ''}, {'key': 'tenants/gofood/tags/CUISINE_ROTI', 'tenantUid': 'gofood', 'uid': 'CUISINE_ROTI', 'displayName': 'Roti', 'description': '', 'taxonomy': 2, 'parentKey': ''}]","Holland Bakery Karawang, Jalan Kranggan, Jatiwarna, Kota Bekasi, Jawa Barat, Jawa, 17414, Indonesia"
"Bakso Rudal Pakde Sasak, Cipayung","{'average': 4.3, 'total': 0}",2,"[{'key': 'tenants/gofood/tags/CUISINE_SOTO_BAKSO_SOP', 'tenantUid': 'gofood', 'uid': 'CUISINE_SOTO_BAKSO_SOP', 'displayName': 'Bakso & soto', 'description': '', 'taxonomy': 2, 'parentKey': ''}]","Green Park Residence, Jatimurni, Kota Bekasi, Jawa Barat, Jawa, 17415, Indonesia"
Kampoeng Macan,"{'average': 4.8, 'total': 0}",2,"[{'key': 'tenants/gofood/tags/CUISINE_ANEKA_AYAM_BEBEK', 'tenantUid': 'gofood', 'uid': 'CUISINE_ANEKA_AYAM_BEBEK', 'displayName': 'Ayam & bebek', 'description': '', 'taxonomy': 2, 'parentKey': ''}]","Cluster Bali 2, Jatisari, Kota Bekasi, Jawa Barat, Jawa, 17426, Indonesia"
"Bandeng Presto Citra Semarang, Grand Residence","{'average': 0, 'total': 0}",3,"[{'key': 'tenants/gofood/tags/CUISINE_SEAFOOD', 'tenantUid': 'gofood', 'uid': 'CUISINE_SEAFOOD', 'displayName': 'Seafood', 'description': '', 'taxonomy': 2, 'parentKey': ''}]","Grand Residence City, Mustika Park Place, Burangkeng, Kabupaten Bekasi, Jawa Barat, Jawa, 17155, Indonesia"
"Bakmi Seafood&chinesefood Bumartha, Hankam Raya","{'average': 4.4, 'total': 0}",2,"[{'key': 'tenants/gofood/tags/CUISINE_SEAFOOD', 'tenantUid': 'gofood', 'uid': 'CUISINE_SEAFOOD', 'displayName': 'Seafood', 'description': '', 'taxonomy': 2, 'parentKey': ''}, {'key': 'tenants/gofood/tags/CUISINE_BAKMIE', 'tenantUid': 'gofood', 'uid': 'CUISINE_BAKMIE', 'displayName': 'Bakmie', 'description': '', 'taxonomy': 2, 'parentKey': ''}, {'key': 'tenants/gofood/tags/CUISINE_CHINESE', 'tenantUid': 'gofood', 'uid': 'CUISINE_CHINESE', 'displayName': 'Chinese', 'description': '', 'taxonomy': 2, 'parentKey': ''}]","Jatimurni, Kota Bekasi, Jawa Barat, Jawa, 17432, Indonesia"
"Ayam Bakar Dan Ayam Penyet Ummu Dzikri, Setu Bekasi","{'average': 4.6, 'total': 0}",2,"[{'key': 'tenants/gofood/tags/CUISINE_ANEKA_AYAM_BEBEK', 'tenantUid': 'gofood', 'uid': 'CUISINE_ANEKA_AYAM_BEBEK', 'displayName': 'Ayam & bebek', 'description': '', 'taxonomy': 2, 'parentKey': ''}, {'key': 'tenants/gofood/tags/CUISINE_MINUMAN', 'tenantUid': 'gofood', 'uid': 'CUISINE_MINUMAN', 'displayName': 'Minuman', 'description': '', 'taxonomy': 2, 'parentKey': ''}, {'key': 'tenants/gofood/tags/CUISINE_ANEKA_NASI', 'tenantUid': 'gofood', 'uid': 'CUISINE_ANEKA_NASI', 'displayName': 'Aneka nasi', 'description': '', 'taxonomy': 2, 'parentKey': ''}]","Grand Residence City, Mustika Park Place, Cijengkol, Kabupaten Bekasi, Jawa Barat, Jawa, 17320, Indonesia"
"Resto Tanah Deli, Hankam","{'average': 4.8, 'total': 0}",2,"[{'key': 'tenants/gofood/tags/CUISINE_ANEKA_NASI', 'tenantUid': 'gofood', 'uid': 'CUISINE_ANEKA_NASI', 'displayName': 'Aneka nasi', 'description': '', 'taxonomy': 2, 'parentKey': ''}]","Jalan Kranggan, Jatiraden, Jatisampurna, Kota Bekasi, Jawa Barat, Jawa, 17433, Indonesia"
"Asinan Bogor Ibu Debby, Tarumanegara","{'average': 4.7, 'total': 0}",2,"[{'key': 'tenants/gofood/tags/CUISINE_SNACKS_JAJANAN', 'tenantUid': 'gofood', 'uid': 'CUISINE_SNACKS_JAJANAN', 'displayName': 'Jajanan', 'description': '', 'taxonomy': 2, 'parentKey': ''}, {'key': 'tenants/gofood/tags/CUISINE_THAI', 'tenantUid': 'gofood', 'uid': 'CUISINE_THAI', 'displayName': 'Thailand', 'description': '', 'taxonomy': 2, 'parentKey': ''}, {'key': 'tenants/gofood/tags/CUISINE_KOREAN', 'tenantUid': 'gofood', 'uid': 'CUISINE_KOREAN', 'displayName': 'Korea', 'description': '', 'taxonomy': 2, 'parentKey': ''}]","Jatimurni, Kota Bekasi, Jawa Barat, Jawa, 17432, Indonesia"
"SATE SOLO SOPO NYONO, GMM","{'average': 4.3, 'total': 0}",2,"[{'key': 'tenants/gofood/tags/CUISINE_ANEKA_NASI', 'tenantUid': 'gofood', 'uid': 'CUISINE_ANEKA_NASI', 'displayName': 'Aneka nasi', 'description': '', 'taxonomy': 2, 'parentKey': ''}, {'key': 'tenants/gofood/tags/CUISINE_SATE', 'tenantUid': 'gofood', 'uid': 'CUISINE_SATE', 'displayName': 'Sate', 'description': '', 'taxonomy': 2, 'parentKey': ''}, {'key': 'tenants/gofood/tags/CUISINE_SOTO_BAKSO_SOP', 'tenantUid': 'gofood', 'uid': 'CUISINE_SOTO_BAKSO_SOP', 'displayName': 'Bakso & soto', 'description': '', 'taxonomy': 2, 'parentKey': ''}]","Cijengkol, Kabupaten Bekasi, Jawa Barat, Jawa, 17320, Indonesia"
"Bakso Rudal Pakde, Pondok Melati","{'average': 4.7, 'total': 0}",2,"[{'key': 'tenants/gofood/tags/CUISINE_SOTO_BAKSO_SOP', 'tenantUid': 'gofood', 'uid': 'CUISINE_SOTO_BAKSO_SOP', 'displayName': 'Bakso & soto', 'description': '', 'taxonomy': 2, 'parentKey': ''}]","Jatimurni, Kota Bekasi, Jawa Barat, Jawa, 17432, Indonesia"
"Warkop 1899, Hankam","{'average': 4.4, 'total': 0}",2,"[{'key': 'tenants/gofood/tags/CUISINE_SNACKS_JAJANAN', 'tenantUid': 'gofood', 'uid': 'CUISINE_SNACKS_JAJANAN', 'displayName': 'Jajanan', 'description': '', 'taxonomy': 2, 'parentKey': ''}]","Jatiranggon, Kota Bekasi, Jawa Barat, Jawa, 17432, Indonesia"
"Mie Ayam Bakso 79, Jatiasih","{'average': 4.5, 'total': 0}",2,"[{'key': 'tenants/gofood/tags/CUISINE_BAKMIE', 'tenantUid': 'gofood', 'uid': 'CUISINE_BAKMIE', 'displayName': 'Bakmie', 'description': '', 'taxonomy': 2, 'parentKey': ''}]","Komplek Bumi Dirgantara, Jatisari, Kota Bekasi, Jawa Barat, Jawa, 17426, Indonesia"
"RM Alit Sate Tegal, Raya Hankam","{'average': 4.6, 'total': 0}",2,"[{'key': 'tenants/gofood/tags/CUISINE_ANEKA_NASI', 'tenantUid': 'gofood', 'uid': 'CUISINE_ANEKA_NASI', 'displayName': 'Aneka nasi', 'description': '', 'taxonomy': 2, 'parentKey': ''}, {'key': 'tenants/gofood/tags/CUISINE_SATE', 'tenantUid': 'gofood', 'uid': 'CUISINE_SATE', 'displayName': 'Sate', 'description': '', 'taxonomy': 2, 'parentKey': ''}, {'key': 'tenants/gofood/tags/CUISINE_SOTO_BAKSO_SOP', 'tenantUid': 'gofood', 'uid': 'CUISINE_SOTO_BAKSO_SOP', 'displayName': 'Bakso & soto', 'description': '', 'taxonomy': 2, 'parentKey': ''}]","Gang Angkasa, Jatiranggon, Kota Bekasi, Jawa Barat, Jawa, 17432, Indonesia"
"Ayam Bakar Barbeque Dan Geprek 77, Jatisampurna","{'average': 4.8, 'total': 0}",2,"[{'key': 'tenants/gofood/tags/CUISINE_ANEKA_AYAM_BEBEK', 'tenantUid': 'gofood', 'uid': 'CUISINE_ANEKA_AYAM_BEBEK', 'displayName': 'Ayam & bebek', 'description': '', 'taxonomy': 2, 'parentKey': ''}]","RT 05, Jatisari, Kota Bekasi, Jawa Barat, Jawa, 17432, Indonesia"
Sop Iga 77,"{'average': 4.8, 'total': 0}",2,"[{'key': 'tenants/gofood/tags/CUISINE_ANEKA_AYAM_BEBEK', 'tenantUid': 'gofood', 'uid': 'CUISINE_ANEKA_AYAM_BEBEK', 'displayName': 'Ayam & bebek', 'description': '', 'taxonomy': 2, 'parentKey': ''}]","RT 05, Jatisari, Kota Bekasi, Jawa Barat, Jawa, 17432, Indonesia"
"Seblak Mang Doddy, Setu","{'average': 4.1, 'total': 0}",2,"[{'key': 'tenants/gofood/tags/CUISINE_SNACKS_JAJANAN', 'tenantUid': 'gofood', 'uid': 'CUISINE_SNACKS_JAJANAN', 'displayName': 'Jajanan', 'description': '', 'taxonomy': 2, 'parentKey': ''}, {'key': 'tenants/gofood/tags/CUISINE_FASTFOOD', 'tenantUid': 'gofood', 'uid': 'CUISINE_FASTFOOD', 'displayName': 'Cepat saji', 'description': '', 'taxonomy': 2, 'parentKey': ''}]","Mustika Park Place, Burangkeng, Kabupaten Bekasi, Jawa Barat, Jawa, 17320, Indonesia"
"Sop Ayam Mbah Min Klaten, Hankam","{'average': 4.7, 'total': 0}",2,"[{'key': 'tenants/gofood/tags/CUISINE_SOTO_BAKSO_SOP', 'tenantUid': 'gofood', 'uid': 'CUISINE_SOTO_BAKSO_SOP', 'displayName': 'Bakso & soto', 'description': '', 'taxonomy': 2, 'parentKey': ''}, {'key': 'tenants/gofood/tags/CUISINE_ANEKA_NASI', 'tenantUid': 'gofood', 'uid': 'CUISINE_ANEKA_NASI', 'displayName': 'Aneka nasi', 'description': '', 'taxonomy': 2, 'parentKey': ''}, {'key': 'tenants/gofood/tags/CUISINE_ANEKA_AYAM_BEBEK', 'tenantUid': 'gofood', 'uid': 'CUISINE_ANEKA_AYAM_BEBEK', 'displayName': 'Ayam & bebek', 'description': '', 'taxonomy': 2, 'parentKey': ''}]","Jatiranggon, Kota Bekasi, Jawa Barat, Jawa, 17432, Indonesia"
"Sate Solo Pak Bejo, Setu","{'average': 4.4, 'total': 0}",2,"[{'key': 'tenants/gofood/tags/CUISINE_SOTO_BAKSO_SOP', 'tenantUid': 'gofood', 'uid': 'CUISINE_SOTO_BAKSO_SOP', 'displayName': 'Bakso & soto', 'description': '', 'taxonomy': 2, 'parentKey': ''}, {'key': 'tenants/gofood/tags/CUISINE_ANEKA_AYAM_BEBEK', 'tenantUid': 'gofood', 'uid': 'CUISINE_ANEKA_AYAM_BEBEK', 'displayName': 'Ayam & bebek', 'description': '', 'taxonomy': 2, 'parentKey': ''}, {'key': 'tenants/gofood/tags/CUISINE_SATE', 'tenantUid': 'gofood', 'uid': 'CUISINE_SATE', 'displayName': 'Sate', 'description': '', 'taxonomy': 2, 'parentKey': ''}]","Jalan MT Haryono, Kabupaten Bekasi, Cileungsi, Bogor, Jawa Barat, Jawa, 17320, Indonesia"
"Seblak Sosmed 9, Bekasi","{'average': 4.5, 'total': 0}",2,"[{'key': 'tenants/gofood/tags/CUISINE_SNACKS_JAJANAN', 'tenantUid': 'gofood', 'uid': 'CUISINE_SNACKS_JAJANAN', 'displayName': 'Jajanan', 'description': '', 'taxonomy': 2, 'parentKey': ''}]","Jalan Raya Mess AL, RT 01, RW 07, Jatiranggon, Kota Bekasi, Jawa Barat, Jawa, 17432, Indonesia"
"Ochacha Thai Tea, Jatisampurna","{'average': 4.7, 'total': 0}",1,"[{'key': 'tenants/gofood/tags/CUISINE_MINUMAN', 'tenantUid': 'gofood', 'uid': 'CUISINE_MINUMAN', 'displayName': 'Minuman', 'description': '', 'taxonomy': 2, 'parentKey': ''}, {'key': 'tenants/gofood/tags/CUISINE_SNACKS_JAJANAN', 'tenantUid': 'gofood', 'uid': 'CUISINE_SNACKS_JAJANAN', 'displayName': 'Jajanan', 'description': '', 'taxonomy': 2, 'parentKey': ''}, {'key': 'tenants/gofood/tags/CUISINE_THAI', 'tenantUid': 'gofood', 'uid': 'CUISINE_THAI', 'displayName': 'Thailand', 'description': '', 'taxonomy': 2, 'parentKey': ''}]","Jalan Raya Mess AL, RT 01, RW 07, Jatiranggon, Kota Bekasi, Jawa Barat, Jawa, 17432, Indonesia"
"Pempek Kote Wongkito, Rawa Dollar","{'average': 4.7, 'total': 0}",1,"[{'key': 'tenants/gofood/tags/CUISINE_SNACKS_JAJANAN', 'tenantUid': 'gofood', 'uid': 'CUISINE_SNACKS_JAJANAN', 'displayName': 'Jajanan', 'description': '', 'taxonomy': 2, 'parentKey': ''}]","Jalan Raya Mess AL, RT 01, RW 07, Jatiranggon, Kota Bekasi, Jawa Barat, Jawa, 17432, Indonesia"
"Ayam Bakar Juara, Setu Bekasi","{'average': 4.8, 'total': 0}",2,"[{'key': 'tenants/gofood/tags/CUISINE_ANEKA_AYAM_BEBEK', 'tenantUid': 'gofood', 'uid': 'CUISINE_ANEKA_AYAM_BEBEK', 'displayName': 'Ayam & bebek', 'description': '', 'taxonomy': 2, 'parentKey': ''}]","Mustika Park Place, Burangkeng, Kabupaten Bekasi, Jawa Barat, Jawa, 17320, Indonesia"
"Savyra Bolen, Taman Rahayu Regency 2","{'average': 4.5, 'total': 0}",2,"[{'key': 'tenants/gofood/tags/CUISINE_ROTI', 'tenantUid': 'gofood', 'uid': 'CUISINE_ROTI', 'displayName': 'Roti', 'description': '', 'taxonomy': 2, 'parentKey': ''}, {'key': 'tenants/gofood/tags/CUISINE_ANEKA_AYAM_BEBEK', 'tenantUid': 'gofood', 'uid': 'CUISINE_ANEKA_AYAM_BEBEK', 'displayName': 'Ayam & bebek', 'description': '', 'taxonomy': 2, 'parentKey': ''}, {'key': 'tenants/gofood/tags/CUISINE_SWEETS_DESSERTS', 'tenantUid': 'gofood', 'uid': 'CUISINE_SWEETS_DESSERTS', 'displayName': 'Sweets', 'description': '', 'taxonomy': 2, 'parentKey': ''}]","Jalan Teratai, Taman Rahayu Regency, Ciketingudik, Kabupaten Bekasi, Jawa Barat, Jawa, 17153, Indonesia"
"Ayam Bersih Berkah, Kranggan","{'average': 4.7, 'total': 0}",2,"[{'key': 'tenants/gofood/tags/CUISINE_ANEKA_AYAM_BEBEK', 'tenantUid': 'gofood', 'uid': 'CUISINE_ANEKA_AYAM_BEBEK', 'displayName': 'Ayam & bebek', 'description': '', 'taxonomy': 2, 'parentKey': ''}]","Jatiranggon, Kota Bekasi, Jawa Barat, Jawa, 17432, Indonesia"
Tsamara Resto & Function Hall,"{'average': 4.5, 'total': 0}",3,"[{'key': 'tenants/gofood/tags/CUISINE_ANEKA_NASI', 'tenantUid': 'gofood', 'uid': 'CUISINE_ANEKA_NASI', 'displayName': 'Aneka nasi', 'description': '', 'taxonomy': 2, 'parentKey': ''}, {'key': 'tenants/gofood/tags/CUISINE_ANEKA_AYAM_BEBEK', 'tenantUid': 'gofood', 'uid': 'CUISINE_ANEKA_AYAM_BEBEK', 'displayName': 'Ayam & bebek', 'description': '', 'taxonomy': 2, 'parentKey': ''}, {'key': 'tenants/gofood/tags/CUISINE_SEAFOOD', 'tenantUid': 'gofood', 'uid': 'CUISINE_SEAFOOD', 'displayName': 'Seafood', 'description': '', 'taxonomy': 2, 'parentKey': ''}]","Jatiranggon, Kota Bekasi, Jawa Barat, Jawa, 17432, Indonesia"
"Pancong Rasa 99, Raya Kranggan","{'average': 4.7, 'total': 0}",1,"[{'key': 'tenants/gofood/tags/CUISINE_SNACKS_JAJANAN', 'tenantUid': 'gofood', 'uid': 'CUISINE_SNACKS_JAJANAN', 'displayName': 'Jajanan', 'description': '', 'taxonomy': 2, 'parentKey': ''}, {'key': 'tenants/gofood/tags/CUISINE_SWEETS_DESSERTS', 'tenantUid': 'gofood', 'uid': 'CUISINE_SWEETS_DESSERTS', 'displayName': 'Sweets', 'description': '', 'taxonomy': 2, 'parentKey': ''}]","Jalan Kranggan, Jatiraden, Jatisampurna, Kota Bekasi, Jawa Barat, Jawa, 17433, Indonesia"
"Seblak Warisan Mercubuana, Cibubur","{'average': 4.8, 'total': 0}",2,"[{'key': 'tenants/gofood/tags/CUISINE_SNACKS_JAJANAN', 'tenantUid': 'gofood', 'uid': 'CUISINE_SNACKS_JAJANAN', 'displayName': 'Jajanan', 'description': '', 'taxonomy': 2, 'parentKey': ''}]","Jatiranggon, Kota Bekasi, Jawa Barat, Jawa, 17432, Indonesia"
"Rm Nasi Padang Kencana Minang, Marga Jaya","{'average': 4.7, 'total': 0}",2,"[{'key': 'tenants/gofood/tags/CUISINE_MINUMAN', 'tenantUid': 'gofood', 'uid': 'CUISINE_MINUMAN', 'displayName': 'Minuman', 'description': '', 'taxonomy': 2, 'parentKey': ''}, {'key': 'tenants/gofood/tags/CUISINE_ANEKA_NASI', 'tenantUid': 'gofood', 'uid': 'CUISINE_ANEKA_NASI', 'displayName': 'Aneka nasi', 'description': '', 'taxonomy': 2, 'parentKey': ''}, {'key': 'tenants/gofood/tags/CUISINE_FASTFOOD', 'tenantUid': 'gofood', 'uid': 'CUISINE_FASTFOOD', 'displayName': 'Cepat saji', 'description': '', 'taxonomy': 2, 'parentKey': ''}]","Minimarket Pintu Air 2 Marga Mulya, Jalan Insinyur Haji Juanda, Kayuringinjaya, Kota Bekasi, Jawa Barat, Jawa, 17141, Indonesia"
"Minum Yuk Kaka, Perjuangan","{'average': 4.8, 'total': 0}",4,"[{'key': 'tenants/gofood/tags/CUISINE_MINUMAN', 'tenantUid': 'gofood', 'uid': 'CUISINE_MINUMAN', 'displayName': 'Minuman', 'description': '', 'taxonomy': 2, 'parentKey': ''}]","Jalan Perjuangan, Bekasi Jaya, Kota Bekasi, Jawa Barat, Jawa, 17142, Indonesia"
"Solaria, La Terrazza Summarecon Bekasi","{'average': 4.7, 'total': 0}",3,"[{'key': 'tenants/gofood/tags/CUISINE_ANEKA_NASI', 'tenantUid': 'gofood', 'uid': 'CUISINE_ANEKA_NASI', 'displayName': 'Aneka nasi', 'description': '', 'taxonomy': 2, 'parentKey': ''}]","Bandar Djakarta, Jalan Bulevar Selatan, Summarecon Bekasi, Kota Bekasi, Jawa Barat, Jawa, 17142, Indonesia"
"JCO, Ruko Graha Boulevard Summarecon Bekasi","{'average': 4.5, 'total': 0}",3,"[{'key': 'tenants/gofood/tags/CUISINE_SWEETS_DESSERTS', 'tenantUid': 'gofood', 'uid': 'CUISINE_SWEETS_DESSERTS', 'displayName': 'Sweets', 'description': '', 'taxonomy': 2, 'parentKey': ''}]","J.CO Donuts & Coffee - Ruko Graha Bulevar Summarecon Bekasi, Jalan Bulevar Ahmad Yani, Summarecon Bekasi, Harapan Mulya, Kota Bekasi, Jawa Barat, Jawa, 17143, Indonesia"
"Mangkokku Rice Bowl, Ruko Topaz Summarecon Bekasi","{'average': 4.8, 'total': 0}",3,"[{'key': 'tenants/gofood/tags/CUISINE_ANEKA_NASI', 'tenantUid': 'gofood', 'uid': 'CUISINE_ANEKA_NASI', 'displayName': 'Aneka nasi', 'description': '', 'taxonomy': 2, 'parentKey': ''}, {'key': 'tenants/gofood/tags/CUISINE_ANEKA_AYAM_BEBEK', 'tenantUid': 'gofood', 'uid': 'CUISINE_ANEKA_AYAM_BEBEK', 'displayName': 'Ayam & bebek', 'description': '', 'taxonomy': 2, 'parentKey': ''}, {'key': 'tenants/gofood/tags/CUISINE_FASTFOOD', 'tenantUid': 'gofood', 'uid': 'CUISINE_FASTFOOD', 'displayName': 'Cepat saji', 'description': '', 'taxonomy': 2, 'parentKey': ''}]","Summarecon Bekasi, Harapan Mulya, Kota Bekasi, Jawa Barat, Jawa, 17143, Indonesia"
"Keikpop by The Food Chain, Summarecon Bekasi","{'average': 4.3, 'total': 0}",3,"[{'key': 'tenants/gofood/tags/CUISINE_SWEETS_DESSERTS', 'tenantUid': 'gofood', 'uid': 'CUISINE_SWEETS_DESSERTS', 'displayName': 'Sweets', 'description': '', 'taxonomy': 2, 'parentKey': ''}, {'key': 'tenants/gofood/tags/CUISINE_ROTI', 'tenantUid': 'gofood', 'uid': 'CUISINE_ROTI', 'displayName': 'Roti', 'description': '', 'taxonomy': 2, 'parentKey': ''}]","Indomaret, Jalan Bulevar Selatan, Summarecon Bekasi, Kota Bekasi, Jawa Barat, Jawa, 17142, Indonesia"
"Monsieur Spoon, Summarecon Mal Bekasi","{'average': 0, 'total': 0}",0,"[{'key': 'tenants/gofood/tags/CUISINE_ROTI', 'tenantUid': 'gofood', 'uid': 'CUISINE_ROTI', 'displayName': 'Roti', 'description': '', 'taxonomy': 2, 'parentKey': ''}, {'key': 'tenants/gofood/tags/CUISINE_COFFEE_SHOP', 'tenantUid': 'gofood', 'uid': 'CUISINE_COFFEE_SHOP', 'displayName': 'Kopi', 'description': '', 'taxonomy': 2, 'parentKey': ''}, {'key': 'tenants/gofood/tags/CUISINE_SWEETS_DESSERTS', 'tenantUid': 'gofood', 'uid': 'CUISINE_SWEETS_DESSERTS', 'displayName': 'Sweets', 'description': '', 'taxonomy': 2, 'parentKey': ''}]","Jalan Bulevar Ahmad Yani, Summarecon Bekasi, Kota Bekasi, Jawa Barat, Jawa, 17142, Indonesia"
"Dadar Beredar, Bekasi","{'average': 4.7, 'total': 0}",0,"[{'key': 'tenants/gofood/tags/CUISINE_ANEKA_NASI', 'tenantUid': 'gofood', 'uid': 'CUISINE_ANEKA_NASI', 'displayName': 'Aneka nasi', 'description': '', 'taxonomy': 2, 'parentKey': ''}]","Jalan Insinyur Haji Juanda, Kayuringinjaya, Kota Bekasi, Jawa Barat, Jawa, 17141, Indonesia"
"Captain Kerang, Jatinegara","{'average': 3.9, 'total': 0}",3,"[{'key': 'tenants/gofood/tags/CUISINE_SEAFOOD', 'tenantUid': 'gofood', 'uid': 'CUISINE_SEAFOOD', 'displayName': 'Seafood', 'description': '', 'taxonomy': 2, 'parentKey': ''}]","Jalan Bekasi Barat Raya, RW 03, Rawa Bunga, Jatinegara, Jakarta Timur, Daerah Khusus Ibukota Jakarta, Jawa, 13350, Indonesia"
Warung Sate Haji Giyo Original Pedati,"{'average': 4.5, 'total': 0}",3,"[{'key': 'tenants/gofood/tags/CUISINE_SATE', 'tenantUid': 'gofood', 'uid': 'CUISINE_SATE', 'displayName': 'Sate', 'description': '', 'taxonomy': 2, 'parentKey': ''}]","Jalan Tol Bekasi–Cawang–Kampung Melayu, RW 06, Cipinang Besar Selatan, Jatinegara, Jakarta Timur, Daerah Khusus Ibukota Jakarta, Jawa, 13410, Indonesia"
"Soto Kudus Jaya, Cipinang","{'average': 4.3, 'total': 0}",1,"[{'key': 'tenants/gofood/tags/CUISINE_BAKMIE', 'tenantUid': 'gofood', 'uid': 'CUISINE_BAKMIE', 'displayName': 'Bakmie', 'description': '', 'taxonomy': 2, 'parentKey': ''}, {'key': 'tenants/gofood/tags/CUISINE_ANEKA_NASI', 'tenantUid': 'gofood', 'uid': 'CUISINE_ANEKA_NASI', 'displayName': 'Aneka nasi', 'description': '', 'taxonomy': 2, 'parentKey': ''}]","Jalan Tol Bekasi–Cawang–Kampung Melayu, RW 03, Cipinang Cempedak, Jatinegara, Jakarta Timur, Daerah Khusus Ibukota Jakarta, Jawa, 13420, Indonesia"
"Rawon Manten, Jatinegara","{'average': 4.7, 'total': 0}",2,"[{'key': 'tenants/gofood/tags/CUISINE_SOTO_BAKSO_SOP', 'tenantUid': 'gofood', 'uid': 'CUISINE_SOTO_BAKSO_SOP', 'displayName': 'Bakso & soto', 'description': '', 'taxonomy': 2, 'parentKey': ''}]","Jalan Bekasi Barat II, RW 02, Rawa Bunga, Jatinegara, Jakarta Timur, Daerah Khusus Ibukota Jakarta, Jawa, 13350, Indonesia"
"Ayam Goreng Ibu Haji, Jatinegara","{'average': 4.7, 'total': 0}",1,"[{'key': 'tenants/gofood/tags/CUISINE_ANEKA_AYAM_BEBEK', 'tenantUid': 'gofood', 'uid': 'CUISINE_ANEKA_AYAM_BEBEK', 'displayName': 'Ayam & bebek', 'description': '', 'taxonomy': 2, 'parentKey': ''}]","Jalan Bekasi Barat I, RW 03, Rawa Bunga, Jatinegara, Jakarta Timur, Daerah Khusus Ibukota Jakarta, Jawa, 13350, Indonesia"
"Sinar Garut & Bubur Ayam Bogasari, Jatiwaringin","{'average': 4.6, 'total': 0}",2,"[{'key': 'tenants/gofood/tags/CUISINE_SNACKS_JAJANAN', 'tenantUid': 'gofood', 'uid': 'CUISINE_SNACKS_JAJANAN', 'displayName': 'Jajanan', 'description': '', 'taxonomy': 2, 'parentKey': ''}, {'key': 'tenants/gofood/tags/CUISINE_MINUMAN', 'tenantUid': 'gofood', 'uid': 'CUISINE_MINUMAN', 'displayName': 'Minuman', 'description': '', 'taxonomy': 2, 'parentKey': ''}, {'key': 'tenants/gofood/tags/CUISINE_ANEKA_NASI', 'tenantUid': 'gofood', 'uid': 'CUISINE_ANEKA_NASI', 'displayName': 'Aneka nasi', 'description': '', 'taxonomy': 2, 'parentKey': ''}]","Jalan Jati Waringin, Jatiwaringin, Kota Bekasi, Jawa Barat, Jawa, 17411, Indonesia"
"Martabak Orient, Jatiwaringin","{'average': 4.6, 'total': 0}",3,"[{'key': 'tenants/gofood/tags/CUISINE_MARTABAK', 'tenantUid': 'gofood', 'uid': 'CUISINE_MARTABAK', 'displayName': 'Martabak', 'description': '', 'taxonomy': 2, 'parentKey': ''}, {'key': 'tenants/gofood/tags/CUISINE_MINUMAN', 'tenantUid': 'gofood', 'uid': 'CUISINE_MINUMAN', 'displayName': 'Minuman', 'description': '', 'taxonomy': 2, 'parentKey': ''}, {'key': 'tenants/gofood/tags/CUISINE_SWEETS_DESSERTS', 'tenantUid': 'gofood', 'uid': 'CUISINE_SWEETS_DESSERTS', 'displayName': 'Sweets', 'description': '', 'taxonomy': 2, 'parentKey': ''}, {'key': 'tenants/gofood/tags/CUISINE_SNACKS_JAJANAN', 'tenantUid': 'gofood', 'uid': 'CUISINE_SNACKS_JAJANAN', 'displayName': 'Jajanan', 'description': '', 'taxonomy': 2, 'parentKey': ''}, {'key': 'tenants/gofood/tags/CUISINE_ROTI', 'tenantUid': 'gofood', 'uid': 'CUISINE_ROTI', 'displayName': 'Roti', 'description': '', 'taxonomy': 2, 'parentKey': ''}]","Jalan Jati Waringin, Jatiwaringin, Kota Bekasi, Jawa Barat, Jawa, 17411, Indonesia"
"Warung Tempo 90an, Bekasi","{'average': 3.9, 'total': 0}",2,"[{'key': 'tenants/gofood/tags/CUISINE_COFFEE_SHOP', 'tenantUid': 'gofood', 'uid': 'CUISINE_COFFEE_SHOP', 'displayName': 'Kopi', 'description': '', 'taxonomy': 2, 'parentKey': ''}]","Jalan Bintara Raya, Kranji, Bintara, Kota Bekasi, Jawa Barat, Jawa, 17134, Indonesia"
"Warung Seblak Abdul, Bintara","{'average': 4.7, 'total': 0}",2,"[{'key': 'tenants/gofood/tags/CUISINE_SNACKS_JAJANAN', 'tenantUid': 'gofood', 'uid': 'CUISINE_SNACKS_JAJANAN', 'displayName': 'Jajanan', 'description': '', 'taxonomy': 2, 'parentKey': ''}, {'key': 'tenants/gofood/tags/CUISINE_FASTFOOD', 'tenantUid': 'gofood', 'uid': 'CUISINE_FASTFOOD', 'displayName': 'Cepat saji', 'description': '', 'taxonomy': 2, 'parentKey': ''}]","Jalan Bintara Kencana, Kranji, Bintara, Kota Bekasi, Jawa Barat, Jawa, 17134, Indonesia"
"Restoran Saribungo, Metropolitan","{'average': 4.8, 'total': 0}",2,"[{'key': 'tenants/gofood/tags/CUISINE_ANEKA_NASI', 'tenantUid': 'gofood', 'uid': 'CUISINE_ANEKA_NASI', 'displayName': 'Aneka nasi', 'description': '', 'taxonomy': 2, 'parentKey': ''}, {'key': 'tenants/gofood/tags/CUISINE_ANEKA_AYAM_BEBEK', 'tenantUid': 'gofood', 'uid': 'CUISINE_ANEKA_AYAM_BEBEK', 'displayName': 'Ayam & bebek', 'description': '', 'taxonomy': 2, 'parentKey': ''}, {'key': 'tenants/gofood/tags/CUISINE_FASTFOOD', 'tenantUid': 'gofood', 'uid': 'CUISINE_FASTFOOD', 'displayName': 'Cepat saji', 'description': '', 'taxonomy': 2, 'parentKey': ''}]","Jalan Caman Raya, Bintarajaya, Kota Bekasi, Jawa Barat, Jawa, 17145, Indonesia"
"Combro Idola, Pondok Gede","{'average': 4.1, 'total': 0}",2,"[{'key': 'tenants/gofood/tags/CUISINE_SNACKS_JAJANAN', 'tenantUid': 'gofood', 'uid': 'CUISINE_SNACKS_JAJANAN', 'displayName': 'Jajanan', 'description': '', 'taxonomy': 2, 'parentKey': ''}, {'key': 'tenants/gofood/tags/CUISINE_SWEETS_DESSERTS', 'tenantUid': 'gofood', 'uid': 'CUISINE_SWEETS_DESSERTS', 'displayName': 'Sweets', 'description': '', 'taxonomy': 2, 'parentKey': ''}, {'key': 'tenants/gofood/tags/CUISINE_FASTFOOD', 'tenantUid': 'gofood', 'uid': 'CUISINE_FASTFOOD', 'displayName': 'Cepat saji', 'description': '', 'taxonomy': 2, 'parentKey': ''}]","Jalan Raya Jatibening, Perum Dosen IKIP, Jatibening, Kota Bekasi, Jawa Barat, Jawa, 17412, Indonesia"
