nama,kategori,kecamatan,price_label,rating_avg,deskripsi,shortLink,is_kuesioner,photo_url,photo_source
"Laksa Nyonya Nyonya, Pasar sinpansa","Aneka nasi, Cepat saji, Bakso & soto",Bekasi Utara,25rb - 50rb,3.5,,https://gofood.link/a/yM9SM75,0,,
"Mie Kangkung Betawi, Soto Betawi Ariyani, Sinpasa","Bakmie, Cepat saji, Bakso & soto",Bekasi Utara,50rb - 100rb,4.7,,https://gofood.link/u/zyy14,0,,
"Domino's Pizza, Summarecon Bekasi","Pizza & pasta, Cepat saji, Jajanan",Bekasi Utara,50rb - 100rb,4.7,,https://gofood.link/u/8w3V,0,,
"Bandar Djakarta, La Terrazza Summarecon Bekasi",Seafood,Bekasi Utara,>100rb,4.6,,https://gofood.link/u/wOdD,0,,
"Rm Parasmanan, Bekasi Selatan","Minuman, Ayam & bebek, Aneka nasi",Bekasi Selatan,25rb - 50rb,4.6,,https://gofood.link/a/yMa4WUG,0,,
"Bakmi GM, Ruko Summarecon Bekasi","Bakmie, Aneka nasi, Chinese",Bekasi Utara,50rb - 100rb,4.8,,https://gofood.link/a/yM9dg4S,0,https://api.jajanbekasi.web.id/foto/40_Bakmi_GM_Ruko_Summarecon_Bekasi.jpg,cached_disk
"Abuba Steak, Bekasi",Barat,Bekasi Utara,>100rb,4.8,"ABUBA steak pelopor restoran steak dengan harga terjangkau di Jakarta. Rasakan Sensasi Kelezatan Steak dan Sausnya! Tersebar outletnya di Jakarta dan Bandung. Menu favorit Wagyu Steak, Sirloin, Tenderloin, T-bone, Salmon. Beragam appetizer dan side dish nikmat siap melengkapi steak kamu. Yummm... ABUBA steak, It's My Steak.",https://gofood.link/u/K3eRb,0,https://api.jajanbekasi.web.id/foto/42_Abuba_Steak_Bekasi.jpg,cached_disk
"Mujigae, Summarecon Mall Bekasi","Cepat saji, Aneka nasi, Korea, Jajanan, Ayam & bebek",Bekasi Utara,50rb - 100rb,4.7,,https://gofood.link/u/Q53aW,0,,
"Warkop 1899, Berkah H. Agus Salim","Jajanan, Sweets",Bekasi Timur,25rb - 50rb,4.5,,https://gofood.link/u/D0Qa,0,,
"Baskin Robbins, Sentra Summarecon Mall Bekasi",Sweets,Bekasi Utara,>100rb,4.8,,https://gofood.link/a/yM9cAKw,0,https://api.jajanbekasi.web.id/foto/39_Baskin_Robbins_Sentra_Summarecon_Mall_Bekasi.jpg,cached_disk
"RM Padang Sederhana, Summarecon Bekasi",Aneka nasi,Bekasi Utara,25rb - 50rb,4.7,,https://gofood.link/u/Q5O5z,0,,
"Gerobak Ramen & Mbok Yem, Ruko Sentra Niaga Kalimalang","Aneka nasi, Minuman, Sate",Bekasi Selatan,25rb - 50rb,4.6,,https://gofood.link/u/myPrl,0,,
"YamMie Hotplate, Summarecon Mall Bekasi",Bakmie,Bekasi Utara,50rb - 100rb,4.8,,https://gofood.link/a/yM98cU9,0,https://api.jajanbekasi.web.id/foto/41_YamMie_Hotplate_Summarecon_Mall_Bekasi.jpg,cached_disk
"McDonald's, Hero Bekasi","Cepat saji, Sweets, Jajanan",Bekasi Selatan,50rb - 100rb,4.7,,https://gofood.link/u/WKd7v,0,,
"Sate Khas Senayan, Summarecon Mall Bekasi","Aneka nasi, Sate",Bekasi Utara,50rb - 100rb,4.8,,https://gofood.link/a/yM9n5UL,0,https://api.jajanbekasi.web.id/foto/38_Sate_Khas_Senayan_Summarecon_Mall_Bekasi.jpg,cached_disk
"BMK Baso Malang Karapitan, Summarecon Mall Bekasi","Cepat saji, Kopi, Bakso & soto, Aneka nasi, Bakmie",Bekasi Utara,25rb - 50rb,4.6,Periode 17 juni s/d 02 juli akan dikenakan biaya surcharge 10% dari total transaksi sebelum biaya delivery,https://gofood.link/u/ageNp,0,,
"Fiesta Steak Restaurant Summarecon, Mall Bekasi",Barat,Bekasi Utara,>100rb,4.5,,https://gofood.link/u/RZmYd,0,,
A&W Summarecon Mall Bekasi,Cepat saji,Bekasi Utara,50rb - 100rb,4.8,,https://gofood.link/u/dBLW,0,https://api.jajanbekasi.web.id/foto/43_AW_Summarecon_Mall_Bekasi.jpg,cached_disk
"Solaria, Bekasi Cyber Park","Aneka nasi, Chinese, Ayam & bebek, Seafood",Bekasi Selatan,50rb - 100rb,4.6,,https://gofood.link/u/00PG1,0,,
Nanny's Pavillon By Altima Group - Summarecon Mall Bekasi,"Pizza & pasta, Barat, Sweets",Bekasi Utara,50rb - 100rb,4.6,,https://gofood.link/u/3nj3,0,,
"Warlin Curry & Indian Food, Bekasi Timur",India,Bekasi Timur,25rb - 50rb,4.5,"
",https://gofood.link/u/bvYB,0,,
"Eastern Kopi TM, Summarecon Mall Bekasi","Kopi, Sweets, Jajanan",Bekasi Utara,50rb - 100rb,4.7,,https://gofood.link/u/GGMnd,0,,
"TOUS les JOURS, Summarecon Mall Bekasi","Roti, Minuman, Korea, Sweets, Kopi",Bekasi Utara,50rb - 100rb,4.7,,https://gofood.link/u/0nV7M,0,,
"Domino's Pizza, Bekasi Cyber Park","Pizza & pasta, Cepat saji, Jajanan",Bekasi Selatan,50rb - 100rb,4.7,,https://gofood.link/u/J3xx4,0,,
"Excelso Coffee, Summarecon Mall Bekasi","Sweets, Kopi, Jajanan, Minuman",Bekasi Utara,50rb - 100rb,4.9,,https://gofood.link/u/5Aqyl,0,https://api.jajanbekasi.web.id/foto/03_Excelso_Coffee_Summarecon_Mall_Bekasi.jpg,cached
"Koba BBQ, Summarecon Mall Bekasi",,Bekasi Utara,50rb - 100rb,4.5,,https://gofood.link/a/yM9YnbL,0,,
"Puyo Silky Desserts, Summarecon Mall Bekasi","Sweets, Jajanan, Minuman",Bekasi Utara,50rb - 100rb,4.7,Puyo Silky Desserts serves the best light and silky texture desserts for people to fulfil their sweet cravings without feeling guilty.,https://gofood.link/u/V5vL3,0,,
"Bakso Lapangan Tembak Senayan, Summarecon Mall Bekasi - Kyati Group",Bakso & soto,Bekasi Utara,50rb - 100rb,4.8,,https://gofood.link/u/bRWrM,0,https://api.jajanbekasi.web.id/foto/Bakso_Lapangan_Tembak_Senayan_Summarecon_Mall_Bekasi_-_Kyati_Group.jpg,gofood_og
"Auntie Anne's, Summarecon Mall Bekasi","Minuman, Jajanan, Sweets, Roti",Bekasi Utara,50rb - 100rb,4.5,,https://gofood.link/u/wrwKd,0,,
"Mochi Mochio, Summarecon Mall Bekasi",Jajanan,Bekasi Utara,50rb - 100rb,4.4,,https://gofood.link/a/yM9JiLy,0,,
"Bakso Super 88, Bekasi Jaya",Bakso & soto,Bekasi Timur,25rb - 50rb,4.7,,https://gofood.link/a/yM9fYXN,0,,
"Pepper Lunch, Summarecon Mall Bekasi","Barat, Jepang, Aneka nasi, Ayam & bebek",Bekasi Utara,50rb - 100rb,5.0, ,https://gofood.link/a/yM9XB1G,0,https://api.jajanbekasi.web.id/foto/01_Pepper_Lunch_Summarecon_Mall_Bekasi.jpg,cached
Ayam Kalasan Pa'De Sudar 354,Ayam & bebek,Bekasi Selatan,25rb - 50rb,4.9,,https://gofood.link/u/5nn8,0,https://api.jajanbekasi.web.id/foto/17_Ayam_Kalasan_PaDe_Sudar_354.jpg,cached
"Marugame Udon & Tempura, Summarecon Mall Bekasi","Jepang, Bakmie",Bekasi Utara,50rb - 100rb,4.8,,https://gofood.link/u/3NVa4,0,,
"Krispy Kreme, Summarecon Mall Bekasi","Sweets, Roti, Jajanan",Bekasi Utara,>100rb,4.3,,https://gofood.link/u/myaA1,0,,
"Master Squid, Summarecon Mall Bekasi",Jajanan,Bekasi Utara,50rb - 100rb,4.7,,https://gofood.link/u/2yldW,0,,
"HokBen, Summarecon Mall Bekasi","Cepat saji, Jepang",Bekasi Utara,50rb - 100rb,4.6,,https://gofood.link/u/z88e2,0,,
"Chatime, Summarecon Mall Bekasi","Minuman, Kopi, Sweets",Bekasi Utara,25rb - 50rb,4.7,,https://gofood.link/u/MKV1G,0,,
Solaria - Summarecon Mall Bekasi 2,"Aneka nasi, Chinese",Bekasi Utara,50rb - 100rb,4.6,,https://gofood.link/u/nL2rA,0,,
"Solaria, Summarecon Mall Bekasi","Aneka nasi, Chinese",Bekasi Utara,50rb - 100rb,4.5,,https://gofood.link/u/RA8ex,0,,
"Pizza Hut, Summarecon Mall Bekasi","Pizza & pasta, Cepat saji, Barat, Jajanan, Ayam & bebek",Bekasi Utara,>100rb,4.7,,https://gofood.link/u/AJqR,0,,
"Waroeng Spesial Sambal SS, Bekasi",Ayam & bebek,Medan Satria,10rb - 25rb,4.8,,https://gofood.link/u/pMDr,0,https://api.jajanbekasi.web.id/foto/20_Waroeng_Spesial_Sambal_SS_Bekasi.jpg,cached
"Haagen-Dazs Kiosk, Summarecon Mall Bekasi",Sweets,Bekasi Utara,>100rb,4.8,,https://gofood.link/u/yJ2d,0,https://api.jajanbekasi.web.id/foto/Haagen-Dazs_Kiosk_Summarecon_Mall_Bekasi.jpg,gofood_og
"The Harvest Cakes, Bekasi","Roti, Kopi, Sweets",Bekasi Utara,>100rb,4.4,,https://gofood.link/a/yM8WcYL,0,,
"Doner Kebab, Summarecon Mall Bekasi",Jajanan,Bekasi Utara,50rb - 100rb,4.7,,https://gofood.link/u/J3Dn9,0,,
"KFC, Summarecon Mall Bekasi",Cepat saji,Bekasi Utara,50rb - 100rb,4.7,,https://gofood.link/a/yM9fKdu,0,,
"Koi Teppanyaki, Summarecon Mall Bekasi",Jepang,Bekasi Utara,50rb - 100rb,4.6,,https://gofood.link/u/eJrW8,0,,
"Sushi Tei, Summarecon Mall Bekasi",Jepang,Bekasi Utara,50rb - 100rb,4.7,,https://gofood.link/u/qvGkv,0,,
"Nasi Pecel Pincuk D'Box Countainer, Bekasi Timur","Aneka nasi, Cepat saji",Bekasi Timur,10rb - 25rb,4.0,,https://gofood.link/u/RAB3WJ,0,,
"Pancious, Summarecon Mall Bekasi","Minuman, Pizza & pasta, Barat",Bekasi Utara,>100rb,4.6,,https://gofood.link/u/ggKdg,0,,
"Gokana Ramen & Teppan, Metropolitan Mall Bekasi","Jepang, Aneka nasi, Bakmie, Thailand",Bekasi Selatan,50rb - 100rb,4.6,Periode 17 juni s/d 02 juli akan dikenakan biaya surcharge 10% dari total transaksi sebelum biaya delivery,https://gofood.link/u/LO1Z4,0,,
"Raja Sunda Restaurant, Bekasi Selatan","Aneka nasi, Ayam & bebek, Cepat saji",Medan Satria,50rb - 100rb,4.6,,https://gofood.link/u/DBLa,0,,
"Ayam Bakar Kalasan Teh Nenden, RA Kartini","Ayam & bebek, Aneka nasi, Seafood",Bekasi Timur,25rb - 50rb,4.4,,https://gofood.link/u/ez7w9,0,,
"Rumah Makan Pak Ubung, RA Kartini","Bakso & soto, Aneka nasi, Ayam & bebek",Bekasi Timur,50rb - 100rb,4.8,,https://gofood.link/u/eqwdv,0,https://api.jajanbekasi.web.id/foto/44_Rumah_Makan_Pak_Ubung_RA_Kartini.jpg,cached_disk
"Ta Wan, Metropolitan Mall Bekasi",Chinese,Bekasi Selatan,50rb - 100rb,4.8,,https://gofood.link/u/y11LZ,0,https://api.jajanbekasi.web.id/foto/45_Ta_Wan_Metropolitan_Mall_Bekasi.jpg,cached_disk
"Chatime, Metropolitan Mall Bekasi","Minuman, Kopi, Sweets",Bekasi Selatan,50rb - 100rb,4.5,,https://gofood.link/u/VVm2A,0,,
"Starbucks, Metropolitan Mall Bekasi","Kopi, Roti, Minuman",Bekasi Selatan,50rb - 100rb,4.6,,https://gofood.link/a/yM9zPXW,0,,
"Nao Kao Thai Tea, Metropolitan Mall Bekasi",Minuman,Bekasi Selatan,25rb - 50rb,3.8,,https://gofood.link/u/gxYeb,0,,
"Mokka Coffee Cabana, Mall Metropolitan Bekasi",Jajanan,Bekasi Selatan,50rb - 100rb,4.6,,https://gofood.link/a/yM8Yndd,0,,
"Steak 21, Metropolitan Mall",Barat,Bekasi Selatan,>100rb,4.3,,https://gofood.link/u/kLxLe,0,,
"Bakso Lapangan Tembak Senayan, Mal Metropolitan - Kyati Group",Bakso & soto,Bekasi Selatan,50rb - 100rb,4.8,,https://gofood.link/a/yM8VQdY,0,https://api.jajanbekasi.web.id/foto/46_Bakso_Lapangan_Tembak_Senayan_Mal_Metropolitan_-_Kyati_Group.jpg,cached_disk
"Pan & Flip, Metropolitan Mall","Pizza & pasta, Aneka nasi, Ayam & bebek",Bekasi Selatan,50rb - 100rb,4.8,,https://gofood.link/u/kxKeP,0,https://api.jajanbekasi.web.id/foto/Pan_Flip_Metropolitan_Mall.jpg,gofood_og
"Martabak Alim, Agus Salim",Martabak,Bekasi Timur,50rb - 100rb,4.6,,https://gofood.link/a/yM9LRLU,0,,
Sate Padang Danguang - Danguang,Sate,Bekasi Timur,10rb - 25rb,0.0,,https://gofood.link/u/5DPk,0,,
"Re.juve., Metropolitan Mall Bekasi","Minuman, Sweets, Jajanan, Kopi",Bekasi Selatan,50rb - 100rb,4.6,,https://gofood.link/u/AAP9,0,,
"HokBen, Mall Metropolitan Bekasi","Cepat saji, Jepang",Bekasi Selatan,50rb - 100rb,4.7,,https://gofood.link/u/ZLNGM,0,,
"Soto Mie Asli Bogor Mang Awi, Perumnas 1",Bakso & soto,Medan Satria,25rb - 50rb,4.6,,https://gofood.link/u/V5JpL,0,,
"KFC, Metropolitan Mall",Cepat saji,Bekasi Selatan,50rb - 100rb,4.5,,https://gofood.link/u/4Vqw,0,,
"Baskin Robbins, Metropolitan Mall",Sweets,Bekasi Selatan,>100rb,4.6,,https://gofood.link/u/aWb8A,0,,
A&W Mall Metropolitan Lt. 2,Cepat saji,Bekasi Selatan,50rb - 100rb,4.8,,https://gofood.link/u/gWdB,0,https://api.jajanbekasi.web.id/foto/50_AW_Mall_Metropolitan_Lt_2.jpg,cached_disk
"Hop Hop Bubble, Metropolitan Mall 1",Minuman,Bekasi Selatan,25rb - 50rb,4.5,,https://gofood.link/u/mxwMO,0,,
Favorite Martabak Bangka Kartini Bekasi,Martabak,Bekasi Timur,50rb - 100rb,4.6,favorite martabak Bangka kartini bekasi menyedikan martabak manis dan martabak telor dengan cita rasa tinggi dan bahan-bahan kualitas tinggi,https://gofood.link/u/mxYN1,0,,
"Warung Nasi H. Udin (Nasi Rames, Nasi Uduk, Soto Betawi)","Aneka nasi, Cepat saji",Bekasi Timur,25rb - 50rb,4.7,"Warung nasi pak h.udin pindahan pasar proyek, menyediakan nasi uduk, nasi rames, nasi uduk rames dan soto betawi",https://gofood.link/u/0n4YM,0,,
"Martabak Pizza Orins, Bekasi","Martabak, Jajanan",Bekasi Timur,50rb - 100rb,4.7,"Juara Partner GO-FOOD 2019: Kategori Partner Terbaik Jabodetabek & Kategori Martabak Jabodetabek
",https://gofood.link/a/yM9WMqd,0,,
"Pizza Hut Delivery - PHD, Kartini Bekasi","Pizza & pasta, Cepat saji, Jajanan, Barat, Ayam & bebek",Bekasi Timur,>100rb,4.6,,https://gofood.link/u/0daVk,0,,
"Bakmi GM, Metropolitan Mall","Bakmie, Aneka nasi, Chinese",Bekasi Selatan,50rb - 100rb,4.8,,https://gofood.link/u/nN9R,0,https://api.jajanbekasi.web.id/foto/051_Bakmi_GM_Metropolitan_Mall.jpg,cached_disk
"D'COST, Mega Bekasi","Aneka nasi, Seafood",Bekasi Selatan,50rb - 100rb,4.6,,https://gofood.link/u/qBgn,0,,
"Ayam Goreng Ny Suharti, Bekasi","Ayam & bebek, Aneka nasi",Bekasi Selatan,50rb - 100rb,4.8,,https://gofood.link/u/e7MJv,0,https://api.jajanbekasi.web.id/foto/47_Ayam_Goreng_Ny_Suharti_Bekasi.jpg,cached_disk
"Es Teler 77, Metropolitan Mall","Aneka nasi, Bakmie, Sweets, Ayam & bebek, Bakso & soto, Jajanan, Cepat saji",Bekasi Selatan,50rb - 100rb,4.5,,https://gofood.link/u/9KaO,0,,
"Warung Tekko, Mega Bekasi Hypermall","Aneka nasi, Seafood",Bekasi Selatan,50rb - 100rb,0.0,"Warung Tekko Adalah Restaurant Keluarga Yang Menawarkan Menu-Menu Traditional Khas Nusantara Dengan Cita Rasa Asli Indonesia. Menu Yang Disediakan Mulai Dari Daging, Iga, Ayam, Seafood, Sayuran dan Aneka Pilihan Minuman Hangat Dan Dingin. Hampir Semua Menu Dikombinasikan Dengan Sambal Penyet Khas Tekko Dengan Level Kepedasan Mulai Tidak Pedas/Manis, Sedang, Pedas, Super Pedas, Sambal Ijo Hingga Sambal Gledek.",https://gofood.link/u/zGmOn,0,,
"HokBen, Mega Bekasi Hypermall","Cepat saji, Jepang",Bekasi Selatan,50rb - 100rb,4.7,,https://gofood.link/u/3dNNy,0,,
"Iga Bakar Mbok Giyah, Bekasi","Aneka nasi, Ayam & bebek",Bekasi Selatan,25rb - 50rb,4.7,,https://gofood.link/u/210y,0,,
"Mochi Mochio, Mega Bekasi Hypermall",Jajanan,Bekasi Selatan,50rb - 100rb,4.3,,https://gofood.link/u/xOrY,0,,
"Gokana Ramen & Teppan, Mega Bekasi Hypermall lt. UG","Jepang, Aneka nasi, Bakmie",Bekasi Selatan,50rb - 100rb,4.6,Periode 17 juni s/d 02 juli akan dikenakan biaya surcharge 10% dari total transaksi sebelum biaya delivery,https://gofood.link/a/yM9Bxk3,0,,
"Dunkin' Donuts, Mall Metropolitan","Roti, Kopi, Sweets",Bekasi Selatan,50rb - 100rb,4.1,,https://gofood.link/u/dbzw9,0,,
"Imperial Kitchen & Dimsum, Mega Bekasi","Chinese, Aneka nasi, Ayam & bebek",Bekasi Selatan,50rb - 100rb,4.8,,https://gofood.link/a/yM96XQu,0,https://api.jajanbekasi.web.id/foto/079_Imperial_Kitchen_Dimsum_Mega_Bekasi.jpg,cached_disk
A&W Mega Bekasi 1 UG,Cepat saji,Bekasi Selatan,50rb - 100rb,4.8,,https://gofood.link/u/OVMp,0,https://api.jajanbekasi.web.id/foto/077_AW_Mega_Bekasi_1_UG.jpg,cached_disk
"Steak 21, Mega Bekasi Hypermall",Barat,Bekasi Selatan,>100rb,4.6,,https://gofood.link/u/JxyL,0,,
"Solaria, Mega Bekasi 2","Chinese, Aneka nasi",Bekasi Selatan,50rb - 100rb,4.6,,https://gofood.link/u/8yLQW,0,,
"KFC Box, Mega Bekasi",Cepat saji,Bekasi Selatan,50rb - 100rb,0.0,,https://gofood.link/u/Kjzyj,0,,
"KFC, Mega Bekasi Hypermall",Cepat saji,Bekasi Selatan,50rb - 100rb,4.4,,https://gofood.link/u/BwOQv,0,,
"Dunkin' Donuts, Mega Mall Bekasi","Roti, Kopi, Sweets",Bekasi Selatan,>100rb,4.1,,https://gofood.link/u/J41lw,0,,
"KFC, Grand Mall Bekasi",Cepat saji,Medan Satria,50rb - 100rb,4.8,,https://gofood.link/u/v2dPZ,0,https://api.jajanbekasi.web.id/foto/076_KFC_Grand_Mall_Bekasi.jpg,cached_disk
"KOI Thé, Metropolitan Mall Bekasi","Minuman, Sweets, Kopi",Bekasi Selatan,25rb - 50rb,4.8,,https://gofood.link/u/e7eK8,0,https://api.jajanbekasi.web.id/foto/064_KOI_Thé_Metropolitan_Mall_Bekasi.jpg,cached_disk
"Solaria, Mega Bekasi 4",Aneka nasi,Bekasi Selatan,50rb - 100rb,4.7,,https://gofood.link/u/VY7r,0,,
"Solaria, Mega Bekasi 3",Aneka nasi,Bekasi Selatan,50rb - 100rb,4.6,,https://gofood.link/u/xYjAq,0,,
"Amanda Brownies, Kalimalang",Sweets,Bekasi Selatan,50rb - 100rb,4.7,,https://gofood.link/u/bwneg,0,,
"Lapis Talas Arasari, Gerai Kalimalang Bekasi","Roti, Jajanan, Sweets",Bekasi Selatan,50rb - 100rb,4.1,,https://gofood.link/u/O2M3Z,0,,
"Smiling Kitchen Sate & Sop, Villa Taman Kartini","Ayam & bebek, Jajanan, Kopi",Bekasi Timur,25rb - 50rb,0.0,,https://gofood.link/u/PZZNY,0,,
"Roti Unyil Venus, Kalimalang","Roti, Sweets",Bekasi Selatan,50rb - 100rb,4.2,,https://gofood.link/u/LeykV,0,,
"Ayam, Bebek, Ikan & Iga Bekrot, Kayuringin",Ayam & bebek,Bekasi Selatan,25rb - 50rb,4.6,,https://gofood.link/a/yMa3o6j,0,,
"Chatime x Cupbop, Ay Bekasi","Minuman, Kopi, Sweets",Bekasi Selatan,50rb - 100rb,4.6,,https://gofood.link/u/g3ZpR,0,,
"Seblak & Ceker Mercon, Perumnas 1","Jajanan, Ayam & bebek, Bakso & soto",Bekasi Barat,10rb - 25rb,4.5,,https://gofood.link/u/912xg,0,,
"Ayam Kampung Mbak Maya, Jl Mochtar Tabrani",Ayam & bebek,Bekasi Utara,25rb - 50rb,4.8,,https://gofood.link/u/KOvej,0,https://api.jajanbekasi.web.id/foto/084_Ayam_Kampung_Mbak_Maya_Jl_Mochtar_Tabrani.jpg,cached_disk
"Waroeng Steak And Shake, Bekasi Timur",Barat,Bekasi Timur,50rb - 100rb,4.7,,https://gofood.link/u/rqL82,0,,
"The Harvest Cakes, Kalimalang","Roti, Sweets, Kopi",Bekasi Selatan,>100rb,4.4,,https://gofood.link/u/ZVAqD,0,,
"Tahu Sumedang Bamboo, Ahmad Yani",Jajanan,Bekasi Selatan,10rb - 25rb,4.6,,https://gofood.link/u/8zO4B,0,,
"RM. Sate Dan Sop Kambing "" Mang Ujang "", Bekasi",Sate,Bekasi Utara,50rb - 100rb,4.6,,https://gofood.link/u/7LpLm,0,,
Warteg Krisma - Bekasi Barat,"Aneka nasi, Kopi, Minuman",Bekasi Barat,10rb - 25rb,0.0,,https://gofood.link/u/qeGpy,0,,
"Sate Senayan by Sate Khas Senayan, Grand Metropolitan Bekasi","Aneka nasi, Sate",Bekasi Selatan,50rb - 100rb,4.6,,https://gofood.link/u/xYB4Y,0,,
"Kopi Janji Jiwa & Jiwa Toast, GRAND Metropolitan Mall","Kopi, Minuman, Roti, Jajanan",Bekasi Selatan,25rb - 50rb,4.7,,https://gofood.link/u/D4me1,0,,
"A Fung Baso Sapi Asli, Grand Metland Bekasi",Bakso & soto,Bekasi Selatan,50rb - 100rb,4.7,A Fung Baso Sapi Asli menyajikan Baso Sapi Asli berkualitas dengan cita rasa yang khas sejak tahun 1973.-Taste the Difference-,https://gofood.link/u/GVKLM,0,,
"Thai Street, Grand Metropolitan Mall",Thailand,Bekasi Selatan,50rb - 100rb,4.4,,https://gofood.link/u/3NlJq,0,,
"Warung Tekko, Kalimalang","Ayam & bebek, Aneka nasi",Bekasi Selatan,50rb - 100rb,4.0,"Warung Tekko adalah restaurant keluarga yang menawarkan menu - menu traditional khas nusantara dengan cita rasa asli Indonesia.
Menu yang disediakan mulai dari daging, iga, ayam, seafood, sayuran dan aneka pilihan minuman hangat dan dingin.
Hampir semua menu dikombinasikan dengan sambal penyet khas tekko dengan level kepedasan mulai tidak pedas/manis, sedang, pedas, super pedas, sambal ijo hingga sambal gledek. ",https://gofood.link/u/bglZB,0,,
"YOSHINOYA BEEF BOWL, Grand Metropolitan Mall","Jepang, Cepat saji, Ayam & bebek, Aneka nasi",Bekasi Selatan,50rb - 100rb,4.8,,https://gofood.link/a/yM9SUto,0,https://api.jajanbekasi.web.id/foto/YOSHINOYA_BEEF_BOWL_Grand_Metropolitan_Mall.jpg,gofood_og
"Ta Wan, Grand Metropolitan",Chinese,Bekasi Selatan,50rb - 100rb,4.7,,https://gofood.link/u/wrZ5e,0,,
"Re.juve., Grand Metropolitan Mall Bekasi","Minuman, Sweets, Jajanan, Kopi",Bekasi Selatan,50rb - 100rb,4.6,,https://gofood.link/u/OrVL,0,,
"Imperial Kitchen & Dimsum, Grand Metropolitan","Chinese, Aneka nasi, Ayam & bebek",Bekasi Selatan,50rb - 100rb,4.8,,https://gofood.link/u/M9pj,0,https://api.jajanbekasi.web.id/foto/Imperial_Kitchen_Dimsum_Grand_Metropolitan.jpg,gofood_og
"D'COST, Grand Metropolitan Bekasi",Seafood,Bekasi Selatan,50rb - 100rb,4.6,,https://gofood.link/u/1zNKZ,0,,
"Majestyk Bakery & Cake Shop, Bekasi","Roti, Sweets, Jajanan",Bekasi Barat,25rb - 50rb,4.3,,https://gofood.link/u/O2Y2g,0,,
"Raa Cha Suki & BBQ, Grand Metropolitan","Jepang, Aneka nasi, Cepat saji, Thailand",Bekasi Selatan,>100rb,4.6,,https://gofood.link/u/3NlA4,0,,
"Coffee Bean & Tea Leaf, Grand Metropolitan Mall","Minuman, Kopi, Roti, Barat",Bekasi Selatan,50rb - 100rb,4.3,,https://gofood.link/u/JVQ7R,0,,
"Baskin Robbins, Grand Metropolitan Mall",Sweets,Bekasi Selatan,>100rb,4.7,,https://gofood.link/u/qDp2a,0,,
"Steak 21, Grand Metropolitan",Barat,Bekasi Selatan,>100rb,4.7,,https://gofood.link/u/B34O,0,,
"Solaria, Grand Metropolitan Bekasi Lt.2 21-22T21-22GM","Aneka nasi, Chinese",Bekasi Selatan,50rb - 100rb,4.7,,https://gofood.link/u/7Lddb,0,,
"Chatime, Grand Metropolitan Bekasi","Minuman, Kopi, Sweets",Bekasi Selatan,25rb - 50rb,4.8,,https://gofood.link/u/1bn3,0,https://api.jajanbekasi.web.id/foto/Chatime_Grand_Metropolitan_Bekasi.jpg,gofood_og
"Excelso Coffee, Grand Metropolitan Mall","Kopi, Jajanan, Sweets, Minuman",Bekasi Selatan,50rb - 100rb,4.6,,https://gofood.link/u/rqWy0,0,,
"Pepper Lunch, Grand Metropolitan Mall","Barat, Jepang, Aneka nasi, Ayam & bebek",Bekasi Selatan,50rb - 100rb,4.9, ,https://gofood.link/a/yM9Py1h,0,https://api.jajanbekasi.web.id/foto/05_Pepper_Lunch_Grand_Metropolitan_Mall.jpg,cached
"Eastern Kopi TM, Grand Metropolitan Mall","Sweets, Jajanan, Kopi",Bekasi Selatan,50rb - 100rb,4.6,,https://gofood.link/u/y1nq5,0,,
"Top Durian Andremike, Tytyan Indah Utama","Sweets, Jajanan, Minuman",Medan Satria,50rb - 100rb,4.3,,https://gofood.link/u/8yRal,0,,
"Dimas Bebek Lembut Tik-Tok, Bekasi Jaya, Bekasi Timur","Ayam & bebek, Aneka nasi, Seafood",Bekasi Timur,25rb - 50rb,4.8,,https://gofood.link/u/POyNy,0,https://api.jajanbekasi.web.id/foto/Dimas_Bebek_Lembut_Tik-Tok_Bekasi_Jaya_Bekasi_Timur.jpg,gofood_og
"Sate Solo Pak Min, Kranji","Bakso & soto, Sate",Bekasi Barat,50rb - 100rb,4.8,,https://gofood.link/u/Nb3pD,0,https://api.jajanbekasi.web.id/foto/Sate_Solo_Pak_Min_Kranji.jpg,gofood_og
"Pempek Palembang Gaby, Stasiun Kranji",Jajanan,Medan Satria,10rb - 25rb,4.7,,https://gofood.link/u/vj8en,0,,
"Nasi Goreng Kambing NGK, Galaxy","Aneka nasi, Timur Tengah, Ayam & bebek",Bekasi Barat,25rb - 50rb,4.6,,https://gofood.link/u/J02Lv,0,,
"CFC, Revotown","Cepat saji, Aneka nasi, Ayam & bebek",Bekasi Selatan,50rb - 100rb,4.8,,https://gofood.link/u/PVA78,0,,
"Dapoer Yuk Liem, Revo Town","Jajanan, Aneka nasi",Bekasi Selatan,25rb - 50rb,0.0,,https://gofood.link/u/yRGO,0,,
"HokBen, Revo Town","Cepat saji, Jepang",Bekasi Selatan,50rb - 100rb,4.6,,https://gofood.link/u/3dal1,0,,
"Dum Dum Thai Drinks Express, Revo Town Bekasi","Minuman, Thailand, Sweets, Kopi",Bekasi Selatan,25rb - 50rb,4.8,,https://gofood.link/u/l1jl,0,https://api.jajanbekasi.web.id/foto/Dum_Dum_Thai_Drinks_Express_Revo_Town_Bekasi.jpg,gofood_og
"Kedai Boboko Penyet, Mekar Sari Raya","Ayam & bebek, Aneka nasi",Bekasi Timur,25rb - 50rb,4.8,,https://gofood.link/a/yM9gqsC,0,https://api.jajanbekasi.web.id/foto/Kedai_Boboko_Penyet_Mekar_Sari_Raya.jpg,gofood_og
"Roti'O, St.Kranji",Roti,Medan Satria,50rb - 100rb,4.8,,https://gofood.link/u/0nPmv,0,https://api.jajanbekasi.web.id/foto/RotiO_StKranji.jpg,gofood_og
"Ayam Geprek H. Ato, Perumahan Jaka Permai","Ayam & bebek, Aneka nasi",Bekasi Barat,25rb - 50rb,4.5,,https://gofood.link/u/PZ5b,0,,
"Bangi Kopi, Kalimalang","Aneka nasi, Kopi, Jajanan, Bakmie, Sweets, Ayam & bebek, Roti, Thailand",Bekasi Barat,25rb - 50rb,4.0,,https://gofood.link/u/7mGnW,0,,
"DIMSUM CHIA-YOO, Krakatau Raya","Jajanan, Cepat saji, Chinese",Medan Satria,25rb - 50rb,4.1,,https://gofood.link/a/yM8VvuG,0,,
"Ayam Bakar Kalasan Teh Nenden, Margahayu","Ayam & bebek, Aneka nasi, Seafood",Bekasi Timur,25rb - 50rb,4.6,,https://gofood.link/u/Ama1L,0,,
"KFC, Pratama Bekasi",Cepat saji,Bekasi Timur,25rb - 50rb,4.7,,https://gofood.link/u/Wg5av,0,,
"Bebek Goreng H. Slamet, Bekasi Timur",Ayam & bebek,Bekasi Timur,25rb - 50rb,4.7,,https://gofood.link/u/zybMK,0,,
"Bakso Sehat Bakso Atom, Strada",Bakso & soto,Bekasi Timur,50rb - 100rb,0.0,,https://gofood.link/u/ezj89,0,,
"Bakmie & Seafood 99, Harapan Jaya",Bakmie,Medan Satria,25rb - 50rb,4.4,,https://gofood.link/u/3Vr9,0,,
"Martabak Top Bandung 1, Harapan Jaya",Martabak,Medan Satria,50rb - 100rb,4.6,,https://gofood.link/u/nL4Lk,0,,
"Solaria, Lagoon Avenue Bekasi","Bakmie, Aneka nasi, Ayam & bebek, Jajanan, Bakso & soto",Bekasi Barat,50rb - 100rb,4.8,,https://gofood.link/a/yM91fo1,0,https://api.jajanbekasi.web.id/foto/Solaria_Lagoon_Avenue_Bekasi.jpg,gofood_og
"Sop Janda ( Jawa Sunda ), Pekayon","Bakso & soto, Sate, Ayam & bebek",Bekasi Selatan,50rb - 100rb,4.5,,https://gofood.link/a/yM9ZYiJ,0,,
"Ayam Gepuk Pak Gembus, Harapan Jaya",Ayam & bebek,Bekasi Utara,25rb - 50rb,4.7,,https://gofood.link/u/RA0dV,0,,
"Kopi Janji Jiwa & Jiwa Toast, Lagoon Avenue","Kopi, Minuman, Roti, Jajanan",Bekasi Barat,25rb - 50rb,4.7,,https://gofood.link/a/yM9hadm,0,,
"Sop Dan Soto Tangkar, Pekayon",Bakso & soto,Bekasi Selatan,50rb - 100rb,4.6,,https://gofood.link/u/0dkm5,0,,
"Momolin Bakery, Harapan Jaya","Roti, Sweets",Medan Satria,25rb - 50rb,4.5,"Momolin Bakery, Harapan Jaya merupakan usaha dagang  yang memproduksi dan menjual roti dan kue yang berlokasi di kota Bekasi. Kami memiliki 3 jenis produk utama yaitu Roti, Aneka Kue, dan Kue Ulang Tahun",https://gofood.link/a/yM9zjT7,0,,
"Pempek Palembang Gaby, Cut Meutiah Bekasi",Jajanan,Bekasi Selatan,25rb - 50rb,4.7,,https://gofood.link/u/1MLGO,0,,
"Warung Tekko, Blu Plaza","Aneka nasi, Ayam & bebek",Bekasi Timur,50rb - 100rb,4.5,,https://gofood.link/u/zGBzM,0,,
"Solaria, Blu Plaza","Aneka nasi, Chinese",Bekasi Timur,50rb - 100rb,4.8,,https://gofood.link/a/yM9zqm1,0,https://api.jajanbekasi.web.id/foto/Solaria_Blu_Plaza.jpg,gofood_og
A&W Blu Plaza,Cepat saji,Bekasi Timur,50rb - 100rb,4.8,"A&W Restaurants pertama kali dibuka di California pada tahun 1919. Produk yang dijual adalah A&W Root Beer, ayam goreng, burger maupun nugget. Di Indonesia, A&W memiliki lebih dari 200 outlet yang tersebar di kota besar maupun kecil.",https://gofood.link/u/3apa3,0,https://api.jajanbekasi.web.id/foto/AW_Blu_Plaza.jpg,gofood_og
"Kopi Maning, Jl. KH Agus Salim","Kopi, Jajanan, Minuman",Bekasi Timur,25rb - 50rb,4.6,,https://gofood.link/u/WAlLG,0,,
"Bakso Mukidi, Bintara","Bakmie, Bakso & soto",Bekasi Barat,25rb - 50rb,4.4,,https://gofood.link/a/yM9UnZN,0,,
"Kedai Pempek Wa'Cek, Jatiluhur",Jajanan,Bekasi Barat,50rb - 100rb,0.0,,https://gofood.link/a/yM9v3jQ,0,,
"Sate Madura Bang Sodik, Bekasi Timur",Sate,Bekasi Timur,50rb - 100rb,4.7,,https://gofood.link/u/ZLQGD,0,,
"Sate Cirebon (Halimpu) H. Aman, Bekasi Utara",Sate,Bekasi Utara,25rb - 50rb,4.8,,https://gofood.link/u/dzOP,0,,
"Kedai Bude Dirah, Bekasi Barat/Jakasampurna/","Aneka nasi, Cepat saji, Bakso & soto",Bekasi Barat,50rb - 100rb,0.0,,https://gofood.link/a/yM9x2SQ,0,,
"Prekchic, Bekasi Timur",Ayam & bebek,Bekasi Timur,10rb - 25rb,0.0,,https://gofood.link/u/przyR,0,,
"Kedai Karasa, Bekasi Timur",Jajanan,Bekasi Timur,25rb - 50rb,0.0,,https://gofood.link/u/MK1vG,0,,
Sate Betawi Tegal H. Noto,Sate,Bekasi Barat,50rb - 100rb,4.7,,https://gofood.link/a/yM9vNew,0,,
"McDonald's, Meutia Bekasi","Cepat saji, Sweets, Jajanan",Rawalumbu,50rb - 100rb,4.8,,https://gofood.link/u/0nZpd,0,,
"DE'VINZ CAFE & RESTO, Cut Meutiah",Ayam & bebek,Rawalumbu,25rb - 50rb,4.3,,https://gofood.link/u/ZLxJ5,0,,
"Ayam Bakar Dan Ikan Bakar Pring Gading, Bekasi Utara",Ayam & bebek,Bekasi Utara,25rb - 50rb,4.7,,https://gofood.link/u/JDnA,0,,
"JAGONYA MAKAN, Makanan Dan Minuman","Sweets, Minuman, Cepat saji",Bekasi Barat,25rb - 50rb,3.5,,https://gofood.link/u/xYWD0,0,,
"Mie Ayam & Bakso Safa, Bekasi Timur","Bakso & soto, Bakmie, Cepat saji",Bekasi Timur,25rb - 50rb,4.6,,https://gofood.link/u/mWJY4,0,,
"Soto Ayam Ceker Cak Ivan Lamongan, Bekasi Utara",Bakso & soto,Bekasi Utara,25rb - 50rb,4.4,,https://gofood.link/u/DamQK,0,,
"Nasi Congkel, Bekasi Selatan",Aneka nasi,Bekasi Barat,25rb - 50rb,4.7,,https://gofood.link/u/eqY4,0,,
"KFC Box, Naga Wisma",Cepat saji,Bekasi Timur,50rb - 100rb,4.7,,https://gofood.link/u/4j9YK,0,,
"Grosirkurma.co.id, Bekasi Komplek SBS","Jajanan, Timur Tengah, Sweets",Bekasi Utara,50rb - 100rb,4.3,,https://gofood.link/u/Zl15e,0,,
"Mamandut Shop, Permata Bekasi","Ayam & bebek, Jajanan, Pizza & pasta",Bekasi Timur,25rb - 50rb,0.0,,https://gofood.link/u/O2Lym,0,,
"Ayam Blenger PSP, Bintara Bekasi","Ayam & bebek, Aneka nasi, Roti, Cepat saji",Bekasi Barat,25rb - 50rb,4.8,,https://gofood.link/u/OJ1gL,0,,
"Aninditdut Shop, Bekasi Utara","Jajanan, Roti, Pizza & pasta",Bekasi Utara,50rb - 100rb,0.0,,https://gofood.link/u/nLwzG,0,,
"Dapure Wong Suroboyo, Sentul Raya","Cepat saji, Jajanan",Bekasi Utara,25rb - 50rb,0.0,,https://gofood.link/u/ZLvBe,0,,
"RM Kato Saumpun, Margahayu Jaya","Aneka nasi, Cepat saji",Bekasi Timur,25rb - 50rb,4.8,,https://gofood.link/a/yM9YchQ,0,https://api.jajanbekasi.web.id/foto/RM_Kato_Saumpun_Margahayu_Jaya.jpg,gofood_og
"KFC Box, Naga Pekayon",Cepat saji,Bekasi Selatan,50rb - 100rb,4.6,,https://gofood.link/u/bMjm,0,,
"McDonald's, Bintara Bekasi","Cepat saji, Sweets, Jajanan",Bekasi Barat,50rb - 100rb,4.8,,https://gofood.link/u/MqndG,0,,
Waroeng Tjandra,"Minuman, Jajanan, Cepat saji",Bekasi Barat,25rb - 50rb,4.6,,https://gofood.link/u/rq5Am,0,,
"Domino's Pizza, Bintara","Pizza & pasta, Cepat saji, Jajanan",Bekasi Barat,50rb - 100rb,4.7,,https://gofood.link/u/3N9g3,0,,
"Bakso Joss, Perum Margahayu",Bakso & soto,Bekasi Timur,25rb - 50rb,4.7,,https://gofood.link/u/J4zJ4,0,,
"BeFC Fried Chicken, Assyafi'iyah, Depan Warteg Farhan",Ayam & bebek,Bekasi Barat,25rb - 50rb,4.8,,https://gofood.link/u/lPA0D,0,,
"Rumah Makan Ibu Dara, Bekasi Utara","Ayam & bebek, Aneka nasi",Bekasi Utara,25rb - 50rb,4.8,,https://gofood.link/u/aV9Dr,0,https://api.jajanbekasi.web.id/foto/Rumah_Makan_Ibu_Dara_Bekasi_Utara.jpg,gofood_og
"Tenda Biru 99 Medan, Jakasampurna","Bakmie, Chinese",Bekasi Barat,50rb - 100rb,4.7,,https://gofood.link/u/ej5b4,0,,
"Bakmie & Seafood 99, Ruko Grand Galaxy City",Bakmie,Bekasi Selatan,50rb - 100rb,4.8,,https://gofood.link/u/2d1mj,0,,
"Bakso Gress Dan Mie Ayam Bakso 2, Bekasi Barat","Bakmie, Jajanan, Bakso & soto",Bekasi Barat,25rb - 50rb,4.5,,https://gofood.link/u/YKzbO,0,,
"Pop Cookies, Kemang Pratama",Sweets,Bekasi Selatan,50rb - 100rb,3.6,,https://gofood.link/u/g1jV,0,,
"SOP CENDRAWASIH MAKASSAR, Bekasi Barat",Bakso & soto,Bekasi Barat,25rb - 50rb,4.2,,https://gofood.link/a/yM9fnS5,0,,
"Sop Buah Segher Bugher, Bekasi","Ayam & bebek, Bakso & soto, Minuman",Bekasi Barat,>100rb,0.0,,https://gofood.link/u/zy07k,0,,
"Richeese Factory, Bintara","Cepat saji, Ayam & bebek, Aneka nasi",Bekasi Barat,50rb - 100rb,4.7,,https://gofood.link/u/OJlrp,0,,
"Bunda Salma, Bekasi","Jajanan, Minuman",Bekasi Timur,10rb - 25rb,0.0,,https://gofood.link/u/JVrDZv,0,,
"Bakso Super Retnosari (Gepeng Urat), Bekasi Selatan",Bakso & soto,Bekasi Barat,25rb - 50rb,4.7,,https://gofood.link/u/wmVa,0,,
"Mie Cabe Gerus 3 Ibu Hj. Elly, Bekasi","Bakmie, Bakso & soto",Bekasi Barat,25rb - 50rb,4.6,,https://gofood.link/a/yM9TyDb,0,,
"Martabak Alim Premium, Duren Jaya","Martabak, Jajanan",Bekasi Timur,50rb - 100rb,4.6,,https://gofood.link/u/nwOOR,0,,
"Nasi Kapau Uda John, KH. Noer Ali","Minuman, Aneka nasi",Bekasi Barat,50rb - 100rb,4.6,,https://gofood.link/u/PZ9QA,0,,
"HokBen, Ruko Galaxy",Cepat saji,Bekasi Barat,50rb - 100rb,4.8,,https://gofood.link/u/YV0Lm,0,,
"Kedai Amole Soto Betawi, Bekasi Selatan","Bakso & soto, Minuman, Aneka nasi",Bekasi Selatan,50rb - 100rb,4.8,,https://gofood.link/u/LAeql,0,,
"Tanoshii Sushi, Galaxy Foodcourt","Jajanan, Jepang, Cepat saji",Bekasi Selatan,50rb - 100rb,4.7,Juara Partner GO-FOOD 2019: Kategori Makanan Internasional Jabodetabek,https://gofood.link/a/yMa4w2o,0,,
"Ayam Bersih Berkah, Aren Jaya",Aneka nasi,Bekasi Timur,50rb - 100rb,0.0,Juara Partner GO-FOOD 2019: Kategori Kawan Setia di Tanggal Tua & Kategori Paling Aktif Jabodetabek,https://gofood.link/u/LjmM,0,,
"Domino's Pizza, Taman Galaxy","Pizza & pasta, Cepat saji, Jajanan",Bekasi Selatan,50rb - 100rb,4.7,,https://gofood.link/u/e72KZ,0,,
"Double U Steak by Chef Widhi, Bekasi",Barat,Bekasi Selatan,>100rb,4.8,,https://gofood.link/u/aWbPx,0,,
"Soto Mie Asli Bogor Pak Kadir, Bekasi Selatan","Aneka nasi, Bakso & soto",Bekasi Barat,25rb - 50rb,4.6,,https://gofood.link/u/zGGVM,0,,
"Nasi Tim & Hainam Bu Mega, Galaxi Raya",Aneka nasi,Bekasi Selatan,50rb - 100rb,4.7,,https://gofood.link/a/yM99nCL,0,,
"Pecel Lele Ibu Hanah, Bekasi Utara","Ayam & bebek, Bakso & soto",Bekasi Utara,25rb - 50rb,4.4,,https://gofood.link/u/POMMj,0,,
"Bakso Titoti, Bekasi Utara",Bakso & soto,Bekasi Utara,25rb - 50rb,4.7,,https://gofood.link/u/QaRgM,0,,
"Saung Kuliner PSR (Penyet Jontor), Bekasi Utara",Aneka nasi,Bekasi Utara,25rb - 50rb,4.3,,https://gofood.link/u/lPQl0,0,,
"Toko Oleh-Oleh Daerah (Bekasi), Bekasi Selatan",Jajanan,Bekasi Selatan,50rb - 100rb,4.1,,https://gofood.link/u/7Lvn8,0,,
"Gado Gado Nabila, Bekasi Timur","Aneka nasi, Jajanan, Cepat saji",Bekasi Timur,25rb - 50rb,4.5,,https://gofood.link/a/yM94JmQ,0,,
"Geprek Bensu, Duta Harapan","Aneka nasi, Ayam & bebek, Cepat saji",Bekasi Utara,25rb - 50rb,4.7,"Juara Partner GO-FOOD 2019: Kategori Partner Terbaik, Kategori Outlet Terbaik & Kategori Makan Siang Jabodetabek",https://gofood.link/u/48dWg,0,https://api.jajanbekasi.web.id/foto/Geprek_Bensu_Duta_Harapan.jpg,gofood_og
"Ayam Geprek Mas Boim, Bintara",Ayam & bebek,Bekasi Barat,25rb - 50rb,4.7,Diskon sebesar 10% untuk menu makanan mulai 10 November 2017 sampai 31 Desember 2017. ,https://gofood.link/u/gk3LR,0,,
"Warung Seblak Abdul, Kranji",Jajanan,Bekasi Barat,25rb - 50rb,4.5,,https://gofood.link/u/GG0W4,0,,
"Warteg Fuji Mulia, Bekasi","Minuman, Aneka nasi, Cepat saji",Bekasi Utara,10rb - 25rb,4.7,,https://gofood.link/u/POdMk,0,,
Warung Makan Sido Mampir Sate Pak Man Solo,"Aneka nasi, Sate",Bekasi Timur,50rb - 100rb,4.6,,https://gofood.link/u/2dJbP,0,,
"Bebek Goreng H. Slamet, Galaxy",Ayam & bebek,Bekasi Selatan,25rb - 50rb,4.7,,https://gofood.link/u/N7QWK,0,,
"Ayam Keprabon Express, Kaliabang Tengah","Ayam & bebek, Aneka nasi",Bekasi Utara,25rb - 50rb,4.7,,https://gofood.link/u/YBGO,0,https://api.jajanbekasi.web.id/foto/Ayam_Keprabon_Express_Kaliabang_Tengah.jpg,gofood_og
"Tahu Petis Yudhistira, Taman Galaxy",Jajanan,Bekasi Selatan,25rb - 50rb,4.6,"Kuliner otentik khas Semarang. Tahu Petis, Lumpia Semarang dan Petis Kemasan. Dikemas menarik dan bersertifikasi Halal MUI.",https://gofood.link/u/gg2jb,0,,
"Amanda Brownies, Bekasi Timur",Sweets,Bekasi Timur,50rb - 100rb,4.7,,https://gofood.link/u/eJL04,0,https://api.jajanbekasi.web.id/foto/Amanda_Brownies_Bekasi_Timur.jpg,gofood_og
"Pempek Palembang 2000 Duo, Nusantara Raya",Jajanan,Bekasi Timur,10rb - 25rb,4.3,					,https://gofood.link/u/Da7N1,0,,
"Bubur Ayam Kampung Nyemplung, Rawalumbu",Aneka nasi,Rawalumbu,25rb - 50rb,4.8,,https://gofood.link/u/3PRm3,0,,
"Sate Tongseng Pak Budi, Bekasi Timur",Sate,Bekasi Timur,50rb - 100rb,4.7,,https://gofood.link/u/xgZ1L,0,https://api.jajanbekasi.web.id/foto/Sate_Tongseng_Pak_Budi_Bekasi_Timur.jpg,gofood_og
"Ayam Gebok Bang Jamal, Bekasi Timur",Ayam & bebek,Bekasi Timur,25rb - 50rb,0.0,,https://gofood.link/u/8z2Gl,0,,
"Bola Ubi RAOS, Taman Galaxy",Jajanan,Bekasi Selatan,25rb - 50rb,4.6,,https://gofood.link/u/mv7Z1,0,,
"Gado-Gado Pondok Hijau, Akasia II","Aneka nasi, Bakmie",Rawalumbu,25rb - 50rb,4.7,,https://gofood.link/u/PZz7y,0,,
"Martabak Harman, Taman Galaxy",Martabak,Bekasi Selatan,50rb - 100rb,4.6,,https://gofood.link/u/Dan97,0,,
"Restoran 99 Seafood, Bekasi Utara",Seafood,Bekasi Utara,50rb - 100rb,4.7,,https://gofood.link/u/LGZQ4,0,,
"Warung Pancong Reggae, Bekasi Utara","Jajanan, Roti, Kopi",Bekasi Utara,25rb - 50rb,4.6,,https://gofood.link/u/kLzJG,0,,
"Sari Rasa Pekayon, Ruko Bukit Safira","Sate, Ayam & bebek, Aneka nasi",Bekasi Selatan,25rb - 50rb,4.7,,https://gofood.link/u/mzJ4,0,,
"RM Mie Surabaya, Bekasi","Bakmie, Seafood, Bakso & soto",Bekasi Utara,50rb - 100rb,4.7,,https://gofood.link/u/aR3mr,0,https://api.jajanbekasi.web.id/foto/RM_Mie_Surabaya_Bekasi.jpg,gofood_og
"Super Sambal, Galaxy","Ayam & bebek, Seafood, Aneka nasi",Bekasi Selatan,25rb - 50rb,4.8,,https://gofood.link/a/yM8Ycr3,0,,
"I Am Geprek  Bensu, Raya Kaliabang","Ayam & bebek, Aneka nasi, Cepat saji",Bekasi Utara,25rb - 50rb,4.7,,https://gofood.link/a/yM9gwGm,0,https://api.jajanbekasi.web.id/foto/I_Am_Geprek_Bensu_Raya_Kaliabang.jpg,gofood_og
"Martabak Alim, Rawalumbu Bekasi",Martabak,Rawalumbu,10rb - 25rb,4.0,,https://gofood.link/u/d8le,0,,
"KFC, BTC Bekasi",Cepat saji,Bekasi Timur,50rb - 100rb,4.8,,https://gofood.link/a/yM9xctW,0,https://api.jajanbekasi.web.id/foto/KFC_BTC_Bekasi.jpg,gofood_og
"HokBen, BTC Bekasi","Jepang, Cepat saji",Bekasi Timur,50rb - 100rb,4.7,,https://gofood.link/u/aVGJO,0,https://api.jajanbekasi.web.id/foto/HokBen_BTC_Bekasi.jpg,gofood_og
"Bebek Goreng H. Slamet, Rawalumbu",Ayam & bebek,Rawalumbu,25rb - 50rb,4.7,,https://gofood.link/u/YVJNO,0,,
"Jus Now, Bekasi Utara",Minuman,Bekasi Utara,10rb - 25rb,0.0,,https://gofood.link/u/MzbPG,0,,
"Pizza Hut Delivery - PHD, Kaliabang","Pizza & pasta, Cepat saji, Jajanan, Barat, Ayam & bebek",Bekasi Utara,>100rb,4.7,,https://gofood.link/u/VdeV3,0,https://api.jajanbekasi.web.id/foto/Pizza_Hut_Delivery_-_PHD_Kaliabang.jpg,gofood_og
"Bakso Bakwan Malang Cak Su Kumis, Taman Galaxi",Bakso & soto,Bekasi Selatan,10rb - 25rb,4.8,,https://gofood.link/u/eze24,0,,
"Bakso Rudal, Rawalumbu",Bakso & soto,Rawalumbu,25rb - 50rb,4.6,,https://gofood.link/u/PV2R8,0,,
Cincau dan cendol Galksi bekasi selatan,"Sweets, Cepat saji",Bekasi Selatan,25rb - 50rb,4.5,,https://gofood.link/u/AGJ2W,0,,
"Mie Ayam Bangka, Pondok Cipta",Bakmie,Bekasi Barat,25rb - 50rb,4.6,,https://gofood.link/u/PObeA,0,,
"Ayam Nuklir Bekasi, Pariwisata raya","Aneka nasi, Ayam & bebek",Rawalumbu,25rb - 50rb,4.8,,https://gofood.link/u/zy2kj,0,,
"Bakmi Pijar, Rawalumbu","Bakmie, Seafood, Aneka nasi",Rawalumbu,25rb - 50rb,4.7,,https://gofood.link/u/WA8KZ,0,,
"Ayam Ngebul, Pondok Cipta",Ayam & bebek,Bekasi Barat,25rb - 50rb,4.8,,https://gofood.link/u/aW943,0,,
"Rumah Makan Salsabil, Pondok Cipta",Aneka nasi,Bekasi Barat,10rb - 25rb,4.6,,https://gofood.link/u/qeMma,0,,
"Hot Bread , Bakery & Cakes, Bekasi Barat","Roti, Jajanan",Bekasi Barat,25rb - 50rb,4.6,,https://gofood.link/u/WAOBd,0,,
"Soto Ayam Surabaya Pak Min, Bekasi Timur","Ayam & bebek, Bakso & soto",Bekasi Timur,25rb - 50rb,4.7,,https://gofood.link/u/8zrZl,0,,
"Bakso Sri RAJA, Bekasi Utara",Bakso & soto,Bekasi Utara,25rb - 50rb,4.6,,https://gofood.link/u/A1K2e,0,,
Seafood AA Pondok Cipta,"Seafood, Bakmie, Chinese",Bekasi Barat,50rb - 100rb,4.6,,https://gofood.link/u/MKMbQ,0,,
"Waroeng Nasgor Koko Will, Pondok Cipta Raya","Seafood, Aneka nasi, Chinese",Bekasi Barat,25rb - 50rb,4.7,,https://gofood.link/u/zGlBn,0,,
"Warung Mas Yono, Bekasi",Aneka nasi,Bekasi Utara,25rb - 50rb,4.6,,https://gofood.link/u/ZY1a,0,,
"Ayam Geprek Simra, Rawalumbu","Aneka nasi, Ayam & bebek, Jajanan",Rawalumbu,25rb - 50rb,4.7,,https://gofood.link/a/yM9xgJm,0,,
"Pecel Lele Lela, Galaxy","Ayam & bebek, Aneka nasi",Bekasi Selatan,25rb - 50rb,4.8,,https://gofood.link/u/LGO7q,0,,
"KFC, Kemang Pratama",Cepat saji,Bekasi Selatan,50rb - 100rb,4.8,,https://gofood.link/u/e7878,0,,
"Miato (Mie Bangka Bumbu Ayam), Bekasi Barat",Bakmie,Bekasi Utara,25rb - 50rb,4.8,,https://gofood.link/u/m8NNO,0,,
"Ayam Bakar Ngalimeud, Bekasi Selatan","Aneka nasi, Ayam & bebek, Bakso & soto",Bekasi Selatan,25rb - 50rb,3.7,,https://gofood.link/u/aR1RW,0,,
"Bob's Salad, Perum Kemang Pratama",Sweets,Bekasi Selatan,25rb - 50rb,4.7,"BOB’S SALAD menyajikan menu dessert berupa salad buah & salad sayur sebagai makanan kesehatan  dengan mayonnaise variant rasa antara lain : mayonnaise original, mayonnaise dengan paduan krim  keju, mayonnaise yoghurt, mayonnaise rasa leci, mayonnaise guava jambu, mayonnaise grape dan  thousand island. Dimana penyajiannya dapat di mix sesuai selera konsumen. Mayonaise yang kami  gunakan bukan product jadi yang ada di pasaran melainkan hasil racikan sendiri ( home made ). Inilah  yang menjadi ciri khas keistimewaan rasa salad kami.",https://gofood.link/a/yM931Pf,0,,
"Rumah Makan & Seafood 99, Rawalumbu",Seafood,Rawalumbu,50rb - 100rb,4.5,,https://gofood.link/u/OJm5g,0,,
Es Pisang Ijo - Lapten Corner,Sweets,Bekasi Selatan,10rb - 25rb,4.7,,https://gofood.link/u/OWOM,0,,
"Martabak Legit Group, Rawalumbu",Martabak,Rawalumbu,50rb - 100rb,4.5,,https://gofood.link/a/yM9WBQC,0,,
"Baso Aci Kesultanan, Bekasi Barat","Cepat saji, Bakmie, Jajanan",Bekasi Utara,10rb - 25rb,4.7,,https://gofood.link/u/1zagp,0,,
"Mbanana Eat Banana, Bekasi Utara","Jajanan, Sweets",Bekasi Utara,25rb - 50rb,4.8,,https://gofood.link/u/D8J7,0,https://api.jajanbekasi.web.id/foto/Mbanana_Eat_Banana_Bekasi_Utara.jpg,gofood_og
Ayam Kecut Ibu Cucum,Aneka nasi,Bekasi Timur,25rb - 50rb,0.0,,https://gofood.link/u/NLxD,0,,
"Takana Fried Chicken Albahar, Bekasi Utara","Ayam & bebek, Cepat saji",Bekasi Utara,10rb - 25rb,4.7,,https://gofood.link/u/YgYn3D,0,,
"Ayam Penyet Special Ibu Yani, Kemang Pratama",Ayam & bebek,Bekasi Selatan,50rb - 100rb,4.9,,https://gofood.link/u/Kjy3A,0,https://api.jajanbekasi.web.id/foto/16_Ayam_Penyet_Special_Ibu_Yani_Kemang_Pratama.jpg,cached
"McDonald's, Pekayon","Cepat saji, Sweets, Jajanan",Bekasi Selatan,50rb - 100rb,4.8,,https://gofood.link/u/yWn4,0,,
"Zushioda, Kemang Pratama",Jepang,Bekasi Selatan,25rb - 50rb,4.3,,https://gofood.link/u/J0w3A,0,,
"RM Gudeg Prambanan, Pekayon Raya",Aneka nasi,Bekasi Selatan,25rb - 50rb,4.7,,https://gofood.link/u/O1J5Z,0,,
"Roti John Surabaya, Bekasi",Barat,Bekasi Selatan,50rb - 100rb,3.7,,https://gofood.link/u/qevdq,0,,
"Lontong Medan Ma' Gopi, Pulo Sirih Barat",Aneka nasi,Bekasi Selatan,25rb - 50rb,4.4,,https://gofood.link/u/ZVPOA,0,,
"Baso Aci Mantan, Bekasi Selatan",Jajanan,Bekasi Selatan,25rb - 50rb,4.7,,https://gofood.link/u/OJn8p,0,,
"Mie Ayam Bangka Dhea & Baso, Taman Wisma Asri",Bakmie,Bekasi Utara,25rb - 50rb,4.7,,https://gofood.link/a/yM9X8Bw,0,https://api.jajanbekasi.web.id/foto/Mie_Ayam_Bangka_Dhea_Baso_Taman_Wisma_Asri.jpg,gofood_og
"Bakso Balungan Komsen - Galaxy, Jl Pulo Ribung Raya Galaxy",Bakso & soto,Bekasi Selatan,25rb - 50rb,4.6,"Bakso Iga, Tetelan, Kikil, Sumsum	",https://gofood.link/u/mxm34,0,,
"Nasi Goreng Gila Mas Han, Rawalumbu",Aneka nasi,Rawalumbu,25rb - 50rb,4.7,,https://gofood.link/u/OJ5wM,0,,
"Tahu Kupat Pak Harmin (Khas Solo), Perum Taman Galaxy","Aneka nasi, Jajanan, Cepat saji",Bekasi Selatan,25rb - 50rb,4.8,,https://gofood.link/u/vrKa,0,,
"Ayam Bakar Kalasan Teh Nenden, Narogong","Ayam & bebek, Aneka nasi, Seafood",Rawalumbu,25rb - 50rb,4.8,,https://gofood.link/a/yM9zGN9,0,,
"Ayam Bakar Kalasan Sanjaya, Taman Wisma Asri",Ayam & bebek,Bekasi Utara,25rb - 50rb,4.7,,https://gofood.link/u/WLYYG,0,https://api.jajanbekasi.web.id/foto/Ayam_Bakar_Kalasan_Sanjaya_Taman_Wisma_Asri.jpg,gofood_og
"Kwetiaw Sapi & Seafood Pontia Gading, Grand Galaxy City","Seafood, Chinese",Bekasi Selatan,50rb - 100rb,4.6,,https://gofood.link/u/WAwnM,0,,
Shima Takoyaki,"Jepang, Korea",Bekasi Timur,25rb - 50rb,4.7,,https://gofood.link/u/YgLjO,0,https://api.jajanbekasi.web.id/foto/Shima_Takoyaki.jpg,gofood_og
"Bakmi Tu7uh, Pulo Ribung","Seafood, Chinese, Bakmie",Bekasi Selatan,50rb - 100rb,4.8,,https://gofood.link/u/mjbj,0,,
"Resto Aroma Palopoku, Bekasi Utara","Seafood, Sweets",Bekasi Utara,25rb - 50rb,4.7,,https://gofood.link/u/bwOAd,0,https://api.jajanbekasi.web.id/foto/Resto_Aroma_Palopoku_Bekasi_Utara.jpg,gofood_og
"BPK La Lolo (Masakan Karo), RRGB Villa Galaxi",Aneka nasi,Bekasi Selatan,50rb - 100rb,4.7,"“BPK LA LOLO  adalah Restoran yang menyajikan masakan khas Batak Karo berupa Babi Panggang, Sop, Kidu-kidu (Sosis Karo), Lomok-lomok (Saksang), dan Ikan Mas Arsik, yang diolah dengan perpaduan bumbu dan rempah tradisional untuk mendapatkan rasa yang lezat, khas tanah karo. LA LOLO juga menerima pesanan jumlah besar.”",https://gofood.link/a/yM96gj5,0,,
"Pediafood.id, Grand Galaxy City","Jepang, Kopi, Barat",Bekasi Selatan,25rb - 50rb,4.0,,https://gofood.link/u/qeenv,0,,
"Martabak Alim, Bintara Raya",Martabak,Bekasi Barat,50rb - 100rb,4.6,,https://gofood.link/u/ZlVrP,0,,
"KFC, Golden City Bekasi",Cepat saji,Bekasi Utara,50rb - 100rb,4.7,,https://gofood.link/a/yM9kgRS,0,https://api.jajanbekasi.web.id/foto/KFC_Golden_City_Bekasi.jpg,gofood_og
"Mie Odos, Dasa Dharma","Bakmie, Aneka nasi",Rawalumbu,10rb - 25rb,4.7,,https://gofood.link/u/G0YD,0,,
"Mie Ayam Bangka Awat, Rukan Grand Galaxy City","Bakmie, Minuman, Chinese",Bekasi Selatan,25rb - 50rb,4.7,,https://gofood.link/u/gjbV,0,,
"Ayam Gepuk Pak Gembus, Jembatan 2 Rawalumbu",Ayam & bebek,Rawalumbu,25rb - 50rb,4.4,,https://gofood.link/a/yM8UTuY,0,,
"Rumah Makan & Seafood 99, Galaxy",Seafood,Bekasi Selatan,50rb - 100rb,4.7,,https://gofood.link/u/z8Nyj,0,,
"Takoyaki Bokura, Taman Narogong Indah","Jajanan, Jepang, Minuman",Rawalumbu,25rb - 50rb,4.7,,https://gofood.link/u/MmlG,0,,
"Brownies Cinta & Cake, Rawalumbu",Sweets,Rawalumbu,50rb - 100rb,4.8,,https://gofood.link/u/3ek4,0,,
"GO-CRAB, Galaxy",Seafood,Bekasi Selatan,50rb - 100rb,4.9,BEST WAY TO EAT SEAFOOD AT YOUR TABLE,https://gofood.link/a/yM9ME1u,0,https://api.jajanbekasi.web.id/foto/15_GO-CRAB_Galaxy.jpg,cached
"Sushi Mayo, Bekasi Barat","Jajanan, Jepang, Korea",Bekasi Barat,50rb - 100rb,4.6,,https://gofood.link/u/Nbqgn,0,,
"Pizza Hut Delivery - PHD, Villa Galaxy","Pizza & pasta, Cepat saji, Jajanan, Barat, Ayam & bebek",Bekasi Selatan,>100rb,4.7,,https://gofood.link/u/aWa7O,0,,
"PAWON BULIES - Gudeg dan Ayam Goreng, Duta 1","Ayam & bebek, Bakmie, Aneka nasi",Rawalumbu,25rb - 50rb,4.9,,https://gofood.link/u/r2p3N,0,https://api.jajanbekasi.web.id/foto/14_PAWON_BULIES_-_Gudeg_dan_Ayam_Goreng_Duta_1.jpg,cached
"Burger King, Kota Bintang Kalimalang","Cepat saji, Ayam & bebek, Aneka nasi, Jajanan",Bekasi Barat,25rb - 50rb,4.7,,https://gofood.link/u/81qeW,0,,
"PEMPEK ANANDA, Kompleks Masnaga","Jajanan, Cepat saji",Bekasi Barat,25rb - 50rb,4.1,,https://gofood.link/u/Zz9B,0,,
Tastyherbs Bottle,"Minuman, Jajanan, Cepat saji",Bekasi Utara,25rb - 50rb,4.4,Tastyherbs Bottle (Healthy Fresh Drink Homemade) merupakan minuman tradisional yang segar dan berkhasiat dibuat sendiri dengan bahan alami 100 % tanpa pengawet. Let's start the day with healthy drink from tastyherbs.,https://gofood.link/u/p3zy,0,,
"Bakmi & Seafood 99, Kemang Pratama",Aneka nasi,Rawalumbu,50rb - 100rb,4.8,,https://gofood.link/a/yM9fiJL,0,,
"Pizza Hut, Kota Bintang","Pizza & pasta, Cepat saji, Barat, Jajanan, Ayam & bebek",Bekasi Barat,>100rb,4.8,,https://gofood.link/u/YV4Zj,0,,
"Haus! x Hot Oppa, Bintara","Minuman, Jajanan, Kopi",Bekasi Barat,25rb - 50rb,4.7,,https://gofood.link/a/yM9ngYu,0,,
"Domino's Pizza, Kemang Pratama","Pizza & pasta, Cepat saji, Jajanan",Rawalumbu,50rb - 100rb,4.7,,https://gofood.link/a/yM8Vogf,0,,
"Bakmie Seafood 99, Bekasi Timur",Seafood,Bekasi Timur,50rb - 100rb,4.8,,https://gofood.link/a/yM8UTjL,0,https://api.jajanbekasi.web.id/foto/Bakmie_Seafood_99_Bekasi_Timur.jpg,gofood_og
"McDonald's, Grand Kota Bintang","Cepat saji, Sweets, Jajanan",Bekasi Barat,50rb - 100rb,4.8,,https://gofood.link/u/k47vN,0,,
"Ayam & Ikan Bakar 99, Bekasi Timur",Ayam & bebek,Bekasi Timur,50rb - 100rb,4.8,,https://gofood.link/u/mvZaO,0,https://api.jajanbekasi.web.id/foto/Ayam_Ikan_Bakar_99_Bekasi_Timur.jpg,gofood_og
"Es Cream Durian Dan Ice Aneka Buah-buahan King, Bekasi Selatan","Minuman, Sweets",Bekasi Selatan,25rb - 50rb,4.3,,https://gofood.link/u/A0OmR,0,,
"Pizza Hut Delivery - PHD, Bintara","Pizza & pasta, Cepat saji, Jajanan, Barat, Ayam & bebek",Bekasi Barat,>100rb,4.7,,https://gofood.link/a/yM9naoq,0,,
"HEMA Resto, Kemang Pratama","Aneka nasi, Pizza & pasta, Barat",Rawalumbu,50rb - 100rb,4.7,"Hema resto, dutch cuisine & holland 
Atmosphere",https://gofood.link/u/RAApd,0,,
"Ayam Geprek Ayam.com, Kemang Pratama","Ayam & bebek, Aneka nasi, Cepat saji",Rawalumbu,25rb - 50rb,4.8,"Promo Merdeka
Untuk setiap pembelian Paket Nasi Ayam Geprek Cheese atau Paket Nasi Ayam Geprek Mozarella hanya Rp 17,000 per items
Periode : 16-18 Augustus 2018 
",https://gofood.link/u/Qdr7z,0,,
"Bakmi Siantar, Grand Galaxy City",Bakmie,Bekasi Selatan,50rb - 100rb,4.7,,https://gofood.link/a/yM8XtvN,0,,
RM. AYAM BAKAR SARIROSO,"Bakso & soto, Ayam & bebek, Sate",Rawalumbu,25rb - 50rb,4.7,,https://gofood.link/a/yMa2GSU,0,,
"Miago Super Judes, Ruko Greenwood",Bakmie,Bekasi Utara,25rb - 50rb,4.6,,https://gofood.link/u/MzMnj,0,,
"Restoran Sederhana, Kemang Pratama","Aneka nasi, Martabak, Sate",Rawalumbu,25rb - 50rb,4.8,,https://gofood.link/u/vjjMn,0,,
"Rawon Senyum, Kemang Pratama",Bakso & soto,Rawalumbu,25rb - 50rb,4.7,,https://gofood.link/u/QaGzW,0,,
"RM Padang Daffa, Bekasi","Ayam & bebek, Aneka nasi",Bekasi Utara,25rb - 50rb,4.7,,https://gofood.link/u/WAbWv,0,https://api.jajanbekasi.web.id/foto/RM_Padang_Daffa_Bekasi.jpg,gofood_og
"Entog Cengkir Pojok, Rawalumbu","Aneka nasi, Ayam & bebek",Rawalumbu,25rb - 50rb,4.8,,https://gofood.link/u/O2emr,0,,
"Franksky Dessert, Rawalumbu",Sweets,Rawalumbu,50rb - 100rb,4.3,,https://gofood.link/u/O2WNa,0,,
"Mie Pangsit (Bakmi) Simpur, Kemang Pratama","Bakmie, Aneka nasi",Rawalumbu,25rb - 50rb,4.8,,https://gofood.link/u/r05N,0,https://api.jajanbekasi.web.id/foto/104_Mie_Pangsit_Bakmi_Simpur_Kemang_Pratama.jpg,cached
"Pastel Bunda, Jl. Palembang 1",Jajanan,Bekasi Selatan,10rb - 25rb,4.7,,https://gofood.link/u/PjO8,0,,
"Dapur Cokelat, Galaxy","Sweets, Roti, Minuman, Jajanan",Bekasi Selatan,>100rb,4.4,,https://gofood.link/u/MKMr2,0,,
"Amigoci, Grand Galaxy Park","Jajanan, Aneka nasi, Ayam & bebek",Bekasi Selatan,25rb - 50rb,0.0,,https://gofood.link/u/RKLyx,0,,
"Baso Malang Cak Kris, Grand Galaxy Park",Bakso & soto,Bekasi Selatan,10rb - 25rb,4.8,,https://gofood.link/u/2Lv4M,0,,
"Marijo, Grand Galaxy City",Aneka nasi,Bekasi Selatan,25rb - 50rb,4.9,,https://gofood.link/u/MKWDQ,0,https://api.jajanbekasi.web.id/foto/06_Marijo_Grand_Galaxy_City.jpg,cached
"Dcrepes, Grand Galaxy Park","Jajanan, Cepat saji, Sweets",Bekasi Selatan,25rb - 50rb,4.7,,https://gofood.link/u/LOqxR,0,,
"Warkop 1899, Beraberlik Tl. Pucung","Jajanan, Minuman, Aneka nasi",Bekasi Utara,10rb - 25rb,4.7,,https://gofood.link/a/yM98kwQ,0,,
Soto Betawi Bang Ndut (Grand Galaxy Park),Bakso & soto,Bekasi Selatan,50rb - 100rb,4.4,,https://gofood.link/u/2yyWy,0,,
"Dum Dum Thai Drinks Express, Grand Galaxy Park Bekasi",Minuman,Bekasi Selatan,25rb - 50rb,4.8,,https://gofood.link/u/PpmY,0,,
"Puyo Silky Desserts, Grand Galaxy Park","Sweets, Jajanan, Minuman",Bekasi Selatan,50rb - 100rb,4.7,Puyo Silky Desserts serves the best light and silky texture desserts for people to fulfil their sweet cravings without feeling guilty.,https://gofood.link/u/ezG4Q,0,,
"Shigeru Sushi, Grand Galaxy Park",Jepang,Bekasi Selatan,50rb - 100rb,4.7,,https://gofood.link/u/z4kbM,0,,
"Roti'O, Grand Galaxy Park",Roti,Bekasi Selatan,50rb - 100rb,4.8,,https://gofood.link/u/3aPA9,0,,
"""Es Teler Cirebon"" Bang Hasan, Taman Kuliner Keluarga","Minuman, Sweets",Bekasi Utara,10rb - 25rb,3.9,,https://gofood.link/u/bgKxM,0,,
"Bubur Ayam Jakarta, Ruko Kemang Pratama",Aneka nasi,Rawalumbu,25rb - 50rb,4.8,,https://gofood.link/u/gxqQB,0,,
"Es Sekoteng dan Siomay Bandung ""Mang Dede"", Kemang Pratama","Jajanan, Bakso & soto",Rawalumbu,25rb - 50rb,4.8,,https://gofood.link/u/RAbN3,0,https://api.jajanbekasi.web.id/foto/102_Es_Sekoteng_dan_Siomay_Bandung_Mang_Dede_Kemang_Pratama.jpg,cached
"A&W, Linc Square",Cepat saji,Rawalumbu,50rb - 100rb,4.9,,https://gofood.link/u/13wBp,0,https://api.jajanbekasi.web.id/foto/12_AW_Linc_Square.jpg,cached
"Kantin Aulia 1, Bekasi Selatan","Sweets, Ayam & bebek, Aneka nasi, Cepat saji",Bekasi Selatan,25rb - 50rb,4.9,,https://gofood.link/a/yM9Sd4b,0,https://api.jajanbekasi.web.id/foto/07_Kantin_Aulia_1_Bekasi_Selatan.jpg,cached
"Rumah Makan Bungo Jambak, Rawalumbu","Aneka nasi, Ayam & bebek, Minuman",Rawalumbu,10rb - 25rb,4.7,,https://gofood.link/u/ZAva,0,,
"Mie Kangkung Betawi, Soto Betawi Ariyani, Ruko Kemang Pratama",Bakmie,Rawalumbu,50rb - 100rb,4.9,,https://gofood.link/u/dM73O,0,https://api.jajanbekasi.web.id/foto/13_Mie_Kangkung_Betawi_Soto_Betawi_Ariyani_Ruko_Kemang_Pratama.jpg,cached
"Pizza Hut, Kemang Pratama","Pizza & pasta, Cepat saji, Barat, Jajanan, Ayam & bebek",Rawalumbu,>100rb,4.7,,https://gofood.link/u/8zGLV,0,,
"Mie Ayam Bangka Awat, Ruko Kemang Pratama",Bakmie,Rawalumbu,50rb - 100rb,4.7,,https://gofood.link/a/yM9y29d,0,,
"Martabak Alim, Perumnas 3",Martabak,Bekasi Timur,50rb - 100rb,4.7,,https://gofood.link/u/9A11y,0,,
"Mie Ayam Hotplate Abuy, Bekasi Timur",Bakmie,Bekasi Timur,25rb - 50rb,4.8,,https://gofood.link/u/LO91Z,0,https://api.jajanbekasi.web.id/foto/Mie_Ayam_Hotplate_Abuy_Bekasi_Timur.jpg,gofood_og
"Solaria, Grand Galaxy Mall","Chinese, Aneka nasi",Bekasi Selatan,50rb - 100rb,4.8,,https://gofood.link/u/bRmmq,0,,
"Fiesta Steak Restaurant, Mall Grand Galaxy Park",Barat,Bekasi Selatan,50rb - 100rb,4.8,,https://gofood.link/u/nvnNq,0,,
"Kwetiaw Sapi Apollo, Bekasi Selatan","Chinese, Aneka nasi, Bakmie",Bekasi Selatan,50rb - 100rb,4.7,,https://gofood.link/u/Q5LjM,0,,
"NomiNomi Delight, Bekasi",Jepang,Bekasi Selatan,50rb - 100rb,4.7,,https://gofood.link/u/ZVkMA,0,,
"Waroeng Ikal 3.76, Ruko Grand Galaxy",Bakso & soto,Bekasi Selatan,10rb - 25rb,0.0,,https://gofood.link/u/ydjN,0,,
"Sate Madura Cak Ari, Bekasi Selatan",Sate,Bekasi Selatan,50rb - 100rb,4.8,,https://gofood.link/u/qDd4y,0,,
"Thirstea, Boulevar Raya",Minuman,Bekasi Selatan,25rb - 50rb,0.0,,https://gofood.link/u/Le8zO,0,,
"Alfa's Resto, Grand Galaxy","Ayam & bebek, Aneka nasi",Bekasi Selatan,25rb - 50rb,0.0,,https://gofood.link/u/mx5va,0,,
"Lapo Uly Humbang, Harapan Baru Regency",,Bekasi Utara,50rb - 100rb,4.4,,https://gofood.link/a/yM9JWdm,0,,
Warunk Food Fighters,"Jajanan, Roti, Kopi",Bekasi Selatan,25rb - 50rb,0.0,,https://gofood.link/u/gkKLg,0,,
"Ayam Geprek Bu TER, Bekasi Selatan",Ayam & bebek,Bekasi Selatan,25rb - 50rb,4.7,,https://gofood.link/u/1x2O,0,,
"Bang Raden Gerobak Kopi, Grand Galaxy City","Minuman, Kopi, Sweets",Bekasi Selatan,50rb - 100rb,4.8,,https://gofood.link/u/xz8lO,0,,
"Bakso Rusuk Solo, Gusti Ngurah Rai","Bakso & soto, Sate",Bekasi Barat,50rb - 100rb,4.7,,https://gofood.link/u/Opza,0,,
"Stop' Eat, Grand Galaxy","Jajanan, Kopi, Sweets",Bekasi Selatan,25rb - 50rb,0.0,,https://gofood.link/u/gx5ab,0,,
"Bakmie & Seafood 99, Pekayon","Seafood, Bakmie",Bekasi Selatan,50rb - 100rb,4.8,,https://gofood.link/u/erlv,0,https://api.jajanbekasi.web.id/foto/Bakmie_Seafood_99_Pekayon.jpg,gofood_og
"I Am Geprek Bensu Perum, Bekasi Timur","Ayam & bebek, Aneka nasi, Cepat saji",Bekasi Timur,25rb - 50rb,4.7,,https://gofood.link/u/eJ8pq,0,,
"Pempek Yenny, Rawalumbu",Jajanan,Rawalumbu,25rb - 50rb,4.6,,https://gofood.link/a/yM9d9aN,0,,
"Martabak Mahkota Prumnas 3, Maluku Raya","Jajanan, Martabak",Bekasi Timur,25rb - 50rb,0.0,,https://gofood.link/u/pzmxG,0,,
"Soto Gading Kalibata, Grand Galaxy City",Bakso & soto,Bekasi Selatan,10rb - 25rb,4.8,,https://gofood.link/u/9wkGN,0,https://api.jajanbekasi.web.id/foto/Soto_Gading_Kalibata_Grand_Galaxy_City.jpg,gofood_og
"Holland Bakery, Jl. KH. Noer Ali Bekasi","Roti, Sweets",Bekasi Barat,25rb - 50rb,4.7,,https://gofood.link/u/3aMVq,0,,
"Ayam Bersih Berkah (GK), Kalimalang",Aneka nasi,Bekasi Barat,25rb - 50rb,4.7,Juara Partner GO-FOOD 2019: Kategori Kawan Setia di Tanggal Tua & Kategori Paling Aktif Jabodetabek,https://gofood.link/u/bR0Jj,0,,
"Bakso dan Mie Ayam WOOW, T.Narogong Indah/Rawalumbu","Bakmie, Bakso & soto",Rawalumbu,25rb - 50rb,4.6,,https://gofood.link/u/qrJxn,0,,
"Sweevory Delight, Bekasi Selatan","Kopi, Minuman, Roti",Bekasi Selatan,25rb - 50rb,4.4,,https://gofood.link/u/w1qWq,0,,
"Janke (Jajanan Kekinian) Mr.Antoni, Aren Jaya","Sweets, Barat, Minuman, Jajanan",Bekasi Timur,25rb - 50rb,3.7,,https://gofood.link/u/Q5xB9,0,,
"Bakmi Cahaya, Caman Raya","Bakmie, Chinese, Seafood",Bekasi Barat,50rb - 100rb,4.9,,https://gofood.link/u/Qagqn,0,https://api.jajanbekasi.web.id/foto/08_Bakmi_Cahaya_Caman_Raya.jpg,cached
"Mahkota Caman, Ruko Bougenville","Ayam & bebek, Bakmie, Bakso & soto",Bekasi Barat,25rb - 50rb,4.2,,https://gofood.link/u/AB19,0,,
"Mbok Centil Ayam Kampung Serundeng, Galaxy",Ayam & bebek,Bekasi Selatan,25rb - 50rb,4.9,,https://gofood.link/u/ezg4Z,0,https://api.jajanbekasi.web.id/foto/10_Mbok_Centil_Ayam_Kampung_Serundeng_Galaxy.jpg,cached
"Warung Pecel Lele Cak Bondet, Medan Satria","Aneka nasi, Ayam & bebek, Bakso & soto",Medan Satria,10rb - 25rb,4.7,,https://gofood.link/u/2ybRzD,0,https://api.jajanbekasi.web.id/foto/Warung_Pecel_Lele_Cak_Bondet_Medan_Satria.jpg,gofood_og
"Yokobento, Nusantara Raya","Jepang, Ayam & bebek, Cepat saji",Bekasi Timur,25rb - 50rb,4.5,,https://gofood.link/u/POmdj,0,,
"Mie Ayam Pangsit Pakde Timbul, Sultan Agung",Bakmie,Medan Satria,25rb - 50rb,4.6,,https://gofood.link/u/91eOb,0,,
"ROA Manadonese Food, Grand Icon","Seafood, Aneka nasi, Ayam & bebek",Bekasi Barat,50rb - 100rb,4.8,,https://gofood.link/a/yM9NXUq,0,https://api.jajanbekasi.web.id/foto/ROA_Manadonese_Food_Grand_Icon.jpg,gofood_og
"Gabus Pucung, Bintara Jaya","Aneka nasi, Cepat saji",Bekasi Barat,50rb - 100rb,4.6,,https://gofood.link/u/5WyQ,0,,
"Puspita Pastry, Bekasi Selatan","Sweets, Roti, Jajanan",Bekasi Selatan,50rb - 100rb,0.0,"Puspita Pastry mulai berproduksi di bulan April tahun 2015 dengan varian produknya antara lain pie susu (original,coklat,greentea), klappertart serta  kue kering (nastar,kastengel,brown cheese).",https://gofood.link/u/pz5xM,0,,
"Richeese Factory, Pekayon","Cepat saji, Ayam & bebek, Aneka nasi",Bekasi Selatan,50rb - 100rb,4.7,,https://gofood.link/u/Bl7Ly,0,,
"Jengkol Jeng Fanny, Bekasi Timur",Ayam & bebek,Bekasi Timur,25rb - 50rb,3.9,,https://gofood.link/u/D9ma,0,,
"Seblak Jeletot & Ochot-ochot, Bintara Jaya","Cepat saji, Aneka nasi, Bakso & soto",Bekasi Barat,25rb - 50rb,4.4,,https://gofood.link/u/WADgM,0,,
"Pizza Hut Delivery - PHD, Caman Jatibening","Pizza & pasta, Cepat saji, Jajanan, Barat, Ayam & bebek",Bekasi Barat,50rb - 100rb,4.7,,https://gofood.link/u/jwaa,0,,
"Fish Streat, Grand Galaxy",Seafood,Bekasi Selatan,50rb - 100rb,4.6,Juara Partner GO-FOOD 2019: Kategori JAGOAN GO-FOODIES Jabodetabek,https://gofood.link/u/3NYV3,0,,
"Rendang Ramses, Jembatan 7","Aneka nasi, Cepat saji",Rawalumbu,25rb - 50rb,4.5,,https://gofood.link/u/0nvD7v,0,,
"Ketoprak Galaxsi, Depan Precious Corner",Aneka nasi,Bekasi Selatan,25rb - 50rb,4.1,,https://gofood.link/u/bgAaq,0,,
"Mie Keriting Ayam Jamur ""Cantik Sebelas"", Taman Narogong Indah","Bakmie, Bakso & soto, Jajanan",Rawalumbu,25rb - 50rb,4.3,,https://gofood.link/u/3P42r,0,,
"Maulin's Brownies, Taman Narogong Indah Raya","Roti, Jajanan, Sweets",Rawalumbu,50rb - 100rb,4.5,,https://gofood.link/u/zGmyJ,0,,
"Warung Sate Solo Pak No Caman, Pondok Gede","Sate, Jajanan, Minuman",Bekasi Barat,50rb - 100rb,4.7,,https://gofood.link/a/yM9aLdu,0,,
"Nasi Kebuli Nabawi (Stand 2), Ujung Harapan","Aneka nasi, Timur Tengah, Jajanan",Bekasi Utara,50rb - 100rb,0.0,,https://gofood.link/u/kxnpa,0,,
"Soto Ayam Babon Surabaya, Bekasi Utara",Bakso & soto,Bekasi Utara,10rb - 25rb,4.6,,https://gofood.link/u/5mY7Q,0,,
"Warung Bu Kris, Medan Satria",Aneka nasi,Medan Satria,25rb - 50rb,4.8,"""Harga Belum Termasuk Pajak Restaurant (pb1) Yaitu 10%""",https://gofood.link/u/vLzPq,0,https://api.jajanbekasi.web.id/foto/094_Warung_Bu_Kris_Medan_Satria.jpg,cached_disk
"McDonald's, Kota Harapan Indah","Cepat saji, Sweets, Jajanan",Medan Satria,50rb - 100rb,4.8,,https://gofood.link/u/JAn9,0,https://api.jajanbekasi.web.id/foto/McDonalds_Kota_Harapan_Indah.jpg,gofood_og
"KFC, Taman Harapan Indah",Cepat saji,Medan Satria,50rb - 100rb,4.7,,https://gofood.link/u/813ml,0,,
"Bakso Aci Teh Resty, Mustika Sari","Bakso & soto, Bakmie, Cepat saji",Rawalumbu,25rb - 50rb,3.8,,https://gofood.link/u/415mg,0,,
"Bakso Aci Garut Teh Resty, Jl Pasar Tanah Merah","Jajanan, Bakso & soto",Rawalumbu,25rb - 50rb,4.5,,https://gofood.link/u/48Gbq,0,,
"HokBen, Medan Satria","Jepang, Cepat saji",Medan Satria,50rb - 100rb,4.8,,https://gofood.link/u/OJ8yr,0,https://api.jajanbekasi.web.id/foto/093_HokBen_Medan_Satria.jpg,cached_disk
"SS Crepes Mall & Es Teh Nusantara, Bekasi","Jajanan, Cepat saji, Roti",Bekasi Barat,10rb - 25rb,0.0,,https://gofood.link/u/51adY,0,,
"Pizza Hut, Harapan Indah","Pizza & pasta, Cepat saji, Barat, Jajanan, Ayam & bebek",Medan Satria,>100rb,4.7,,https://gofood.link/u/POj2x,0,,
"Restoran Sederhana, Caman",Aneka nasi,Pondok Gede,25rb - 50rb,4.8,,https://gofood.link/u/8170q,0,,
"Gudang Rottie, Rukan Villa Jatibening","Barat, Roti",Pondok Gede,25rb - 50rb,4.8,,https://gofood.link/u/Qaz4d,0,,
"The Harvest Cakes, Harapan Indah","Roti, Kopi, Sweets",Medan Satria,>100rb,4.4,,https://gofood.link/u/2L3a3,0,,
"Ropi, Harapan Indah","Jajanan, Roti",Medan Satria,10rb - 25rb,4.6,,https://gofood.link/u/8zayA,0,,
"Dimsum Serase, Bekasi Selatan","Cepat saji, Jajanan, Jepang",Bekasi Selatan,25rb - 50rb,4.2,,https://gofood.link/u/GKeb4,0,,
"RM Manado Cakalang, Bulevard Hijau","Aneka nasi, Cepat saji, Sweets",Medan Satria,25rb - 50rb,4.8,,https://gofood.link/u/8OMA,0,https://api.jajanbekasi.web.id/foto/RM_Manado_Cakalang_Bulevard_Hijau.jpg,gofood_og
"Pisang Goreng Tanduk Chocomoet Crispy, Bekasi Barat","Sweets, Jajanan",Bekasi Barat,25rb - 50rb,4.8,,https://gofood.link/u/DMN0Q,0,https://api.jajanbekasi.web.id/foto/Pisang_Goreng_Tanduk_Chocomoet_Crispy_Bekasi_Barat.jpg,gofood_og
"Rumah Ucok Durian Medan, Bening Permai","Jajanan, Sweets, Cepat saji",Pondok Gede,>100rb,4.4,,https://gofood.link/a/yM95bu1,0,,
"Soto Betawi Bang N'Dut 09, Jatibening","Bakso & soto, Cepat saji, Barat",Bekasi Selatan,50rb - 100rb,4.3,"Promo untuk soto betawi. Beli 5 gratis 1
Promo untuk bubur ayam beli 7 gratis 1",https://gofood.link/u/LGG7l,0,,
Sop Iga dan Soto Bening Bang N’Dut 09,Bakso & soto,Bekasi Selatan,25rb - 50rb,4.6,,https://gofood.link/u/mxW9a,0,,
"Mie Ayam Bangka Muslim Koh Awie, Harapan Indah",Bakmie,Medan Satria,25rb - 50rb,4.7,,https://gofood.link/u/JVjz9,0,,
"Mie Keriting Kelinci Dalam, Boulevard Hijau","Aneka nasi, Ayam & bebek, Bakmie",Medan Satria,25rb - 50rb,4.6,,https://gofood.link/a/yM9LzJy,0,,
"Sederhana SA, Harapan Indah","Aneka nasi, Martabak, Sate",Medan Satria,25rb - 50rb,4.7,,https://gofood.link/u/kxMqG,0,,
"Ayam Presto Ny. Nita, Bekasi",Ayam & bebek,Medan Satria,50rb - 100rb,4.8,,https://gofood.link/a/yM91hXJ,0,https://api.jajanbekasi.web.id/foto/Ayam_Presto_Ny_Nita_Bekasi.jpg,gofood_og
"D'Losari, Medan Satria",Ayam & bebek,Medan Satria,25rb - 50rb,4.7,,https://gofood.link/u/GKwWy,0,,
"Steak 21, Harapan Indah",Barat,Medan Satria,>100rb,4.6,,https://gofood.link/a/yM9PjDW,0,,
"Ayam Keprabon Express Harapan Indah, Boulevard Hijau",Ayam & bebek,Medan Satria,50rb - 100rb,4.8,Juara Partner GO-FOOD 2019: Kategori JAGOAN GO-FOODIES & Kategori Pelayanan Driver Terbaik Jabodetabek,https://gofood.link/a/yM9fn5Q,0,https://api.jajanbekasi.web.id/foto/Ayam_Keprabon_Express_Harapan_Indah_Boulevard_Hijau.jpg,gofood_og
"I Am Geprek Bensu, Bekasi","Ayam & bebek, Aneka nasi, Cepat saji",Medan Satria,25rb - 50rb,4.7,"Rumah Makan dengan ayam goreng tepung yang di geprek plus sambel, keju, dan mozarella",https://gofood.link/u/Mzrdk,0,,
"Warung Sate Solo Pak Sakha, mandala","Minuman, Sate, Aneka nasi",Jatiasih,25rb - 50rb,4.8,,https://gofood.link/u/1Bwa,0,https://api.jajanbekasi.web.id/foto/074_Warung_Sate_Solo_Pak_Sakha_mandala.jpg,cached_disk
"Dcika Cakes & Bakery, Harapan Indah","Sweets, Roti, Jajanan",Medan Satria,50rb - 100rb,4.6,,https://gofood.link/u/KyyYa,0,,
"Dapur Cokelat, Harapan Indah","Roti, Sweets, Minuman, Jajanan",Medan Satria,>100rb,4.4,,https://gofood.link/u/vLNOa,0,,
"Bebek Setan, Harapan Indah",Ayam & bebek,Medan Satria,25rb - 50rb,4.7,,https://gofood.link/u/bvp8,0,,
"A&W, Kota Harapan Indah",Cepat saji,Medan Satria,50rb - 100rb,4.7,,https://gofood.link/u/J3nYL,0,,
"Restoran Padang Sambal Hijau, Pondok Gede",Aneka nasi,Pondok Gede,25rb - 50rb,4.7,,https://gofood.link/u/YK9wO,0,,
"Nasi Uduk Kebon Kacang Bang Hepi, Harapan Indah",Aneka nasi,Medan Satria,25rb - 50rb,4.6,,https://gofood.link/a/yM9RdxW,0,,
"Holland Bakery, Medan Satria Bekasi","Roti, Sweets",Medan Satria,25rb - 50rb,4.7,,https://gofood.link/u/VdAwg,0,,
"Pempek Palembang Gaby, Harapan Indah",Jajanan,Medan Satria,25rb - 50rb,4.7,,https://gofood.link/u/de2k9,0,,
"Javaland Coffee, Pondok Gede","Jajanan, Kopi, Roti",Jatiasih,10rb - 25rb,4.4,,https://gofood.link/a/yM9Pxsu,0,,
"Soto Ceker & Ranjau Pak Gendut, Harapan Indah",Bakso & soto,Medan Satria,25rb - 50rb,4.8,,https://gofood.link/a/yM9aNo5,0,https://api.jajanbekasi.web.id/foto/073_Soto_Ceker_Ranjau_Pak_Gendut_Harapan_Indah.jpg,cached_disk
"Bakso Bakwan Malang Cak Su Kumis, Harapan Indah","Bakso & soto, Jajanan",Medan Satria,10rb - 25rb,4.8,,https://gofood.link/u/b2lBq,0,https://api.jajanbekasi.web.id/foto/072_Bakso_Bakwan_Malang_Cak_Su_Kumis_Harapan_Indah.jpg,cached_disk
"Pizza Hut Delivery - PHD, Harapan Indah","Pizza & pasta, Cepat saji, Jajanan, Barat, Ayam & bebek",Medan Satria,>100rb,4.8,,https://gofood.link/u/BmD12,0,https://api.jajanbekasi.web.id/foto/071_Pizza_Hut_Delivery_-_PHD_Harapan_Indah.jpg,cached_disk
"Pempek Flamboyan, Caman","Jajanan, Bakmie",Pondok Gede,50rb - 100rb,4.8,,https://gofood.link/a/yM9xTC5,0,https://api.jajanbekasi.web.id/foto/070_Pempek_Flamboyan_Caman.jpg,cached_disk
"Soto Mie Mang Awi 2, (d/h p. Kadir), Bulevard Hijau","Bakso & soto, Cepat saji",Medan Satria,25rb - 50rb,4.3,,https://gofood.link/a/yM9vqdd,0,,
"Pondok Bakmi Mas Suryo, Pondok Gede","Aneka nasi, Bakmie",Pondok Gede,25rb - 50rb,4.8,,https://gofood.link/u/l0nq,0,https://api.jajanbekasi.web.id/foto/069_Pondok_Bakmi_Mas_Suryo_Pondok_Gede.jpg,cached_disk
"Depot Jawa Timur, Pejuang Jaya","Bakmie, Bakso & soto, Minuman",Bekasi Utara,25rb - 50rb,4.8,,https://gofood.link/u/JpJj,0,https://api.jajanbekasi.web.id/foto/096_Depot_Jawa_Timur_Pejuang_Jaya.jpg,cached_disk
"Soto Mie Bogor Kang Kamil, Jatibening",Bakso & soto,Jatiasih,25rb - 50rb,4.5,,https://gofood.link/u/RZx5y,0,,
"Ponut Donat Kentang, Courts KHI",Jajanan,Medan Satria,50rb - 100rb,4.7,,https://gofood.link/u/Vr3B7p,0,,
"Nao Kao Thai Tea, Courts Harapan indah",Minuman,Medan Satria,10rb - 25rb,4.9,,https://gofood.link/a/yM8Vrmq,0,https://api.jajanbekasi.web.id/foto/02_Nao_Kao_Thai_Tea_Courts_Harapan_indah.jpg,cached
"Ayam & Bebek 46 Solo, Pondok Gede","Ayam & bebek, Aneka nasi",Pondok Gede,25rb - 50rb,4.8,,https://gofood.link/a/yM9fLYq,0,https://api.jajanbekasi.web.id/foto/095_Ayam_Bebek_46_Solo_Pondok_Gede.jpg,cached_disk
"RM. Padang Rajo Simpang Tigo, Bekasi Selatan","Ayam & bebek, Aneka nasi",Bekasi Selatan,25rb - 50rb,4.8,,https://gofood.link/u/aRgY8,0,https://api.jajanbekasi.web.id/foto/30_RM_Padang_Rajo_Simpang_Tigo_Bekasi_Selatan.jpg,cached
Fat-Fat Chinese Food,Seafood,Medan Satria,50rb - 100rb,4.8,,https://gofood.link/u/wy8Oa,0,https://api.jajanbekasi.web.id/foto/054_Fat-Fat_Chinese_Food.jpg,cached_disk
"Mie Ayam 4TUT, Medan Satria","Bakmie, Jajanan, Cepat saji",Medan Satria,25rb - 50rb,4.6,,https://gofood.link/u/2LAOy,0,,
"Bakmie Crown, Harapan Indah",Bakmie,Medan Satria,25rb - 50rb,4.7,,https://gofood.link/a/yM9zgAy,0,,
"Pempek Yukyan, Mutiara Gading Timur Raya","Jajanan, Cepat saji",Mustika Jaya,25rb - 50rb,4.5,,https://gofood.link/u/Pjn45,0,,
Ganesh Cafe,"Aneka nasi, Minuman",Pondok Gede,25rb - 50rb,4.9,,https://gofood.link/a/yM8VHF7,0,https://api.jajanbekasi.web.id/foto/11_Ganesh_Cafe.jpg,cached
"Kimo Street Food, Al Husna",Aneka nasi,Bekasi Selatan,25rb - 50rb,4.9,,https://gofood.link/u/7mw0W,0,https://api.jajanbekasi.web.id/foto/04_Kimo_Street_Food_Al_Husna.jpg,cached
"Chatime x Cupbop, Lp Harapan Indah Bekasi","Sweets, Minuman, Kopi",Medan Satria,50rb - 100rb,4.7,,https://gofood.link/u/ZA3n5,0,,
"Warung Marenta, Medan Satria",Jajanan,Medan Satria,10rb - 25rb,0.0,,https://gofood.link/u/WgvN8,0,,
Mydelicio Kitchen,"Jajanan, Cepat saji, Chinese",Rawalumbu,50rb - 100rb,4.1,,https://gofood.link/u/2LPP3,0,,
"Sate Solo Pak Hasan, Mustika Jaya","Aneka nasi, Sate",Mustika Jaya,50rb - 100rb,4.6,,https://gofood.link/u/3aLja,0,,
"Richeese Factory, Jatibening","Cepat saji, Ayam & bebek, Aneka nasi",Pondok Gede,50rb - 100rb,4.7,,https://gofood.link/u/Q5jQd,0,,
"Mie Ayam Jamur Suka Baru Cab. Senen, Medan Satria",Bakmie,Medan Satria,25rb - 50rb,4.6,,https://gofood.link/u/1GkA,0,,
"Ayam Bakar HPG, Perumahan Pondok Ungu Permai",Ayam & bebek,Bekasi Utara,25rb - 50rb,4.7,,https://gofood.link/a/yM9A2kJ,0,,
"Vina's Bakery, Harapan Indah",Roti,Medan Satria,10rb - 25rb,4.8,,https://gofood.link/u/DAnK,0,https://api.jajanbekasi.web.id/foto/Vinas_Bakery_Harapan_Indah.jpg,gofood_og
"Arung Coffeeshop, Jatibening","Roti, Kopi, Sweets",Pondok Gede,50rb - 100rb,4.8,,https://gofood.link/u/e7xkZ,0,https://api.jajanbekasi.web.id/foto/Arung_Coffeeshop_Jatibening.jpg,gofood_og
Mie Ayam 107,Bakmie,Jatiasih,25rb - 50rb,3.4,,https://gofood.link/u/5LqjQ,0,,
"Cafe & Resto Jaya, Bekasi","Aneka nasi, Barat, Bakmie",Medan Satria,25rb - 50rb,4.7,,https://gofood.link/a/yM9vgF7,0,,
"Sambel Judes Ny Poo Juara Pedes, California 2","Aneka nasi, Jajanan, Cepat saji",Bekasi Selatan,50rb - 100rb,3.8,,https://gofood.link/u/eqYv8,0,,
"Dod Den Thai Tea, Pondok Ungu Permai",Minuman,Bekasi Utara,25rb - 50rb,4.8,,https://gofood.link/u/MzLJZ,0,https://api.jajanbekasi.web.id/foto/100_Dod_Den_Thai_Tea_Pondok_Ungu_Permai.jpg,cached_disk
"Rangers Chicken by MOR, Pondok Ungu","Cepat saji, Ayam & bebek",Bekasi Utara,25rb - 50rb,4.0,"Sudah pesan Rangers Chicken hari ini?
Nikmati berbagai pilihan menu ayam goreng yang crunchy, fresh dan menggugah selera dari Rangers. Kalian bisa cobain menu khas disini yakni Boneless Chicken - ayam goreng tanpa tulang dengan topping sambal khas nusantara. Dijamin nendang banget! Ayo tunggu apa lagi, pesan sekarang.",https://gofood.link/u/e73wZ,0,,
"Mie Ayam Bangka 96, Ruko Jatibening Park",Bakmie,Pondok Gede,25rb - 50rb,4.8,,https://gofood.link/u/qn9x,0,https://api.jajanbekasi.web.id/foto/099_Mie_Ayam_Bangka_96_Ruko_Jatibening_Park.jpg,cached_disk
"Soto Ayam Ceker Surabaya 28 Cak Kholil, Panggung","Bakso & soto, Ayam & bebek",Pondok Gede,25rb - 50rb,4.4,,https://gofood.link/u/z455g,0,,
"Family Chinese Food, Ruko Sentra Onderdil 2","Seafood, Chinese, Aneka nasi",Medan Satria,50rb - 100rb,4.8,,https://gofood.link/u/R13Q1,0,https://api.jajanbekasi.web.id/foto/098_Family_Chinese_Food_Ruko_Sentra_Onderdil_2.jpg,cached_disk
"Dons Burger Cafe, Pondok Ungu Permai",Cepat saji,Bekasi Utara,25rb - 50rb,4.6,,https://gofood.link/u/vr2Y,0,,
"Pasta Kangen_MGT, Mutiara Gading","Aneka nasi, Ayam & bebek, Pizza & pasta",Mustika Jaya,25rb - 50rb,4.8,,https://gofood.link/u/nL11x,0,https://api.jajanbekasi.web.id/foto/097_Pasta_Kangen_MGT_Mutiara_Gading.jpg,cached_disk
"Bebek Goreng H. Nur, Jatibening","Ayam & bebek, Minuman",Pondok Gede,25rb - 50rb,4.7,,https://gofood.link/u/v2LOZ,0,,
"Fat Pao Bekasi, Platinum Village 2","Cepat saji, Jajanan, Kopi",Jatiasih,10rb - 25rb,0.0,,https://gofood.link/u/2ydYD,0,,
"Dapur Azmya, Jatibening Baru","Minuman, Kopi, Bakmie, Jajanan",Pondok Gede,25rb - 50rb,3.7,,https://gofood.link/u/Mqxz0,0,,
"Soto Ayam Kumis, Pondok Gede",Bakso & soto,Jatiasih,10rb - 25rb,4.6,,https://gofood.link/u/xY7ge,0,,
"Bakmie Akim, Harapan Indah",Bakmie,Medan Satria,25rb - 50rb,4.6,,https://gofood.link/u/NVeP,0,,
"Bakmi & Seafood ""99"", Medan Satria","Bakmie, Seafood",Medan Satria,50rb - 100rb,4.7,,https://gofood.link/u/mAQ4,0,https://api.jajanbekasi.web.id/foto/Bakmi_Seafood_99_Medan_Satria.jpg,gofood_og
"Martabak Alim Premium Jatibening, Pondok gede",Martabak,Pondok Gede,50rb - 100rb,4.8,,https://gofood.link/u/J3Npw,0,https://api.jajanbekasi.web.id/foto/37_Martabak_Alim_Premium_Jatibening_Pondok_gede.jpg,cached_disk
"RM Belut Juara Pedas, Pondok Gede","Aneka nasi, Ayam & bebek, Cepat saji",Pondok Gede,25rb - 50rb,4.3,,https://gofood.link/u/V5O1v,0,,
"YOSHINOYA BEEF BOWL, Harapan Indah Bekasi","Cepat saji, Jepang, Ayam & bebek, Aneka nasi",Medan Satria,50rb - 100rb,4.8,,https://gofood.link/u/zyJWn,0,https://api.jajanbekasi.web.id/foto/36_YOSHINOYA_BEEF_BOWL_Harapan_Indah_Bekasi.jpg,cached_disk
"RESTORAN 99, ASEM RWA MULYA","Bakmie, Aneka nasi, Seafood",Mustika Jaya,25rb - 50rb,4.4,,https://gofood.link/u/3deZR,0,,
"Martha Oven, Bekasi","Sate, Barat",Medan Satria,25rb - 50rb,0.0,,https://gofood.link/u/Mzawj,0,,
"Warung Seblak Azzahra, Rawalumbu","Cepat saji, Jajanan, Seafood",Rawalumbu,25rb - 50rb,4.7,,https://gofood.link/a/yM9aBCG,0,,
"AL Salad Buah & Sayur MGT, Mustika Jaya","Cepat saji, Jajanan, Sweets",Mustika Jaya,25rb - 50rb,4.4,,https://gofood.link/u/VdrBp,0,,
"Nasi Tim Ayam Lily, Pejuang","Chinese, Aneka nasi, Bakmie",Medan Satria,25rb - 50rb,4.8,,https://gofood.link/u/DMmQ4,0,https://api.jajanbekasi.web.id/foto/27_Nasi_Tim_Ayam_Lily_Pejuang.jpg,cached
"Gudeg Jogja Aseli , Monggo Mampir",Aneka nasi,Jatiasih,25rb - 50rb,4.5,"Gak Perlu jauh ke Jogja, kami ada di pinggiran Jakarta (Tombo Kangen Djogja)",https://gofood.link/u/AB82,0,,
"Bubur Berkat, Alamanda Indah 14",Aneka nasi,Medan Satria,25rb - 50rb,4.8,Restaurant yang menyediakan sarapan pagi dan makan siang dengan rasa authentic.,https://gofood.link/u/dQaR,0,https://api.jajanbekasi.web.id/foto/34_Bubur_Berkat_Alamanda_Indah_14.jpg,cached_disk
"Warkop Berkah Bendot, Jatiasih",,Jatiasih,10rb - 25rb,4.3,,https://gofood.link/u/Wd2WZ,0,,
"SATE SOLO 'pak Is', Jl,Kemang Sari Raya No 92","Sate, Aneka nasi, Cepat saji",Jatiasih,25rb - 50rb,4.8,,https://gofood.link/a/yM9uW71,0,,
"Surabi Edun, Graha Indah","Jajanan, Minuman",Jatiasih,10rb - 25rb,2.9,,https://gofood.link/u/GKyby,0,,
"Domino's Pizza, Mutiara Gading Timur","Pizza & pasta, Cepat saji, Jajanan",Mustika Jaya,50rb - 100rb,4.7,,https://gofood.link/u/3dN4q,0,https://api.jajanbekasi.web.id/foto/Dominos_Pizza_Mutiara_Gading_Timur.jpg,gofood_og
Sate Maranggi Ibu Hj Yayah,Sate,Mustika Jaya,25rb - 50rb,4.7,,https://gofood.link/a/yM9nzyC,0,https://api.jajanbekasi.web.id/foto/Sate_Maranggi_Ibu_Hj_Yayah.jpg,gofood_og
"Hop Hop Bubble, Harapan Indah",Minuman,Medan Satria,25rb - 50rb,4.7,,https://gofood.link/u/ggn0d,0,,
"Aneka Sop & Soto ""Sakpore"", Medan Satria","Bakmie, Bakso & soto, Ayam & bebek, Aneka nasi, Cepat saji",Medan Satria,50rb - 100rb,4.5,,https://gofood.link/u/qra2v,0,,
"Sop Dan Soto Bude, Harapan Indah Raya","Ayam & bebek, Bakmie, Bakso & soto",Medan Satria,50rb - 100rb,4.4,,https://gofood.link/u/4LVMx,0,,
"Pizza Hut Delivery - PHD, Mustika Jaya","Pizza & pasta, Cepat saji, Jajanan, Barat, Ayam & bebek",Mustika Jaya,>100rb,4.7,,https://gofood.link/u/dLNm,0,https://api.jajanbekasi.web.id/foto/Pizza_Hut_Delivery_-_PHD_Mustika_Jaya.jpg,gofood_og
"Bakso Sahabat Mas Yani, Vila Asri","Bakmie, Bakso & soto",Mustika Jaya,25rb - 50rb,4.6,,https://gofood.link/u/LznV,0,https://api.jajanbekasi.web.id/foto/Bakso_Sahabat_Mas_Yani_Vila_Asri.jpg,gofood_og
"Nasi Uduk Pecel Ayam Bakar Ibu Ida, Jatikramat","Aneka nasi, Ayam & bebek, Bakso & soto",Jatiasih,25rb - 50rb,4.8,,https://gofood.link/a/yM9VtZA,0,,
"Ayam Geprek Inna, Ruko Kemang Ifi Graha",Ayam & bebek,Jatiasih,25rb - 50rb,4.6,,https://gofood.link/a/yM9RHbu,0,,
"Tasaji Resto, Mustika Jaya","Aneka nasi, Cepat saji, Roti",Mustika Jaya,50rb - 100rb,4.3,,https://gofood.link/u/B8nN2,0,,
"Bakmi Mulia, Jatiasih","Seafood, Bakmie, Chinese",Jatiasih,25rb - 50rb,4.8,,https://gofood.link/u/xRnq,0,,
"Soto Betmen (Betawi-Kebumen), Jatiasih","Bakso & soto, Ayam & bebek",Jatiasih,10rb - 25rb,4.7,,https://gofood.link/u/jbKv2,0,,
"Ungkep In Ayam Resto, Jatiasih","Ayam & bebek, Aneka nasi, Cepat saji",Jatiasih,50rb - 100rb,4.6,,https://gofood.link/u/xgdm0,0,,
"Sop Ayam Pak Miin Klaten, Jatiasih",Aneka nasi,Jatiasih,25rb - 50rb,4.6,,https://gofood.link/u/O1lzL,0,,
"Pizza Hut, Komsen Jati Asih Bekasi","Pizza & pasta, Jajanan",Jatiasih,>100rb,4.7,,https://gofood.link/a/yMa4XBo,0,,
"BPK Lompoh, Rawalumbu","Aneka nasi, Bakmie, Minuman",Pondok Gede,50rb - 100rb,4.8,,https://gofood.link/u/ZA1pr,0,,
"Sop Buntut Dan Soto Betawi 'Ibu Haji' 1996, Taman Bumyagara","Bakso & soto, Ayam & bebek, Aneka nasi",Mustika Jaya,50rb - 100rb,4.4,,https://gofood.link/u/PVv9Y,0,https://api.jajanbekasi.web.id/foto/Sop_Buntut_Dan_Soto_Betawi_Ibu_Haji_1996_Taman_Bumyagara.jpg,gofood_og
"HokBen, Jati Asih","Jepang, Cepat saji",Jatiasih,50rb - 100rb,4.8,,https://gofood.link/u/Qx70M,0,,
"Martabak Pizza Orins, Jati Asih",Martabak,Jatiasih,50rb - 100rb,4.7,"Juara Partner GO-FOOD 2019: Kategori Partner Terbaik Jabodetabek & Kategori Martabak Jabodetabek
",https://gofood.link/u/wyDJx,0,,
"Bakso Balungan Komsen - Jatiasih, Jl Jatiasih Raya 42A",Bakso & soto,Jatiasih,25rb - 50rb,4.7,,https://gofood.link/u/nJ5zA,0,,
"Bakso Sakat Wonogiri, Jatiasih","Bakso & soto, Cepat saji, Bakmie",Jatiasih,25rb - 50rb,4.6,"BAKSO DAN MIE AYAM WONOGIRI diolah dengan bahan-bahan yang berkwalitas dan dengan resep asli wonogiri.
Halal,berkwalitas dan hemat.
",https://gofood.link/u/gxrQy,0,,
"Bebek Goreng H. Slamet, Jatiasih",Ayam & bebek,Pondok Gede,50rb - 100rb,4.5,,https://gofood.link/u/3NYP9,0,,
"Mie Jawir Gajah Mungkur, Jatirasa","Bakmie, Bakso & soto, Cepat saji",Jatiasih,25rb - 50rb,4.4,,https://gofood.link/u/pV70Z,0,,
"Gingerland Kitchen, Jati Bening Baru","Sweets, Jajanan, Minuman",Pondok Gede,50rb - 100rb,4.6,,https://gofood.link/a/yM934Cm,0,,
"KFC, Jatiasih Bekasi",Cepat saji,Jatiasih,50rb - 100rb,4.7,,https://gofood.link/u/rqRMb,0,,
"SBY (Susu Buah Yoghurt), Jatiasih","Jajanan, Minuman",Jatiasih,25rb - 50rb,3.4,,https://gofood.link/a/yM9kVCd,0,,
"Bakso,Siomay,Dimsum Dapur Manissa, Pondok Gede","Jajanan, Cepat saji, Martabak",Jatiasih,50rb - 100rb,4.5,,https://gofood.link/u/PVKW8,0,,
"Domino's Pizza, Jati Asih","Pizza & pasta, Cepat saji, Jajanan",Jatiasih,50rb - 100rb,4.7,,https://gofood.link/u/4jrbq,0,,
"Holland Bakery, Jatiasih","Roti, Sweets",Jatiasih,25rb - 50rb,4.8,,https://gofood.link/u/dMqMR,0,https://api.jajanbekasi.web.id/foto/22_Holland_Bakery_Jatiasih.jpg,cached
"Bebek Bentu, Jatiasih",Ayam & bebek,Jatiasih,50rb - 100rb,4.8,,https://gofood.link/u/Yg3eD,0,https://api.jajanbekasi.web.id/foto/33_Bebek_Bentu_Jatiasih.jpg,cached
Sahl Kebab & Co. Ruko Niaga,"Cepat saji, Jajanan, Timur Tengah",Jatiasih,50rb - 100rb,4.8,,https://gofood.link/u/Dvwa,0,https://api.jajanbekasi.web.id/foto/32_Sahl_Kebab_Co_Ruko_Niaga.jpg,cached
"McDonald's, Jati Asih Bekasi","Cepat saji, Sweets, Jajanan",Jatiasih,50rb - 100rb,4.8,,https://gofood.link/u/DMNlQ,0,https://api.jajanbekasi.web.id/foto/35_McDonalds_Jati_Asih_Bekasi.jpg,cached
"Pisang Nugget Kece dan NYOPEE - Kopi Kekinian, Bekasi","Jajanan, Sweets, Kopi",Jatiasih,25rb - 50rb,4.6,,https://gofood.link/a/yM9YxkE,0,,
"Mie Jamur Vilani, Jatiasih Bekasi",Bakmie,Jatiasih,50rb - 100rb,4.7,,https://gofood.link/u/PON58,0,,
"RESTAURANT 99, BUMY ANGGARA / GRAHA HARAPAN","Seafood, Aneka nasi, Bakmie",Mustika Jaya,25rb - 50rb,4.6,,https://gofood.link/u/4RO1,0,https://api.jajanbekasi.web.id/foto/RESTAURANT_99_BUMY_ANGGARA_GRAHA_HARAPAN.jpg,gofood_og
"Seblak Trisaka, Jatiasih","Cepat saji, Jajanan",Jatiasih,10rb - 25rb,4.6,,https://gofood.link/u/qDkKb,0,,
"BUDOR NASI KUNING, samping sekolah AL-MARJAN","Aneka nasi, Jajanan, Minuman",Jatiasih,10rb - 25rb,4.5,,https://gofood.link/u/25OW,0,,
"Bubble Drink Sosis Bakar & Hotang, Jatiasih","Minuman, Jajanan, Korea",Jatiasih,10rb - 25rb,4.5,,https://gofood.link/a/yM9nigW,0,,
"Ayam Gepuk Pak Gembus, Kemangsari",Ayam & bebek,Jatiasih,25rb - 50rb,4.6,,https://gofood.link/a/yM95iT3,0,,
"Gudeg Pawon Wiro, Mustika Jaya","Aneka nasi, Roti, Sweets",Mustika Jaya,10rb - 25rb,4.8,,https://gofood.link/u/8zllx,0,https://api.jajanbekasi.web.id/foto/19_Gudeg_Pawon_Wiro_Mustika_Jaya.jpg,cached
"Soto Ceker Jumbo Hj Sumi, Jatiasih",Bakso & soto,Jatiasih,25rb - 50rb,4.6,,https://gofood.link/u/2yznP,0,,
"Ari Frozen Food, Pondok Gede",Cepat saji,Pondok Gede,25rb - 50rb,4.6,,https://gofood.link/u/1MV7O,0,,
"Mommy's Kitchen, Pondok Gede","Aneka nasi, Ayam & bebek, Bakso & soto",Pondok Gede,25rb - 50rb,4.8,,https://gofood.link/u/WLJnA,0,https://api.jajanbekasi.web.id/foto/31_Mommys_Kitchen_Pondok_Gede.jpg,cached_disk
"Jus Buah Kedung 7, Duta Indah",Minuman,Jatiasih,10rb - 25rb,4.8,,https://gofood.link/u/e5M4,0,https://api.jajanbekasi.web.id/foto/Jus_Buah_Kedung_7_Duta_Indah.jpg,gofood_og
"Ayam Geprek HOTLah, Perum Duta Indah",Ayam & bebek,Pondok Gede,10rb - 25rb,4.2,"Harap sertakan pilihan level pedas	
Level 1= Cabe 1
Level Sedang = Cabe 3
Level Peda = Cabe 6
Level Pedas Bange = Cabe 8
Level Maximal = Cabe 10",https://gofood.link/u/JV38L,0,,
"Kedai Kashibu Ramen & Rice Bowl, Pondok Gede","Jepang, Ayam & bebek",Pondok Gede,25rb - 50rb,0.0,,https://gofood.link/u/0nxJM,0,,
"DAI Frozen (Pitu Nutritions), Ruko Pesona Taman Mini","Cepat saji, Minuman, Seafood",Pondok Gede,25rb - 50rb,4.8,,https://gofood.link/u/p5Jr,0,https://api.jajanbekasi.web.id/foto/052_DAI_Frozen_Pitu_Nutritions_Ruko_Pesona_Taman_Mini.jpg,cached_disk
"Pizza Hut Delivery - PHD,  Ruko Jati Makmur Residence Pondok Gede","Pizza & pasta, Cepat saji, Jajanan, Barat, Ayam & bebek",Pondok Gede,>100rb,4.7,,https://gofood.link/a/yM9YVoy,0,,
"RM. Sate Madura AL-MAD, Pondok Gede","Aneka nasi, Sate, Ayam & bebek",Pondok Gede,50rb - 100rb,4.7,,https://gofood.link/a/yM8ZoWy,0,,
"Sepotong Rotiku, Dukuh Zamrud",Roti,Mustika Jaya,50rb - 100rb,4.5,,https://gofood.link/u/0dR1k,0,,
"Holland Bakery, Ruko Jati Makmur Residence","Roti, Sweets",Pondok Gede,25rb - 50rb,4.8,,https://gofood.link/u/y0dZ,0,https://api.jajanbekasi.web.id/foto/053_Holland_Bakery_Ruko_Jati_Makmur_Residence.jpg,cached_disk
"Domino's Pizza, Jati Makmur","Pizza & pasta, Cepat saji, Jajanan",Pondok Gede,50rb - 100rb,4.8,,https://gofood.link/u/agMwW,0,https://api.jajanbekasi.web.id/foto/49_Dominos_Pizza_Jati_Makmur.jpg,cached_disk
"Nikita Fried Chicken, Mustikajaya",Cepat saji,Mustika Jaya,10rb - 25rb,4.6,,https://gofood.link/u/5LR8,0,https://api.jajanbekasi.web.id/foto/Nikita_Fried_Chicken_Mustikajaya.jpg,gofood_og
"Bakmie 77 Seafood & Bakso Pitu, Antara, Pondok Gede","Bakso & soto, Bakmie, Seafood",Pondok Gede,25rb - 50rb,4.8,,https://gofood.link/a/yM9MvJ1,0,https://api.jajanbekasi.web.id/foto/48_Bakmie_77_Seafood_Bakso_Pitu_Antara_Pondok_Gede.jpg,cached_disk
"Makanan Ringan Bekasi, Villa Jatirasa",Jajanan,Jatiasih,25rb - 50rb,4.6,,https://gofood.link/a/yMa1Cab,0,,
"Truly Thai Tea, Pondok Gede",Minuman,Pondok Gede,10rb - 25rb,4.7,,https://gofood.link/a/yM93MMS,0,,
"Lontong Medan Selat Malaka Melayu Deli, Mustika Jaya","Aneka nasi, Bakso & soto, Cepat saji",Mustika Jaya,25rb - 50rb,4.6,,https://gofood.link/a/yM8UUXN,0,,
"Tahu Pedas Elit, Mustikas Jaya",Jajanan,Mustika Jaya,10rb - 25rb,4.8,,https://gofood.link/u/wVMx,0,,
"Yokobento, Ruko Duku Zamrud","Jepang, Ayam & bebek, Cepat saji",Mustika Jaya,25rb - 50rb,4.7,,https://gofood.link/u/bg4BW,0,,
"BAKMIE 99 SEAFOOD, DUKUH ZAMRUD","Bakmie, Aneka nasi, Seafood",Mustika Jaya,25rb - 50rb,4.7,,https://gofood.link/u/J3LAA,0,https://api.jajanbekasi.web.id/foto/BAKMIE_99_SEAFOOD_DUKUH_ZAMRUD.jpg,gofood_og
"Sate Tegal Barokah, Jati Makmur",Sate,Pondok Gede,25rb - 50rb,4.7,,https://gofood.link/u/Mqrl0,0,,
"Teras Pak Bendot, Pondok Gede",Ayam & bebek,Jatiasih,25rb - 50rb,0.0,,https://gofood.link/u/POrv1A,0,,
"Dapur Nadfa, Pondok Gede",Aneka nasi,Pondok Gede,25rb - 50rb,4.7,,https://gofood.link/u/nLPA5,0,,
"Bakso Mustika Komsen, Jatiasih",Bakso & soto,Jatiasih,25rb - 50rb,4.8,,https://gofood.link/a/yM9jDZ7,0,https://api.jajanbekasi.web.id/foto/068_Bakso_Mustika_Komsen_Jatiasih.jpg,cached_disk
"Ikan Bakar Laut Rohadi, Pondok Gede","Ayam & bebek, Seafood, Aneka nasi",Pondok Gede,50rb - 100rb,4.8,,https://gofood.link/u/wOkq,0,https://api.jajanbekasi.web.id/foto/067_Ikan_Bakar_Laut_Rohadi_Pondok_Gede.jpg,cached_disk
Sop Buntut Ibu Samino Senayan. Pondok Gede,"Ayam & bebek, Aneka nasi, Bakso & soto",Pondok Gede,50rb - 100rb,4.1,,https://gofood.link/u/kL4gN,0,,
"Dapur Mama Och, Jatiasih",Ayam & bebek,Jatiasih,25rb - 50rb,0.0,,https://gofood.link/u/rqZ30,0,,
"Warung Gudeg Ibu Umi, Pondok Gede","Ayam & bebek, Minuman, Aneka nasi",Pondok Gede,10rb - 25rb,4.3,,https://gofood.link/u/gkRpR,0,,
"Lapo Samosir Balige, Jatiasih","Aneka nasi, Barat",Jatiasih,25rb - 50rb,4.5,,https://gofood.link/u/zyMa2,0,,
"Rm Sunda Kelapa, Kranggan","Ayam & bebek, Aneka nasi",Jatiasih,50rb - 100rb,4.8,,https://gofood.link/u/mvNN4,0,https://api.jajanbekasi.web.id/foto/066_Rm_Sunda_Kelapa_Kranggan.jpg,cached_disk
"Huk Family Resto, Jatiasih","Pizza & pasta, Ayam & bebek, Barat",Jatiasih,50rb - 100rb,4.4,,https://gofood.link/u/Yg3PD,0,,
"Tahu Petis Yudhistira, Pondok Gede","Cepat saji, Jajanan",Pondok Gede,25rb - 50rb,4.8,,https://gofood.link/u/qv7d2,0,https://api.jajanbekasi.web.id/foto/065_Tahu_Petis_Yudhistira_Pondok_Gede.jpg,cached_disk
"Ayam Bakar Mbok Marikem, Mustika Jaya",Ayam & bebek,Mustika Jaya,50rb - 100rb,4.8,,https://gofood.link/a/yM9AHtN,0,,
"Ayam Kalasan Lela, Pondok Gede","Cepat saji, Aneka nasi, Jajanan",Pondok Gede,50rb - 100rb,0.0,,https://gofood.link/u/KOZ24,0,,
"Ayam MasMoy, Pondok Gede","Jajanan, Jepang",Pondok Gede,10rb - 25rb,0.0,,https://gofood.link/u/DMpQ,0,,
"Ngidham Bubur, Pondok Melati","Aneka nasi, Jajanan, Sweets",Pondok Melati,10rb - 25rb,4.8,,https://gofood.link/u/MK8bD0,0,https://api.jajanbekasi.web.id/foto/Ngidham_Bubur_Pondok_Melati.jpg,gofood_og
"Pancake Durian Bekasi, Grand Regency 6",Sweets,Mustika Jaya,50rb - 100rb,3.9,,https://gofood.link/u/4Lvzq,0,,
"Warung Sate Solo Pak Yanto , Pondok Gede, Samping Bebek Bu Yuyun","Sate, Aneka nasi",Pondok Gede,25rb - 50rb,4.7,,https://gofood.link/u/KOGLG,0,,
"Bakso Dan Mie Ayam Rengganis, Jati Makmur Raya",Minuman,Pondok Gede,25rb - 50rb,4.7,,https://gofood.link/u/gkbJq7,0,,
Rumah Makan Padang siKumbang Jaya,Aneka nasi,Jatiasih,10rb - 25rb,4.7,,https://gofood.link/u/VYdg,0,,
"Pecel Madiun Kembang Turi, Sapta Pesona Raya","Aneka nasi, Ayam & bebek",Jatiasih,10rb - 25rb,4.7,,https://gofood.link/u/rWgb,0,,
"J - Zone Cafe, Pondok Gede","Minuman, Jajanan, Barat",Pondok Gede,50rb - 100rb,4.5,,https://gofood.link/u/3a5N1,0,,
"Gado-Gado Dan Ketoptrak Mang Jajang, Warung Tenda Jatiwaringin",Aneka nasi,Pondok Gede,25rb - 50rb,4.7,,https://gofood.link/u/VVWLB,0,,
"Resto Nusantara, Jatiwaringin","Seafood, Aneka nasi, Ayam & bebek",Pondok Gede,50rb - 100rb,4.8,,https://gofood.link/a/yM9PjgS,0,,
"Palanta Upik Durian, Pondok Melati","Jajanan, Minuman, Sweets",Pondok Melati,50rb - 100rb,4.0,,https://gofood.link/u/J3Ndv,0,,
"BUBUR AYAM DAN KETOPRAK BAROKAH, JaTIMAKMUR","Aneka nasi, Cepat saji",Pondok Gede,10rb - 25rb,4.4,,https://gofood.link/a/yM91yK7,0,,
"KFC, Zamrud Bekasi",Cepat saji,Mustika Jaya,50rb - 100rb,4.7,,https://gofood.link/u/3PabG,0,,
"McDonald's, Bekasi Mustika Jaya Setu","Cepat saji, Sweets, Jajanan",Bantargebang,50rb - 100rb,4.7,,https://gofood.link/u/87R8,0,,
Jajanan Aqilathalla,"Sweets, Jajanan",Pondok Gede,50rb - 100rb,0.0,,https://gofood.link/u/rqKB0,0,,
"Domino's Pizza, Jatiwaringin","Pizza & pasta, Cepat saji, Jajanan",Pondok Gede,50rb - 100rb,4.8,,https://gofood.link/a/yM9dS4b,0,,
"I Am Geprek Bensu, Jatiwaringin","Ayam & bebek, Aneka nasi, Cepat saji",Pondok Gede,25rb - 50rb,4.8,,https://gofood.link/u/Q5g7W,0,,
"WARUNG SATE SOLO PAK CIPTO, NUSA PHALA",Sate,Jatiasih,50rb - 100rb,4.3,,https://gofood.link/u/0ngY5,0,,
"Dapur Mie Aceh 2, Pondok Gede","Bakmie, Jajanan, Aneka nasi",Pondok Gede,25rb - 50rb,4.6,,https://gofood.link/u/A0wRq,0,,
"Rumah Makan & Seafood 99,BTR, Bekasi Timur",Seafood,Mustika Jaya,50rb - 100rb,4.7,,https://gofood.link/u/MbzyQ,0,,
"McDonald's, Jatiwaringin Bekasi","Cepat saji, Sweets, Jajanan",Pondok Gede,50rb - 100rb,4.8,,https://gofood.link/u/Z30Y,0,,
"Richeese Factory, Jatiwaringin","Cepat saji, Ayam & bebek, Aneka nasi",Pondok Gede,50rb - 100rb,4.7,,https://gofood.link/u/Q5rd2,0,,
"Seafood 27, Jatiwaringin",Seafood,Pondok Gede,50rb - 100rb,4.7,,https://gofood.link/u/N7vNR,0,,
"Makaroni Ngehe, Foxtrot Bekasi",Jajanan,Pondok Gede,10rb - 25rb,4.7,,https://gofood.link/u/WKQMv,0,,
"Gudang Alpukat Mentega, Jatiasih",Sweets,Pondok Melati,25rb - 50rb,4.7,,https://gofood.link/u/r27DJ,0,,
"Warung Bu Menik, Pondok Gede","Ayam & bebek, Bakso & soto",Pondok Gede,10rb - 25rb,4.2,,https://gofood.link/u/ypLx2,0,,
"Bakso RT Pangkalan 1B, Bantar Gebang",Bakso & soto,Bantargebang,25rb - 50rb,4.4,,https://gofood.link/u/mxv29,0,https://api.jajanbekasi.web.id/foto/162_Bakso_RT_Pangkalan_1B_Bantar_Gebang.jpg,cached
"Ayam Gepuk Pak Gembus, Jatiwaringin","Ayam & bebek, Aneka nasi",Pondok Gede,25rb - 50rb,4.7,,https://gofood.link/u/lyK2a,0,,
"Waroeng Steak And Shake, Jatiwaringin",Barat,Pondok Gede,50rb - 100rb,4.7,,https://gofood.link/u/007KO,0,,
"Haus! x Hot Oppa, Jatiwaringin","Minuman, Jajanan, Kopi",Pondok Gede,25rb - 50rb,4.7,,https://gofood.link/u/N7JBk,0,,
"Oke Juice, Jatimakmur",Minuman,Pondok Gede,10rb - 25rb,3.9,,https://gofood.link/a/yM9NZ5y,0,,
"Dapur Uni Dona d&d, Jati Makmur",Bakso & soto,Pondok Gede,25rb - 50rb,4.3,,https://gofood.link/a/yMa5V4b,0,,
"O-Takoyaki, Legok","Jajanan, Minuman, Jepang",Pondok Melati,25rb - 50rb,4.8,"Promo : Semarak Tahun Ajaran Baru
Promo Hanya berlaku untuk Menu paket Berlaku setiap hari mulai Jam 13:00 - 17:00
Tanggal Berlaku Promo : 18 Juli 2018 - 18 Agustus 2018
Selama Persediaan Masih Ada",https://gofood.link/u/7mVVr,0,https://api.jajanbekasi.web.id/foto/O-Takoyaki_Legok.jpg,gofood_og
"Ayam Geprek Kemayu, Pasar Kecapi",Ayam & bebek,Pondok Melati,25rb - 50rb,4.8,,https://gofood.link/a/yM9Ldm5,0,https://api.jajanbekasi.web.id/foto/Ayam_Geprek_Kemayu_Pasar_Kecapi.jpg,gofood_og
"Ayam Geprek Sop Iga Mak Jaenah, Jatiwaringin","Aneka nasi, Ayam & bebek",Pondok Gede,25rb - 50rb,4.1,,https://gofood.link/u/VRm0,0,,
"Bang Doel Sop, Mustika Jaya","Aneka nasi, Bakso & soto, Minuman",Mustika Jaya,25rb - 50rb,4.8,,https://gofood.link/u/k9Qj,0,https://api.jajanbekasi.web.id/foto/Bang_Doel_Sop_Mustika_Jaya.jpg,gofood_og
"Amanda Brownies, Jatiwaringin",Sweets,Pondok Gede,50rb - 100rb,4.7,,https://gofood.link/u/2LM4D,0,,
"Mie Ayam Bakso Uje 2, Mustika Jaya",Bakmie,Bantargebang,10rb - 25rb,0.0,,https://gofood.link/u/N0jAZ,0,https://api.jajanbekasi.web.id/foto/Mie_Ayam_Bakso_Uje_2_Mustika_Jaya.jpg,gofood_og
"Gudeg Jogja Bu Tomo, Komp BDN",Aneka nasi,Pondok Gede,10rb - 25rb,4.6,,https://gofood.link/u/J4Nzn,0,,
"Cwie Mie Ayam Malang Tugu, Pondok Melati",Bakmie,Pondok Gede,25rb - 50rb,4.4,,https://gofood.link/u/GedmN,0,,
"Taraso, Bekasi",Aneka nasi,Pondok Gede,25rb - 50rb,4.8,,https://gofood.link/u/0zNAM,0,,
"Pisang Goreng Rafa, Jatiluhur","Jajanan, Minuman, Sweets",Jatiasih,25rb - 50rb,4.4,,https://gofood.link/u/V59Rg,0,,
"Majestyk Bakery & Cakes, Pondok Gede","Jajanan, Sweets, Roti",Pondok Gede,50rb - 100rb,4.3,,https://gofood.link/a/yM9vEiw,0,,
"EL Food and Snack, Pondok Gede","Cepat saji, Barat, Jajanan",Pondok Gede,25rb - 50rb,0.0,"""Pecel Sriwijaya adalah warung makan dengan berbagai pilihan inovasi ayam bakar dengan sambal khas sumatera, dengan ungkepan ayam yang empuk dan gurih rasanya """,https://gofood.link/u/vxy5,0,,
"Sate Domba Hj. Rahmah Khas Betawi, Jatimelati","Bakso & soto, Sate",Pondok Melati,25rb - 50rb,4.5,,https://gofood.link/u/l1eq,0,,
"Nasi Uduk Idaman, Jatiwaringin","Bakso & soto, Ayam & bebek",Pondok Gede,25rb - 50rb,4.8,"Pelayanan di resto kami ramah kami juga menerapkan kualitas rasa bintang lima harga kaki lima


",https://gofood.link/u/O1bGg,0,,
"Bubur Ayam Barokah Pondok Gede, Pondok Gede","Aneka nasi, Cepat saji",Pondok Gede,10rb - 25rb,4.1,,https://gofood.link/u/O3mPp,0,,
"Butri Cake and Bakery, Jatirahayu","Sweets, Roti, Jajanan",Pondok Melati,50rb - 100rb,4.3,,https://gofood.link/a/yM9QJZS,0,https://api.jajanbekasi.web.id/foto/Butri_Cake_and_Bakery_Jatirahayu.jpg,gofood_og
"Abuba Steak, Jatiwaringin",Barat,Pondok Gede,50rb - 100rb,4.8,"ABUBA steak pelopor restoran steak dengan harga terjangkau di Jakarta. Rasakan Sensasi Kelezatan Steak dan Sausnya! Tersebar outletnya di Jakarta dan Bandung. Menu favorit Wagyu Steak, Sirloin, Tenderloin, T-bone, Salmon. Beragam appetizer dan side dish nikmat siap melengkapi steak kamu. Yummm... ABUBA steak, It's My Steak.",https://gofood.link/u/zyZ1k,0,,
"Tahu Bakso AB, Puri Gading",Jajanan,Pondok Melati,50rb - 100rb,4.7,,https://gofood.link/u/7mabm,0,,
"Sate Tegal Barokah 17, Pondok Melati",Sate,Pondok Melati,10rb - 25rb,4.7,,https://gofood.link/u/ZlNkP,0,https://api.jajanbekasi.web.id/foto/Sate_Tegal_Barokah_17_Pondok_Melati.jpg,gofood_og
"RM. Padang Jaya, Mustika Jaya",Aneka nasi,Mustika Jaya,25rb - 50rb,4.6,,https://gofood.link/u/kL0eA,0,https://api.jajanbekasi.web.id/foto/153_RM_Padang_Jaya_Mustika_Jaya.jpg,cached
"Raja Alpukat Mentega 01, Pondok Melati",Jajanan,Pondok Melati,25rb - 50rb,0.0,,https://gofood.link/u/ggryV,0,,
"Icetagram Bubble Dink, Pondok Melati","Aneka nasi, Bakso & soto",Pondok Melati,25rb - 50rb,3.1,,https://gofood.link/u/OJJlL,0,https://api.jajanbekasi.web.id/foto/Icetagram_Bubble_Dink_Pondok_Melati.jpg,gofood_og
"Kupat Tahu Magelang AA, Pondok Melati",Jajanan,Pondok Melati,50rb - 100rb,4.5,,https://gofood.link/a/yM9kbom,0,,
"Tako Bar Takoyaki, Puri Gading","Jajanan, Cepat saji, Jepang",Pondok Melati,25rb - 50rb,2.7,,https://gofood.link/u/ZlmM,0,,
"Kopi Raden, Pondok Melati","Aneka nasi, Kopi, Minuman",Pondok Melati,25rb - 50rb,4.6,,https://gofood.link/u/KjL89,0,,
"Toko Kue Ibu Danis, Puri Gading",Roti,Pondok Melati,50rb - 100rb,4.7,,https://gofood.link/u/O3JRa,0,,
"Radja Gurame, Hankam",Seafood,Pondok Melati,50rb - 100rb,4.8,,https://gofood.link/u/pgaWB,0,https://api.jajanbekasi.web.id/foto/Radja_Gurame_Hankam.jpg,gofood_og
"Mie Aceh & Mie Kocok Aceh Ajib, Puri Gading",Bakmie,Pondok Melati,25rb - 50rb,4.6,,https://gofood.link/u/ypMe2,0,,
"Bakmie/Nasi Campur Kalimantan, Bekasi","Aneka nasi, Bakmie",Pondok Melati,50rb - 100rb,4.8,,https://gofood.link/u/dewDO,0,https://api.jajanbekasi.web.id/foto/BakmieNasi_Campur_Kalimantan_Bekasi.jpg,gofood_og
"Kopi Namtuju, Pondok Melati","Kopi, Minuman, Jajanan",Pondok Melati,25rb - 50rb,4.6,,https://gofood.link/u/rMPR0,0,,
"Kalasan Sedap Rasa 88 Ny Andreas, Jalan Raya Kp Sawah","Ayam & bebek, Bakso & soto",Pondok Melati,25rb - 50rb,4.8,,https://gofood.link/u/Mx8j,0,,
Seblak Sosmed 10,Jajanan,Pondok Melati,25rb - 50rb,4.5,,https://gofood.link/a/yM9zEQm,0,https://api.jajanbekasi.web.id/foto/Seblak_Sosmed_10.jpg,gofood_og
Kedai Sop BTR,"Bakso & soto, Ayam & bebek",Mustika Jaya,25rb - 50rb,4.3,,https://gofood.link/a/yM93aXN,0,,
"Ayam Geprek Juara, Hankam","Aneka nasi, Ayam & bebek",Pondok Melati,25rb - 50rb,4.7,,https://gofood.link/a/yM9kVFS,0,https://api.jajanbekasi.web.id/foto/Ayam_Geprek_Juara_Hankam.jpg,gofood_og
"Waroeng Kampoeng Seafood & Ropang, Hankam",Seafood,Pondok Melati,50rb - 100rb,4.8,,https://gofood.link/u/aVe7A,0,https://api.jajanbekasi.web.id/foto/Waroeng_Kampoeng_Seafood_Ropang_Hankam.jpg,gofood_og
"Solaria, Plaza Pondok Gede 2","Seafood, Chinese, Aneka nasi",Pondok Gede,50rb - 100rb,4.8,,https://gofood.link/u/evb4,0,,
"Bakso Lapangan Tembak Senayan, Pondok Gede - Kyati Group",Bakso & soto,Pondok Gede,50rb - 100rb,4.6,,https://gofood.link/u/LGG8l,0,,
"KFC, Pondok Gede Park",Cepat saji,Pondok Gede,25rb - 50rb,4.7,,https://gofood.link/u/deQxA,0,,
"D'COST, Pondok Gede","Seafood, Aneka nasi",Pondok Gede,50rb - 100rb,4.7,,https://gofood.link/a/yM9NhqL,0,,
"HokBen, Plaza Pondok Gede","Cepat saji, Jepang",Pondok Gede,50rb - 100rb,4.8,,https://gofood.link/a/yMa5CEU,0,,
"Id'Crazz Mini Cafe ( MiCa ), Jatirahayu","Aneka nasi, Cepat saji, Kopi",Pondok Melati,25rb - 50rb,4.8,,https://gofood.link/u/GK28M,0,https://api.jajanbekasi.web.id/foto/IdCrazz_Mini_Cafe_MiCa_Jatirahayu.jpg,gofood_og
"Jambu Bonbon, Plaza Pondok Gede",Sweets,Pondok Gede,50rb - 100rb,4.8,,https://gofood.link/u/419Pg,0,,
"KFC, Pondok Gede Plaza",Cepat saji,Pondok Gede,50rb - 100rb,4.7,,https://gofood.link/u/9148g,0,,
A&W Plaza Pondok Gede,Cepat saji,Pondok Gede,50rb - 100rb,4.9,,https://gofood.link/u/Bl3y2,0,https://api.jajanbekasi.web.id/foto/18_AW_Plaza_Pondok_Gede.jpg,cached
"Dons Burger Cafe, Plaza Pondok Gede",Cepat saji,Pondok Gede,25rb - 50rb,4.5,,https://gofood.link/u/qvlYk,0,,
"Dunkin' Donuts, Pondok Gede","Roti, Kopi, Sweets",Pondok Gede,50rb - 100rb,4.2,,https://gofood.link/u/rmDB,0,https://api.jajanbekasi.web.id/foto/166_Dunkin_Donuts_Pondok_Gede.jpg,cached
"Gokana Ramen & Teppan, Pondok Gede Plaza","Jepang, Aneka nasi, Bakmie, Thailand",Pondok Gede,50rb - 100rb,4.5,,https://gofood.link/u/POmy5,0,,
"Spesial Soto Boyolali (SSB) Hj. Hesti Widodo, Puri Gading",Bakso & soto,Pondok Melati,10rb - 25rb,4.8,,https://gofood.link/u/D38r,0,https://api.jajanbekasi.web.id/foto/Spesial_Soto_Boyolali_SSB_Hj_Hesti_Widodo_Puri_Gading.jpg,gofood_og
"Kopi Kaya, Pondok Gede","Minuman, Sweets, Kopi",Pondok Gede,10rb - 25rb,0.0,,https://gofood.link/u/ZZvA,0,,
"Cozy Cafe & Resto, Pondok Gede Plaza","Barat, Aneka nasi, Bakmie",Pondok Gede,50rb - 100rb,4.8,,https://gofood.link/u/bRxKM,0,,
"Radja Gurame, Pondok Gede",Seafood,Pondok Gede,50rb - 100rb,4.5,,https://gofood.link/u/752VP,0,,
Wizky Dimsum,Cepat saji,Pondok Melati,25rb - 50rb,3.3,,https://gofood.link/u/bgay,0,https://api.jajanbekasi.web.id/foto/Wizky_Dimsum.jpg,gofood_og
"Cafe Perlu Dicoba, Jatiasih","Ayam & bebek, Jajanan, Bakso & soto",Jatiasih,25rb - 50rb,4.7,,https://gofood.link/u/k4qmP,0,,
Waroenk Bamboe PGR,"Cepat saji, Jajanan, Jepang",Pondok Melati,25rb - 50rb,4.2,,https://gofood.link/u/Le9qR,0,,
Tuah Saiyo,Aneka nasi,Pondok Melati,25rb - 50rb,4.5,,https://gofood.link/u/nxp5,0,,
"Bittersweet By Najla, Sumarecon Bekasi",Sweets,Bekasi Utara,50rb - 100rb,4.7,,https://gofood.link/a/G8o23rb,0,,
"Mie Gacoan Bekasi, Juanda",Bakmie,Bekasi Timur,10rb - 25rb,4.7,,https://gofood.link/a/DVTDjB7,0,https://api.jajanbekasi.web.id/foto/Mie_Gacoan_Bekasi_Juanda.jpg,gofood_og
"Richeese Factory, Mega Mall Bekasi","Aneka nasi, Ayam & bebek, Cepat saji",Bekasi Selatan,50rb - 100rb,4.7,,https://gofood.link/u/pjPJM,0,,
"Republic Kebab Premium, Kayuringin Jaya",Jajanan,Bekasi Selatan,25rb - 50rb,4.8,,https://gofood.link/a/DkT2Mwd,0,,
"620 HokBen, Summarecon Boulevard Bekasi","Jepang, Cepat saji",Bekasi Utara,50rb - 100rb,4.8,,https://gofood.link/u/2Qzp,0,,
"Burger King, Summarecon Bekasi","Cepat saji, Aneka nasi, Jajanan, Ayam & bebek",Bekasi Utara,25rb - 50rb,4.7,,https://gofood.link/u/g3Vrl,0,,
"Richeese Factory, Summarecon Bekasi","Cepat saji, Ayam & bebek, Aneka nasi",Bekasi Utara,50rb - 100rb,4.7,,https://gofood.link/a/yMa5T5G,0,,
"Ayam Geprek Ganas, Letjen Sarbini","Ayam & bebek, Minuman, Cepat saji",Bekasi Selatan,25rb - 50rb,4.7,,https://gofood.link/a/ypRKuU1,0,,
"Burger Bangor Express, Agus Salim","Barat, Cepat saji, Ayam & bebek",Bekasi Timur,50rb - 100rb,4.7,,https://gofood.link/a/BuiWnqU,0,https://api.jajanbekasi.web.id/foto/Burger_Bangor_Express_Agus_Salim.jpg,gofood_og
"Nasi Goreng Gila Dua Saudara, Anggrek Raya","Aneka nasi, Cepat saji, Seafood",Bekasi Barat,25rb - 50rb,4.5,,https://gofood.link/a/BCfPx31,0,,
"Ayam Bakar, Ayam Goreng & Seblak Dapur EKM Bekasi, Rawa Bugel","Cepat saji, Ayam & bebek, Aneka nasi",Bekasi Utara,25rb - 50rb,4.5,,https://gofood.link/a/zqiMQ6j,0,,
"Burger King, Lagoon Avenue","Ayam & bebek, Cepat saji, Aneka nasi, Jajanan",Bekasi Barat,25rb - 50rb,4.7,,https://gofood.link/a/yM9k5w5,0,,
"Sushi Yay, Bintara","Aneka nasi, Jepang, Ayam & bebek",Bekasi Barat,50rb - 100rb,4.6,,https://gofood.link/a/E1WPSJu,0,,
"Restoran Sederhana, Bekasi Town Square",Aneka nasi,Bekasi Timur,25rb - 50rb,4.7,,https://gofood.link/u/r2Q0m,0,https://api.jajanbekasi.web.id/foto/Restoran_Sederhana_Bekasi_Town_Square.jpg,gofood_og
"Mixue Summarecon, Bekasi","Minuman, Jajanan, Sweets",Bekasi Utara,25rb - 50rb,4.7,,https://gofood.link/a/D4WZn8f,0,https://api.jajanbekasi.web.id/foto/Mixue_Summarecon_Bekasi.jpg,gofood_og
"Ayam Goreng Sultan, Margahayu","Ayam & bebek, Aneka nasi",Bekasi Timur,25rb - 50rb,4.6,,https://gofood.link/a/xWvcqUC,0,,
"KFC, Djuanda Bekasi","Cepat saji, Ayam & bebek",Bekasi Timur,25rb - 50rb,4.7,,https://gofood.link/a/C5FAEYC,0,https://api.jajanbekasi.web.id/foto/KFC_Djuanda_Bekasi.jpg,gofood_og
"Ayam Gepuk Pak Gembus, Patriot","Ayam & bebek, Aneka nasi",Bekasi Barat,25rb - 50rb,4.7,,https://gofood.link/u/jbQ72,0,,
Mixue Patriot,"Minuman, Jajanan, Sweets",Bekasi Barat,25rb - 50rb,4.7,,https://gofood.link/a/DZ9Ms7u,0,,
"Sushi Yay, Summarecon Bekasi","Aneka nasi, Jepang, Cepat saji, Ayam & bebek",Bekasi Utara,50rb - 100rb,4.7,,https://gofood.link/a/C5HPEdY,0,https://api.jajanbekasi.web.id/foto/Sushi_Yay_Summarecon_Bekasi.jpg,gofood_og
"Solaria, Transmart Bekasi Juanda",Aneka nasi,Bekasi Timur,50rb - 100rb,4.7,,https://gofood.link/u/2ljD,0,,
"Garbun Sus, Bekasi Timur","Roti, Jajanan",Bekasi Timur,50rb - 100rb,4.8,,https://gofood.link/a/CDLQbYu,0,https://api.jajanbekasi.web.id/foto/Garbun_Sus_Bekasi_Timur.jpg,gofood_og
"McDonald's, Juanda Bekasi Timur","Cepat saji, Sweets, Jajanan",Bekasi Timur,50rb - 100rb,4.7,,https://gofood.link/a/yM9SSzN,0,https://api.jajanbekasi.web.id/foto/McDonalds_Juanda_Bekasi_Timur.jpg,gofood_og
"Ayam Gepuk Pak Gembus, Pekayon New","Ayam & bebek, Aneka nasi, Cepat saji",Bekasi Selatan,25rb - 50rb,4.7,,https://gofood.link/a/DdktWTo,0,,
"HokBen, Kitchen Bintara","Jepang, Cepat saji, Ayam & bebek",Bekasi Barat,50rb - 100rb,4.8,,https://gofood.link/a/B6jhrSy,0,,
"Solaria, Naga Swalayan Pekayon","Aneka nasi, Ayam & bebek, Chinese, Bakso & soto",Bekasi Selatan,25rb - 50rb,4.7,,https://gofood.link/a/HzddUBo,0,,
"Mie Gacoan, Bekasi Bintara",Bakmie,Bekasi Barat,10rb - 25rb,4.7,,https://gofood.link/a/FwJJNA5,0,,
"Fore Coffee, Taman Galaxy","Kopi, Minuman, Sweets",Bekasi Barat,25rb - 50rb,4.8,,https://gofood.link/a/HZjQQy5,0,,
"Masakan Padang Surya Rasa, Bekasi Selatan",Aneka nasi,Bekasi Selatan,10rb - 25rb,4.8,,https://gofood.link/a/yM8VNPA,0,,
"HokBen, Kitchen Rawalumbu","Jepang, Cepat saji, Ayam & bebek",Rawalumbu,50rb - 100rb,4.8,,https://gofood.link/a/AmZG7eW,0,,
"Ayam Bakar & Ikan Bakar Pak Min, Bekasi Timur","Ayam & bebek, Minuman, Seafood",Bekasi Timur,25rb - 50rb,4.7,,https://gofood.link/u/LA198q,0,https://api.jajanbekasi.web.id/foto/Ayam_Bakar_Ikan_Bakar_Pak_Min_Bekasi_Timur.jpg,gofood_og
"SeIndonesia (Sei Sapi Dan Ayam), Lakuliner Galaxy","Aneka nasi, Ayam & bebek, Cepat saji",Bekasi Selatan,25rb - 50rb,4.6,,https://gofood.link/a/HmXzZX3,0,,
KEBULI JORDAN BEKASI,"Aneka nasi, Cepat saji, Timur Tengah",Bekasi Barat,50rb - 100rb,4.8,,https://gofood.link/a/BM8zDNQ,0,,
"Moon Chicken (Ayam Goreng Korea), Taman Galaxy","Ayam & bebek, Cepat saji, Jajanan, Korea, Aneka nasi",Bekasi Selatan,50rb - 100rb,4.8,,https://gofood.link/a/xA3Hfa7,0,,
"Sop Daging Janda Mas Dana, Perumnas 3","Cepat saji, Jajanan, Martabak, Bakso & soto, Aneka nasi, Minuman",Bekasi Timur,25rb - 50rb,4.7,,https://gofood.link/u/deZye,0,https://api.jajanbekasi.web.id/foto/Sop_Daging_Janda_Mas_Dana_Perumnas_3.jpg,gofood_og
"Kopi Janji Jiwa & Jiwa Toast, Raya Bintara","Minuman, Kopi, Roti, Jajanan",Bekasi Barat,25rb - 50rb,4.8,,https://gofood.link/u/VA9lL,0,,
"Rumah Makan 99 Seafood, Rawalumbu",Aneka nasi,Rawalumbu,50rb - 100rb,4.7,,https://gofood.link/u/72bR1,0,,
"Solaria, Golden City Bekasi","Aneka nasi, Chinese",Bekasi Utara,50rb - 100rb,4.6,,https://gofood.link/a/CMEu8p7,0,,
"Pizza Hut, Golden City Bekasi","Pizza & pasta, Cepat saji, Barat, Jajanan, Ayam & bebek",Bekasi Utara,>100rb,4.7,,https://gofood.link/u/3yqBa,0,https://api.jajanbekasi.web.id/foto/Pizza_Hut_Golden_City_Bekasi.jpg,gofood_og
"Richeese Factory, Golden City","Cepat saji, Ayam & bebek, Aneka nasi",Bekasi Utara,50rb - 100rb,4.7,,https://gofood.link/a/DNA3feb,0,https://api.jajanbekasi.web.id/foto/Richeese_Factory_Golden_City.jpg,gofood_og
"Mie Gacoan, Golden City",Bakmie,Bekasi Utara,10rb - 25rb,4.6,,https://gofood.link/a/G3Fs9ib,0,,
"Republic Kebab Premium, Jaka Setia","Jajanan, Cepat saji, Timur Tengah",Bekasi Selatan,25rb - 50rb,4.7,,https://gofood.link/a/F1yzgD7,0,,
"Sate Madura Cak Bakrie, Rawalumbu","Sate, Aneka nasi, Minuman",Rawalumbu,25rb - 50rb,4.8,,https://gofood.link/a/yM9AQdu,0,,
"Mixue, Galaxy Bekasi",Minuman,Bekasi Selatan,25rb - 50rb,4.7,,https://gofood.link/a/DaGpH3L,0,,
"KFC, Kota Bintang",Cepat saji,Bekasi Barat,50rb - 100rb,4.8,,https://gofood.link/u/MzPe5,0,https://api.jajanbekasi.web.id/foto/KFC_Kota_Bintang.jpg,gofood_og
"Ayam Geprek Gold Chick, Jatimulya","Cepat saji, Ayam & bebek, Aneka nasi",Rawalumbu,25rb - 50rb,4.7,,https://gofood.link/u/pzr0vG,0,,
"Solaria, Grand Kota Bintang Bekasi",Cepat saji,Bekasi Barat,50rb - 100rb,4.7,,https://gofood.link/a/DLt2G11,0,,
"YOSHINOYA BEEF BOWL, Grand Kota Bintang","Jepang, Cepat saji, Ayam & bebek, Aneka nasi, Kopi",Bekasi Barat,50rb - 100rb,4.8,,https://gofood.link/u/NMlM,0,https://api.jajanbekasi.web.id/foto/YOSHINOYA_BEEF_BOWL_Grand_Kota_Bintang.jpg,gofood_og
"Kopi Janji Jiwa & Jiwa Toast, Golden City","Kopi, Sweets, Minuman, Roti, Jajanan",Bekasi Utara,25rb - 50rb,4.7,,https://gofood.link/a/DaGCMnw,0,,
"HokBen, Kitchen Kemang Pratama","Cepat saji, Jepang",Rawalumbu,50rb - 100rb,4.8,,https://gofood.link/a/C1Vsobh,0,https://api.jajanbekasi.web.id/foto/103_HokBen_Kitchen_Kemang_Pratama.jpg,cached
"Pizza Hut Delivery - PHD, Nusantara Raya Bekasi","Cepat saji, Pizza & pasta, Jajanan, Barat, Ayam & bebek",Bekasi Timur,>100rb,4.7,,https://gofood.link/u/d72P,0,,
"Richeese Factory, Kemang Pratama","Ayam & bebek, Aneka nasi, Cepat saji",Rawalumbu,50rb - 100rb,4.7,,https://gofood.link/a/FUhxyvW,0,,
Mixue Nusantara Raya,"Minuman, Sweets",Bekasi Timur,25rb - 50rb,4.7,,https://gofood.link/a/EaNypgN,0,,
"Kopi Kenangan, Ruko Galaxy Bekasi","Minuman, Kopi, Sweets, Roti, Jajanan",Bekasi Selatan,25rb - 50rb,4.8,,https://gofood.link/a/znaFJAY,0,https://api.jajanbekasi.web.id/foto/Kopi_Kenangan_Ruko_Galaxy_Bekasi.jpg,gofood_og
"Janji Jiwa, Grand Galaxy City Bekasi","Kopi, Roti, Minuman, Jajanan",Bekasi Selatan,25rb - 50rb,4.7,,https://gofood.link/a/yHpxuTA,0,,
"Ayam Gepuk Pak Gembus, Galaxy","Aneka nasi, Ayam & bebek",Bekasi Selatan,25rb - 50rb,4.6,,https://gofood.link/a/yEGNYkW,0,,
"Gamchi, Potato Cheese Bread, Bekasi Selatan",Jajanan,Bekasi Selatan,50rb - 100rb,4.7,,https://gofood.link/a/Eu4y8Dw,0,,
"Jatinangor House, Jatibening",Ayam & bebek,Bekasi Selatan,25rb - 50rb,4.6,,https://gofood.link/a/JgE7vQd,0,,
"HokBen Kitchen, Perumnas 3 Bekasi","Cepat saji, Jepang",Bekasi Timur,50rb - 100rb,4.7,,https://gofood.link/a/AZrngk3,0,,
"Mixue, Caman Raya","Minuman, Cepat saji, Jajanan",Bekasi Barat,25rb - 50rb,4.7,,https://gofood.link/a/FUgufDA,0,,
"Frozy Land, Rawalumbu","Sweets, Roti, Jajanan",Rawalumbu,25rb - 50rb,4.6,,https://gofood.link/u/bGdy,0,,
"Ayam Bakar Madu & Goreng Kremes MAMA IRA, Bekasi Barat","Ayam & bebek, Aneka nasi",Bekasi Barat,25rb - 50rb,4.8,,https://gofood.link/u/ejQOZ,0,https://api.jajanbekasi.web.id/foto/Ayam_Bakar_Madu_Goreng_Kremes_MAMA_IRA_Bekasi_Barat.jpg,gofood_og
NASI PADANG AMBUN PAGI TELUK PUCUNG,Cepat saji,Bekasi Utara,25rb - 50rb,4.8,,https://gofood.link/a/BVvMyxN,0,,
"Sushi Yay, Taman Galaxy","Jepang, Aneka nasi, Cepat saji, Ayam & bebek",Bekasi Selatan,50rb - 100rb,4.8,,https://gofood.link/a/BkRXYV7,0,https://api.jajanbekasi.web.id/foto/Sushi_Yay_Taman_Galaxy.jpg,gofood_og
"ABD, Ayam Bang Dava, Ayam Geprek & Popcorn, Harapan Indah","Ayam & bebek, Aneka nasi, Cepat saji",Medan Satria,25rb - 50rb,4.7,,https://gofood.link/a/BzkANxj,0,,
"Solaria, Kota Harapan Indah Bekasi",Aneka nasi,Medan Satria,50rb - 100rb,4.8,,https://gofood.link/a/AQuh7yq,0,https://api.jajanbekasi.web.id/foto/Solaria_Kota_Harapan_Indah_Bekasi.jpg,gofood_og
"Keikpop by The Food Chain, Harapan Indah","Sweets, Roti",Medan Satria,50rb - 100rb,4.5,,https://gofood.link/a/zTaPpuy,0,,
"HokBen Kitchen, Sumber Artha","Jepang, Cepat saji",Bekasi Barat,50rb - 100rb,4.8,,https://gofood.link/a/EAYn5aw,0,https://api.jajanbekasi.web.id/foto/HokBen_Kitchen_Sumber_Artha.jpg,gofood_og
"Burger King, Kota Harapan Indah","Cepat saji, Aneka nasi, Jajanan, Ayam & bebek",Medan Satria,50rb - 100rb,4.7,,https://gofood.link/a/yM9XQZW,0,,
"Bittersweet By Najla, Harapan Indah","Sweets, Jajanan",Medan Satria,50rb - 100rb,4.7,,https://gofood.link/a/ELTKxxs,0,https://api.jajanbekasi.web.id/foto/Bittersweet_By_Najla_Harapan_Indah.jpg,gofood_og
"Es Nona Ayam Kremes 89, Pondok Gede","Ayam & bebek, Bakmie, Chinese",Jatiasih,25rb - 50rb,4.9,,https://gofood.link/u/J3V18R,0,https://api.jajanbekasi.web.id/foto/09_Es_Nona_Ayam_Kremes_89_Pondok_Gede.jpg,cached
"Ayam Geprek Gold Chick, Jati Bening","Aneka nasi, Ayam & bebek, Cepat saji",Pondok Gede,25rb - 50rb,4.7,,https://gofood.link/u/bwJjrm,0,,
"Hokben, Ruko Jatibening","Jepang, Ayam & bebek, Cepat saji",Pondok Gede,50rb - 100rb,4.8,,https://gofood.link/a/AmZwpxJ,0,,
"Mixue Sentrakota, Bekasi, Sentrakota Jatibening B No 12","Minuman, Sweets, Jajanan",Pondok Gede,25rb - 50rb,4.8,,https://gofood.link/a/FbJXxHS,0,,
"Ayam Bakar Madu Baraya 18, Rawalumbu","Aneka nasi, Ayam & bebek",Rawalumbu,50rb - 100rb,4.8,,https://gofood.link/u/MK0yjj,0,https://api.jajanbekasi.web.id/foto/101_Ayam_Bakar_Madu_Baraya_18_Rawalumbu.jpg,cached
"Mixue, Mutiara Gading Timur",Minuman,Mustika Jaya,25rb - 50rb,4.8,,https://gofood.link/a/Dz1Vu83,0,https://api.jajanbekasi.web.id/foto/Mixue_Mutiara_Gading_Timur.jpg,gofood_og
"Nasi Padang Taman Mini Indah, Jatiasih","Aneka nasi, Minuman",Jatiasih,25rb - 50rb,4.7,,https://gofood.link/a/zR5Hysd,0,,
"Wingstop, Jatiasih","Ayam & bebek, Barat, Cepat saji, Aneka nasi, Jajanan",Jatiasih,50rb - 100rb,4.7,,https://gofood.link/a/D2PusGC,0,,
"Richeese Factory, Jatiasih Bekasi","Ayam & bebek, Aneka nasi, Cepat saji",Jatiasih,50rb - 100rb,4.6,,https://gofood.link/a/FUhq9FA,0,,
"Fore Coffee, Jatiasih","Kopi, Minuman",Jatiasih,50rb - 100rb,4.8,,https://gofood.link/a/FjDPtod,0,https://api.jajanbekasi.web.id/foto/092_Fore_Coffee_Jatiasih.jpg,cached
"Burger King, Jati Asih","Cepat saji, Aneka nasi, Jajanan, Ayam & bebek",Jatiasih,50rb - 100rb,4.7,,https://gofood.link/u/PO75bb,0,,
"Chatime x Cupbop, Ruko Jati Asih","Minuman, Jajanan",Jatiasih,25rb - 50rb,4.8,,https://gofood.link/a/DSrAXas,0,https://api.jajanbekasi.web.id/foto/090_Chatime_x_Cupbop_Ruko_Jati_Asih.jpg,cached
"Burger Bangor Express, Jatiasih","Barat, Cepat saji, Ayam & bebek",Jatiasih,50rb - 100rb,4.8,,https://gofood.link/a/Az66wZw,0,https://api.jajanbekasi.web.id/foto/089_Burger_Bangor_Express_Jatiasih.jpg,cached
"RM. Restu Bundo Kapin, Marna Putra Atas","Aneka nasi, Ayam & bebek, Cepat saji",Pondok Gede,25rb - 50rb,4.7,,https://gofood.link/a/y1RYKhQ,0,,
"Toko Kopi Tuku, Jatiasih","Minuman, Kopi",Jatiasih,25rb - 50rb,4.8,,https://gofood.link/a/DEfVeYY,0,https://api.jajanbekasi.web.id/foto/088_Toko_Kopi_Tuku_Jatiasih.jpg,cached
"Bebek Madu 88, Mustika Jaya","Ayam & bebek, Aneka nasi",Mustika Jaya,25rb - 50rb,4.7,,https://gofood.link/u/GxB8d,0,https://api.jajanbekasi.web.id/foto/Bebek_Madu_88_Mustika_Jaya.jpg,gofood_og
"Solaria, Rest Area KM 6B",Aneka nasi,Pondok Gede,50rb - 100rb,4.8,,https://gofood.link/u/3PKeWa,0,https://api.jajanbekasi.web.id/foto/087_Solaria_Rest_Area_KM_6B.jpg,cached_disk
"JCO, Jati Asih Stand Alone",Sweets,Jatiasih,50rb - 100rb,4.6,,https://gofood.link/a/BU4SwSm,0,,
"Mixue, Jatikramat","Minuman, Jajanan, Kopi",Jatiasih,25rb - 50rb,4.6,,https://gofood.link/a/zm6TrBf,0,,
"Pizza Hut Delivery - PHD, Radar Komsen Bekasi","Cepat saji, Pizza & pasta, Jajanan, Barat, Ayam & bebek",Jatiasih,>100rb,4.7,,https://gofood.link/u/zyVL2,0,,
"Hokben Kitchen, Jatimakmur Bekasi","Jepang, Aneka nasi",Pondok Gede,50rb - 100rb,4.8,,https://gofood.link/a/DSe1dLd,0,https://api.jajanbekasi.web.id/foto/086_Hokben_Kitchen_Jatimakmur_Bekasi.jpg,cached_disk
"Pecel Lele Pak Kumis, Bantargebang","Ayam & bebek, Cepat saji, Seafood",Bantargebang,25rb - 50rb,4.8,,https://gofood.link/u/RAap03,0,https://api.jajanbekasi.web.id/foto/085_Pecel_Lele_Pak_Kumis_Bantargebang.jpg,cached
"Pizza Hut Delivery - PHD, Padurenan","Pizza & pasta, Cepat saji, Jajanan, Barat, Ayam & bebek",Mustika Jaya,50rb - 100rb,4.6,,https://gofood.link/u/VVvyv,0,,
"Mie Gacoan, Jatiasih",Bakmie,Jatiasih,25rb - 50rb,4.7,,https://gofood.link/a/J4vFn11,0,,
"Sushi Yay, Jati Asih","Aneka nasi, Cepat saji, Jepang, Ayam & bebek",Jatiasih,50rb - 100rb,4.6,,https://gofood.link/a/E1WNsLQ,0,,
"Mixue, Dukuh Zamrud","Sweets, Minuman, Kopi",Mustika Jaya,25rb - 50rb,4.8,,https://gofood.link/a/EJX4SBA,0,,
"Kopi Janji Jiwa & Jiwa Toast, Ruko Zamrud Mustika Jaya","Kopi, Minuman, Roti, Jajanan",Mustika Jaya,25rb - 50rb,4.7,,https://gofood.link/u/w4lJd,0,,
"Hokben, Kitchen Zamrud Bekasi","Cepat saji, Jepang",Mustika Jaya,50rb - 100rb,4.8,,https://gofood.link/a/z38Qw1q,0,https://api.jajanbekasi.web.id/foto/082_Hokben_Kitchen_Zamrud_Bekasi.jpg,cached_disk
"Sushi Yay, Mustika Jaya","Aneka nasi, Jepang, Cepat saji, Ayam & bebek",Mustika Jaya,50rb - 100rb,4.6,,https://gofood.link/a/E1WNUuU,0,,
"Mie Gacoan, Bekasi Mustika",Bakmie,Bantargebang,10rb - 25rb,4.7,,https://gofood.link/a/H6ePhKJ,0,https://api.jajanbekasi.web.id/foto/Mie_Gacoan_Bekasi_Mustika.jpg,gofood_og
"Mixue, Jatiwaringin",Minuman,Pondok Gede,25rb - 50rb,4.7,,https://gofood.link/a/Dz2g64W,0,,
"Rumah Makan Padang Nusantara Raya 2, Pondok Melati","Ayam & bebek, Aneka nasi, Cepat saji",Pondok Melati,25rb - 50rb,4.8,,https://gofood.link/u/PNjx,0,https://api.jajanbekasi.web.id/foto/081_Rumah_Makan_Padang_Nusantara_Raya_2_Pondok_Melati.jpg,cached_disk
"Keikpop by The Food Chain, Jatiwaringin","Sweets, Roti",Pondok Gede,50rb - 100rb,4.4,,https://gofood.link/a/zTa8joh,0,,
"Solaria, Jatiwaringin Stand Alone","Aneka nasi, Ayam & bebek, Chinese",Pondok Gede,25rb - 50rb,4.8,,https://gofood.link/a/J3ZyiJG,0,https://api.jajanbekasi.web.id/foto/080_Solaria_Jatiwaringin_Stand_Alone.jpg,cached_disk
"Sushi Yay, Pondok Gede Bekasi","Jepang, Cepat saji, Aneka nasi, Ayam & bebek",Pondok Gede,50rb - 100rb,4.7,,https://gofood.link/a/CVCFcas,0,,
"Fore Coffee, Jatiwaringin","Kopi, Minuman, Cepat saji",Pondok Gede,50rb - 100rb,4.8,,https://gofood.link/a/CeB68C9,0,https://api.jajanbekasi.web.id/foto/083_Fore_Coffee_Jatiwaringin.jpg,cached_disk
"Mie Gacoan, Bekasi Jatiwaringin","Bakmie, Cepat saji",Pondok Gede,10rb - 25rb,4.7,,https://gofood.link/a/EzrbswY,0,,
"Wingstop, Jatiwaringin","Cepat saji, Barat, Ayam & bebek, Aneka nasi, Jajanan",Pondok Gede,50rb - 100rb,4.8,,https://gofood.link/a/GkrokYC,0,https://api.jajanbekasi.web.id/foto/078_Wingstop_Jatiwaringin.jpg,cached_disk
"Mixue, Jatiwarna","Minuman, Sweets",Pondok Melati,25rb - 50rb,4.8,,https://gofood.link/a/FMTYcqY,0,https://api.jajanbekasi.web.id/foto/063_Mixue_Jatiwarna.jpg,cached_disk
"HokBen, Hankam Bekasi","Jepang, Cepat saji",Pondok Melati,50rb - 100rb,4.8,,https://gofood.link/a/Fm69Pu5,0,https://api.jajanbekasi.web.id/foto/062_HokBen_Hankam_Bekasi.jpg,cached_disk
"Pizza Hut, Hankam Raya","Pizza & pasta, Cepat saji, Barat, Jajanan, Ayam & bebek",Pondok Melati,>100rb,4.8,,https://gofood.link/u/dwvO,0,https://api.jajanbekasi.web.id/foto/061_Pizza_Hut_Hankam_Raya.jpg,cached_disk
"Solaria, Naga Swalayan Hankam","Aneka nasi, Chinese, Bakso & soto",Pondok Melati,50rb - 100rb,4.8,,https://gofood.link/u/8zal1,0,https://api.jajanbekasi.web.id/foto/060_Solaria_Naga_Swalayan_Hankam.jpg,cached_disk
"Kopi Janji Jiwa & Jiwa Toast, Puri Gading Raya","Kopi, Minuman, Roti, Jajanan",Pondok Melati,25rb - 50rb,4.7,,https://gofood.link/u/9wQjA,0,,
"Popeyes Chicken, Jatiwarna","Cepat saji, Ayam & bebek, Aneka nasi",Pondok Melati,25rb - 50rb,4.7,,https://gofood.link/a/GZkFbKA,0,,
"KFC, Jatiwarna",Cepat saji,Pondok Melati,50rb - 100rb,4.8,,https://gofood.link/a/FQuoaRW,0,https://api.jajanbekasi.web.id/foto/075_KFC_Jatiwarna.jpg,cached_disk
"Kopi Kenangan, SPBU Pertamina Jatiwarna Pondok","Minuman, Kopi, Sweets, Roti, Jajanan",Pondok Melati,25rb - 50rb,4.8,,https://gofood.link/a/zKgKn7L,0,https://api.jajanbekasi.web.id/foto/058_Kopi_Kenangan_SPBU_Pertamina_Jatiwarna_Pondok.jpg,cached_disk
"McDonald's, Jatiwarna","Cepat saji, Sweets, Jajanan",Pondok Melati,50rb - 100rb,4.7,,https://gofood.link/u/OJLRM,0,https://api.jajanbekasi.web.id/foto/McDonalds_Jatiwarna.jpg,gofood_og
"Pizza Hut Delivery - PHD, Jatiwarna","Pizza & pasta, Cepat saji, Jajanan, Barat, Ayam & bebek",Jatisampurna,>100rb,4.8,,https://gofood.link/u/JVBBR,0,https://api.jajanbekasi.web.id/foto/057_Pizza_Hut_Delivery_-_PHD_Jatiwarna.jpg,cached
Nasi Padang Sumatra Indah,"Minuman, Aneka nasi, Cepat saji",Jatisampurna,10rb - 25rb,4.8,,https://gofood.link/a/z9X2JeN,0,https://api.jajanbekasi.web.id/foto/056_Nasi_Padang_Sumatra_Indah.jpg,cached
"Richeese Factory, Hankam","Cepat saji, Ayam & bebek, Aneka nasi",Jatisampurna,50rb - 100rb,4.7,,https://gofood.link/u/nJn8Z,0,https://api.jajanbekasi.web.id/foto/143_Richeese_Factory_Hankam.jpg,cached
"HokBen, Kitchen Kranggan","Aneka nasi, Jepang",Jatisampurna,50rb - 100rb,4.8,,https://gofood.link/a/zyi4S11,0,https://api.jajanbekasi.web.id/foto/055_HokBen_Kitchen_Kranggan.jpg,cached
"Domino's Pizza, Ujung Aspal","Pizza & pasta, Cepat saji, Jajanan",Jatisampurna,50rb - 100rb,4.7,,https://gofood.link/u/QdeVR,0,https://api.jajanbekasi.web.id/foto/142_Dominos_Pizza_Ujung_Aspal.jpg,cached
"Ketoprak Telor Sosis Pertigaan Padang, Jatirangga",Cepat saji,Jatisampurna,25rb - 50rb,4.3,,https://gofood.link/a/FrrEZWd,0,,
"Sarimande Metropolitan (Padang), Cibubur",Aneka nasi,Jatisampurna,25rb - 50rb,4.7,,https://gofood.link/u/Qa5dM,0,,
"KFC, Plaza Cibubur",Cepat saji,Jatisampurna,50rb - 100rb,4.8,,https://gofood.link/u/R1RJD,0,https://api.jajanbekasi.web.id/foto/29_KFC_Plaza_Cibubur.jpg,cached
"McDonald's, Plaza Cibubur","Cepat saji, Sweets, Jajanan",Jatisampurna,50rb - 100rb,4.7,,https://gofood.link/a/yM9gREq,0,,
"Chinese Food ""88"", Sentra Niaga Kalimalang","Aneka nasi, Chinese, Seafood",Bekasi Selatan,50rb - 100rb,4.7,,https://gofood.link/u/RQ0d,0,,
"Mie Ayam Bangka Ciremai, Bekasi Selatan",Bakmie,Bekasi Selatan,25rb - 50rb,4.5,,https://gofood.link/u/yPkNZ,0,,
"RM. Barito Minang, Bekasi",Aneka nasi,Bekasi Selatan,25rb - 50rb,4.2,,https://gofood.link/u/wrGJrD,0,,
"Ayam Penyet Sambal Ijo Sep'to Bledar Bleder, Bekasi Selatan",Ayam & bebek,Bekasi Selatan,25rb - 50rb,4.7,,https://gofood.link/u/75MDV,0,,
"Sate Madura Cak Andi, Bekasi Selatan",Sate,Bekasi Selatan,25rb - 50rb,4.7,,https://gofood.link/u/yp0Wd5,0,,
"Ayam Gepuk Pak Gembus, Kemakmuran Bekasi","Aneka nasi, Ayam & bebek",Bekasi Selatan,25rb - 50rb,4.6,,https://gofood.link/u/8zBGQ,0,,
"Dcika Cakes & Bakery, Stasiun Bekasi","Roti, Sweets, Jajanan",Bekasi Selatan,50rb - 100rb,4.4,Menggunakan bahan berkualitas dan tanpa bahan pengawet serta memiliki seritifikasi LPPOM dan MUI	,https://gofood.link/a/yM97a7C,0,,
"Pempek Palembang Gaby, Stasiun Bekasi",Jajanan,Bekasi Selatan,25rb - 50rb,4.6,,https://gofood.link/u/agAaG,0,,
"Nam Thai Tea, Bekasi Utara",Minuman,Bekasi Timur,10rb - 25rb,0.0,,https://gofood.link/u/xney,0,,
Warung Eco,Aneka nasi,Bekasi Utara,25rb - 50rb,0.0,"Warung oco ada di dalam pasar modern sinpasa summarecon bekasi  yang  tepatnya disamping kantor pemasaran,makanan yg disajikan adalah makanan khas surabaya jawa timur dan hanya ada di warung eco,letak yang sangat strategis di seberang mall summarecon bekasi memudahkan  orang untuk mencarinya.",https://gofood.link/u/OwK9,0,,
"Nasi Pecel Khas Kediri Ibu Rafy, Pasar Modern Sinpasa",Aneka nasi,Bekasi Utara,10rb - 25rb,4.8,,https://gofood.link/u/eP18,0,https://api.jajanbekasi.web.id/foto/25_Nasi_Pecel_Khas_Kediri_Ibu_Rafy_Pasar_Modern_Sinpasa.jpg,cached
"McDonald's, Summarecon Bekasi","Cepat saji, Sweets, Jajanan",Bekasi Utara,50rb - 100rb,4.8,,https://gofood.link/u/0r11,0,https://api.jajanbekasi.web.id/foto/24_McDonalds_Summarecon_Bekasi.jpg,cached
"Soto Kudus Kartini, Dirgantara Jatisari","Ayam & bebek, Bakso & soto, Jajanan",Jatiasih,10rb - 25rb,4.3,,https://gofood.link/u/LGGAZ,0,,
"Cilok Rumpi, Green Park Cotton Wood 5","Jajanan, Sweets",Pondok Melati,10rb - 25rb,4.4,,https://gofood.link/a/yM9Jssd,0,,
"Salero Raso, Narogong","Aneka nasi, Ayam & bebek",Bantargebang,25rb - 50rb,4.7,,https://gofood.link/u/pz0Wr,0,https://api.jajanbekasi.web.id/foto/Salero_Raso_Narogong.jpg,gofood_og
Kedai Resep Oma,"Ayam & bebek, Minuman, Aneka nasi",Pondok Melati,25rb - 50rb,4.8,,https://gofood.link/a/yM9w2JU,0,https://api.jajanbekasi.web.id/foto/23_Kedai_Resep_Oma.jpg,cached
"Kopi Kila, Jatiwarna",Kopi,Pondok Melati,25rb - 50rb,4.8,,https://gofood.link/a/yM99CqC,0,https://api.jajanbekasi.web.id/foto/21_Kopi_Kila_Jatiwarna.jpg,cached
"Resepnya Eyang, Komplek Bulog",Sweets,Pondok Melati,50rb - 100rb,4.6,,https://gofood.link/u/RZzPV,0,,
"Warkop 1899, 77 Termuda 2","Jajanan, Kopi",Bantargebang,10rb - 25rb,4.6,,https://gofood.link/u/rk7m,0,https://api.jajanbekasi.web.id/foto/Warkop_1899_77_Termuda_2.jpg,gofood_og
"Ayam Bakar 69, Jatimurni","Cepat saji, Ayam & bebek, Bakmie",Pondok Melati,25rb - 50rb,2.6,,https://gofood.link/u/lGW9q,0,https://api.jajanbekasi.web.id/foto/Ayam_Bakar_69_Jatimurni.jpg,gofood_og
"Mr. Dimsum & Takoyaki, Jatiasih","Cepat saji, Jajanan, Jepang",Jatiasih,25rb - 50rb,4.7,,https://gofood.link/u/RvpR,0,,
"Ayam Gepuk Pak Gembus, Jatiwarna","Aneka nasi, Ayam & bebek",Pondok Melati,25rb - 50rb,4.2,,https://gofood.link/u/pggkG,0,,
"Soto Betawi Bu Karni, Raya Hankam","Bakso & soto, Aneka nasi, Cepat saji",Pondok Melati,25rb - 50rb,4.6,,https://gofood.link/u/ZA24B,0,https://api.jajanbekasi.web.id/foto/Soto_Betawi_Bu_Karni_Raya_Hankam.jpg,gofood_og
Junacake Jatiwarna - pusat oleh oleh lapis talas & brownies,"Sweets, Jajanan",Pondok Melati,25rb - 50rb,4.4,,https://gofood.link/u/y14r5,0,,
"Ayam Bakar Aghniya, Pondok Melati","Jajanan, Ayam & bebek, Cepat saji",Pondok Melati,25rb - 50rb,4.8,,https://gofood.link/u/zQww,0,,
"Holland Bakery, Jatiwarna","Sweets, Roti",Pondok Melati,25rb - 50rb,4.8,,https://gofood.link/u/N7Kn,0,https://api.jajanbekasi.web.id/foto/Holland_Bakery_Jatiwarna.jpg,gofood_og
"Bakso Rudal Pakde Sasak, Cipayung",Bakso & soto,Pondok Melati,25rb - 50rb,4.3,,https://gofood.link/u/lP28a,0,https://api.jajanbekasi.web.id/foto/Bakso_Rudal_Pakde_Sasak_Cipayung.jpg,gofood_og
Kampoeng Macan,Ayam & bebek,Jatiasih,25rb - 50rb,4.8,,https://gofood.link/a/yM9Bb95,0,,
"Bakmi Seafood&chinesefood Bumartha, Hankam Raya","Seafood, Bakmie, Chinese",Pondok Melati,25rb - 50rb,4.4,,https://gofood.link/u/DQkr,0,https://api.jajanbekasi.web.id/foto/Bakmi_Seafoodchinesefood_Bumartha_Hankam_Raya.jpg,gofood_og
"Resto Tanah Deli, Hankam",Aneka nasi,Jatisampurna,25rb - 50rb,4.8,,https://gofood.link/a/yM8Wcyh,0,https://api.jajanbekasi.web.id/foto/118_Resto_Tanah_Deli_Hankam.jpg,cached
"Asinan Bogor Ibu Debby, Tarumanegara","Jajanan, Thailand, Korea",Pondok Melati,25rb - 50rb,4.7,"Didirikan sejak tahun 2011 dan dibuat langsung oleh seorang perawat anastesi RS
MEILIA CIBUBUR, Asinan Ibu Debby memiliki cita rasa tersendiri, tidak menggunakan MSG
dan pengawet. Sehat, nikmat, kaya vitamin dan serat. Cocok untuk semua kalangan baik
anak-anak, remaja dan dewasa, karena memiliki kadar pedas dan asam yang terukur. Sayur
dan buah menurut badan kesehatan dunia WHO sangat disarankan untuk menjaga pola
makan sehat. Sayur dan buah juga dapat membantu mencegah penyakit usus buntu.
Selamat menikmati semoga Anda dan keluarga sehat juga mendapatkan kecukupan serat
harian. aamiin",https://gofood.link/u/7LgrV,0,https://api.jajanbekasi.web.id/foto/Asinan_Bogor_Ibu_Debby_Tarumanegara.jpg,gofood_og
"Bakso Rudal Pakde, Pondok Melati",Bakso & soto,Pondok Melati,25rb - 50rb,4.7,,https://gofood.link/u/DaAKa,0,https://api.jajanbekasi.web.id/foto/Bakso_Rudal_Pakde_Pondok_Melati.jpg,gofood_og
"Warkop 1899, Hankam",Jajanan,Jatisampurna,25rb - 50rb,4.4,,https://gofood.link/u/JnV4,0,https://api.jajanbekasi.web.id/foto/Warkop_1899_Hankam.jpg,gofood_og
"Mie Ayam Bakso 79, Jatiasih",Bakmie,Jatiasih,25rb - 50rb,4.5,"Pengalaman bertahun tahun membuat kami mampu meracik dan membuat formula yang pas untuk para penggemar Bakmie. Dengan bahan baku yang aman, higenis dan berkualitas menjadikan kami memiliki ciri dalam rasa. Porsi yang pas, sambal yang mantaps, racikan ayam yang joss akan membuat anda kembali dan kembali.",https://gofood.link/a/yM9AorW,0,,
"RM Alit Sate Tegal, Raya Hankam","Aneka nasi, Sate, Bakso & soto",Jatisampurna,25rb - 50rb,4.6,,https://gofood.link/a/yM9j5f1,0,https://api.jajanbekasi.web.id/foto/RM_Alit_Sate_Tegal_Raya_Hankam.jpg,gofood_og
"Ayam Bakar Barbeque Dan Geprek 77, Jatisampurna",Ayam & bebek,Jatiasih,25rb - 50rb,4.8,,https://gofood.link/u/DBwpG,0,,
Sop Iga 77,Ayam & bebek,Jatiasih,25rb - 50rb,4.8,,https://gofood.link/u/KOm1z,0,,
"Sop Ayam Mbah Min Klaten, Hankam","Bakso & soto, Aneka nasi, Ayam & bebek",Jatisampurna,25rb - 50rb,4.7,,https://gofood.link/u/5LNPq,0,https://api.jajanbekasi.web.id/foto/Sop_Ayam_Mbah_Min_Klaten_Hankam.jpg,gofood_og
"Seblak Sosmed 9, Bekasi",Jajanan,Jatisampurna,25rb - 50rb,4.5,,https://gofood.link/u/4LkyK,0,https://api.jajanbekasi.web.id/foto/Seblak_Sosmed_9_Bekasi.jpg,gofood_og
"Ochacha Thai Tea, Jatisampurna","Minuman, Jajanan, Thailand",Jatisampurna,10rb - 25rb,4.7,,https://gofood.link/u/WKdZv,0,https://api.jajanbekasi.web.id/foto/Ochacha_Thai_Tea_Jatisampurna.jpg,gofood_og
"Pempek Kote Wongkito, Rawa Dollar",Jajanan,Jatisampurna,10rb - 25rb,4.7,,https://gofood.link/u/9Bw2,0,https://api.jajanbekasi.web.id/foto/Pempek_Kote_Wongkito_Rawa_Dollar.jpg,gofood_og
"Ayam Bersih Berkah, Kranggan",Ayam & bebek,Jatisampurna,25rb - 50rb,4.7,Juara Partner GO-FOOD 2019: Kategori Kawan Setia di Tanggal Tua & Kategori Paling Aktif Jabodetabek,https://gofood.link/a/yM8ZVu1,0,https://api.jajanbekasi.web.id/foto/Ayam_Bersih_Berkah_Kranggan.jpg,gofood_og
Tsamara Resto & Function Hall,"Aneka nasi, Ayam & bebek, Seafood",Jatisampurna,50rb - 100rb,4.5,,https://gofood.link/u/QdOz2,0,https://api.jajanbekasi.web.id/foto/Tsamara_Resto_Function_Hall.jpg,gofood_og
"Pancong Rasa 99, Raya Kranggan","Jajanan, Sweets",Jatisampurna,10rb - 25rb,4.7,,https://gofood.link/a/yM9nV4j,0,https://api.jajanbekasi.web.id/foto/144_Pancong_Rasa_99_Raya_Kranggan.jpg,cached
"Seblak Warisan Mercubuana, Cibubur",Jajanan,Jatisampurna,25rb - 50rb,4.8,,https://gofood.link/u/3N9WG,0,https://api.jajanbekasi.web.id/foto/Seblak_Warisan_Mercubuana_Cibubur.jpg,gofood_og
"Rm Nasi Padang Kencana Minang, Marga Jaya","Minuman, Aneka nasi, Cepat saji",Bekasi Selatan,25rb - 50rb,4.7,,https://gofood.link/a/DACfLqm,0,,
"Minum Yuk Kaka, Perjuangan",Minuman,Bekasi Timur,>100rb,4.8,,https://gofood.link/a/CM82AWY,0,https://api.jajanbekasi.web.id/foto/Minum_Yuk_Kaka_Perjuangan.jpg,gofood_og
"Solaria, La Terrazza Summarecon Bekasi",Aneka nasi,Bekasi Utara,50rb - 100rb,4.7,,https://gofood.link/a/zJLfhto,0,,
"JCO, Ruko Graha Boulevard Summarecon Bekasi",Sweets,Bekasi Utara,50rb - 100rb,4.5,,https://gofood.link/a/BU7Lsr7,0,,
"Mangkokku Rice Bowl, Ruko Topaz Summarecon Bekasi","Aneka nasi, Ayam & bebek, Cepat saji",Bekasi Utara,50rb - 100rb,4.8,,https://gofood.link/a/Dc2rZGQ,0,,
"Keikpop by The Food Chain, Summarecon Bekasi","Sweets, Roti",Bekasi Utara,50rb - 100rb,4.3,,https://gofood.link/a/zTbdQ3U,0,,
"Monsieur Spoon, Summarecon Mal Bekasi","Roti, Kopi, Sweets",Bekasi Utara,25rb - 50rb,0.0,,https://gofood.link/a/JiGC1Ho,0,,
"Dadar Beredar, Bekasi",Aneka nasi,Bekasi Selatan,25rb - 50rb,4.7,,https://gofood.link/a/K4obuW5,0,,
"Sinar Garut & Bubur Ayam Bogasari, Jatiwaringin","Jajanan, Minuman, Aneka nasi",Pondok Gede,25rb - 50rb,4.6,,https://gofood.link/u/nJgKG,0,,
"Martabak Orient, Jatiwaringin","Martabak, Minuman, Sweets, Jajanan, Roti",Pondok Gede,50rb - 100rb,4.6,"Juara Partner GO-FOOD 2019: Kategori Martabak, Kategori Makan Malam & Kategori Paling Aktif Jabodetabek",https://gofood.link/a/yM8WvMf,0,,
"Warung Tempo 90an, Bekasi",Kopi,Bekasi Barat,25rb - 50rb,3.9,,https://gofood.link/a/yM9AH5m,0,,
"Warung Seblak Abdul, Bintara","Jajanan, Cepat saji",Bekasi Barat,25rb - 50rb,4.7,,https://gofood.link/u/WK1R3,0,,
"Restoran Saribungo, Metropolitan","Aneka nasi, Ayam & bebek, Cepat saji",Bekasi Barat,25rb - 50rb,4.8,,https://gofood.link/u/Oena,0,,
"Combro Idola, Pondok Gede","Jajanan, Sweets, Cepat saji",Pondok Gede,25rb - 50rb,4.1,,https://gofood.link/a/yM94roy,0,,
