uid,nama,deskripsi,rating_avg,rating_total,price_level,price_label,status,status_label,kategori,address,area_type,kecamatan,kodepos,latitude,longitude,shortLink,createTime
bd0a137e-ef9d-455d-b8a9-00f50e602667,"Keikpop by The Food Chain, Grand Wisata",,4.3,0.0,3,Mahal,1,Aktif,"Sweets, Roti","Celebration Boulevard, Grand Wisata Residence, Dukuh Bima, Lambangsari, Kabupaten Bekasi, Jawa Barat, Jawa, 17510, Indonesia",Kabupaten Bekasi,Lambangsari,17510,-6.281504539188249,107.04649365936152,https://gofood.link/a/ADsnrEu,2021-04-16T16:19:24.493Z
4b8f46fd-e264-4e43-b058-574b9d1074ab,"Esteh Indonesia, Jababeka Cikarang",,4.8,0.0,2,Menengah,1,Aktif,Minuman,"Jalan Kedasih Raya, Jababeka, Pasirsari, Kabupaten Bekasi, Jawa Barat, Jawa, 17530, Indonesia",Kabupaten Bekasi,Pasirsari,17530,-6.300166,107.16198,https://gofood.link/a/AQtsoom,2021-05-07T14:33:35.790Z
b133b3c5-8832-4750-9c00-b2180e905307,"Solaria, Kota Harapan Indah Bekasi",,4.8,0.0,3,Mahal,1,Aktif,Aneka nasi,"Jalan Harapan Indah Bulevar, Kota Harapan Indah, Medansatria, Kota Bekasi, Jawa Barat, Jawa, 17132, Indonesia",Kota Bekasi,Medansatria,17132,-6.19001,106.976,https://gofood.link/a/AQuh7yq,2021-05-07T15:12:23.895Z
bf377553-c2bd-43db-95d6-102caaa7fe37,"HokBen Kitchen, Perumnas 3 Bekasi",,4.7,0.0,3,Mahal,1,Aktif,"Cepat saji, Jepang","Aren Jaya, Kota Bekasi, Jawa Barat, Jawa, 17111, Indonesia",Kota Bekasi,,17111,-6.24465,107.039402,https://gofood.link/a/AZrngk3,2021-05-24T15:08:30.537Z
30c14ce1-11e4-4914-8204-2457a09b2f52,"HokBen, Kitchen Rawalumbu",,4.8,0.0,3,Mahal,1,Aktif,"Jepang, Cepat saji, Ayam & bebek","Jalan Pramuka, Jembatan Nol, Rawalumbu, Sepanjangjaya, Kota Bekasi, Jawa Barat, Jawa, 17175, Indonesia",Kota Bekasi,Sepanjangjaya,17175,-6.2694600000000005,107.003008,https://gofood.link/a/AmZG7eW,2021-03-16T10:04:21.533Z
b6b69a14-78ee-4831-a753-8dd0b3ed29ff,"Hokben, Ruko Jatibening",,4.8,0.0,3,Mahal,1,Aktif,"Jepang, Ayam & bebek, Cepat saji","Jalan Raya Jatibening, Perum Dosen IKIP, Jatibening, Kota Bekasi, Jawa Barat, Jawa, 17412, Indonesia",Kota Bekasi,Jatibening,17412,-6.266859,106.943498,https://gofood.link/a/AmZwpxJ,2021-03-16T09:56:28.301Z
0eff03d4-ae15-4ff3-a405-0a35be620d09,"Kopi Janji Jiwa & Jiwa Toast, Vasanta Innopark",,4.8,0.0,2,Menengah,1,Aktif,"Kopi, Minuman, Roti, Jajanan","Jalan Kalimantan, MM2100 Industrial Town, Gandamekar, Kabupaten Bekasi, Jawa Barat, Jawa, 17520, Indonesia",Kabupaten Bekasi,Gandamekar,17520,-6.290855,107.085797,https://gofood.link/a/AutW5no,2021-03-30T15:19:42.643Z
f66b0c95-fa6c-46d2-9234-95632dfd907e,"Burger Bangor Express, Jatiasih",,4.8,0.0,3,Mahal,1,Aktif,"Barat, Cepat saji, Ayam & bebek","Jalan Wibawa Mukti II, Komplek Pemda Jatiasih, Jatimekar, Kota Bekasi, Jawa Barat, Jawa, 17423, Indonesia",Kota Bekasi,Jatimekar,17423,-6.294375,106.959881,https://gofood.link/a/Az66wZw,2021-04-08T09:17:00.159Z
73fe9e2e-8438-441f-b3b0-6cff1769fccc,"HokBen, Ruko Tambun City",,4.7,0.0,3,Mahal,1,Aktif,"Cepat saji, Jepang, Jajanan","Ruko Tambun City, Jalan Hasanuddin, Kompas, Tambun, Kabupaten Bekasi, Jawa Barat, Jawa, 17520, Indonesia",Kabupaten Bekasi,Tambun,17520,-6.264525,107.071307,https://gofood.link/a/B41uXP3,2021-05-31T09:55:14.680Z
1f46e9d7-7e92-4ee0-8817-c8bd9865f017,"HokBen, Kitchen Bintara",,4.8,0.0,3,Mahal,1,Aktif,"Jepang, Cepat saji, Ayam & bebek","McDonald's, 17, Jalan Bintara Raya, Kranji, Bintara, Kota Bekasi, Jawa Barat, Jawa, 17134, Indonesia",Kota Bekasi,Bintara,17134,-6.233203,106.965987,https://gofood.link/a/B6jhrSy,2021-06-04T19:03:26.784Z
654aaedf-1b1e-419b-a9f3-6756d4ae1a91,"Nasi Goreng Gila Dua Saudara, Anggrek Raya",,4.5,0.0,2,Menengah,1,Aktif,"Aneka nasi, Cepat saji, Seafood","Jalan Anggrek Raya, Kranji, Kota Bekasi, Jawa Barat, Jawa, 17136, Indonesia",Kota Bekasi,Kranji,17136,-6.237208514823878,106.9783317670226,https://gofood.link/a/BCfPx31,2021-08-02T13:19:31.709Z
23b2b766-5e4b-4f95-ae0b-10c53bfb2630,KEBULI JORDAN BEKASI,,4.8,0.0,3,Mahal,1,Aktif,"Aneka nasi, Cepat saji, Timur Tengah","Jalan Raya Pondok Cipta, Kranji, Bintara, Kota Bekasi, Jawa Barat, Jawa, 17134, Indonesia",Kota Bekasi,Bintara,17134,-6.231340218558214,106.95987515151502,https://gofood.link/a/BM8zDNQ,2021-08-19T09:51:33.324Z
c91d0522-428b-4c39-aa26-2e17f0c088eb,"JCO, Jati Asih Stand Alone",,4.6,0.0,3,Mahal,1,Aktif,Sweets,"Jalan Wibawa Mukti II, Villa Jatirasa, Pamahan, Jatimekar, Kota Bekasi, Jawa Barat, Jawa, 17423, Indonesia",Kota Bekasi,Jatimekar,17423,-6.296554526081978,106.95886276939724,https://gofood.link/a/BU4SwSm,2021-09-01T14:00:24.602Z
c7290d51-aada-4cbb-beda-8506b4a64e60,"JCO, Plaza Metropolitan Tambun",,4.6,0.0,3,Mahal,1,Aktif,Sweets,"KFC, Jalan Hasanuddin, Kompas, Tambun, Kabupaten Bekasi, Jawa Barat, Jawa, 17520, Indonesia",Kabupaten Bekasi,Tambun,17520,-6.265504170999367,107.07285145034564,https://gofood.link/a/BU4zdqq,2021-09-01T13:46:19.882Z
28268e0d-8db3-40aa-92fd-e4ff3c0a82c0,"JCO, Ruko Graha Boulevard Summarecon Bekasi",,4.5,0.0,3,Mahal,1,Aktif,Sweets,"J.CO Donuts & Coffee - Ruko Graha Bulevar Summarecon Bekasi, Jalan Bulevar Ahmad Yani, Summarecon Bekasi, Harapan Mulya, Kota Bekasi, Jawa Barat, Jawa, 17143, Indonesia",Kota Bekasi,Harapan Mulya,17143,-6.226502712327375,106.99579508299212,https://gofood.link/a/BU7Lsr7,2021-09-01T16:16:55.549Z
9e8be745-2e2d-4d3b-98ac-825de0b29679,NASI PADANG AMBUN PAGI TELUK PUCUNG,,4.8,0.0,2,Menengah,1,Aktif,Cepat saji,"Telukpucung, Kota Bekasi, Jawa Barat, Jawa, 17121, Indonesia",Kota Bekasi,,17121,-6.204116625750546,107.02995155006649,https://gofood.link/a/BVvMyxN,2021-09-04T07:57:08.532Z
c64b7b82-9e66-4be4-a8b0-c439f52ff4c3,"HokBen Kitchen, Cifest",,4.7,0.0,3,Mahal,1,Aktif,Jepang,"Jalan Cifest Raya, Ciantra, Kabupaten Bekasi, Jawa Barat, Jawa, 17550, Indonesia",Kabupaten Bekasi,Ciantra,17550,-6.342339,107.118802,https://gofood.link/a/BakDMkw,2021-06-12T10:27:13.395Z
3a6ca341-46a2-4689-9189-7dc83dc6738c,"HokBen Kitchen, Marakash",,4.7,0.0,3,Mahal,1,Aktif,Jepang,"Jalan Kavling Taman Wisala, Grand Pondok Ungu, Kabupaten Bekasi, Jawa Barat, Jawa, 17125, Indonesia",Kabupaten Bekasi,Grand Pondok Ungu,17125,-6.182919,107.012266,https://gofood.link/a/BakR53Y,2021-06-12T10:36:23.963Z
2b73bdbd-eebe-40a0-9362-5988dfd84d43,"Sushi Yay, Taman Galaxy",,4.8,0.0,3,Mahal,1,Aktif,"Jepang, Aneka nasi, Cepat saji, Ayam & bebek","Jalan Ruko Sentra Bisnis 5, Komplek Mayor, Markan, Jakasetia, Kota Bekasi, Jawa Barat, Jawa, 17147, Indonesia",Kota Bekasi,Jakasetia,17147,-6.278141975402832,106.97332000732422,https://gofood.link/a/BkRXYV7,2021-07-02T10:04:46.772Z
0300cec8-385b-43d0-892a-99e1d49f8985,"Burger Bangor Express, Agus Salim",,4.7,0.0,3,Mahal,1,Aktif,"Barat, Cepat saji, Ayam & bebek","Jalan KH. Agus Salim, Bekasi Jaya, Kota Bekasi, Jawa Barat, Jawa, 17112, Indonesia",Kota Bekasi,Bekasi Jaya,17112,-6.23094,107.01023,https://gofood.link/a/BuiWnqU,2021-07-18T11:07:58.914Z
dfac67d6-2bcd-4771-80dc-4afba82c0502,"ABD, Ayam Bang Dava, Ayam Geprek & Popcorn, Harapan Indah",,4.7,0.0,2,Menengah,1,Aktif,"Ayam & bebek, Aneka nasi, Cepat saji","Kota Harapan Indah, Pejuang, Kota Bekasi, Jawa Barat, Jawa, 17181, Indonesia",Kota Bekasi,Pejuang,17181,-6.187382,106.985884,https://gofood.link/a/BzkANxj,2021-07-28T00:20:28.568Z
7868dd90-52fa-4caf-a33b-8e6978435acc,"HokBen, Kitchen Kemang Pratama",,4.8,0.0,3,Mahal,1,Aktif,"Cepat saji, Jepang","Kemang Bakery, Jalan Kemang Pratama, Markan, Bojong Rawalumbu, Kota Bekasi, Jawa Barat, Jawa, 17114, Indonesia",Kota Bekasi,Bojong Rawalumbu,17114,-6.276598,106.988741,https://gofood.link/a/C1Vsobh,2021-09-14T14:27:17.955Z
843b55a0-1d47-4872-a494-aef3acfece88,"Sushi Yay, Grand Wisata",,4.8,0.0,3,Mahal,1,Aktif,"Aneka nasi, Jepang, Cepat saji, Ayam & bebek","Rimendi Photography Studio, BA1/28, Celebration Boulevard, Grand Wisata Residence, Dukuh Bima, Lambangsari, Kabupaten Bekasi, Jawa Barat, Jawa, 17510, Indonesia",Kabupaten Bekasi,Lambangsari,17510,-6.289749,107.044008,https://gofood.link/a/C2WWB4E,2021-09-16T13:12:12.868Z
8a6dc57c-b0cd-4f4a-9eac-1cdba9c9ae3e,"KFC, Djuanda Bekasi",,4.7,0.0,2,Menengah,1,Aktif,"Cepat saji, Ayam & bebek","Rawasemut, Kota Bekasi, Jawa Barat, Jawa, 17113, Indonesia",Kota Bekasi,,17113,-6.249742794069041,107.01502769648336,https://gofood.link/a/C5FAEYC,2021-09-21T17:53:11.365Z
2dd36462-6513-4f09-a2ae-a078fc545591,"Sushi Yay, Summarecon Bekasi",,4.7,0.0,3,Mahal,1,Aktif,"Aneka nasi, Jepang, Cepat saji, Ayam & bebek","Jalan Prima Harapan Regensi, Duta Harapan, Harapan Baru, Kota Bekasi, Jawa Barat, Jawa, 17122, Indonesia",Kota Bekasi,Harapan Baru,17122,-6.219055,107.014423,https://gofood.link/a/C5HPEdY,2021-09-21T19:38:03.090Z
a7a63521-13e6-46d1-a307-6fe9828c20b3,"Garbun Sus, Bekasi Timur",,4.8,0.0,3,Mahal,1,Aktif,"Roti, Jajanan","Jalan Rawa Indah, Perumahan Margahayu Jaya, Rawasemut, Kota Bekasi, Jawa Barat, Jawa, 17113, Indonesia",Kota Bekasi,Rawasemut,17113,-6.2555168,107.0125428,https://gofood.link/a/CDLQbYu,2021-11-23T14:08:59.670Z
ec690656-90df-4838-82f5-f187c3a23fd5,"Minum Yuk Kaka, Perjuangan",,4.8,0.0,4,Premium,1,Aktif,Minuman,"Jalan Perjuangan, Bekasi Jaya, Kota Bekasi, Jawa Barat, Jawa, 17142, Indonesia",Kota Bekasi,Bekasi Jaya,17142,-6.232981028402875,107.00143128633498,https://gofood.link/a/CM82AWY,2021-12-07T13:05:03.215Z
47468e90-0422-4df5-8563-cc289c11f018,"Solaria, Golden City Bekasi",,4.6,0.0,3,Mahal,1,Aktif,"Aneka nasi, Chinese","solaria, Jalan Lingkar Utara, Harapan Baru, Kota Bekasi, Jawa Barat, Jawa, 17121, Indonesia",Kota Bekasi,Harapan Baru,17121,-6.207841,107.021227,https://gofood.link/a/CMEu8p7,2021-12-08T13:48:19.882Z
b23d4d21-e02d-4c81-b2f0-ab6603f032b3,Ayam Penyet Tulang Lunak Abah Anom,,4.7,0.0,2,Menengah,1,Aktif,"Ayam & bebek, Aneka nasi, Seafood","Setiamekar, Kabupaten Bekasi, Jawa Barat, Jawa, 17111, Indonesia",Kabupaten Bekasi,,17111,-6.240971362346426,107.04899355769156,https://gofood.link/a/CMa6ysy,2021-12-07T14:42:34.422Z
bb9668d0-07e9-475d-939d-35e2095aee0a,"Bittersweet By Najla, Cibubur",,4.8,0.0,3,Mahal,1,Aktif,"Sweets, Jajanan","Kota Bekasi, Jawa Barat, Jawa, 17433, Indonesia",Kota Bekasi,,17433,-6.3751991,106.909277,https://gofood.link/a/CU3wFbU,2021-12-20T16:36:40.060Z
807f00e7-36f7-44a8-a581-a19609183c55,"Sushi Yay, Karang Satria Bekasi",,4.7,0.0,3,Mahal,1,Aktif,"Jepang, Cepat saji, Aneka nasi, Ayam & bebek","Jalan Karang Satria Raya, Karangsatria, Kabupaten Bekasi, Jawa Barat, Jawa, 17123, Indonesia",Kabupaten Bekasi,Karangsatria,17123,-6.223684,107.039056,https://gofood.link/a/CVCFF1G,2021-12-23T17:01:58.326Z
3a2dc24d-52b5-4556-a12d-c558b7bce84f,"Sushi Yay, Pondok Gede Bekasi",,4.7,0.0,3,Mahal,1,Aktif,"Jepang, Cepat saji, Aneka nasi, Ayam & bebek","Jalan Raya Jati Makmur, Jatimakmur, Kota Bekasi, Jawa Barat, Jawa, 17414, Indonesia",Kota Bekasi,Jatimakmur,17414,-6.285971,106.919503,https://gofood.link/a/CVCFcas,2021-12-23T17:01:34.898Z
a177a01a-011a-476b-96a2-b4c920924cdb,"Fore Coffee, Jatiwaringin",,4.8,0.0,3,Mahal,1,Aktif,"Kopi, Minuman, Cepat saji","Jalan Jati Waringin, Jatiwaringin, Kota Bekasi, Jawa Barat, Jawa, 17411, Indonesia",Kota Bekasi,Jatiwaringin,17411,-6.275944232114995,106.91291049728886,https://gofood.link/a/CeB68C9,2021-10-08T16:33:56.653Z
041afe7b-9b21-4e90-9670-64a5cf33ede6,"Sushi Yay, Transyogi Cibubur",,4.7,0.0,3,Mahal,1,Aktif,"Jepang, Aneka nasi, Cepat saji, Ayam & bebek","Jalan Wijaya Kusuma, Kota Bekasi, Jawa Barat, Jawa, 17435, Indonesia",Kota Bekasi,,17435,-6.374891,106.915886,https://gofood.link/a/CxtJBUG,2021-11-11T15:13:57.662Z
f7d06c1b-0cf6-43d8-88ba-75f8145a3db3,"Wingstop, Jatiasih",,4.7,0.0,3,Mahal,1,Aktif,"Ayam & bebek, Barat, Cepat saji, Aneka nasi, Jajanan","HokBen, Jalan Raya Jati Asih, Komplek Pemda Jatiasih, Jatimekar, Kota Bekasi, Jawa Barat, Jawa, 17423, Indonesia",Kota Bekasi,Jatimekar,17423,-6.29248,106.959551,https://gofood.link/a/D2PusGC,2022-01-04T11:00:26.930Z
b34a2eab-0520-4571-98c0-f131dd14888d,"Kopi Janji Jiwa & Jiwa Toast, Ruko Karang Satria",,4.7,0.0,2,Menengah,1,Aktif,"Roti, Jajanan, Kopi, Minuman","Jalan Karang Satria, Karangsatria, Kabupaten Bekasi, Jawa Barat, Jawa, 17123, Indonesia",Kabupaten Bekasi,Karangsatria,17123,-6.215398907385792,107.03330244567309,https://gofood.link/a/D3okwMJ,2022-01-05T12:49:12.442Z
f05ebe48-6357-4c09-8e3b-286cdc324772,"Mixue Summarecon, Bekasi",,4.7,0.0,2,Menengah,1,Aktif,"Minuman, Jajanan, Sweets","Summarecon Bekasi, Bekasi Jaya, Kota Bekasi, Jawa Barat, Jawa, 17142, Indonesia",Kota Bekasi,Bekasi Jaya,17142,-6.221459,107.013828,https://gofood.link/a/D4WZn8f,2022-01-08T12:03:39.045Z
e1d6c4d0-a4fb-4f17-9786-e529b5bb7262,"Rm Nasi Padang Kencana Minang, Marga Jaya",,4.7,0.0,2,Menengah,1,Aktif,"Minuman, Aneka nasi, Cepat saji","Minimarket Pintu Air 2 Marga Mulya, Jalan Insinyur Haji Juanda, Kayuringinjaya, Kota Bekasi, Jawa Barat, Jawa, 17141, Indonesia",Kota Bekasi,Kayuringinjaya,17141,-6.237450817688026,106.99938744306566,https://gofood.link/a/DACfLqm,2022-03-07T18:19:41.898Z
c1a5007f-5818-4144-8a65-f03a7014cbcb,"Toko Kopi Tuku, Jatiasih",,4.8,0.0,2,Menengah,1,Aktif,"Minuman, Kopi","Jalan Wibawa Mukti II, Komplek Pemda Jatiasih, Jatimekar, Kota Bekasi, Jawa Barat, Jawa, 17423, Indonesia",Kota Bekasi,Jatimekar,17423,-6.2958094,106.959254,https://gofood.link/a/DEfVeYY,2022-03-14T15:52:54.649Z
44e9e98b-e2ba-4ed4-b977-a268a976cc73,"Sushi Yay, Pondok Ungu",,4.7,0.0,3,Mahal,1,Aktif,"Cepat saji, Jepang, Aneka nasi, Ayam & bebek","Jalan Pondok Ungu Permai, Pondok Ungu Permai, Kabupaten Bekasi, Jawa Barat, Jawa, 17125, Indonesia",Kabupaten Bekasi,Pondok Ungu Permai,17125,-6.182207,107.008179,https://gofood.link/a/DJsMbU1,2022-03-22T15:31:28.051Z
25be6700-07a8-4640-9443-623665b49b36,"Solaria, Grand Kota Bintang Bekasi",,4.7,0.0,3,Mahal,1,Aktif,Cepat saji,"Solaria, Jalan Tol Lingkar Luar Jakarta, Bintarajaya, Kota Bekasi, Jawa Barat, Jawa, 17145, Indonesia",Kota Bekasi,Bintarajaya,17145,-6.247951,106.956757,https://gofood.link/a/DLt2G11,2022-03-26T10:52:53.880Z
9ead1ccb-5aa3-432a-82b6-f05ab721f1d1,"Richeese Factory, Golden City",,4.7,0.0,3,Mahal,1,Aktif,"Cepat saji, Ayam & bebek, Aneka nasi","Harapan Baru, Kota Bekasi, Jawa Barat, Jawa, 17121, Indonesia",Kota Bekasi,,17121,-6.208122,107.02168,https://gofood.link/a/DNA3feb,2022-03-30T11:33:03.235Z
98009e48-ab6c-4e31-8386-4d3588a7b290,"Hokben Kitchen, Jatimakmur Bekasi",,4.8,0.0,3,Mahal,1,Aktif,"Jepang, Aneka nasi","Jalan Raya Jati Makmur, Duta Indah, Jatimakmur, Kota Bekasi, Jawa Barat, Jawa, 17413, Indonesia",Kota Bekasi,Jatimakmur,17413,-6.284825,106.933157,https://gofood.link/a/DSe1dLd,2022-04-06T09:20:29.617Z
6377bb10-996b-45d2-ace2-e077a8c59ed2,"Chatime x Cupbop, Ruko Jati Asih",,4.8,0.0,2,Menengah,1,Aktif,"Minuman, Jajanan","Richeese Factory Jati Asih, Jalan Raya Jati Asih, Komplek Pemda Jatiasih, Kota Bekasi, Jawa Barat, Jawa, 17423, Indonesia",Kota Bekasi,Komplek Pemda Jatiasih,17423,-6.293151,106.959842,https://gofood.link/a/DSrAXas,2022-04-06T19:14:33.206Z
7b1a82c6-996c-48d7-a39b-163e66a75bc8,"Mie Gacoan Bekasi, Juanda",,4.7,0.0,1,Murah,1,Aktif,Bakmie,"DISDUKCAPIL Kota Bekasi, 1, Jalan Insinyur Haji Juanda, Rawasemut, Bekasi Jaya, Kota Bekasi, Jawa Barat, Jawa, 17113, Indonesia",Kota Bekasi,Bekasi Jaya,17113,-6.243210343590947,107.0055276883115,https://gofood.link/a/DVTDjB7,2022-04-13T08:26:53.564Z
77148a8d-99c6-4de3-a582-86d82d429ce1,Mixue Patriot,,4.7,0.0,2,Menengah,1,Aktif,"Minuman, Jajanan, Sweets","Jalan Pemuda Patriot, Kranji, Jakasampurna, Kota Bekasi, Jawa Barat, Jawa, 17136, Indonesia",Kota Bekasi,Jakasampurna,17136,-6.239736858041473,106.97029989212751,https://gofood.link/a/DZ9Ms7u,2022-04-19T13:05:14.515Z
998e0efe-e89f-40c5-a67d-51525c2a9352,"Kopi Janji Jiwa & Jiwa Toast, Golden City",,4.7,0.0,2,Menengah,1,Aktif,"Kopi, Sweets, Minuman, Roti, Jajanan","Harapan Baru, Kota Bekasi, Jawa Barat, Jawa, 17121, Indonesia",Kota Bekasi,,17121,-6.205065,107.02162,https://gofood.link/a/DaGCMnw,2022-01-19T10:15:42.507Z
1282f65b-0186-4b20-b768-428569dba03c,"Mixue, Galaxy Bekasi",,4.7,0.0,2,Menengah,1,Aktif,Minuman,"Jalan Pulo Sirih Utama, Pondok Pekayon Indah, Pekayon, Jakasetia, Kota Bekasi, Jawa Barat, Jawa, 17147, Indonesia",Kota Bekasi,Jakasetia,17147,-6.268124,106.972069,https://gofood.link/a/DaGpH3L,2022-01-19T10:05:04.767Z
5006b236-a504-454e-bebe-4f4bde8574ae,"Mangkokku Rice Bowl, Ruko Topaz Summarecon Bekasi",,4.8,0.0,3,Mahal,1,Aktif,"Aneka nasi, Ayam & bebek, Cepat saji","Summarecon Bekasi, Harapan Mulya, Kota Bekasi, Jawa Barat, Jawa, 17143, Indonesia",Kota Bekasi,Harapan Mulya,17143,-6.2253158,106.9940421,https://gofood.link/a/Dc2rZGQ,2022-01-21T22:37:38.892Z
dcce61bf-dfab-40b6-86ba-fd637225c12d,"Ayam Gepuk Pak Gembus, Pekayon New",,4.7,0.0,2,Menengah,1,Aktif,"Ayam & bebek, Aneka nasi, Cepat saji","Multazam Utama, 17A, Jalan Pekayon Raya, Pekayon, Margajaya, Kota Bekasi, Jawa Barat, Jawa, 17148, Indonesia",Kota Bekasi,Margajaya,17148,-6.263226,106.98682,https://gofood.link/a/DdktWTo,2022-01-24T10:22:47.492Z
1a41d3ad-d1e4-4de6-bfad-4afcb0a2ac1f,"Republic Kebab Premium, Kayuringin Jaya",,4.8,0.0,2,Menengah,1,Aktif,Jajanan,"Jalan Rajawali Raya, Kranji, Kayuringinjaya, Kota Bekasi, Jawa Barat, Jawa, 17136, Indonesia",Kota Bekasi,Kayuringinjaya,17136,-6.238332,106.981696,https://gofood.link/a/DkT2Mwd,2022-02-07T18:14:07.661Z
4a2e899c-be8d-442a-b64a-7f5b15706506,"Kopi Kenangan, Ruko Cikarang Festival",,4.8,0.0,2,Menengah,1,Aktif,"Kopi, Minuman, Jajanan, Sweets","Ciantra, Kabupaten Bekasi, Jawa Barat, Jawa, 17550, Indonesia",Kabupaten Bekasi,,17550,-6.3425245,107.1189348,https://gofood.link/a/DqYF2Tb,2022-02-17T10:34:16.144Z
8acea6ac-ee44-45d0-81fa-f9dff279c5ac,"Mixue, Mutiara Gading Timur",,4.8,0.0,2,Menengah,1,Aktif,Minuman,"Jalan Mutiara Gading Timur, Perum. Mutiara Gading Timur, Mutiara Gading, Mustikajaya, Kota Bekasi, Jawa Barat, Jawa, 17158, Indonesia",Kota Bekasi,Mustikajaya,17158,-6.286843,107.031806,https://gofood.link/a/Dz1Vu83,2022-03-04T16:58:52.895Z
30a386cb-bac5-471e-800a-b0d3f90b7eab,"Mixue, Jatiwaringin",,4.7,0.0,2,Menengah,1,Aktif,Minuman,"Jalan Jati Waringin, Jatiwaringin, Kota Bekasi, Jawa Barat, Jawa, 17411, Indonesia",Kota Bekasi,Jatiwaringin,17411,-6.26771,106.91161,https://gofood.link/a/Dz2g64W,2022-03-04T17:14:49.056Z
f3471593-c78b-4d26-ae61-e6dbe9b068e6,"Sushi Yay, Mustika Jaya",,4.6,0.0,3,Mahal,1,Aktif,"Aneka nasi, Jepang, Cepat saji, Ayam & bebek","Jalan Raya Zamrud Selatan, Dukuh Zamrud, Padurenan, Kota Bekasi, Jawa Barat, Jawa, 16340, Indonesia",Kota Bekasi,Padurenan,16340,-6.320689,107.017131,https://gofood.link/a/E1WNUuU,2022-04-22T22:50:14.416Z
514a8ff9-7d1e-420d-8f00-024f3d12cf3b,"Sushi Yay, Jati Asih",,4.6,0.0,3,Mahal,1,Aktif,"Aneka nasi, Cepat saji, Jepang, Ayam & bebek","Jalan Bunga Sakura Raya, Sakura Regency, Pamahan, Jatiluhur, Kota Bekasi, Jawa Barat, Jawa, 17425, Indonesia",Kota Bekasi,Jatiluhur,17425,-6.308858,106.955477,https://gofood.link/a/E1WNsLQ,2022-04-22T22:49:52.800Z
2843d433-7b70-4f28-a3c8-5eb71a22c629,"Sushi Yay, Bintara",,4.6,0.0,3,Mahal,1,Aktif,"Aneka nasi, Jepang, Ayam & bebek","Jalan Bintara Raya, Kranji, Kota Bekasi, Jawa Barat, Jawa, 17136, Indonesia",Kota Bekasi,Kranji,17136,-6.234083,106.972323,https://gofood.link/a/E1WPSJu,2022-04-22T22:51:01.727Z
6477c13d-a719-409b-b835-449ddc5523be,"Sushi Yay, Mangun Jaya",,4.6,0.0,3,Mahal,1,Aktif,"Aneka nasi, Jepang, Cepat saji, Ayam & bebek","Jalan K. Haji Masud, Kompas, Tambun, Kabupaten Bekasi, Jawa Barat, Jawa, 17520, Indonesia",Kabupaten Bekasi,Tambun,17520,-6.25894,107.072097,https://gofood.link/a/E1WPpjy,2022-04-22T22:50:38.681Z
8d891bde-1430-44d7-9bc7-1765db3c95f3,"HokBen Kitchen, Sumber Artha",,4.8,0.0,3,Mahal,1,Aktif,"Jepang, Cepat saji","Bintarajaya, Kota Bekasi, Jawa Barat, Jawa, 17412, Indonesia",Kota Bekasi,,17412,-6.249227,106.945601,https://gofood.link/a/EAYn5aw,2022-06-26T13:47:25.107Z
39d24e0d-1159-4537-9059-7ec07f82477a,"Toko Kopi Tuku, Harapan Indah",,4.8,0.0,2,Menengah,1,Aktif,"Minuman, Kopi","41, Jalan Taman Cemara, Kota Harapan Indah, Kabupaten Bekasi, Jawa Barat, Jawa, 17214, Indonesia",Kabupaten Bekasi,Kota Harapan Indah,17214,-6.170378,106.975789,https://gofood.link/a/ECECVoq,2022-06-29T19:01:12.321Z
af2c84c3-0280-4a1e-8650-f30a90687ffb,"Mixue, Dukuh Zamrud",,4.8,0.0,2,Menengah,1,Aktif,"Sweets, Minuman, Kopi","Jalan Raya Zamrud Selatan, Dukuh Zamrud, Padurenan, Kota Bekasi, Jawa Barat, Jawa, 17155, Indonesia",Kota Bekasi,Padurenan,17155,-6.3175596,107.0193243,https://gofood.link/a/EJX4SBA,2022-07-11T17:24:50.587Z
6e1191bf-ff5e-42d2-bbe9-1c55962048b3,"Bittersweet By Najla, Harapan Indah",,4.7,0.0,3,Mahal,1,Aktif,"Sweets, Jajanan","Jalan Boulevard Hijau Raya, Kota Harapan Indah, Pejuang, Kota Bekasi, Jawa Barat, Jawa, 17181, Indonesia",Kota Bekasi,Pejuang,17181,-6.18656,106.97947,https://gofood.link/a/ELTKxxs,2022-07-15T09:58:07.559Z
6c48e159-485a-40fe-a127-6263e1eceb84,Mixue Nusantara Raya,,4.7,0.0,2,Menengah,1,Aktif,"Minuman, Sweets","Jalan Nusantara, Bulak Kapal, Aren Jaya, Kota Bekasi, Jawa Barat, Jawa, 17111, Indonesia",Kota Bekasi,Aren Jaya,17111,-6.242774786597833,107.03689008951186,https://gofood.link/a/EaNypgN,2022-05-09T18:34:36.689Z
df5a7582-7d76-476c-855b-8f8aab5a608b,MIXUE ALTERNATIF CIBUBUR,,4.7,0.0,2,Menengah,1,Aktif,"Minuman, Sweets, Jajanan","Jalan Transyogi, Kota Bekasi, Jawa Barat, Jawa, 17435, Indonesia",Kota Bekasi,,17435,-6.380011653740843,106.92318521440028,https://gofood.link/a/EeUPS7d,2022-05-17T13:49:22.449Z
e71e1e3b-3b21-4ee1-8df5-84b150970c3a,"Richeese Factory, Cikarang",,4.7,0.0,3,Mahal,1,Aktif,"Ayam & bebek, Aneka nasi, Cepat saji","Cikarang, Kabupaten Bekasi, Jawa Barat, Jawa, 17383, Indonesia",Kabupaten Bekasi,,17383,-6.262421,107.141236,https://gofood.link/a/EssSs2J,2022-06-10T09:58:10.812Z
81c38e5a-5bd4-40c7-bf1b-3838dc86aa31,"Pizza Hut Delivery - PHD, Pondok Ungu Bekasi",,4.7,0.0,4,Premium,1,Aktif,"Pizza & pasta, Cepat saji, Jajanan, Barat, Ayam & bebek","Jalan Pondok Ungu Permai, Pondok Ungu Permai, Kabupaten Bekasi, Jawa Barat, Jawa, 17125, Indonesia",Kabupaten Bekasi,Pondok Ungu Permai,17125,-6.179987,107.009746,https://gofood.link/a/EstfutS,2022-06-10T10:16:05.991Z
3e957d57-8764-4cbf-9eda-9eac7e129591,"Gamchi, Potato Cheese Bread, Bekasi Selatan",,4.7,0.0,3,Mahal,1,Aktif,Jajanan,"Jalan Ruko Sentra Komersial 5, Komplek Mayor, Pekayon, Jakasetia, Kota Bekasi, Jawa Barat, Jawa, 17147, Indonesia",Kota Bekasi,Jakasetia,17147,-6.274889324302113,106.9746845074978,https://gofood.link/a/Eu4y8Dw,2022-06-13T10:48:25.858Z
5ad03186-d557-4902-8bcc-38b15293c0c0,"Mie Gacoan, Cikarang",,4.7,0.0,1,Murah,1,Aktif,"Bakmie, Cepat saji","Jalan Bekasi Raya, Lippo Cikarang, Sukaresmi, Kabupaten Bekasi, Jawa Barat, Jawa, 17550, Indonesia",Kabupaten Bekasi,Sukaresmi,17550,-6.329692217164652,107.1303879220886,https://gofood.link/a/EzrbSPf,2022-06-23T15:42:35.745Z
bda1c764-2fda-4b09-8699-6697b8141e0a,"Mie Gacoan, Bekasi Jatiwaringin",,4.7,0.0,1,Murah,1,Aktif,"Bakmie, Cepat saji","Jalan Jati Waringin, Jatiwaringin, Kota Bekasi, Jawa Barat, Jawa, 17411, Indonesia",Kota Bekasi,Jatiwaringin,17411,-6.279961931472894,106.91337863637202,https://gofood.link/a/EzrbswY,2022-06-23T15:42:15.319Z
3316531f-6814-45f9-b96f-4712abeacbe4,"Republic Kebab Premium, Jaka Setia",,4.7,0.0,2,Menengah,1,Aktif,"Jajanan, Cepat saji, Timur Tengah","Jalan Pulo Sirih Utama, Pondok Pekayon Indah, Pekayon, Jakasetia, Kota Bekasi, Jawa Barat, Jawa, 17147, Indonesia",Kota Bekasi,Jakasetia,17147,-6.267234,106.972064,https://gofood.link/a/F1yzgD7,2022-08-10T09:01:21.712Z
de2e5201-ad5e-4fa1-96a4-bd9ae26b854b,"Richeese Factory, Lippo Cikarang",,4.7,0.0,3,Mahal,1,Aktif,"Cepat saji, Ayam & bebek, Aneka nasi","Jalan Mohammad Husni Thamrin, Lippo Cikarang, Sukaresmi, Kabupaten Bekasi, Jawa Barat, Jawa, 17550, Indonesia",Kabupaten Bekasi,Sukaresmi,17550,-6.32704,107.12693,https://gofood.link/a/FDXwAD7,2022-10-20T09:32:01.317Z
64bf69b0-50f9-46c9-8dc6-ccfe7926181a,"Mixue, Jatiwarna",,4.8,0.0,2,Menengah,1,Aktif,"Minuman, Sweets","Jalan Raya Kampung Sawah, Villa Legian, Puri Gading, Jatiwarna, Kota Bekasi, Jawa Barat, Jawa, 17415, Indonesia",Kota Bekasi,Jatiwarna,17415,-6.308950248010377,106.93635553121568,https://gofood.link/a/FMTYcqY,2022-11-04T11:22:47.082Z
66a280de-f06f-4544-99b0-f72f057edf07,"KFC, Jatiwarna",,4.8,0.0,3,Mahal,1,Aktif,Cepat saji,"Jalan Melati II, Jatiwarna, Kota Bekasi, Jawa Barat, Jawa, 17415, Indonesia",Kota Bekasi,Jatiwarna,17415,-6.308411,106.924234,https://gofood.link/a/FQuoaRW,2022-11-09T09:35:05.036Z
1212f057-a4d4-4510-9722-4a1359600242,"Mixue SGC, Cikarang Kota",,4.7,0.0,2,Menengah,1,Aktif,"Minuman, Jajanan, Sweets","Naga, Jalan R.E. Martadinata, Cikarang, Kabupaten Bekasi, Jawa Barat, Jawa, 17383, Indonesia",Kabupaten Bekasi,Cikarang,17383,-6.258985328567938,107.1476301178336,https://gofood.link/a/FTeAcej,2022-11-14T14:42:02.238Z
24f935e5-96b1-4fef-a3ab-eaf1f39dd026,"Mixue, Caman Raya",,4.7,0.0,2,Menengah,1,Aktif,"Minuman, Cepat saji, Jajanan","Jalan Caman Raya, Bintarajaya, Kota Bekasi, Jawa Barat, Jawa, 17145, Indonesia",Kota Bekasi,Bintarajaya,17145,-6.251996,106.952653,https://gofood.link/a/FUgufDA,2022-11-16T13:46:19.872Z
67a2f557-1a1f-4007-9cf5-c0f7c9052812,"Richeese Factory, Jatiasih Bekasi",,4.6,0.0,3,Mahal,1,Aktif,"Ayam & bebek, Aneka nasi, Cepat saji","Jalan Raya Jati Asih, Komplek Pemda Jatiasih, Jatimekar, Kota Bekasi, Jawa Barat, Jawa, 17423, Indonesia",Kota Bekasi,Jatimekar,17423,-6.292857,106.959969,https://gofood.link/a/FUhq9FA,2022-11-16T14:30:08.877Z
2ad11442-f3b2-4d95-bc0d-b277d7c76234,"Richeese Factory, Kemang Pratama",,4.7,0.0,3,Mahal,1,Aktif,"Ayam & bebek, Aneka nasi, Cepat saji","Feeder Busway, Jalan Kemang Pratama, Markan, Bojong Rawalumbu, Kota Bekasi, Jawa Barat, Jawa, 17114, Indonesia",Kota Bekasi,Bojong Rawalumbu,17114,-6.2771,106.989778,https://gofood.link/a/FUhxyvW,2022-11-16T14:36:10.344Z
f135a167-0ed6-476b-8328-3d542c978a8a,"Mixue Sentrakota, Bekasi, Sentrakota Jatibening B No 12",,4.8,0.0,2,Menengah,1,Aktif,"Minuman, Sweets, Jajanan","Perum Dosen IKIP, Jatibening, Kota Bekasi, Jawa Barat, Jawa, 17412, Indonesia",Kota Bekasi,Jatibening,17412,-6.266658989632613,106.94186411798,https://gofood.link/a/FbJXxHS,2022-08-29T16:59:11.442Z
7236bb5a-d823-4f99-9963-87bd5bf24ea2,"Fore Coffee, Jatiasih",,4.8,0.0,3,Mahal,1,Aktif,"Kopi, Minuman","Jalan Raya Jati Asih, Komplek Pemda Jatiasih, Kota Bekasi, Jawa Barat, Jawa, 17423, Indonesia",Kota Bekasi,Komplek Pemda Jatiasih,17423,-6.293472349609361,106.96085504380736,https://gofood.link/a/FjDPtod,2022-09-13T17:35:25.564Z
21520ae6-2acd-463e-a06d-faf882b7a17d,"HokBen, Hankam Bekasi",,4.8,0.0,3,Mahal,1,Aktif,"Jepang, Cepat saji","Jalan Hankam Raya, Jatirahayu, Kota Bekasi, Jawa Barat, Jawa, 17414, Indonesia",Kota Bekasi,Jatirahayu,17414,-6.291575,106.917732,https://gofood.link/a/Fm69Pu5,2022-09-16T11:04:46.550Z
39c6d189-2ab7-4f72-9ca4-2080b519dad1,"Ketoprak Telor Sosis Pertigaan Padang, Jatirangga",,4.3,0.0,2,Menengah,1,Aktif,Cepat saji,"Jalan Raya Kranggan Wetan, RT 06, RW 07, Jatirangga, Kota Bekasi, Jawa Barat, Jawa, 17434, Indonesia",Kota Bekasi,Jatirangga,17434,-6.352885817522048,106.9369503110647,https://gofood.link/a/FrrEZWd,2022-09-26T15:06:27.056Z
f21eccd5-d7b0-4344-beeb-a7d885224018,"Mie Gacoan, Bekasi Bintara",,4.7,0.0,1,Murah,1,Aktif,Bakmie,"McDonald's, 17, Jalan Bintara Raya, Kranji, Bintara, Kota Bekasi, Jawa Barat, Jawa, 17134, Indonesia",Kota Bekasi,Bintara,17134,-6.232980905358296,106.96540278684992,https://gofood.link/a/FwJJNA5,2022-10-06T16:25:13.767Z
228df580-cff6-4285-8414-b533ea31dbf4,"Mie Gacoan, Golden City",,4.6,0.0,1,Murah,1,Aktif,Bakmie,"Jalan Lingkar Utara, Harapan Baru, Kota Bekasi, Jawa Barat, Jawa, 17121, Indonesia",Kota Bekasi,Harapan Baru,17121,-6.2086897,107.0224239,https://gofood.link/a/G3Fs9ib,2022-12-02T13:14:49.501Z
01dc63d1-b247-4176-8776-5441f0cb45e4,"Bittersweet By Najla, Sumarecon Bekasi",,4.7,0.0,3,Mahal,1,Aktif,Sweets,"Simetri Coffee Roasters - Marga Mulya, Jalan Raya Rawa Bugel, Summarecon Bekasi, Kota Bekasi, Jawa Barat, Jawa, 17142, Indonesia",Kota Bekasi,Summarecon Bekasi,17142,-6.223601,106.995719,https://gofood.link/a/G8o23rb,2022-12-11T11:26:55.963Z
f0042c79-ca3b-4ef7-a6c0-8b21d1a3eb34,"McDonald's, Mutiara Gading City",,4.7,0.0,0,Tidak diketahui,1,Aktif,"Cepat saji, Ayam & bebek, Sweets, Jajanan","Jalan Prapatan Kampung, Mutiara Gading City, Kabupaten Bekasi, Jawa Barat, Jawa, 17215, Indonesia",Kabupaten Bekasi,Mutiara Gading City,17215,-6.159801,107.009104,https://gofood.link/a/GYZ6aGL,2023-03-15T16:26:46.947Z
5391b940-dc25-4407-a714-bc47e98cee41,"Popeyes Chicken, Jatiwarna",,4.7,0.0,2,Menengah,1,Aktif,"Cepat saji, Ayam & bebek, Aneka nasi","Jalan Hankam Raya, Jatiwarna, Kota Bekasi, Jawa Barat, Jawa, 17415, Indonesia",Kota Bekasi,Jatiwarna,17415,-6.308095,106.924309,https://gofood.link/a/GZkFbKA,2023-03-16T08:37:28.703Z
4013d7ca-522b-4253-bfb0-db0021bf7840,"Solaria, Naga Swalayan Tambun",,4.7,0.0,3,Mahal,1,Aktif,"Aneka nasi, Bakmie, Ayam & bebek, Chinese","Naga Swalayan, Jalan Diponegoro, Toyogiri, Setiadarma, Kabupaten Bekasi, Jawa Barat, Jawa, 17510, Indonesia",Kabupaten Bekasi,Setiadarma,17510,-6.25802,107.05035,https://gofood.link/a/Ga2HYQU,2022-12-14T14:39:39.578Z
bc925317-a079-4cf4-871f-2fee275d2294,"Wingstop, Jatiwaringin",,4.8,0.0,3,Mahal,1,Aktif,"Cepat saji, Barat, Ayam & bebek, Aneka nasi, Jajanan","Jalan Penghulu IV, Jatiwaringin, Kota Bekasi, Jawa Barat, Jawa, 17411, Indonesia",Kota Bekasi,Jatiwaringin,17411,-6.282551683059652,106.91393779960356,https://gofood.link/a/GkrokYC,2023-01-03T09:03:32.716Z
075610cb-3bb9-4999-8f6a-f55a698f11bc,"Richeese Factory, Metropolitan Tambun",,4.7,0.0,3,Mahal,1,Aktif,"Ayam & bebek, Cepat saji, Aneka nasi","Jalan Berlian Timuf, Kompas, Tambun, Kabupaten Bekasi, Jawa Barat, Jawa, 17520, Indonesia",Kabupaten Bekasi,Tambun,17520,-6.265684,107.07307,https://gofood.link/a/Gx4QAp7,2023-01-25T11:05:22.672Z
0c5ebafb-90d0-485b-9019-7ee5f9ff9963,"Mie Gacoan, Bekasi Mustika",,4.7,0.0,1,Murah,1,Aktif,Bakmie,"Jalan Setu - Bantar Gebang, Dukuh Zamrud, Cimuning, Kota Bekasi, Jawa Barat, Jawa, 17155, Indonesia",Kota Bekasi,Cimuning,17155,-6.320548559337517,107.0192325216708,https://gofood.link/a/H6ePhKJ,2023-03-27T13:30:04.438Z
b5d1ae2e-b88d-4620-be14-f46c805d6266,"Fore Coffee, Taman Galaxy",,4.8,0.0,0,Tidak diketahui,1,Aktif,"Kopi, Minuman, Sweets","Jalan Taman Galaksi Raya, Jakasampurna, Kota Bekasi, Jawa Barat, Jawa, 17145, Indonesia",Kota Bekasi,Jakasampurna,17145,-6.25402642759878,106.96879558553424,https://gofood.link/a/HZjQQy5,2023-07-04T11:37:43.566Z
d3fd0156-e465-4b5d-8613-9cf555622d1d,"SeIndonesia (Sei Sapi Dan Ayam), Lakuliner Galaxy",,4.6,0.0,0,Tidak diketahui,1,Aktif,"Aneka nasi, Ayam & bebek, Cepat saji","B. 451, Jalan Matahari Raya, Jakamulya, Kota Bekasi, Jawa Barat, Jawa, 17145, Indonesia",Kota Bekasi,Jakamulya,17145,-6.256955405453218,106.96666946225308,https://gofood.link/a/HmXzZX3,2023-04-26T10:01:57.279Z
ff9ed984-2bfa-46f0-8386-cb40dcb11a0f,"Solaria, Naga Swalayan Pekayon",,4.7,0.0,0,Tidak diketahui,1,Aktif,"Aneka nasi, Ayam & bebek, Chinese, Bakso & soto","Mall Pekayon, Jalan Pekayon Raya, Pekayon, Margajaya, Kota Bekasi, Jawa Barat, Jawa, 17148, Indonesia",Kota Bekasi,Margajaya,17148,-6.2644400000000005,106.98684,https://gofood.link/a/HzddUBo,2023-05-19T16:29:55.574Z
a35a71db-0dfa-4551-9c19-36044f2a81cd,"Solaria, Jatiwaringin Stand Alone",,4.8,0.0,0,Tidak diketahui,1,Aktif,"Aneka nasi, Ayam & bebek, Chinese","Jalan Jati Waringin, Jatiwaringin, Kota Bekasi, Jawa Barat, Jawa, 17411, Indonesia",Kota Bekasi,Jatiwaringin,17411,-6.27236,106.912101,https://gofood.link/a/J3ZyiJG,2023-07-11T10:47:40.609Z
a41a9ea1-bcb0-403e-9f2d-3542aa059d86,"Mie Gacoan, Jatiasih",,4.7,0.0,0,Tidak diketahui,1,Aktif,Bakmie,"Jalan Wibawa Mukti II, Villa Jatirasa, Pamahan, Jatimekar, Kota Bekasi, Jawa Barat, Jawa, 17423, Indonesia",Kota Bekasi,Jatimekar,17423,-6.307788927161354,106.95513006485574,https://gofood.link/a/J4vFn11,2023-07-12T10:27:58.525Z
2e3e8bde-0349-4c72-8680-6d44180f42d7,"Mie Gacoan, Cibubur",,4.7,0.0,1,Murah,1,Aktif,"Bakmie, Jajanan","Jalan Transyogi, Kota Bekasi, Jawa Barat, Jawa, 17435, Indonesia",Kota Bekasi,,17435,-6.381937968422017,106.92840559988936,https://gofood.link/a/JW62xc7,2023-10-16T11:41:23.351Z
e335d18c-bd86-48c6-aada-7d7a266d7873,"Jatinangor House, Jatibening",,4.6,0.0,0,Tidak diketahui,1,Aktif,Ayam & bebek,"Suluki Cempaka, Jakamulya, Kota Bekasi, Jawa Barat, Jawa, 17145, Indonesia",Kota Bekasi,Jakamulya,17145,-6.25919,106.95697,https://gofood.link/a/JgE7vQd,2023-08-04T12:03:28.694Z
27b539ca-aac1-4cbb-9ec4-4ba3e1ffb6a5,"Monsieur Spoon, Summarecon Mal Bekasi",,0.0,0.0,0,Tidak diketahui,1,Aktif,"Roti, Kopi, Sweets","Jalan Bulevar Ahmad Yani, Summarecon Bekasi, Kota Bekasi, Jawa Barat, Jawa, 17142, Indonesia",Kota Bekasi,Summarecon Bekasi,17142,-6.2254692,106.9990633,https://gofood.link/a/JiGC1Ho,2023-08-08T09:11:24.160Z
197026e7-61fb-401e-a233-6dba1a52f190,"Dadar Beredar, Bekasi",,4.7,0.0,0,Tidak diketahui,1,Aktif,Aneka nasi,"Jalan Insinyur Haji Juanda, Kayuringinjaya, Kota Bekasi, Jawa Barat, Jawa, 17141, Indonesia",Kota Bekasi,Kayuringinjaya,17141,-6.236361,106.998314,https://gofood.link/a/K4obuW5,2023-10-30T08:13:59.879Z
e9f29864-c4ee-4453-8bc5-7d847d3b8cd9,"Moon Chicken (Ayam Goreng Korea), Taman Galaxy",,4.8,0.0,3,Mahal,1,Aktif,"Ayam & bebek, Cepat saji, Jajanan, Korea, Aneka nasi","Chimica Laboratory Cafe, 232, Jalan Pulo Sirih Utama, Pondok Pekayon Indah, Pekayon, Jakasetia, Kota Bekasi, Jawa Barat, Jawa, 17147, Indonesia",Kota Bekasi,Jakasetia,17147,-6.264254,106.972368,https://gofood.link/a/xA3Hfa7,2020-05-14T18:00:44.360Z
a95fd2de-3199-4a49-b423-55f325af963d,"Nasi Padang RM Minang Jaya (Tugu, Setiadarma 1)",,4.8,0.0,1,Murah,1,Aktif,"Aneka nasi, Ayam & bebek, Jajanan","Lapangan Kobra, Setiadarma, Kabupaten Bekasi, Jawa Barat, Jawa, 17510, Indonesia",Kabupaten Bekasi,Setiadarma,17510,-6.2661577,107.0538547,https://gofood.link/a/xNBt1DW,2020-06-07T14:43:01.569Z
1bee84ec-bcdc-4dda-8f45-ff2b84dfa76c,"Ayam Goreng Sultan, Margahayu",,4.6,0.0,2,Menengah,1,Aktif,"Ayam & bebek, Aneka nasi","Jalan Insinyur Haji Juanda, Rawasemut, Kota Bekasi, Jawa Barat, Jawa, 17113, Indonesia",Kota Bekasi,Rawasemut,17113,-6.249308,107.014948,https://gofood.link/a/xWvcqUC,2020-06-22T14:26:00.319Z
4022a45c-dc17-42f5-b373-b1f69ba12e31,"RM. Restu Bundo Kapin, Marna Putra Atas",,4.7,0.0,2,Menengah,1,Aktif,"Aneka nasi, Ayam & bebek, Cepat saji","Jalan Jati Utama Raya, Jatibening, Kota Bekasi, Jawa Barat, Jawa, 17412, Indonesia",Kota Bekasi,Jatibening,17412,-6.260159786261957,106.93098111323413,https://gofood.link/a/y1RYKhQ,2020-06-30T21:05:09.990Z
3a595948-602d-4f1d-a689-73c91e60e6c5,"AYAM GEPREK GOLD CHICK, TAMBUN",,4.7,0.0,2,Menengah,1,Aktif,"Ayam & bebek, Aneka nasi, Cepat saji","Jalan Mangunjaya, Kompas, Setiadarma, Kabupaten Bekasi, Jawa Barat, Jawa, 17510, Indonesia",Kabupaten Bekasi,Setiadarma,17510,-6.251954,107.058948,https://gofood.link/a/yBGbLVW,2020-09-05T00:42:06.959Z
288ed5ea-afc9-4588-af82-0c0e7f05aab8,"Kopi Dari Hati&Toast, Mutiara Gading 2",,4.9,0.0,2,Menengah,1,Aktif,"Kopi, Roti, Minuman","Karangsatria, Kabupaten Bekasi, Jawa Barat, Jawa, 17123, Indonesia",Kabupaten Bekasi,,17123,-6.216747350817123,107.03492738306522,https://gofood.link/a/yEDKTHE,2020-09-10T15:32:02.815Z
3b7b0772-f028-4bfc-b27a-ce63ef8fa85f,"Ayam Gepuk Pak Gembus, Galaxy",,4.6,0.0,2,Menengah,1,Aktif,"Aneka nasi, Ayam & bebek","Jalan Ruko Sentra Niaga 6, Komplek Mayor, Pekayon, Jakasetia, Kota Bekasi, Jawa Barat, Jawa, 17147, Indonesia",Kota Bekasi,Jakasetia,17147,-6.274417,106.973889,https://gofood.link/a/yEGNYkW,2020-09-10T17:56:00.405Z
c74d27ab-e8f4-43f3-a5be-865e27a73f57,"Janji Jiwa, Grand Galaxy City Bekasi",,4.7,0.0,2,Menengah,1,Aktif,"Kopi, Roti, Minuman, Jajanan","Jalan Boulevard Raya Barat, Pondok Pekayon Indah, Pekayon, Jakasetia, Kota Bekasi, Jawa Barat, Jawa, 17147, Indonesia",Kota Bekasi,Jakasetia,17147,-6.272722,106.9725,https://gofood.link/a/yHpxuTA,2020-09-15T21:06:18.117Z
00772657-5b6d-4b18-8ad1-4f6cb5e5ba8e,"Bakmie Seafood 99, Bekasi Timur",,4.8,0.0,3,Mahal,1,Aktif,Seafood,"63, Jalan P. Natuna 1, Aren Jaya, Kota Bekasi, Jawa Barat, Jawa, 17111, Indonesia",Kota Bekasi,Aren Jaya,17111,-6.239494,107.035179,https://gofood.link/a/yM8UTjL,2018-03-28T07:08:50.042Z
0077a32d-f6ac-4e3f-b90e-198881555066,"Ayam Gepuk Pak Gembus, Jembatan 2 Rawalumbu",,4.4,0.0,2,Menengah,1,Aktif,Ayam & bebek,"Jalan Lumbu Barat Raya, Jembatan Nol, Rawalumbu, Sepanjangjaya, Kota Bekasi, Jawa Barat, Jawa, 17175, Indonesia",Kota Bekasi,Sepanjangjaya,17175,-6.274199,107.00033,https://gofood.link/a/yM8UTuY,2017-04-13T07:58:27.719Z
007dd5c7-1986-46c6-ab71-2fe81d9e01e3,"Lontong Medan Selat Malaka Melayu Deli, Mustika Jaya",,4.6,0.0,2,Menengah,1,Aktif,"Aneka nasi, Bakso & soto, Cepat saji","Jalan Dukuh Zamrud, Dukuh Zamrud Blok L, Familia Urban, Mustikasari, Kota Bekasi, Jawa Barat, Jawa, 17156, Indonesia",Kota Bekasi,Mustikasari,17156,-6.309454,107.022192,https://gofood.link/a/yM8UUXN,2018-10-09T07:32:12.105Z
014d8201-7f99-4940-a2a2-2cfe61278bad,Ganesh Cafe,,4.9,0.0,2,Menengah,1,Aktif,"Aneka nasi, Minuman","Gang Sriwijaya, Jatibening, Kota Bekasi, Jawa Barat, Jawa, 17412, Indonesia",Kota Bekasi,Jatibening,17412,-6.262269,106.946209,https://gofood.link/a/yM8VHF7,2016-06-20T10:20:09.463Z
01623e97-7552-4cdb-bc77-5ab2b290a8df,"Masakan Padang Surya Rasa, Bekasi Selatan",,4.8,0.0,1,Murah,1,Aktif,Aneka nasi,"Jalan Pekayon Raya, Pondok Pekayon Indah, Pekayon, Jakasetia, Kota Bekasi, Jawa Barat, Jawa, 17114, Indonesia",Kota Bekasi,Jakasetia,17114,-6.266345,106.9843,https://gofood.link/a/yM8VNPA,2020-02-06T13:55:01.592Z
016845fd-2dd9-43d0-9c5d-7a576fe0e83f,"Bakso Lapangan Tembak Senayan, Mal Metropolitan - Kyati Group",,4.8,0.0,3,Mahal,1,Aktif,Bakso & soto,"Rawa Panjang, Kayuringinjaya, Kota Bekasi, Jawa Barat, Jawa, 17141, Indonesia",Kota Bekasi,Kayuringinjaya,17141,-6.2481311,106.99016,https://gofood.link/a/yM8VQdY,2016-06-20T10:19:49.474Z
00fb7fae-fbe1-4b63-ad17-dc7094c64f9c,"Domino's Pizza, Kemang Pratama",,4.7,0.0,3,Mahal,1,Aktif,"Pizza & pasta, Cepat saji, Jajanan","Indomaret, Jalan Kemang Pratama, Markan, Bojong Rawalumbu, Kota Bekasi, Jawa Barat, Jawa, 17114, Indonesia",Kota Bekasi,Bojong Rawalumbu,17114,-6.275144,106.986951,https://gofood.link/a/yM8Vogf,2016-06-20T10:19:47.336Z
01080fec-2df9-4309-a74f-5ca0219cd032,"Nao Kao Thai Tea, Courts Harapan indah",,4.9,0.0,1,Murah,1,Aktif,Minuman,"Courts Megastore Bekasi, Jalan Harapan Indah Bulevar, Kota Harapan Indah, Medansatria, Kota Bekasi, Jawa Barat, Jawa, 17132, Indonesia",Kota Bekasi,Medansatria,17132,-6.185623791827311,106.97471514344215,https://gofood.link/a/yM8Vrmq,2018-03-01T08:48:26.472Z
0118e125-b645-4798-b18d-2f3b8ceb98d9,"DIMSUM CHIA-YOO, Krakatau Raya",,4.1,0.0,2,Menengah,1,Aktif,"Jajanan, Cepat saji, Chinese","Jalan Gang Krakatau Raya, Harapan Mulya, Kota Bekasi, Jawa Barat, Jawa, 17124, Indonesia",Kota Bekasi,Harapan Mulya,17124,-6.216346718671723,106.99042987078428,https://gofood.link/a/yM8VvuG,2017-09-06T07:48:07.941Z
01c745a4-763e-4e59-a55a-d17008c2d394,"The Harvest Cakes, Bekasi",,4.4,0.0,4,Premium,1,Aktif,"Roti, Kopi, Sweets","Indomaret, Jalan Bulevar Selatan, Summarecon Bekasi, Kota Bekasi, Jawa Barat, Jawa, 17142, Indonesia",Kota Bekasi,Summarecon Bekasi,17142,-6.227496,107.003923,https://gofood.link/a/yM8WcYL,2016-09-23T06:47:16.049Z
01c60b7d-b233-4644-99ad-59e319ab6843,"Resto Tanah Deli, Hankam",,4.8,0.0,2,Menengah,1,Aktif,Aneka nasi,"Jalan Kranggan, Jatiraden, Jatisampurna, Kota Bekasi, Jawa Barat, Jawa, 17433, Indonesia",Kota Bekasi,Jatisampurna,17433,-6.326437,106.924221,https://gofood.link/a/yM8Wcyh,2017-08-25T10:52:53.805Z
0210b438-6887-4334-a67a-0916e2401de4,"Martabak Orient, Jatiwaringin","Juara Partner GO-FOOD 2019: Kategori Martabak, Kategori Makan Malam & Kategori Paling Aktif Jabodetabek",4.6,0.0,3,Mahal,1,Aktif,"Martabak, Minuman, Sweets, Jajanan, Roti","Jalan Jati Waringin, Jatiwaringin, Kota Bekasi, Jawa Barat, Jawa, 17411, Indonesia",Kota Bekasi,Jatiwaringin,17411,-6.276194,106.913066,https://gofood.link/a/yM8WvMf,2018-09-06T04:36:06.115Z
02f4ed23-a497-4a34-a4c3-e4e56929cacb,"McDonald's, Karang Satria",,4.7,0.0,3,Mahal,1,Aktif,"Cepat saji, Sweets, Jajanan","Karangsatria, Kabupaten Bekasi, Jawa Barat, Jawa, 17123, Indonesia",Kabupaten Bekasi,,17123,-6.214181,107.035325,https://gofood.link/a/yM8XrBj,2017-07-05T05:05:05.902Z
02fcd4c4-927a-4066-b366-18a5a3ef618e,"Bakmi Siantar, Grand Galaxy City",,4.7,0.0,3,Mahal,1,Aktif,Bakmie,"Pondok Pekayon Indah, Pekayon, Jakasetia, Kota Bekasi, Jawa Barat, Jawa, 17147, Indonesia",Kota Bekasi,Jakasetia,17147,-6.270056,106.973073,https://gofood.link/a/yM8XtvN,2017-06-14T06:32:02.080Z
0449a6dc-6e23-40cc-846b-aa35025e7658,"RajaCau23, Tambun Utara",,0.0,0.0,1,Murah,1,Aktif,Jajanan,"Satriamekar, Kabupaten Bekasi, Jawa Barat, Jawa, 17567, Indonesia",Kabupaten Bekasi,,17567,-6.206791,107.06356,https://gofood.link/a/yM8YLQY,2019-11-06T13:18:59.280Z
03b60ed4-691c-4ed3-adc1-6378cabbc569,"Super Sambal, Galaxy",,4.8,0.0,2,Menengah,1,Aktif,"Ayam & bebek, Seafood, Aneka nasi","Jalan Pulo Sirih Utama, Pondok Pekayon Indah, Pekayon, Jakasetia, Kota Bekasi, Jawa Barat, Jawa, 17147, Indonesia",Kota Bekasi,Jakasetia,17147,-6.261402,106.972297,https://gofood.link/a/yM8Ycr3,2017-04-25T04:04:00.649Z
03e01413-07e2-4533-99f5-cf1edcad112c,"Mokka Coffee Cabana, Mall Metropolitan Bekasi",,4.6,0.0,3,Mahal,1,Aktif,Jajanan,"Metropolitan Mall, Jalan K. H. Noer Ali, Rawa Panjang, Kayuringinjaya, Kota Bekasi, Jawa Barat, Jawa, 17148, Indonesia",Kota Bekasi,Kayuringinjaya,17148,-6.248457,106.991115,https://gofood.link/a/yM8Yndd,2016-09-23T09:10:01.241Z
03eda3b6-9126-4e7f-9f9c-15ac468cdcd6,"KFC, Alamanda Karang Satria",,4.7,0.0,3,Mahal,1,Aktif,Cepat saji,"Jalan Karang Satria Raya, Karangsatria, Kabupaten Bekasi, Jawa Barat, Jawa, 17123, Indonesia",Kabupaten Bekasi,Karangsatria,17123,-6.2240679,107.0414081,https://gofood.link/a/yM8YqbC,2019-01-11T03:12:56.482Z
0535935f-9a18-465a-bd71-e27f61cd2c95,"Ayam Goreng Ibu Haji, Jatinegara",,4.7,0.0,1,Murah,1,Aktif,Ayam & bebek,"Jalan Bekasi Barat I, RW 03, Rawa Bunga, Jatinegara, Jakarta Timur, Daerah Khusus Ibukota Jakarta, Jawa, 13350, Indonesia",Bekasi (tidak spesifik),,13350,-6.2164581,106.8702633,https://gofood.link/a/yM8ZFR3,2016-06-20T10:19:34.344Z
056ff1e3-d961-4bc7-9910-972bd825ab4e,"Ayam Bersih Berkah, Kranggan",Juara Partner GO-FOOD 2019: Kategori Kawan Setia di Tanggal Tua & Kategori Paling Aktif Jabodetabek,4.7,0.0,2,Menengah,1,Aktif,Ayam & bebek,"Jatiranggon, Kota Bekasi, Jawa Barat, Jawa, 17432, Indonesia",Kota Bekasi,,17432,-6.339573336374983,106.92298532920566,https://gofood.link/a/yM8ZVu1,2018-07-10T07:35:09.342Z
04f10fdb-86de-4003-9002-3e9d8185bb13,"RM. Sate Madura AL-MAD, Pondok Gede",,4.7,0.0,3,Mahal,1,Aktif,"Aneka nasi, Sate, Ayam & bebek","Jalan Angkatan Laut, Jatimakmur, Kota Bekasi, Jawa Barat, Jawa, 17413, Indonesia",Kota Bekasi,Jatimakmur,17413,-6.276621,106.929082,https://gofood.link/a/yM8ZoWy,2018-11-05T10:39:42.060Z
05c235bf-47c7-48de-86d7-945417ff47b5,"Solaria, Lagoon Avenue Bekasi",,4.8,0.0,3,Mahal,1,Aktif,"Bakmie, Aneka nasi, Ayam & bebek, Jajanan, Bakso & soto","Lagoon Avenue, Jalan Cikas Tengah 4, Bumi Satria Kencana, Pekayon, Jakasampurna, Kota Bekasi, Jawa Barat, Jawa, 17148, Indonesia",Kota Bekasi,Jakasampurna,17148,-6.251661,106.978967,https://gofood.link/a/yM91fo1,2018-08-08T08:33:20.361Z
05cd0fe7-d822-4fea-a67c-9764c71d64de,"Ayam Presto Ny. Nita, Bekasi",,4.8,0.0,3,Mahal,1,Aktif,Ayam & bebek,"Jalan Boulevard Hijau Raya, Kota Harapan Indah, Pejuang, Kota Bekasi, Jawa Barat, Jawa, 17181, Indonesia",Kota Bekasi,Pejuang,17181,-6.1863333,106.9808333,https://gofood.link/a/yM91hXJ,2016-06-20T10:21:35.101Z
061613dc-daf7-436b-93f6-173e4a66b7cf,"BUBUR AYAM DAN KETOPRAK BAROKAH, JaTIMAKMUR",,4.4,0.0,1,Murah,1,Aktif,"Aneka nasi, Cepat saji","Jatimakmur, Kota Bekasi, Jawa Barat, Jawa, 17411, Indonesia",Kota Bekasi,,17411,-6.280433969501358,106.91918168216944,https://gofood.link/a/yM91yK7,2018-02-05T07:38:22.220Z
78c3bbfe-b494-4c29-a548-cf8f1d0d5bac,"Bob's Salad, Perum Kemang Pratama","BOB’S SALAD menyajikan menu dessert berupa salad buah & salad sayur sebagai makanan kesehatan  dengan mayonnaise variant rasa antara lain : mayonnaise original, mayonnaise dengan paduan krim  keju, mayonnaise yoghurt, mayonnaise rasa leci, mayonnaise guava jambu, mayonnaise grape dan  thousand island. Dimana penyajiannya dapat di mix sesuai selera konsumen. Mayonaise yang kami  gunakan bukan product jadi yang ada di pasaran melainkan hasil racikan sendiri ( home made ). Inilah  yang menjadi ciri khas keistimewaan rasa salad kami.",4.7,0.0,2,Menengah,1,Aktif,Sweets,"Jalan Niaga Raya, Pekayon, Jakasetia, Kota Bekasi, Jawa Barat, Jawa, 17114, Indonesia",Kota Bekasi,Jakasetia,17114,-6.270434289481876,106.98626339435576,https://gofood.link/a/yM931Pf,2016-07-25T10:12:57.342Z
78cfed20-d856-491a-92f3-44ec4a17b78b,"Gingerland Kitchen, Jati Bening Baru",,4.6,0.0,3,Mahal,1,Aktif,"Sweets, Jajanan, Minuman","Jatibening, Kota Bekasi, Jawa Barat, Jawa, 17412, Indonesia",Kota Bekasi,,17412,-6.25535059008503,106.92908003926276,https://gofood.link/a/yM934Cm,2018-11-22T10:30:56.305Z
798b39cf-13af-4f6e-94c5-4320e2c39f67,"Truly Thai Tea, Pondok Gede",,4.7,0.0,1,Murah,1,Aktif,Minuman,"Jalan Klamono, Jatiwaringin, Kota Bekasi, Jawa Barat, Jawa, 17411, Indonesia",Kota Bekasi,Jatiwaringin,17411,-6.269461,106.924401,https://gofood.link/a/yM93MMS,2017-12-20T07:53:11.121Z
78ea4bfd-5e59-4c3c-99ea-a493eac40e74,Kedai Sop BTR,,4.3,0.0,2,Menengah,1,Aktif,"Bakso & soto, Ayam & bebek","Bekasi Timur Regency, Padurenan, Kota Bekasi, Jawa Barat, Jawa, 17155, Indonesia",Kota Bekasi,Padurenan,17155,-6.328338,107.01594,https://gofood.link/a/yM93aXN,2017-11-13T03:55:51.708Z
7946d59b-fd6d-47ba-be35-03b07655619b,"RM Bude Zenkhori, Kantor Desa Lambang Sari",,4.8,0.0,2,Menengah,1,Aktif,"Ayam & bebek, Aneka nasi","Jalan Mustikajaya, Dukuh Bima, Lambangsari, Kabupaten Bekasi, Jawa Barat, Jawa, 17158, Indonesia",Kabupaten Bekasi,Lambangsari,17158,-6.280934,107.03841,https://gofood.link/a/yM93xhy,2018-01-19T07:41:04.236Z
7a776efa-54e2-4e34-bfb7-0f640435327d,"Gado Gado Nabila, Bekasi Timur",,4.5,0.0,2,Menengah,1,Aktif,"Aneka nasi, Jajanan, Cepat saji","Duren Jaya, Kota Bekasi, Jawa Barat, Jawa, 17111, Indonesia",Kota Bekasi,,17111,-6.2375239,107.0279149,https://gofood.link/a/yM94JmQ,2019-11-05T14:47:36.930Z
7aba860d-43a6-4703-89fe-6acf6bf78d45,"Bandeng Rorod Kuliner Khas Bekasi, Bekasi Timur",,3.9,0.0,2,Menengah,1,Aktif,,"Mie Ayam Bangka, Jalan Bumi Sani Permai, Setiamekar, Kabupaten Bekasi, Jawa Barat, Jawa, 17111, Indonesia",Kabupaten Bekasi,Setiamekar,17111,-6.242743,107.038349,https://gofood.link/a/yM94YG1,2018-01-18T02:39:57.306Z
7a2ec4ad-b6d0-49a6-8b90-dd017e21ea6d,"Combro Idola, Pondok Gede",,4.1,0.0,2,Menengah,1,Aktif,"Jajanan, Sweets, Cepat saji","Jalan Raya Jatibening, Perum Dosen IKIP, Jatibening, Kota Bekasi, Jawa Barat, Jawa, 17412, Indonesia",Kota Bekasi,Jatibening,17412,-6.264926,106.944542,https://gofood.link/a/yM94roy,2019-11-06T16:26:03.150Z
7b8627ad-6a1c-487b-b818-12cc541cf3b8,"Segara Biru Frozen Food, Tambun Selatan",,3.3,0.0,1,Murah,1,Aktif,Minuman,"Mangunjaya, Kabupaten Bekasi, Jawa Barat, Jawa, 17567, Indonesia",Kabupaten Bekasi,,17567,-6.2233714,107.069374,https://gofood.link/a/yM95Lkj,2018-09-26T08:19:33.481Z
7aeff8b1-03ad-40f1-92ed-19d599eb1dd8,"Rumah Ucok Durian Medan, Bening Permai",,4.4,0.0,4,Premium,1,Aktif,"Jajanan, Sweets, Cepat saji","Jalan Mawar, Jatibening, Kota Bekasi, Jawa Barat, Jawa, 17412, Indonesia",Kota Bekasi,Jatibening,17412,-6.2606935,106.9500835,https://gofood.link/a/yM95bu1,2017-02-05T16:42:32.942Z
7b0dcb07-7007-4b8f-9f2f-4b59c9857444,"Ayam Gepuk Pak Gembus, Kemangsari",,4.6,0.0,2,Menengah,1,Aktif,Ayam & bebek,"Jalan Kemang Sari Raya, Perum Dosen IKIP, Jatikramat, Kota Bekasi, Jawa Barat, Jawa, 17413, Indonesia",Kota Bekasi,Jatikramat,17413,-6.2780868,106.9334262,https://gofood.link/a/yM95iT3,2018-06-07T03:08:13.373Z
7b4f25ef-5657-4987-89f5-e42214007617,"One More Glass Coffee, Medan Satria",,4.4,0.0,3,Mahal,1,Aktif,Kopi,"Kota Harapan Indah, Kabupaten Bekasi, Jawa Barat, Jawa, 17214, Indonesia",Kabupaten Bekasi,,17214,-6.174759,106.9757491,https://gofood.link/a/yM95ys9,2017-11-28T08:23:44.066Z
7cb474b4-2805-46d4-9202-9bab14473085,"Imperial Kitchen & Dimsum, Mega Bekasi",,4.8,0.0,3,Mahal,1,Aktif,"Chinese, Aneka nasi, Ayam & bebek","Mega Bekasi Hypermall, Jalan Ahmad Yani, Rawa Panjang, Margajaya, Kota Bekasi, Jawa Barat, Jawa, 17141, Indonesia",Kota Bekasi,Margajaya,17141,-6.2494886,106.9928301,https://gofood.link/a/yM96XQu,2016-06-20T10:19:49.070Z
7c056c3c-0d16-4643-ac79-2efb4662d750,"BPK La Lolo (Masakan Karo), RRGB Villa Galaxi","“BPK LA LOLO  adalah Restoran yang menyajikan masakan khas Batak Karo berupa Babi Panggang, Sop, Kidu-kidu (Sosis Karo), Lomok-lomok (Saksang), dan Ikan Mas Arsik, yang diolah dengan perpaduan bumbu dan rempah tradisional untuk mendapatkan rasa yang lezat, khas tanah karo. LA LOLO juga menerima pesanan jumlah besar.”",4.7,0.0,3,Mahal,1,Aktif,Aneka nasi,"Pondok Pekayon Indah, Pekayon, Jakasetia, Kota Bekasi, Jawa Barat, Jawa, 17147, Indonesia",Kota Bekasi,Jakasetia,17147,-6.268222,106.974389,https://gofood.link/a/yM96gj5,2017-03-20T10:54:12.497Z
7d848a97-12a4-4633-a5d1-7dbbdc317923,Warung Sate Haji Giyo Original Pedati,,4.5,0.0,3,Mahal,1,Aktif,Sate,"Jalan Tol Bekasi–Cawang–Kampung Melayu, RW 06, Cipinang Besar Selatan, Jatinegara, Jakarta Timur, Daerah Khusus Ibukota Jakarta, Jawa, 13410, Indonesia",Bekasi (tidak spesifik),,13410,-6.226333,106.8755,https://gofood.link/a/yM97N9L,2016-06-20T10:20:34.925Z
7ce496d0-a67e-4e8b-a66e-9ddced8c2c4c,"Dcika Cakes & Bakery, Stasiun Bekasi",Menggunakan bahan berkualitas dan tanpa bahan pengawet serta memiliki seritifikasi LPPOM dan MUI	,4.4,0.0,3,Mahal,1,Aktif,"Roti, Sweets, Jajanan","Minimarket Pintu Air 2 Marga Mulya, Jalan Insinyur Haji Juanda, Kayuringinjaya, Kota Bekasi, Jawa Barat, Jawa, 17141, Indonesia",Kota Bekasi,Kayuringinjaya,17141,-6.237543,106.999566,https://gofood.link/a/yM97a7C,2017-05-18T10:05:52.924Z
7de3cdb4-9047-4f35-8956-44f58db4684e,"YamMie Hotplate, Summarecon Mall Bekasi",,4.8,0.0,3,Mahal,1,Aktif,Bakmie,"Summarecon Mall Bekasi, Jalan Bulevar Ahmad Yani, Summarecon Bekasi, Kota Bekasi, Jawa Barat, Jawa, 17142, Indonesia",Kota Bekasi,Summarecon Bekasi,17142,-6.2269071,107.000714,https://gofood.link/a/yM98cU9,2016-06-20T10:24:13.349Z
7e08f7e1-5bfb-493f-8574-0b5b236522eb,"Warkop 1899, Beraberlik Tl. Pucung",,4.7,0.0,1,Murah,1,Aktif,"Jajanan, Minuman, Aneka nasi","Jalan Perjuangan, Telukpucung, Kota Bekasi, Jawa Barat, Jawa, 17123, Indonesia",Kota Bekasi,Telukpucung,17123,-6.214167,107.030472,https://gofood.link/a/yM98kwQ,2018-12-18T08:48:32.460Z
7f4b1bc6-63ea-4cc8-b8cd-75c78ce0ec4c,"Kopi Kila, Jatiwarna",,4.8,0.0,2,Menengah,1,Aktif,Kopi,"Gang Mawar, Jatiwarna, Kota Bekasi, Jawa Barat, Jawa, 17415, Indonesia",Kota Bekasi,Jatiwarna,17415,-6.306414,106.923513,https://gofood.link/a/yM99CqC,2018-01-19T03:29:46.936Z
7f705ce4-bc6d-4f06-83ba-c0658623402e,"Domino's Pizza, Karang Satria",,4.6,0.0,3,Mahal,1,Aktif,"Pizza & pasta, Cepat saji, Jajanan","Jalan Karang Satria, Karangsatria, Kabupaten Bekasi, Jawa Barat, Jawa, 17123, Indonesia",Kabupaten Bekasi,Karangsatria,17123,-6.215465,107.033303,https://gofood.link/a/yM99LzN,2017-03-10T06:53:55.641Z
7f06c614-41f2-48bf-a228-ef5280fb6a85,"Nasi Tim & Hainam Bu Mega, Galaxi Raya",,4.7,0.0,3,Mahal,1,Aktif,Aneka nasi,"Jalan Taman Galaksi Raya, Jakamulya, Kota Bekasi, Jawa Barat, Jawa, 17145, Indonesia",Kota Bekasi,Jakamulya,17145,-6.255242357410413,106.96881913463584,https://gofood.link/a/yM99nCL,2017-09-15T07:55:32.151Z
8d6dbb5b-233f-4e9b-9f6f-92fb30f62990,"Ayam Bakar HPG, Perumahan Pondok Ungu Permai",,4.7,0.0,2,Menengah,1,Aktif,Ayam & bebek,"Blok LL1-JJ1, Pondok Ungu Permai, Kaliabang Tengah, Kota Bekasi, Jawa Barat, Jawa, 17125, Indonesia",Kota Bekasi,Kaliabang Tengah,17125,-6.180287578431424,107.00293868780136,https://gofood.link/a/yM9A2kJ,2017-11-20T04:58:11.606Z
8e26c4cc-aed7-4046-8d8d-d0a03164b472,"Warung Tempo 90an, Bekasi",,3.9,0.0,2,Menengah,1,Aktif,Kopi,"Jalan Bintara Raya, Kranji, Bintara, Kota Bekasi, Jawa Barat, Jawa, 17134, Indonesia",Kota Bekasi,Bintara,17134,-6.228751,106.953644,https://gofood.link/a/yM9AH5m,2018-11-06T10:43:25.938Z
8e2866e9-8247-4c53-91e5-c26c18efa94c,"Ayam Bakar Mbok Marikem, Mustika Jaya",,4.8,0.0,3,Mahal,1,Aktif,Ayam & bebek,"Jalan Telkom, Familia Urban, Padurenan, Kota Bekasi, Jawa Barat, Jawa, 17152, Indonesia",Kota Bekasi,Padurenan,17152,-6.319437,107.005663,https://gofood.link/a/yM9AHtN,2018-01-10T07:51:44.526Z
8e489f48-b5f8-41c1-b33c-cddbce60aaaa,"Sate Madura Cak Bakrie, Rawalumbu",,4.8,0.0,2,Menengah,1,Aktif,"Sate, Aneka nasi, Minuman","Jalan Siliwangi, Rawalumbu, Bojong Rawalumbu, Kota Bekasi, Jawa Barat, Jawa, 17114, Indonesia",Kota Bekasi,Bojong Rawalumbu,17114,-6.274602,106.992208,https://gofood.link/a/yM9AQdu,2018-12-03T04:26:47.751Z
8dce9615-9971-4f02-9983-b7ff8521bc56,"Mie Ayam Bakso 79, Jatiasih","Pengalaman bertahun tahun membuat kami mampu meracik dan membuat formula yang pas untuk para penggemar Bakmie. Dengan bahan baku yang aman, higenis dan berkualitas menjadikan kami memiliki ciri dalam rasa. Porsi yang pas, sambal yang mantaps, racikan ayam yang joss akan membuat anda kembali dan kembali.",4.5,0.0,2,Menengah,1,Aktif,Bakmie,"Komplek Bumi Dirgantara, Jatisari, Kota Bekasi, Jawa Barat, Jawa, 17426, Indonesia",Kota Bekasi,Jatisari,17426,-6.347837,106.947544,https://gofood.link/a/yM9AorW,2017-03-01T08:04:58.409Z
8e9dafe9-f7b8-4927-98b5-006c42bc8aff,Kampoeng Macan,,4.8,0.0,2,Menengah,1,Aktif,Ayam & bebek,"Cluster Bali 2, Jatisari, Kota Bekasi, Jawa Barat, Jawa, 17426, Indonesia",Kota Bekasi,Jatisari,17426,-6.340951502421416,106.95016756653786,https://gofood.link/a/yM9Bb95,2016-06-20T10:18:57.806Z
8efbb465-a07c-4f48-a0dc-3090eb97193b,"Gokana Ramen & Teppan, Mega Bekasi Hypermall lt. UG",Periode 17 juni s/d 02 juli akan dikenakan biaya surcharge 10% dari total transaksi sebelum biaya delivery,4.6,0.0,3,Mahal,1,Aktif,"Jepang, Aneka nasi, Bakmie","Mega Bekasi Hypermall, Jalan Ahmad Yani, Rawa Panjang, Margajaya, Kota Bekasi, Jawa Barat, Jawa, 17141, Indonesia",Kota Bekasi,Margajaya,17141,-6.249576649730601,106.99370440810526,https://gofood.link/a/yM9Bxk3,2017-03-22T10:54:20.186Z
90336f12-47f2-4f08-9c0f-28557ea235f9,"Lapo Uly Humbang, Harapan Baru Regency",,4.4,0.0,3,Mahal,1,Aktif,,"RW 03, Harapan Baru Regency, Cakung, Jakarta Timur, Kota Bekasi, Jawa Barat, Jawa, 17134, Indonesia",Kota Bekasi,Jakarta Timur,17134,-6.219132,106.955251,https://gofood.link/a/yM9JWdm,2018-04-02T08:58:46.136Z
8f91eb6d-f3ba-4aa7-8c45-49bed28a5bcd,"Mochi Mochio, Summarecon Mall Bekasi",,4.4,0.0,3,Mahal,1,Aktif,Jajanan,"Summarecon Mall Bekasi, Jalan Bulevar Ahmad Yani, Summarecon Bekasi, Kota Bekasi, Jawa Barat, Jawa, 17142, Indonesia",Kota Bekasi,Summarecon Bekasi,17142,-6.22628874,107.0010907,https://gofood.link/a/yM9JiLy,2017-01-04T11:02:26.240Z
8f9cc49f-b1ae-4e1c-9f34-3b9c72b25464,"Ayam Penyet Kembar, Bekasi Utara",Hari Libur Nasional Tutup,4.6,0.0,1,Murah,1,Aktif,"Ayam & bebek, Aneka nasi, Minuman","Karangsatria, Kabupaten Bekasi, Jawa Barat, Jawa, 17150, Indonesia",Kabupaten Bekasi,,17150,-6.211476,107.039513,https://gofood.link/a/yM9JmCh,2017-06-14T02:09:42.741Z
8fb779f4-1a7a-40b4-933e-06466489c1bc,"Cilok Rumpi, Green Park Cotton Wood 5",,4.4,0.0,1,Murah,1,Aktif,"Jajanan, Sweets","Green Park Residence, Jatiwarna, Kota Bekasi, Jawa Barat, Jawa, 17415, Indonesia",Kota Bekasi,Jatiwarna,17415,-6.31556,106.931695,https://gofood.link/a/yM9Jssd,2016-11-12T05:43:44.317Z
921dda56-7734-426f-a312-d1e48f93b612,"Martabak Alim, Agus Salim",,4.6,0.0,3,Mahal,1,Aktif,Martabak,"Bekasi Jaya, Kota Bekasi, Jawa Barat, Jawa, 17112, Indonesia",Kota Bekasi,,17112,-6.2342675,107.0080607,https://gofood.link/a/yM9LRLU,2018-03-17T10:16:57.372Z
917e0780-572c-42b5-9c17-f3b543d1f1ce,"Ayam Geprek Kemayu, Pasar Kecapi",,4.8,0.0,2,Menengah,1,Aktif,Ayam & bebek,"Gang Bersama, Jatiwarna, Kota Bekasi, Jawa Barat, Jawa, 17415, Indonesia",Kota Bekasi,Jatiwarna,17415,-6.301535,106.932785,https://gofood.link/a/yM9Ldm5,2017-09-19T07:07:16.374Z
91d7145c-a6ae-49aa-882b-1df4a3b289d7,"Mie Keriting Kelinci Dalam, Boulevard Hijau",,4.6,0.0,2,Menengah,1,Aktif,"Aneka nasi, Ayam & bebek, Bakmie","Jalan Boulevard Hijau Raya, Kota Harapan Indah, Pejuang, Kota Bekasi, Jawa Barat, Jawa, 17181, Indonesia",Kota Bekasi,Pejuang,17181,-6.1863333,106.9815,https://gofood.link/a/yM9LzJy,2016-06-20T10:20:33.315Z
92ea9216-f6ee-4504-b9ed-c6e45fc25269,"GO-CRAB, Galaxy",BEST WAY TO EAT SEAFOOD AT YOUR TABLE,4.9,0.0,3,Mahal,1,Aktif,Seafood,"Jalan Pulo Sirih Utama, Pondok Pekayon Indah, Pekayon, Jakasetia, Kota Bekasi, Jawa Barat, Jawa, 17147, Indonesia",Kota Bekasi,Jakasetia,17147,-6.267557,106.972082,https://gofood.link/a/yM9ME1u,2016-08-12T04:20:14.223Z
92c46d39-67c5-47cf-9629-19d33b48029d,"Bakmie 77 Seafood & Bakso Pitu, Antara, Pondok Gede",,4.8,0.0,2,Menengah,1,Aktif,"Bakso & soto, Bakmie, Seafood","Jalan Antara, Jatimakmur, Kota Bekasi, Jawa Barat, Jawa, 17413, Indonesia",Kota Bekasi,Jatimakmur,17413,-6.277929,106.929354,https://gofood.link/a/yM9MvJ1,2018-08-16T04:19:28.968Z
943347b7-c1c1-4b03-b73a-a64fb33566b6,"ROA Manadonese Food, Grand Icon",,4.8,0.0,3,Mahal,1,Aktif,"Seafood, Aneka nasi, Ayam & bebek","Jalan Caman Raya, Bintarajaya, Kota Bekasi, Jawa Barat, Jawa, 17145, Indonesia",Kota Bekasi,Bintarajaya,17145,-6.25217,106.952473,https://gofood.link/a/yM9NXUq,2018-03-29T10:15:27.465Z
943835a6-3266-4757-9c6d-791064ba25ac,"Oke Juice, Jatimakmur",,3.9,0.0,1,Murah,1,Aktif,Minuman,"Jalan Raya Jati Makmur, Jatimakmur, Kota Bekasi, Jawa Barat, Jawa, 17414, Indonesia",Kota Bekasi,Jatimakmur,17414,-6.286556,106.920194,https://gofood.link/a/yM9NZ5y,2018-11-26T03:59:10.052Z
9386c841-822d-4cfb-b5d1-d4458b16658f,"D'COST, Pondok Gede",,4.7,0.0,3,Mahal,1,Aktif,"Seafood, Aneka nasi","Plaza Pondok Gede 2, Jalan Masjid Nurul Ihsan, Jatiwaringin, Kota Bekasi, Jawa Barat, Jawa, 17411, Indonesia",Kota Bekasi,Jatiwaringin,17411,-6.283493,106.911632,https://gofood.link/a/yM9NhqL,2016-06-20T10:19:38.329Z
948b626f-d6c7-4aa0-89e8-fb472fecb889,"Steak 21, Harapan Indah",,4.6,0.0,4,Premium,1,Aktif,Barat,"Jalan Harapan Indah Bulevar, Kota Harapan Indah, Medansatria, Kota Bekasi, Jawa Barat, Jawa, 17132, Indonesia",Kota Bekasi,Medansatria,17132,-6.1883333,106.9746667,https://gofood.link/a/yM9PjDW,2016-06-20T10:19:39.121Z
94895273-5a30-438e-8b6c-48dea1cb34ea,"Resto Nusantara, Jatiwaringin",,4.8,0.0,3,Mahal,1,Aktif,"Seafood, Aneka nasi, Ayam & bebek","Fortuna Hotel, 58, Jalan Jati Waringin, Jaticempaka, Kota Bekasi, Jawa Barat, Jawa, 17416, Indonesia",Kota Bekasi,Jaticempaka,17416,-6.260525,106.910627,https://gofood.link/a/yM9PjgS,2017-11-06T06:13:36.985Z
94c1ca44-5322-42b4-8c0e-5f546bbbe1c0,"Javaland Coffee, Pondok Gede",,4.4,0.0,1,Murah,1,Aktif,"Jajanan, Kopi, Roti","Jalan Dokter Ratna, Jati Kramat Indah 2, Jatikramat, Kota Bekasi, Jawa Barat, Jawa, 17421, Indonesia",Kota Bekasi,Jatikramat,17421,-6.264134,106.950299,https://gofood.link/a/yM9Pxsu,2017-10-09T07:47:55.735Z
94c3b398-5497-4e78-af44-ba019260814b,"Pepper Lunch, Grand Metropolitan Mall", ,4.9,0.0,3,Mahal,1,Aktif,"Barat, Jepang, Aneka nasi, Ayam & bebek","Grand Metropolitan, Jalan Tol Jakarta–Cikampek, Bumi Satria Kencana, Rawa Panjang, Margajaya, Kota Bekasi, Jawa Barat, Jawa, 17142, Indonesia",Kota Bekasi,Margajaya,17142,-6.2496425,106.9841601,https://gofood.link/a/yM9Py1h,2016-06-20T10:19:42.371Z
95cb886d-be80-4261-a8a4-9f68f756c901,"Ayam Geprek Fajar, Perumahan Bumi Sentosa Asri",,4.1,0.0,2,Menengah,1,Aktif,"Cepat saji, Aneka nasi, Ayam & bebek","Jalenjaya, Kabupaten Bekasi, Jawa Barat, Jawa, 17567, Indonesia",Kabupaten Bekasi,,17567,-6.215302,107.069865,https://gofood.link/a/yM9QA3d,2018-05-03T05:18:03.892Z
95f556d2-a6f7-45ef-988e-af53afc89b93,"Butri Cake and Bakery, Jatirahayu",,4.3,0.0,3,Mahal,1,Aktif,"Sweets, Roti, Jajanan","Jalan Raya Pasar Kecapi, Jatirahayu, Kota Bekasi, Jawa Barat, Jawa, 17414, Indonesia",Kota Bekasi,Jatirahayu,17414,-6.298246,106.926082,https://gofood.link/a/yM9QJZS,2018-06-05T03:09:54.126Z
95662d74-6ecb-49a4-89a0-b2f209dad245,"Nasi Kebuli Karibulen, Cibitung",,4.5,0.0,2,Menengah,1,Aktif,Aneka nasi,"Jalan Frambosia 7, Trias, Tridayasakti, Kabupaten Bekasi, Jawa Barat, Jawa, 17520, Indonesia",Kabupaten Bekasi,Tridayasakti,17520,-6.250245,107.083347,https://gofood.link/a/yM9QbK3,2018-05-05T07:08:46.359Z
957c8461-4d2d-4739-ad0b-70aa88933807,"Kedai Mpok Mona, Bebelan",,4.6,0.0,2,Menengah,1,Aktif,"Jajanan, Ayam & bebek, Minuman","Kabupaten Bekasi, Jawa Barat, Jawa, 17610, Indonesia",Kabupaten Bekasi,,17610,-6.187669,107.0369662,https://gofood.link/a/yM9QhfY,2019-11-13T13:56:07.207Z
96ed81c4-0b80-4640-8fb1-2827e2a9452d,"Ayam Geprek Inna, Ruko Kemang Ifi Graha",,4.6,0.0,2,Menengah,1,Aktif,Ayam & bebek,"Jalan Gamelan Raya, Komplek Kemang IFI Graha, Jatirasa, Kota Bekasi, Jawa Barat, Jawa, 17423, Indonesia",Kota Bekasi,Jatirasa,17423,-6.296479,106.97101,https://gofood.link/a/yM9RHbu,2017-12-20T04:56:00.035Z
966f5fcd-cd80-4a35-bdea-039b1e437cab,"Nasi Uduk Kebon Kacang Bang Hepi, Harapan Indah",,4.6,0.0,2,Menengah,1,Aktif,Aneka nasi,"Holland Bakery Harapan Indah, 16, Jalan Boulevard Hijau Raya, Kota Harapan Indah, Pejuang, Kota Bekasi, Jawa Barat, Jawa, 17132, Indonesia",Kota Bekasi,Pejuang,17132,-6.1860414,106.9792782,https://gofood.link/a/yM9RdxW,2016-06-20T10:18:54.703Z
97ff939c-5e58-46dc-b05e-2fcbf83a73ac,"Laksa Nyonya Nyonya, Pasar sinpansa",,3.5,0.0,2,Menengah,1,Aktif,"Aneka nasi, Cepat saji, Bakso & soto","Indomaret, Jalan Bulevar Selatan, Summarecon Bekasi, Kota Bekasi, Jawa Barat, Jawa, 17142, Indonesia",Kota Bekasi,Summarecon Bekasi,17142,-6.2291341,107.0003879,https://gofood.link/a/yM9SM75,2018-06-28T06:38:10.695Z
9818d476-460a-4e1c-bde1-82e96b261f8a,"McDonald's, Juanda Bekasi Timur",,4.7,0.0,3,Mahal,1,Aktif,"Cepat saji, Sweets, Jajanan","Jalan Ir. H. Juanda, Rawasemut, Duren Jaya, Kota Bekasi, Jawa Barat, Jawa, 10350, Indonesia",Kota Bekasi,Duren Jaya,10350,-6.247837,107.018504,https://gofood.link/a/yM9SSzN,2019-09-17T12:24:34.392Z
981fdf5a-81ba-48f2-bbc1-2f2ee3713d6d,"YOSHINOYA BEEF BOWL, Grand Metropolitan Mall",,4.8,0.0,3,Mahal,1,Aktif,"Jepang, Cepat saji, Ayam & bebek, Aneka nasi","Grand Metropolitan, Jalan Tol Jakarta–Cikampek, Bumi Satria Kencana, Rawa Panjang, Margajaya, Kota Bekasi, Jawa Barat, Jawa, 17142, Indonesia",Kota Bekasi,Margajaya,17142,-6.249275,106.984487,https://gofood.link/a/yM9SUto,2016-06-20T10:20:27.647Z
976b3452-1361-44b7-8f1a-c144e43cca54,"Kantin Aulia 1, Bekasi Selatan",,4.9,0.0,2,Menengah,1,Aktif,"Sweets, Ayam & bebek, Aneka nasi, Cepat saji","Markan, Jakasetia, Kota Bekasi, Jawa Barat, Jawa, 17147, Indonesia",Kota Bekasi,Jakasetia,17147,-6.2750920546668905,106.97972752153872,https://gofood.link/a/yM9Sd4b,2018-05-04T10:26:17.313Z
98eee974-d66d-41f9-81cb-e30a60be33ae,"SATE SOLO SOPO NYONO, GMM",,4.3,0.0,2,Menengah,1,Aktif,"Aneka nasi, Sate, Bakso & soto","Cijengkol, Kabupaten Bekasi, Jawa Barat, Jawa, 17320, Indonesia",Kabupaten Bekasi,,17320,-6.3242363,107.0467388,https://gofood.link/a/yM9TGN5,2018-03-04T02:47:40.051Z
98cc4cf4-82b0-47ac-af92-31dfa39d3319,"Mie Cabe Gerus 3 Ibu Hj. Elly, Bekasi",,4.6,0.0,2,Menengah,1,Aktif,"Bakmie, Bakso & soto","Jalan Sedap Malam, Jakasampurna, Kota Bekasi, Jawa Barat, Jawa, 17145, Indonesia",Kota Bekasi,Jakasampurna,17145,-6.255617,106.970289,https://gofood.link/a/yM9TyDb,2018-01-12T06:22:25.707Z
99999360-d8bb-42c7-b286-66dc9c50732c,"Bakso Mukidi, Bintara",,4.4,0.0,2,Menengah,1,Aktif,"Bakmie, Bakso & soto","Jalan Bintara Raya, Kranji, Kota Bekasi, Jawa Barat, Jawa, 17136, Indonesia",Kota Bekasi,Kranji,17136,-6.234349,106.970858,https://gofood.link/a/yM9UnZN,2018-03-12T04:42:43.233Z
9a90ccc2-eb06-4e51-ab3f-e28c50b762f7,"Gajah Thai Tea, Tambun",,4.2,0.0,1,Murah,1,Aktif,"Minuman, Sweets, Thailand","Jalan Komplek Graha Permai, Mangunjaya, Kabupaten Bekasi, Jawa Barat, Jawa, 17567, Indonesia",Kabupaten Bekasi,Mangunjaya,17567,-6.2248409,107.0604308,https://gofood.link/a/yM9VjVw,2018-05-17T06:10:56.406Z
9ab746e0-cf2c-4a49-bc8d-e0776eb40b9f,"Nasi Uduk Pecel Ayam Bakar Ibu Ida, Jatikramat",,4.8,0.0,2,Menengah,1,Aktif,"Aneka nasi, Ayam & bebek, Bakso & soto","Jalan Jatikramat, Perum Dosen IKIP, Jatikramat, Kota Bekasi, Jawa Barat, Jawa, 17421, Indonesia",Kota Bekasi,Jatikramat,17421,-6.274524166806626,106.94254640489817,https://gofood.link/a/yM9VtZA,2018-01-31T05:00:29.945Z
9bdf1dc2-38ce-4cfa-bf7f-16c366053d11,"Martabak Legit Group, Rawalumbu",,4.5,0.0,3,Mahal,1,Aktif,Martabak,"Seblak Koceak, 46, Jalan Pengasinan Raya, Bundaran Narogong, Pondok Hijau, Sepanjangjaya, Kota Bekasi, Jawa Barat, Jawa, 17115, Indonesia",Kota Bekasi,Sepanjangjaya,17115,-6.269876,107.006431,https://gofood.link/a/yM9WBQC,2018-02-20T10:02:31.679Z
9c090e1e-e5b8-4b85-8ae5-ed5d97e94962,"Martabak Pizza Orins, Bekasi","Juara Partner GO-FOOD 2019: Kategori Partner Terbaik Jabodetabek & Kategori Martabak Jabodetabek
",4.7,0.0,3,Mahal,1,Aktif,"Martabak, Jajanan","RS Bhakti Kartini, 11, Jalan RA. Kartini, Rawasemut, Bekasi Jaya, Kota Bekasi, Jawa Barat, Jawa, 17113, Indonesia",Kota Bekasi,Bekasi Jaya,17113,-6.24763,107.00166,https://gofood.link/a/yM9WMqd,2016-09-13T06:26:11.157Z
9c0dbe3b-059e-4f2d-8144-0e8db4599c74,"McDonald's, Grand Wisata Bekasi",,4.8,0.0,3,Mahal,1,Aktif,"Cepat saji, Sweets, Jajanan","McDonnald's, Sunset Avenue, Grand Wisata Residence, Dukuh Bima, Lambangsari, Kabupaten Bekasi, Jawa Barat, Jawa, 17510, Indonesia",Kabupaten Bekasi,Lambangsari,17510,-6.275164,107.045181,https://gofood.link/a/yM9WNis,2017-07-05T04:49:47.108Z
9bc23998-59d7-464c-a92f-54e5002ebb36,"Dafishato Ramen 1, Metland Tambun",,4.5,0.0,2,Menengah,1,Aktif,Jepang,"Kompas, Tambun, Kabupaten Bekasi, Jawa Barat, Jawa, 17510, Indonesia",Kabupaten Bekasi,Tambun,17510,-6.268233,107.067109,https://gofood.link/a/yM9Wvk7,2018-01-23T04:16:52.661Z
9c642ce4-0974-4099-a0cd-79a7c184c974,"Mie Ayam Bangka Dhea & Baso, Taman Wisma Asri",,4.7,0.0,2,Menengah,1,Aktif,Bakmie,"Jalan Taman Wisma Asri Raya, Harapan Baru, Kota Bekasi, Jawa Barat, Jawa, 17121, Indonesia",Kota Bekasi,Harapan Baru,17121,-6.214591,107.025589,https://gofood.link/a/yM9X8Bw,2018-11-12T06:22:24.028Z
9cdd8168-5333-4ead-a2d2-78a110134ea6,"Pepper Lunch, Summarecon Mall Bekasi", ,5.0,0.0,3,Mahal,1,Aktif,"Barat, Jepang, Aneka nasi, Ayam & bebek","Summarecon Mall Bekasi, Jalan Bulevar Ahmad Yani, Summarecon Bekasi, Kota Bekasi, Jawa Barat, Jawa, 17142, Indonesia",Kota Bekasi,Summarecon Bekasi,17142,-6.226270107054192,107.00108528137208,https://gofood.link/a/yM9XB1G,2017-05-22T08:17:52.965Z
9d1b7d09-a0d9-4f53-8991-21baacb4ecf2,"Burger King, Kota Harapan Indah",,4.7,0.0,3,Mahal,1,Aktif,"Cepat saji, Aneka nasi, Jajanan, Ayam & bebek","Jalan Harapan Indah Bulevar, Kota Harapan Indah, Medansatria, Kota Bekasi, Jawa Barat, Jawa, 17132, Indonesia",Kota Bekasi,Medansatria,17132,-6.188783132221835,106.97439984160307,https://gofood.link/a/yM9XQZW,2017-12-13T07:52:52.721Z
9e32f836-83cf-4121-ae77-7db4a0018275,"Pizza Hut Delivery - PHD,  Ruko Jati Makmur Residence Pondok Gede",,4.7,0.0,4,Premium,1,Aktif,"Pizza & pasta, Cepat saji, Jajanan, Barat, Ayam & bebek","Pizza Hut Delivery, Jalan Raya Jati Makmur, Duta Indah, Jatimakmur, Kota Bekasi, Jawa Barat, Jawa, 17413, Indonesia",Kota Bekasi,Jatimakmur,17413,-6.2855,106.9356667,https://gofood.link/a/yM9YVoy,2016-06-20T10:19:49.732Z
9d771fe4-ce26-43e9-9019-001aab318e8b,"RM Kato Saumpun, Margahayu Jaya",,4.8,0.0,2,Menengah,1,Aktif,"Aneka nasi, Cepat saji","Jalan Perumahan Margahayu, Perumahan Margahayu Jaya, Rawasemut, Kota Bekasi, Jawa Barat, Jawa, 17113, Indonesia",Kota Bekasi,Rawasemut,17113,-6.248714,107.021679,https://gofood.link/a/yM9YchQ,2018-03-23T04:16:48.493Z
9da56573-a7ec-453b-8102-14a2ddb37b56,"Pempek Palembang Dawan, Street Babelan City",,4.6,0.0,3,Mahal,1,Aktif,"Jajanan, Minuman, Cepat saji","Babelan Kota, Kabupaten Bekasi, Jawa Barat, Jawa, 17611, Indonesia",Kabupaten Bekasi,,17611,-6.170354991730292,107.03540179878472,https://gofood.link/a/yM9YnEL,2019-12-31T09:49:34.295Z
9da24dc9-3ceb-443f-add0-01626a064906,"Koba BBQ, Summarecon Mall Bekasi",,4.5,0.0,3,Mahal,1,Aktif,,"Summarecon Mall Bekasi, Jalan Bulevar Ahmad Yani, Summarecon Bekasi, Kota Bekasi, Jawa Barat, Jawa, 17142, Indonesia",Kota Bekasi,Summarecon Bekasi,17142,-6.2261891,107.0008724,https://gofood.link/a/yM9YnbL,2017-11-28T10:11:23.968Z
9dcf4505-6378-456d-8cfa-8942fc0b7d20,"Pisang Nugget Kece dan NYOPEE - Kopi Kekinian, Bekasi",,4.6,0.0,2,Menengah,1,Aktif,"Jajanan, Sweets, Kopi","Jalan Wibawa Mukti, Jati Kramat Indah 1, Jatimekar, Kota Bekasi, Jawa Barat, Jawa, 17422, Indonesia",Kota Bekasi,Jatimekar,17422,-6.287222844614181,106.94583009928466,https://gofood.link/a/yM9YxkE,2018-06-26T07:44:55.945Z
9f43e2ea-4e40-4066-99d1-f46e0b06449c,"Sop Janda ( Jawa Sunda ), Pekayon",,4.5,0.0,3,Mahal,1,Aktif,"Bakso & soto, Sate, Ayam & bebek","Jalan Pekayon Raya, Pekayon, Margajaya, Kota Bekasi, Jawa Barat, Jawa, 17148, Indonesia",Kota Bekasi,Margajaya,17148,-6.257295,106.988095,https://gofood.link/a/yM9ZYiJ,2016-12-09T03:41:05.822Z
8043d85a-cf71-4b39-8ba6-72e45ea8ecb4,"Warung Seblak Azzahra, Rawalumbu",,4.7,0.0,2,Menengah,1,Aktif,"Cepat saji, Jajanan, Seafood","Markan, Bojong Rawalumbu, Kota Bekasi, Jawa Barat, Jawa, 17117, Indonesia",Kota Bekasi,Bojong Rawalumbu,17117,-6.29554,106.987091,https://gofood.link/a/yM9aBCG,2018-03-12T07:40:57.077Z
80673c68-3dc7-4913-b90f-ed1a86cd9988,"Warung Sate Solo Pak No Caman, Pondok Gede",,4.7,0.0,3,Mahal,1,Aktif,"Sate, Jajanan, Minuman","Jalan Caman Raya, Bintarajaya, Kota Bekasi, Jawa Barat, Jawa, 17145, Indonesia",Kota Bekasi,Bintarajaya,17145,-6.255208946087555,106.95134069770572,https://gofood.link/a/yM9aLdu,2018-05-08T02:22:05.802Z
807247f6-6f04-475f-80c0-02dd7f044eb9,"Soto Ceker & Ranjau Pak Gendut, Harapan Indah",,4.8,0.0,2,Menengah,1,Aktif,Bakso & soto,"Jalan Boulevard Hijau Raya, Kota Harapan Indah, Pejuang, Kota Bekasi, Jawa Barat, Jawa, 17181, Indonesia",Kota Bekasi,Pejuang,17181,-6.186263,106.977854,https://gofood.link/a/yM9aNo5,2017-02-14T09:09:30.390Z
80c07db9-45b0-4516-9073-b8576da2a479,"Pizza Hut Delivery - PHD, Pengasinan Bekasi",,4.6,0.0,4,Premium,1,Aktif,"Pizza & pasta, Cepat saji, Jajanan, Barat, Ayam & bebek","Jalan Jatimulya, Graha Mutiara, Pondok Hijau, Kabupaten Bekasi, Jawa Barat, Jawa, 17115, Indonesia",Kabupaten Bekasi,Pondok Hijau,17115,-6.269317,107.016782,https://gofood.link/a/yM9b7fd,2017-05-30T05:37:42.370Z
812289ba-3807-45ec-8b1e-0b21bcbedb84,Rumah Makan Sate Kambing H. Nawi Klender,,4.7,0.0,3,Mahal,1,Aktif,Sate,"Jalan Bekasi Timur, RW 02, Jatinegara, Cakung, Jakarta Timur, Daerah Khusus Ibukota Jakarta, Jawa, 13470, Indonesia",Bekasi (tidak spesifik),,13470,-6.208046913146973,106.902099609375,https://gofood.link/a/yM9buk3,2017-07-20T08:30:15.521Z
82391d77-15d2-4fcd-8731-1910af3379dd,"Baskin Robbins, Sentra Summarecon Mall Bekasi",,4.8,0.0,4,Premium,1,Aktif,Sweets,"Jalan Bulevar Ahmad Yani, Summarecon Bekasi, Kota Bekasi, Jawa Barat, Jawa, 17142, Indonesia",Kota Bekasi,Summarecon Bekasi,17142,-6.2261276,106.9988877,https://gofood.link/a/yM9cAKw,2017-06-03T07:12:31.006Z
8272566a-76e3-4263-974a-6ee16c5a24ea,"Gudang Coklat & Snack, Tambun Selatan",,4.4,0.0,2,Menengah,1,Aktif,Jajanan,"Jalan Villa Bekasi Indah 1, Mangunjaya, Kabupaten Bekasi, Jawa Barat, Jawa, 17567, Indonesia",Kabupaten Bekasi,Mangunjaya,17567,-6.229134132803595,107.06420235335828,https://gofood.link/a/yM9cNZb,2017-11-20T03:20:50.775Z
82cc64f8-a05a-4b08-abdc-618d1b59e66d,"Pempek Yenny, Rawalumbu",,4.6,0.0,2,Menengah,1,Aktif,Jajanan,"Kopi Terpingkal, 3, Jalan Lumbu Barat Raya, Jembatan Nol, Rawalumbu, Sepanjangjaya, Kota Bekasi, Jawa Barat, Jawa, 17116, Indonesia",Kota Bekasi,Sepanjangjaya,17116,-6.279843,106.998402,https://gofood.link/a/yM9d9aN,2017-10-13T06:11:37.026Z
8380f800-74ed-4a17-8dc2-91f4bf429099,"Domino's Pizza, Jatiwaringin",,4.8,0.0,3,Mahal,1,Aktif,"Pizza & pasta, Cepat saji, Jajanan","Jalan Haji Muhyin, Jaticempaka, Kota Bekasi, Jawa Barat, Jawa, 17416, Indonesia",Kota Bekasi,Jaticempaka,17416,-6.264092783284733,106.91117495298386,https://gofood.link/a/yM9dS4b,2017-03-14T09:11:46.587Z
82ed2e6f-1b4c-4005-a830-bbe3a3cde3f0,"Bakmi GM, Ruko Summarecon Bekasi",,4.8,0.0,3,Mahal,1,Aktif,"Bakmie, Aneka nasi, Chinese","Jalan Bulevar Selatan, Summarecon Bekasi, Kota Bekasi, Jawa Barat, Jawa, 17142, Indonesia",Kota Bekasi,Summarecon Bekasi,17142,-6.228488536835209,107.00115766745512,https://gofood.link/a/yM9dg4S,2017-07-10T07:10:51.535Z
83c1ba73-05a0-4014-8717-bcc0372ce75f,"Pizza Hut, Grand Wisata Bekasi",,4.7,0.0,4,Premium,1,Aktif,"Pizza & pasta, Cepat saji, Barat, Jajanan, Ayam & bebek","Grand Wisata Residence, Dukuh Bima, Lambangsari, Kabupaten Bekasi, Jawa Barat, Jawa, 17510, Indonesia",Kabupaten Bekasi,Lambangsari,17510,-6.277937,107.046883,https://gofood.link/a/yM9e7TN,2018-03-27T07:23:10.913Z
84210ec9-57e1-4ee9-8987-2e408f6de5cf,"Seblak Bandung Adit, Perum Papan Mas",,3.9,0.0,2,Menengah,1,Aktif,"Bakmie, Cepat saji, Jajanan","Setiamekar, Kabupaten Bekasi, Jawa Barat, Jawa, 17111, Indonesia",Kabupaten Bekasi,,17111,-6.24385,107.052954,https://gofood.link/a/yM9ev6b,2018-03-16T07:25:52.654Z
85416360-2321-4258-9698-1f1773a86614,"Warung Budhe Eko, Trias Raya",,4.6,0.0,2,Menengah,1,Aktif,Bakso & soto,"Jalan Trias Raya, Trias, Tridayasakti, Kabupaten Bekasi, Jawa Barat, Jawa, 17520, Indonesia",Kabupaten Bekasi,Tridayasakti,17520,-6.247344,107.081138,https://gofood.link/a/yM9fEyu,2018-03-08T06:15:55.186Z
8555042f-9777-47ba-9715-a9d24a0ac53c,"KFC, Summarecon Mall Bekasi",,4.7,0.0,3,Mahal,1,Aktif,Cepat saji,"Summarecon Mall Bekasi, Jalan Bulevar Ahmad Yani, Summarecon Bekasi, Kota Bekasi, Jawa Barat, Jawa, 17142, Indonesia",Kota Bekasi,Summarecon Bekasi,17142,-6.2254715,107.0015,https://gofood.link/a/yM9fKdu,2016-06-20T10:20:57.434Z
855b9086-74e6-4687-88ed-a6c06fb6e38e,"Ayam & Bebek 46 Solo, Pondok Gede",,4.8,0.0,2,Menengah,1,Aktif,"Ayam & bebek, Aneka nasi","Jalan Kincan Raya, RW 12, Pondok Kelapa, Duren Sawit, Jatibening, Kota Bekasi, Jawa Barat, Jawa, 17412, Indonesia",Kota Bekasi,Jatibening,17412,-6.255524,106.944001,https://gofood.link/a/yM9fLYq,2018-08-30T08:25:49.508Z
8590e282-dfa7-4cad-9d4c-af7510bfa270,"Bakso Super 88, Bekasi Jaya",,4.7,0.0,2,Menengah,1,Aktif,Bakso & soto,"Jalan KH. Agus Salim, Bekasi Jaya, Kota Bekasi, Jawa Barat, Jawa, 17112, Indonesia",Kota Bekasi,Bekasi Jaya,17112,-6.236524,107.00653,https://gofood.link/a/yM9fYXN,2018-08-09T09:21:34.167Z
84e91552-6c93-4753-b7d8-ef64336203d3,"Bakmi & Seafood 99, Kemang Pratama",,4.8,0.0,3,Mahal,1,Aktif,Aneka nasi,"Jalan Kemang Pratama, Markan, Bojong Rawalumbu, Kota Bekasi, Jawa Barat, Jawa, 17114, Indonesia",Kota Bekasi,Bojong Rawalumbu,17114,-6.275225,106.987517,https://gofood.link/a/yM9fiJL,2018-03-02T06:28:33.531Z
84f7e6a1-89de-4c66-b8fe-88915d5575ec,"Ayam Keprabon Express Harapan Indah, Boulevard Hijau",Juara Partner GO-FOOD 2019: Kategori JAGOAN GO-FOODIES & Kategori Pelayanan Driver Terbaik Jabodetabek,4.8,0.0,3,Mahal,1,Aktif,Ayam & bebek,"Clairmont Bekasi, 22, Jalan Boulevard Hijau Raya, Kota Harapan Indah, Pejuang, Kota Bekasi, Jawa Barat, Jawa, 17131, Indonesia",Kota Bekasi,Pejuang,17131,-6.186263,106.980472,https://gofood.link/a/yM9fn5Q,2017-09-13T09:06:48.485Z
84fb3dec-747e-4e48-bdd7-a433ab637b30,"SOP CENDRAWASIH MAKASSAR, Bekasi Barat",,4.2,0.0,2,Menengah,1,Aktif,Bakso & soto,"Kranji, Kota Bekasi, Jawa Barat, Jawa, 17133, Indonesia",Kota Bekasi,,17133,-6.220161710893227,106.96856316179036,https://gofood.link/a/yM9fnS5,2019-08-05T14:12:41.021Z
867134cc-93da-40fd-82c2-4acea0621ca2,"McDonald's, Plaza Cibubur",,4.7,0.0,3,Mahal,1,Aktif,"Cepat saji, Sweets, Jajanan","Jalan Transyogi, Harjamukti, Kota Bekasi, Bogor, Jawa Barat, Jawa, 17435, Indonesia",Kota Bekasi,Harjamukti,17435,-6.375775,106.915237,https://gofood.link/a/yM9gREq,2016-06-20T10:23:39.065Z
85fad309-6896-4673-b59f-a45b2dab1427,"Thai Island Tea, Tambun Selatan",,5.0,0.0,2,Menengah,1,Aktif,"Jajanan, Minuman, Roti","Jalan Kaswari II, Setiadarma, Kabupaten Bekasi, Jawa Barat, Jawa, 17510, Indonesia",Kabupaten Bekasi,Setiadarma,17510,-6.2540075,107.0527716,https://gofood.link/a/yM9gqcj,2018-07-31T09:35:52.474Z
85fc0d24-4a2b-416e-a83b-1cacb1b51dfe,"Kedai Boboko Penyet, Mekar Sari Raya",,4.8,0.0,2,Menengah,1,Aktif,"Ayam & bebek, Aneka nasi","Bekasi Jaya, Kota Bekasi, Jawa Barat, Jawa, 17112, Indonesia",Kota Bekasi,,17112,-6.231535,107.013933,https://gofood.link/a/yM9gqsC,2018-03-17T05:28:40.879Z
861a7a47-568d-4fa2-ba77-c1a5d41a4257,"I Am Geprek  Bensu, Raya Kaliabang",,4.7,0.0,2,Menengah,1,Aktif,"Ayam & bebek, Aneka nasi, Cepat saji","Jalan Kaliabang, Harapanjaya, Kota Bekasi, Jawa Barat, Jawa, 17122, Indonesia",Kota Bekasi,Harapanjaya,17122,-6.202652454376221,107.00177001953124,https://gofood.link/a/yM9gwGm,2018-01-31T09:12:07.583Z
869899e0-6384-44e2-8f6d-3f77f7213ee3,"Siomay Bang Aceng, Tambun Selatan",,4.6,0.0,2,Menengah,1,Aktif,Jajanan,"Tip Top Supermarket Mustika Jaya, Jalan Mustikajaya, Dukuh Bima, Lambangsari, Kabupaten Bekasi, Jawa Barat, Jawa, 17158, Indonesia",Kabupaten Bekasi,Lambangsari,17158,-6.28058,107.039508,https://gofood.link/a/yM9h1s5,2018-01-30T03:17:42.367Z
86c17106-8388-41bd-8810-45ef5077b216,"Kopi Janji Jiwa & Jiwa Toast, Lagoon Avenue",,4.7,0.0,2,Menengah,1,Aktif,"Kopi, Minuman, Roti, Jajanan","Lagoon Avenue, Jalan Cikas Tengah 4, Bumi Satria Kencana, Pekayon, Jakasampurna, Kota Bekasi, Jawa Barat, Jawa, 17148, Indonesia",Kota Bekasi,Jakasampurna,17148,-6.251916,106.978803,https://gofood.link/a/yM9hadm,2018-08-08T10:04:50.600Z
86dbfbd1-858f-478f-bff9-fc0016711ef1,Warung Sopel & Mie Gledek,,0.0,0.0,0,Tidak diketahui,1,Aktif,Jajanan,"Jalan K. Haji Masud, Kompas, Tambun, Kabupaten Bekasi, Jawa Barat, Jawa, 17520, Indonesia",Kabupaten Bekasi,Tambun,17520,-6.2586924,107.0724427,https://gofood.link/a/yM9hfXb,2019-11-12T16:53:39.384Z
88ae53f6-c929-4c8a-b103-35543df26d69,"RM Alit Sate Tegal, Raya Hankam",,4.6,0.0,2,Menengah,1,Aktif,"Aneka nasi, Sate, Bakso & soto","Gang Angkasa, Jatiranggon, Kota Bekasi, Jawa Barat, Jawa, 17432, Indonesia",Kota Bekasi,Jatiranggon,17432,-6.331859,106.924426,https://gofood.link/a/yM9j5f1,2018-08-21T06:54:36.974Z
8949c40f-1f4f-4837-8b11-5da2e7512ae8,"Bakso Mustika Komsen, Jatiasih",,4.8,0.0,2,Menengah,1,Aktif,Bakso & soto,"Jalan Wibawa Mukti II, Villa Jatirasa, Pamahan, Jatimekar, Kota Bekasi, Jawa Barat, Jawa, 17423, Indonesia",Kota Bekasi,Jatimekar,17423,-6.306528,106.955573,https://gofood.link/a/yM9jDZ7,2019-11-20T16:38:07.710Z
89b7b44c-498c-4bf7-9473-c70e73b96f28,"Burger King, Lagoon Avenue",,4.7,0.0,2,Menengah,1,Aktif,"Ayam & bebek, Cepat saji, Aneka nasi, Jajanan","Lagoon Avenue, Jalan Cikas Tengah 4, Bumi Satria Kencana, Pekayon, Jakasampurna, Kota Bekasi, Jawa Barat, Jawa, 17148, Indonesia",Kota Bekasi,Jakasampurna,17148,-6.251778,106.979029,https://gofood.link/a/yM9k5w5,2018-04-17T04:48:20.545Z
8a8cfc8f-e995-4f8d-9545-14ce9cb5c8f8,"SBY (Susu Buah Yoghurt), Jatiasih",,3.4,0.0,2,Menengah,1,Aktif,"Jajanan, Minuman","Jalan Suci, Bumi Nasio Indah, Jatimekar, Kota Bekasi, Jawa Barat, Jawa, 17422, Indonesia",Kota Bekasi,Jatimekar,17422,-6.286792,106.948299,https://gofood.link/a/yM9kVCd,2018-03-12T06:42:17.966Z
8a8d7745-c697-41ad-a119-3f698f97b2c9,"Ayam Geprek Juara, Hankam",,4.7,0.0,2,Menengah,1,Aktif,"Aneka nasi, Ayam & bebek","Jalan Hankam Raya, Jatirahayu, Kota Bekasi, Jawa Barat, Jawa, 17414, Indonesia",Kota Bekasi,Jatirahayu,17414,-6.294175,106.919843,https://gofood.link/a/yM9kVFS,2018-06-08T07:50:47.169Z
89cecd0f-cefc-4af0-a364-3b199fb5106f,"Kupat Tahu Magelang AA, Pondok Melati",,4.5,0.0,3,Mahal,1,Aktif,Jajanan,"Kodau, Alam Besakih, Puri Gading, Jatiwarna, Kota Bekasi, Jawa Barat, Jawa, 17415, Indonesia",Kota Bekasi,Jatiwarna,17415,-6.3078333,106.9348333,https://gofood.link/a/yM9kbom,2016-06-20T10:20:02.490Z
89e56958-9dae-462f-ad98-27cb1cccfb35,"KFC, Golden City Bekasi",,4.7,0.0,3,Mahal,1,Aktif,Cepat saji,"KFC, Jalan Lingkar Utara, Harapan Baru, Kota Bekasi, Jawa Barat, Jawa, 17121, Indonesia",Kota Bekasi,Harapan Baru,17121,-6.207771,107.020961,https://gofood.link/a/yM9kgRS,2017-12-05T10:04:49.695Z
8bb90eef-0539-4afc-b9b6-2706479f0ad1,"Sate Khas Senayan, Summarecon Mall Bekasi",,4.8,0.0,3,Mahal,1,Aktif,"Aneka nasi, Sate","Summarecon Mall Bekasi, Jalan Bulevar Ahmad Yani, Summarecon Bekasi, Kota Bekasi, Jawa Barat, Jawa, 17142, Indonesia",Kota Bekasi,Summarecon Bekasi,17142,-6.226722,107.000786,https://gofood.link/a/yM9n5UL,2016-06-20T10:21:42.847Z
8c8ad2c3-7af5-4111-8996-b5b6f8479683,"Pancong Rasa 99, Raya Kranggan",,4.7,0.0,1,Murah,1,Aktif,"Jajanan, Sweets","Jalan Kranggan, Jatiraden, Jatisampurna, Kota Bekasi, Jawa Barat, Jawa, 17433, Indonesia",Kota Bekasi,Jatisampurna,17433,-6.346087,106.922335,https://gofood.link/a/yM9nV4j,2018-04-08T01:40:24.710Z
8bcc0d3a-4439-41ea-bf92-803134ba7444,"Pizza Hut Delivery - PHD, Bintara",,4.7,0.0,4,Premium,1,Aktif,"Pizza & pasta, Cepat saji, Jajanan, Barat, Ayam & bebek","Kranji, Bintara, Kota Bekasi, Jawa Barat, Jawa, 17134, Indonesia",Kota Bekasi,Bintara,17134,-6.2291667,106.9551667,https://gofood.link/a/yM9naoq,2016-06-20T10:20:51.179Z
8be5d6cc-3e86-4fbe-85b5-f4efc9dcfc46,"Haus! x Hot Oppa, Bintara",,4.7,0.0,2,Menengah,1,Aktif,"Minuman, Jajanan, Kopi","Jalan Bintara Raya, Kranji, Bintara, Kota Bekasi, Jawa Barat, Jawa, 17134, Indonesia",Kota Bekasi,Bintara,17134,-6.229373,106.955398,https://gofood.link/a/yM9ngYu,2018-11-14T08:04:44.616Z
8beb42e8-e764-47c1-b5b2-f0c461c46961,"Bubble Drink Sosis Bakar & Hotang, Jatiasih",,4.5,0.0,1,Murah,1,Aktif,"Minuman, Jajanan, Korea","Jalan Bima, Jati Kramat Indah 1, Jatimekar, Kota Bekasi, Jawa Barat, Jawa, 17422, Indonesia",Kota Bekasi,Jatimekar,17422,-6.287636752842477,106.9424830377102,https://gofood.link/a/yM9nigW,2018-08-09T03:58:08.072Z
8c35e39d-6dc5-4e70-8166-1c7b45e04fa1,Sate Maranggi Ibu Hj Yayah,,4.7,0.0,2,Menengah,1,Aktif,Sate,"Perum. Mutiara Gading Timur, Mutiara Gading, Mustikajaya, Kota Bekasi, Jawa Barat, Jawa, 17158, Indonesia",Kota Bekasi,Mustikajaya,17158,-6.288923798706521,107.02978491783142,https://gofood.link/a/yM9nzyC,2017-11-03T09:13:17.242Z
06a88e4f-04ae-4b47-a7f5-8d0f9c9ec723,"SATE SOLO 'pak Is', Jl,Kemang Sari Raya No 92",,4.8,0.0,2,Menengah,1,Aktif,"Sate, Aneka nasi, Cepat saji","Jalan Kemang Sari Raya, Perum Dosen IKIP, Jatikramat, Kota Bekasi, Jawa Barat, Jawa, 17413, Indonesia",Kota Bekasi,Jatikramat,17413,-6.268111056906144,106.94102257490158,https://gofood.link/a/yM9uW71,2018-11-20T05:50:13.502Z
06c4a295-4d26-4264-9a97-77f55644541c,"Kedai Pempek Wa'Cek, Jatiluhur",,0.0,0.0,3,Mahal,1,Aktif,Jajanan,"Jalan Jatiluhur Raya, Kranji, Jakasampurna, Kota Bekasi, Jawa Barat, Jawa, 17136, Indonesia",Kota Bekasi,Jakasampurna,17136,-6.242397,106.971515,https://gofood.link/a/yM9v3jQ,2017-11-16T06:48:05.485Z
07634d1f-dbb4-4ab5-a163-b01bea4ab570,"Majestyk Bakery & Cakes, Pondok Gede",,4.3,0.0,3,Mahal,1,Aktif,"Jajanan, Sweets, Roti","Jalan Swadaya II, Jatiwaringin, Kota Bekasi, Jawa Barat, Jawa, 17411, Indonesia",Kota Bekasi,Jatiwaringin,17411,-6.279131899999999,106.9134666,https://gofood.link/a/yM9vEiw,2016-06-20T10:19:46.151Z
07869242-1f76-418e-864e-1925426b7e32,Sate Betawi Tegal H. Noto,,4.7,0.0,3,Mahal,1,Aktif,Sate,"Jalan Pemuda Patriot, Kranji, Jakasampurna, Kota Bekasi, Jawa Barat, Jawa, 17136, Indonesia",Kota Bekasi,Jakasampurna,17136,-6.2405,106.9698333,https://gofood.link/a/yM9vNew,2016-06-20T10:19:28.105Z
07b264d0-a05d-47ef-8e34-80f2e7c0f5d4,"Haus!, Cibitung",,4.7,0.0,2,Menengah,1,Aktif,"Minuman, Jajanan, Kopi","Jalan Raya B. Bosih, Trias, Wanasari, Kabupaten Bekasi, Jawa Barat, Jawa, 17520, Indonesia",Kabupaten Bekasi,Wanasari,17520,-6.251786,107.087356,https://gofood.link/a/yM9vYn7,2019-08-27T10:56:09.641Z
0702f518-7647-40a5-837f-e73b4f8f11ad,"Cafe & Resto Jaya, Bekasi",,4.7,0.0,2,Menengah,1,Aktif,"Aneka nasi, Barat, Bakmie","Jalan Harapan Indah Raya, Kota Harapan Indah, Pejuang, Kota Bekasi, Jawa Barat, Jawa, 17131, Indonesia",Kota Bekasi,Pejuang,17131,-6.181098,106.981166,https://gofood.link/a/yM9vgF7,2017-09-13T10:39:20.853Z
0729b86a-9070-440b-beff-3081fcab5f17,"Soto Mie Mang Awi 2, (d/h p. Kadir), Bulevard Hijau",,4.3,0.0,2,Menengah,1,Aktif,"Bakso & soto, Cepat saji","Jalan Boulevard Hijau Raya, Kota Harapan Indah, Pejuang, Kota Bekasi, Jawa Barat, Jawa, 17131, Indonesia",Kota Bekasi,Pejuang,17131,-6.184,106.9843333,https://gofood.link/a/yM9vqdd,2016-06-20T10:20:44.614Z
07c09013-6c4a-43f8-bf17-dd4885bb762a,Kedai Resep Oma,,4.8,0.0,2,Menengah,1,Aktif,"Ayam & bebek, Minuman, Aneka nasi","Green Park Residence, Jatimurni, Kota Bekasi, Jawa Barat, Jawa, 17415, Indonesia",Kota Bekasi,Jatimurni,17415,-6.318927,106.932809,https://gofood.link/a/yM9w2JU,2018-02-19T06:35:39.809Z
07fd6e20-acb6-4a20-a092-ba764cadeae6,"Yokobento, Ruko Taman Wisata",,4.6,0.0,2,Menengah,1,Aktif,"Jepang, Ayam & bebek, Cepat saji","Jalan Kavling Taman Wisala, Grand Pondok Ungu, Kabupaten Bekasi, Jawa Barat, Jawa, 17125, Indonesia",Kabupaten Bekasi,Grand Pondok Ungu,17125,-6.182719,107.012245,https://gofood.link/a/yM9whrN,2017-12-27T10:35:53.400Z
08b976b6-6101-41ea-a141-fd6ec3daf3d9,"Kedai Bude Dirah, Bekasi Barat/Jakasampurna/",,0.0,0.0,3,Mahal,1,Aktif,"Aneka nasi, Cepat saji, Bakso & soto","Jalan Pemuda Patriot, Kranji, Jakasampurna, Kota Bekasi, Jawa Barat, Jawa, 17136, Indonesia",Kota Bekasi,Jakasampurna,17136,-6.239583,106.970502,https://gofood.link/a/yM9x2SQ,2017-12-14T07:57:57.038Z
0994dcb9-7e12-4c0d-806c-c2135bfcab2b,"Pempek Flamboyan, Caman",,4.8,0.0,3,Mahal,1,Aktif,"Jajanan, Bakmie","Erafone, Jalan Caman Raya, Jatibening, Kota Bekasi, Jawa Barat, Jawa, 17412, Indonesia",Kota Bekasi,Jatibening,17412,-6.2605,106.9478333,https://gofood.link/a/yM9xTC5,2016-06-20T10:19:14.250Z
08e40919-91ef-40b5-9741-d9a625c37b3b,"KFC, BTC Bekasi",,4.8,0.0,3,Mahal,1,Aktif,Cepat saji,"Bekasi Trade Centre, Jalan Sikumbang, Perumahan Margahayu Jaya, Bulak Kapal, Kota Bekasi, Jawa Barat, Jawa, 10350, Indonesia",Kota Bekasi,Bulak Kapal,10350,-6.258389,107.021044,https://gofood.link/a/yM9xctW,2017-12-01T19:47:51.541Z
08f5ac4c-15ca-427b-8534-7711842710b1,"Ayam Geprek Simra, Rawalumbu",,4.7,0.0,2,Menengah,1,Aktif,"Aneka nasi, Ayam & bebek, Jajanan","Bumi Suzuki Permai, Pondok Hijau, Sepanjangjaya, Kota Bekasi, Jawa Barat, Jawa, 17115, Indonesia",Kota Bekasi,Sepanjangjaya,17115,-6.26806,107.009668,https://gofood.link/a/yM9xgJm,2018-10-11T03:39:51.842Z
09b3ef9e-adca-4077-9ff2-d8b399a21eb8,"Mie Ayam Bangka Awat, Ruko Kemang Pratama",,4.7,0.0,3,Mahal,1,Aktif,Bakmie,"Jalan Kemang Pratama, Markan, Bojong Rawalumbu, Kota Bekasi, Jawa Barat, Jawa, 17114, Indonesia",Kota Bekasi,Bojong Rawalumbu,17114,-6.2776969,106.9898539,https://gofood.link/a/yM9y29d,2017-03-16T07:03:30.750Z
09e798e0-2dea-4d37-992a-e0e318dec830,"Bubur Ayam Kampung Nyemplung, Mustikajaya",,4.7,0.0,1,Murah,1,Aktif,Aneka nasi,"West Gateway Boulevard, Grand Wisata Residence, Dukuh Bima, Lambangsari, Kabupaten Bekasi, Jawa Barat, Jawa, 17510, Indonesia",Kabupaten Bekasi,Lambangsari,17510,-6.276559,107.043759,https://gofood.link/a/yM9ydk3,2018-11-21T10:59:40.588Z
8d10d69b-4bf7-4340-90c1-da180c261432,Seblak Sosmed 10,,4.5,0.0,2,Menengah,1,Aktif,Jajanan,"Jalan Hankam Raya, Jatirahayu, Kota Bekasi, Jawa Barat, Jawa, 17414, Indonesia",Kota Bekasi,Jatirahayu,17414,-6.293342,106.919294,https://gofood.link/a/yM9zEQm,2018-07-18T08:58:26.798Z
8d18a255-4d8d-4e93-a639-b0414f074da0,"Ayam Bakar Kalasan Teh Nenden, Narogong",,4.8,0.0,2,Menengah,1,Aktif,"Ayam & bebek, Aneka nasi, Seafood","Jalan Narogong Asri, Bundaran Narogong, Narogong, Sepanjangjaya, Kota Bekasi, Jawa Barat, Jawa, 17115, Indonesia",Kota Bekasi,Sepanjangjaya,17115,-6.2712738,107.0083527,https://gofood.link/a/yM9zGN9,2018-10-26T10:33:54.149Z
8d38dc0d-9752-4659-8bfd-db6a6c340349,"Starbucks, Metropolitan Mall Bekasi",,4.6,0.0,3,Mahal,1,Aktif,"Kopi, Roti, Minuman","Metropolitan Mall, Jalan K. H. Noer Ali, Rawa Panjang, Kayuringinjaya, Kota Bekasi, Jawa Barat, Jawa, 17148, Indonesia",Kota Bekasi,Kayuringinjaya,17148,-6.2485648,106.9915422,https://gofood.link/a/yM9zPXW,2016-06-20T10:21:33.295Z
8caf30c8-0d1d-4bf4-a6bf-be4ac76ad6b8,"Bakmie Crown, Harapan Indah",,4.7,0.0,2,Menengah,1,Aktif,Bakmie,"Kota Harapan Indah, Pejuang, Kota Bekasi, Jawa Barat, Jawa, 17131, Indonesia",Kota Bekasi,Pejuang,17131,-6.182657,106.981305,https://gofood.link/a/yM9zgAy,2016-10-25T07:30:38.959Z
8cbc9fe0-7346-48d0-9f81-58d0dadbf0e9,"Momolin Bakery, Harapan Jaya","Momolin Bakery, Harapan Jaya merupakan usaha dagang  yang memproduksi dan menjual roti dan kue yang berlokasi di kota Bekasi. Kami memiliki 3 jenis produk utama yaitu Roti, Aneka Kue, dan Kue Ulang Tahun",4.5,0.0,2,Menengah,1,Aktif,"Roti, Sweets","Jalan Perumahan Harapan Jaya, Harapan Mulya, Kota Bekasi, Jawa Barat, Jawa, 17124, Indonesia",Kota Bekasi,Harapan Mulya,17124,-6.214718,106.985329,https://gofood.link/a/yM9zjT7,2016-06-20T10:25:18.926Z
8cd36f1c-2f93-45e9-88d6-3619272c8d94,"Solaria, Blu Plaza",,4.8,0.0,3,Mahal,1,Aktif,"Aneka nasi, Chinese","Jalan Chairil Anwar, Rawasemut, Kota Bekasi, Jawa Barat, Jawa, 17113, Indonesia",Kota Bekasi,Rawasemut,17113,-6.2561169,107.0076601,https://gofood.link/a/yM9zqm1,2016-06-20T10:21:06.329Z
9fe31659-cbbe-4877-a311-f2a028d60836,"Makanan Ringan Bekasi, Villa Jatirasa",,4.6,0.0,2,Menengah,1,Aktif,Jajanan,"Jalan Betet, Villa Jatirasa, Jatirasa, Kota Bekasi, Jawa Barat, Jawa, 17423, Indonesia",Kota Bekasi,Jatirasa,17423,-6.307146,106.963821,https://gofood.link/a/yMa1Cab,2018-05-31T09:25:55.151Z
9fd4c201-4df2-4a67-9cb4-173f134005d9,"I Am Geprek Bensu, Harapan Indah",,4.8,0.0,2,Menengah,1,Aktif,"Ayam & bebek, Aneka nasi, Cepat saji","1, Jalan Taman Harapan Indah, Kota Harapan Indah, Kabupaten Bekasi, Jawa Barat, Jawa, 17214, Indonesia",Kabupaten Bekasi,Kota Harapan Indah,17214,-6.1681226,106.9751802,https://gofood.link/a/yMa1z31,2018-06-25T07:23:39.228Z
0a60a421-4516-4d4b-82e0-df957cb60033,RM. AYAM BAKAR SARIROSO,,4.7,0.0,2,Menengah,1,Aktif,"Bakso & soto, Ayam & bebek, Sate","Puri Mustika, Rawalumbu, Sepanjangjaya, Kota Bekasi, Jawa Barat, Jawa, 17175, Indonesia",Kota Bekasi,Sepanjangjaya,17175,-6.276137513269947,107.00001038610937,https://gofood.link/a/yMa2GSU,2016-06-20T10:18:45.011Z
0b0de261-c930-4c66-aaaf-de538e0fcf26,"Ayam, Bebek, Ikan & Iga Bekrot, Kayuringin",,4.6,0.0,2,Menengah,1,Aktif,Ayam & bebek,"Jalan Gurame Raya, Kranji, Rawa Panjang, Kayuringinjaya, Kota Bekasi, Jawa Barat, Jawa, 17144, Indonesia",Kota Bekasi,Kayuringinjaya,17144,-6.246748,106.984428,https://gofood.link/a/yMa3o6j,2018-04-23T04:08:50.473Z
0c9d5d30-938f-4957-bb3e-8b653050fbd8,"Rm Parasmanan, Bekasi Selatan",,4.6,0.0,2,Menengah,1,Aktif,"Minuman, Ayam & bebek, Aneka nasi","Jalan Kemakmuran, Kayuringinjaya, Kota Bekasi, Jawa Barat, Jawa, 17141, Indonesia",Kota Bekasi,Kayuringinjaya,17141,-6.245499,106.995358,https://gofood.link/a/yMa4WUG,2018-11-21T04:15:26.664Z
0ca09cc8-c8bb-423a-8c90-5b01a8565144,"Pizza Hut, Komsen Jati Asih Bekasi",,4.7,0.0,4,Premium,1,Aktif,"Pizza & pasta, Jajanan","Restoran Pizza Hut - Komsen Jatiasih Bekasi, Jalan Raya Jati Asih, Komplek Pemda Jatiasih, Jatimekar, Kota Bekasi, Jawa Barat, Jawa, 17423, Indonesia",Kota Bekasi,Jatimekar,17423,-6.292723,106.959895,https://gofood.link/a/yMa4XBo,2016-10-17T07:05:00.336Z
0c3115b5-90ab-40e9-9a6a-26d6d32ba303,"Tanoshii Sushi, Galaxy Foodcourt",Juara Partner GO-FOOD 2019: Kategori Makanan Internasional Jabodetabek,4.7,0.0,3,Mahal,1,Aktif,"Jajanan, Jepang, Cepat saji","Jalan Taman Soka II, Pondok Pekayon Indah, Pekayon, Jakasetia, Kota Bekasi, Jawa Barat, Jawa, 17148, Indonesia",Kota Bekasi,Jakasetia,17148,-6.258678,106.972528,https://gofood.link/a/yMa4w2o,2018-11-08T07:11:18.040Z
a06a5dbf-448f-4a4d-80b9-72c88e9ccc38,"HokBen, Plaza Pondok Gede",,4.8,0.0,3,Mahal,1,Aktif,"Cepat saji, Jepang","Plaza Pondok Gede 2, Jalan Masjid Nurul Ihsan, Jatiwaringin, Kota Bekasi, Jawa Barat, Jawa, 17411, Indonesia",Kota Bekasi,Jatiwaringin,17411,-6.283215,106.9112345,https://gofood.link/a/yMa5CEU,2016-06-20T10:21:53.148Z
a0ac1e19-6f2d-4d27-8227-c9b85360327f,"Richeese Factory, Summarecon Bekasi",,4.7,0.0,3,Mahal,1,Aktif,"Cepat saji, Ayam & bebek, Aneka nasi","Burger King, Jalan Bulevar Ahmad Yani, Summarecon Bekasi, Kota Bekasi, Jawa Barat, Jawa, 17142, Indonesia",Kota Bekasi,Summarecon Bekasi,17142,-6.2247508,107.0030573,https://gofood.link/a/yMa5T5G,2018-07-17T03:32:35.032Z
a0b696e9-7bf5-49ee-a491-d635d9da43af,"Dapur Uni Dona d&d, Jati Makmur",,4.3,0.0,2,Menengah,1,Aktif,Bakso & soto,"Jatimakmur, Kota Bekasi, Jawa Barat, Jawa, 17414, Indonesia",Kota Bekasi,,17414,-6.28670862483465,106.9202857464552,https://gofood.link/a/yMa5V4b,2018-09-07T09:53:18.160Z
a0ff8e35-4e83-4b50-8f00-5c098e0dabf0,"Pempek Mang Jawali, VILLA MUTIARA GADING 2",,4.7,0.0,1,Murah,1,Aktif,Jajanan,"Karangsatria, Kabupaten Bekasi, Jawa Barat, Jawa, 17123, Indonesia",Kabupaten Bekasi,,17123,-6.216612362482748,107.0354239270091,https://gofood.link/a/yMa6bZ7,2017-02-27T08:53:10.272Z
a87338a1-b24e-48af-9da1-ead9d111c2c8,SEDERHANA LINTAU 88,,4.8,0.0,2,Menengah,1,Aktif,"Aneka nasi, Cepat saji","Celebration Boulevard, Grand Wisata Residence, Dukuh Bima, Lambangsari, Kabupaten Bekasi, Jawa Barat, Jawa, 17510, Indonesia",Kabupaten Bekasi,Lambangsari,17510,-6.281389436294306,107.04666204750538,https://gofood.link/a/yQCuyzj,2020-09-29T14:20:37.830Z
c69c7135-4bbc-4624-9b01-f1cf0f535fb2,"Solaria, Grand Wisata Bekasi",,4.7,0.0,3,Mahal,1,Aktif,"Aneka nasi, Chinese","Jalan Boulevard Grand Wisata, Grand Wisata Residence, Dukuh Bima, Lambangsari, Kabupaten Bekasi, Jawa Barat, Jawa, 17510, Indonesia",Kabupaten Bekasi,Lambangsari,17510,-6.276719,107.044824,https://gofood.link/a/ymJ6vRb,2020-08-07T14:29:50.933Z
341c5bea-97b6-4502-b0fc-25bf3d5b4d5c,"Ayam Geprek Ganas, Letjen Sarbini",,4.7,0.0,2,Menengah,1,Aktif,"Ayam & bebek, Minuman, Cepat saji","Kemakmuran, Rawa Panjang, Margajaya, Kota Bekasi, Jawa Barat, Jawa, 17141, Indonesia",Kota Bekasi,Margajaya,17141,-6.250933612264808,106.99407029896976,https://gofood.link/a/ypRKuU1,2020-08-13T13:15:15.233Z
3f329597-e48e-488e-9405-9b3f5a5adba7,"Hokben, Kitchen Zamrud Bekasi",,4.8,0.0,3,Mahal,1,Aktif,"Cepat saji, Jepang","Dukuh Zamrud, Cimuning, Kota Bekasi, Jawa Barat, Jawa, 17155, Indonesia",Kota Bekasi,Cimuning,17155,-6.318798,107.019086,https://gofood.link/a/z38Qw1q,2020-10-21T10:47:16.948Z
26a8d8b4-4693-40f9-bd7c-aadadf31bb69,Nasi Padang Sumatra Indah,,4.8,0.0,1,Murah,1,Aktif,"Minuman, Aneka nasi, Cepat saji","Jalan Kranggan, Jatiraden, Jatisampurna, Kota Bekasi, Jawa Barat, Jawa, 17433, Indonesia",Kota Bekasi,Jatisampurna,17433,-6.32385711012561,106.92392047494651,https://gofood.link/a/z9X2JeN,2020-11-03T09:21:27.730Z
fbdbc04c-a754-49f6-b8ce-1d68bb0b1851,"Solaria, La Terrazza Summarecon Bekasi",,4.7,0.0,3,Mahal,1,Aktif,Aneka nasi,"Bandar Djakarta, Jalan Bulevar Selatan, Summarecon Bekasi, Kota Bekasi, Jawa Barat, Jawa, 17142, Indonesia",Kota Bekasi,Summarecon Bekasi,17142,-6.22712,106.99734,https://gofood.link/a/zJLfhto,2021-01-06T14:36:52.345Z
ccd78230-671d-4bde-904e-88592373dd6d,"Kopi Kenangan, SPBU Pertamina Jatiwarna Pondok",,4.8,0.0,2,Menengah,1,Aktif,"Minuman, Kopi, Sweets, Roti, Jajanan","Jalan Kranggan, Jatiwarna, Kota Bekasi, Jawa Barat, Jawa, 17415, Indonesia",Kota Bekasi,Jatiwarna,17415,-6.311524,106.924469,https://gofood.link/a/zKgKn7L,2021-01-07T13:47:55.376Z
7237a52e-862c-4b3c-b573-2832235b51ba,"Nasi Padang Taman Mini Indah, Jatiasih",,4.7,0.0,2,Menengah,1,Aktif,"Aneka nasi, Minuman","Jalan Raya Jati Asih, Komplek Pemda Jatiasih, Kota Bekasi, Jawa Barat, Jawa, 17423, Indonesia",Kota Bekasi,Komplek Pemda Jatiasih,17423,-6.294602159022232,106.96442786604166,https://gofood.link/a/zR5Hysd,2021-01-18T14:36:42.167Z
f2961a59-4712-478a-a9a2-3b62baee40fa,"Keikpop by The Food Chain, Jatiwaringin",,4.4,0.0,3,Mahal,1,Aktif,"Sweets, Roti","Jalan Jati Waringin, Jatiwaringin, Kota Bekasi, Jawa Barat, Jawa, 17411, Indonesia",Kota Bekasi,Jatiwaringin,17411,-6.271453333176435,106.91192599119242,https://gofood.link/a/zTa8joh,2021-01-22T13:14:15.918Z
ce445161-3238-49da-97f5-c95cdad8e628,"Keikpop by The Food Chain, Harapan Indah",,4.5,0.0,3,Mahal,1,Aktif,"Sweets, Roti","Jalan Harapan Indah Bulevar, Kota Harapan Indah, Medansatria, Kota Bekasi, Jawa Barat, Jawa, 17132, Indonesia",Kota Bekasi,Medansatria,17132,-6.189247907743813,106.9756762343779,https://gofood.link/a/zTaPpuy,2021-01-22T13:46:51.341Z
17b56146-5e05-477d-b331-9929e6e14597,"Keikpop by The Food Chain, Summarecon Bekasi",,4.3,0.0,3,Mahal,1,Aktif,"Sweets, Roti","Indomaret, Jalan Bulevar Selatan, Summarecon Bekasi, Kota Bekasi, Jawa Barat, Jawa, 17142, Indonesia",Kota Bekasi,Summarecon Bekasi,17142,-6.227440242912076,107.00396649398854,https://gofood.link/a/zTbdQ3U,2021-01-22T14:05:53.851Z
f6532f9f-2f2e-4fce-824b-992e23c72664,"Ayam Gepuk Pak Gembus, Mangun jaya",,4.7,0.0,2,Menengah,1,Aktif,Ayam & bebek,"Kompas, Mekarsari, Kabupaten Bekasi, Jawa Barat, Jawa, 17510, Indonesia",Kabupaten Bekasi,Mekarsari,17510,-6.252704398452751,107.05862884171586,https://gofood.link/a/zaAxX5q,2020-11-04T14:50:39.484Z
6e2bdf72-258e-4c32-b651-6e18a2a867ee,"Mixue, Jatikramat",,4.6,0.0,2,Menengah,1,Aktif,"Minuman, Jajanan, Kopi","Jalan Raya Jati Makmur, Duta Indah, Jatimekar, Kota Bekasi, Jawa Barat, Jawa, 17413, Indonesia",Kota Bekasi,Jatimekar,17413,-6.286806269977714,106.93814992904665,https://gofood.link/a/zm6TrBf,2020-11-24T13:42:06.797Z
21d30ce6-4790-4456-ae10-236845eb75ce,"Kopi Kenangan, Ruko Galaxy Bekasi",,4.8,0.0,2,Menengah,1,Aktif,"Minuman, Kopi, Sweets, Roti, Jajanan","Jalan Lotus Tengah, Komplek Mayor, Jakasetia, Kota Bekasi, Jawa Barat, Jawa, 17147, Indonesia",Kota Bekasi,Jakasetia,17147,-6.271727,106.971396,https://gofood.link/a/znaFJAY,2020-11-26T14:16:01.417Z
be7b5f9a-4b49-4391-b059-1ab21ee97027,"Ayam Bakar, Ayam Goreng & Seblak Dapur EKM Bekasi, Rawa Bugel",,4.5,0.0,2,Menengah,1,Aktif,"Cepat saji, Ayam & bebek, Aneka nasi","Jalan Raya Rawa Bugel, Harapanjaya, Kota Bekasi, Jawa Barat, Jawa, 17142, Indonesia",Kota Bekasi,Harapanjaya,17142,-6.217626607317676,106.996230147779,https://gofood.link/a/zqiMQ6j,2020-12-02T13:22:39.282Z
0f2c2046-3a19-4c9b-bf3d-2c5b14141994,"Moon Chicken (Ayam Goreng Korea), Grand Wisata",Add Outlet GR,4.7,0.0,3,Mahal,1,Aktif,"Ayam & bebek, Cepat saji, Jajanan, Korea, Aneka nasi","Celebration Boulevard, Grand Wisata Residence, Dukuh Bima, Lambangsari, Kabupaten Bekasi, Jawa Barat, Jawa, 17158, Indonesia",Kabupaten Bekasi,Lambangsari,17158,-6.288333,107.042917,https://gofood.link/a/zsVZG6S,2020-12-07T12:59:24.720Z
b1f60bea-9ad0-4471-bcd2-19a147c83d9f,"HokBen, Kitchen Kranggan",,4.8,0.0,3,Mahal,1,Aktif,"Aneka nasi, Jepang","Jalan Kranggan, Jatiraden, Jatisampurna, Kota Bekasi, Jawa Barat, Jawa, 17433, Indonesia",Kota Bekasi,Jatisampurna,17433,-6.333182224617362,106.92364607693912,https://gofood.link/a/zyi4S11,2020-12-17T17:27:05.756Z
f08a97db-0a36-4c68-87e2-599961a9a4ca,"HokBen, Kitchen Karang Satria",,4.8,0.0,3,Mahal,1,Aktif,"Aneka nasi, Jepang","Jalan Karang Satria, Karangsatria, Kabupaten Bekasi, Jawa Barat, Jawa, 17123, Indonesia",Kabupaten Bekasi,Karangsatria,17123,-6.2153736,107.0333639,https://gofood.link/a/zyip6LQ,2020-12-17T17:42:44.075Z
e0b7476e-d715-4199-ba93-da4e0163a1e9,"Waroeng Steak And Shake, Jatiwaringin",,4.7,0.0,3,Mahal,1,Aktif,Barat,"Jalan Jati Waringin, Jatiwaringin, Kota Bekasi, Jawa Barat, Jawa, 17411, Indonesia",Kota Bekasi,Jatiwaringin,17411,-6.2716667,106.9121667,https://gofood.link/u/007KO,2016-06-20T10:20:54.771Z
63f0a1d9-1e08-4507-ae5c-41eae826fb21,"Solaria, Bekasi Cyber Park",,4.6,0.0,3,Mahal,1,Aktif,"Aneka nasi, Chinese, Ayam & bebek, Seafood","Jalan K. H. Noer Ali, Rawa Panjang, Kayuringinjaya, Kota Bekasi, Jawa Barat, Jawa, 17141, Indonesia",Kota Bekasi,Kayuringinjaya,17141,-6.246813,106.9921601,https://gofood.link/u/00PG1,2016-06-20T10:19:41.388Z
c4854497-53eb-4e17-b04b-e42fe33a16db,"Mie Ayam Ulek, Pondok Ungu",,4.7,0.0,2,Menengah,1,Aktif,Bakmie,"Jalan Pondok Ungu Permai, Pondok Ungu Permai, Kabupaten Bekasi, Jawa Barat, Jawa, 17125, Indonesia",Kabupaten Bekasi,Pondok Ungu Permai,17125,-6.1806037,107.0082502,https://gofood.link/u/00jkj,2018-07-16T10:05:58.817Z
2894c893-a876-4552-9222-fd473d3cb68f,A&W Karang Satria Square,,4.8,0.0,3,Mahal,1,Aktif,Cepat saji,"Jalan Karang Satria, Karangsatria, Kabupaten Bekasi, Jawa Barat, Jawa, 17123, Indonesia",Kabupaten Bekasi,Karangsatria,17123,-6.2198521,107.0340334,https://gofood.link/u/08DM,2016-06-20T10:28:34.215Z
aca35a3d-b0d5-475e-9e96-9f7bd7cedcc3,"Ayam Bakar Solo Bu Anna, Pondok Ungu Permai",,4.5,0.0,1,Murah,1,Aktif,Ayam & bebek,"Pondok Ungu Permai, Kabupaten Bekasi, Jawa Barat, Jawa, 17125, Indonesia",Kabupaten Bekasi,,17125,-6.1786086,107.0083001,https://gofood.link/u/0dAk7,2016-06-20T10:23:30.565Z
ad4781f6-422a-4b3c-810d-28da8f19bf40,"Sepotong Rotiku, Dukuh Zamrud",,4.5,0.0,3,Mahal,1,Aktif,Roti,"Jalan Dukuh Zamrud, Dukuh Zamrud Blok L, Familia Urban, Mustikasari, Kota Bekasi, Jawa Barat, Jawa, 17156, Indonesia",Kota Bekasi,Mustikasari,17156,-6.308559,107.021292,https://gofood.link/u/0dR1k,2017-11-23T04:32:33.199Z
f8d97f9c-e1bb-4cdf-b63f-c388af77f503,"Pizza Hut Delivery - PHD, Kartini Bekasi",,4.6,0.0,4,Premium,1,Aktif,"Pizza & pasta, Cepat saji, Jajanan, Barat, Ayam & bebek","Rawasemut, Kota Bekasi, Jawa Barat, Jawa, 17113, Indonesia",Kota Bekasi,,17113,-6.247558,107.001788,https://gofood.link/u/0daVk,2017-05-30T05:53:20.827Z
a3afdb7a-fff5-46bd-8a14-5abd6818e80b,"Sop Dan Soto Tangkar, Pekayon",,4.6,0.0,3,Mahal,1,Aktif,Bakso & soto,"Jalan Pekayon Raya, Pekayon, Margajaya, Kota Bekasi, Jawa Barat, Jawa, 17148, Indonesia",Kota Bekasi,Margajaya,17148,-6.257547,106.987964,https://gofood.link/u/0dkm5,2018-07-12T06:29:37.174Z
23ca744b-6a7f-4635-803c-d25f8934b8f3,"Warung Nasi H. Udin (Nasi Rames, Nasi Uduk, Soto Betawi)","Warung nasi pak h.udin pindahan pasar proyek, menyediakan nasi uduk, nasi rames, nasi uduk rames dan soto betawi",4.7,0.0,2,Menengah,1,Aktif,"Aneka nasi, Cepat saji","Rawasemut, Kota Bekasi, Jawa Barat, Jawa, 17113, Indonesia",Kota Bekasi,,17113,-6.247208,107.002193,https://gofood.link/u/0n4YM,2017-01-24T04:27:51.686Z
364c8cf4-7e40-4228-9189-98e6a54ae703,"Roti'O, St.Kranji",,4.8,0.0,3,Mahal,1,Aktif,Roti,"Kranji, Jalan Melati Raya, Kalibaru, Kota Bekasi, Jawa Barat, Jawa, 17183, Indonesia",Kota Bekasi,Kalibaru,17183,-6.224414825439453,106.9794464111328,https://gofood.link/u/0nPmv,2016-06-20T10:28:56.549Z
53147a9f-01f3-4051-8dbe-543531e5076e,"TOUS les JOURS, Summarecon Mall Bekasi",,4.7,0.0,3,Mahal,1,Aktif,"Roti, Minuman, Korea, Sweets, Kopi","Summarecon Mall Bekasi, Jalan Bulevar Ahmad Yani, Summarecon Bekasi, Kota Bekasi, Jawa Barat, Jawa, 17142, Indonesia",Kota Bekasi,Summarecon Bekasi,17142,-6.226426,107.001132,https://gofood.link/u/0nV7M,2016-06-20T10:20:28.021Z
2f05a860-0dca-4dea-8384-11ed71e570aa,"McDonald's, Meutia Bekasi",,4.8,0.0,3,Mahal,1,Aktif,"Cepat saji, Sweets, Jajanan","mc donald, Jalan Cut Mutia, Rawalumbu Utara, Sepatan, Sepanjangjaya, Kota Bekasi, Jawa Barat, Jawa, 17113, Indonesia",Kota Bekasi,Sepanjangjaya,17113,-6.260778,107.001144,https://gofood.link/u/0nZpd,2016-10-17T08:48:27.697Z
be57c8e5-c314-4ad2-8d81-90d06f9be926,"WARUNG SATE SOLO PAK CIPTO, NUSA PHALA",,4.3,0.0,3,Mahal,1,Aktif,Sate,"Komplek Sapta Pesona, Jatiluhur, Kota Bekasi, Jawa Barat, Jawa, 16969, Indonesia",Kota Bekasi,Jatiluhur,16969,-6.3177559,106.9618932,https://gofood.link/u/0ngY5,2017-08-08T07:59:24.312Z
cb94958c-b6e1-4ad7-8bb4-05cf0bd163d3,"Rendang Ramses, Jembatan 7",,4.5,0.0,2,Menengah,1,Aktif,"Aneka nasi, Cepat saji","Jalan Lumbu Barat Raya, Jembatan 13, Markan, Bojong Rawalumbu, Kota Bekasi, Jawa Barat, Jawa, 17116, Indonesia",Kota Bekasi,Bojong Rawalumbu,17116,-6.282415,106.99621,https://gofood.link/u/0nvD7v,2019-11-12T17:04:48.320Z
2ccf3fb1-f339-4fc3-a490-aeae89a6816e,"RM Betawi Ibu Yayah, cibuntu",,4.6,0.0,2,Menengah,1,Aktif,"Aneka nasi, Bakso & soto","Kompas, Tambun, Kabupaten Bekasi, Jawa Barat, Jawa, 17510, Indonesia",Kabupaten Bekasi,Tambun,17510,-6.2704199588579215,107.06873428076506,https://gofood.link/u/0nw03,2017-09-18T08:50:09.540Z
1a54c843-aef2-4233-a19f-f05d9916f2bb,"Kedai Kashibu Ramen & Rice Bowl, Pondok Gede",,0.0,0.0,2,Menengah,1,Aktif,"Jepang, Ayam & bebek","Jalan Duta Indah Raya, Duta Indah, Jatimakmur, Kota Bekasi, Jawa Barat, Jawa, 17413, Indonesia",Kota Bekasi,Jatimakmur,17413,-6.2856888,106.9362258,https://gofood.link/u/0nxJM,2018-03-21T03:07:33.761Z
13d49a84-0117-48be-921d-c8cbdab2ea2e,"McDonald's, Summarecon Bekasi",,4.8,0.0,3,Mahal,1,Aktif,"Cepat saji, Sweets, Jajanan","McDonald's, Jalan Bulevar Selatan, Summarecon Bekasi, Kota Bekasi, Jawa Barat, Jawa, 17142, Indonesia",Kota Bekasi,Summarecon Bekasi,17142,-6.227886,106.997617,https://gofood.link/u/0r11,2016-10-14T07:49:00.228Z
c67db2d3-4fa9-4e29-8934-fe28eeeb3cbf,"Ayam Gepuk Pak Gembus, Ruko Asia Tropis",,4.7,0.0,2,Menengah,1,Aktif,Ayam & bebek,"42, Jalan Taman Cemara, Kota Harapan Indah, Kabupaten Bekasi, Jawa Barat, Jawa, 17214, Indonesia",Kabupaten Bekasi,Kota Harapan Indah,17214,-6.170252,106.975739,https://gofood.link/u/0z4L3,2017-12-13T10:14:34.392Z
d06c79e3-1e84-4968-9bc9-776b10b7cf76,"KFC, Metland Tambun",,4.7,0.0,2,Menengah,1,Aktif,Cepat saji,"Jalan Berlian Timuf, Kompas, Tambun, Kabupaten Bekasi, Jawa Barat, Jawa, 17520, Indonesia",Kabupaten Bekasi,Tambun,17520,-6.265443,107.073045,https://gofood.link/u/0zJZv,2017-05-02T12:18:52.685Z
7992369f-8a0a-4b7e-8caf-a6e63064520a,Gerai Roti Bakar (Choco Bread),,3.9,0.0,2,Menengah,1,Aktif,"Jajanan, Roti, Sweets","Babelan Kota, Kabupaten Bekasi, Jawa Barat, Jawa, 17610, Indonesia",Kabupaten Bekasi,,17610,-6.167345,107.031692,https://gofood.link/u/0zM11,2017-09-15T03:24:46.336Z
b40c3738-6d9b-4d9f-9c0d-be4fdf15a24c,"Taraso, Bekasi",,4.8,0.0,2,Menengah,1,Aktif,Aneka nasi,"Jalan Jati Waringin, Jatiwaringin, Kota Bekasi, Jawa Barat, Jawa, 17411, Indonesia",Kota Bekasi,Jatiwaringin,17411,-6.2751667,106.9126667,https://gofood.link/u/0zNAM,2016-06-20T10:21:24.812Z
ddc95470-7637-4a7b-815f-cd2257d7758d,"Ayam Bakar Juara, Setu Bekasi",,4.8,0.0,2,Menengah,1,Aktif,Ayam & bebek,"Mustika Park Place, Burangkeng, Kabupaten Bekasi, Jawa Barat, Jawa, 17320, Indonesia",Kabupaten Bekasi,Burangkeng,17320,-6.340098,107.04199,https://gofood.link/u/13lzO,2018-10-26T09:43:01.945Z
d4fe7a94-86cd-4883-b279-07bdd7002ad9,"A&W, Linc Square",,4.9,0.0,3,Mahal,1,Aktif,Cepat saji,"Indomaret, Jalan Kemang Pratama, Markan, Bojong Rawalumbu, Kota Bekasi, Jawa Barat, Jawa, 17114, Indonesia",Kota Bekasi,Bojong Rawalumbu,17114,-6.277674,106.990423,https://gofood.link/u/13wBp,2016-06-20T10:21:37.986Z
30a601fa-e752-4a23-b6ae-0f198e140782,"Warung Sate Solo Pak Sakha, mandala",,4.8,0.0,2,Menengah,1,Aktif,"Minuman, Sate, Aneka nasi","Jalan Pekayon Raya, Perumahan Pondok Mitra Lestari, Jatirasa, Kota Bekasi, Jawa Barat, Jawa, 17424, Indonesia",Kota Bekasi,Jatirasa,17424,-6.281675,106.96996,https://gofood.link/u/1Bwa,2018-11-02T03:26:47.187Z
32661f8f-b0da-48f0-8b68-b0c384557665,"Mie Ayam Jamur Suka Baru Cab. Senen, Medan Satria",,4.6,0.0,2,Menengah,1,Aktif,Bakmie,"GKPI Harapan Indah, Jalan Harapan Indah Raya, Kota Harapan Indah, Pejuang, Kota Bekasi, Jawa Barat, Jawa, 17131, Indonesia",Kota Bekasi,Pejuang,17131,-6.181341892335513,106.98250595480204,https://gofood.link/u/1GkA,2018-08-08T02:49:23.007Z
bce3f17b-ca66-4aca-ae04-f048744ca824,"Pempek Palembang Gaby, Cut Meutiah Bekasi",,4.7,0.0,2,Menengah,1,Aktif,Jajanan,"Pempek Palembang Gaby, Jalan Cut Mutia, Rawa Panjang, Margajaya, Kota Bekasi, Jawa Barat, Jawa, 17148, Indonesia",Kota Bekasi,Margajaya,17148,-6.2593916,106.9953739,https://gofood.link/u/1MLGO,2016-06-20T10:19:29.998Z
c7a7eb7f-046f-4563-92a1-5157bb3643bd,"Ari Frozen Food, Pondok Gede",,4.6,0.0,2,Menengah,1,Aktif,Cepat saji,"Jalan Pulau Tanabala, Jatimakmur, Kota Bekasi, Jawa Barat, Jawa, 17413, Indonesia",Kota Bekasi,Jatimakmur,17413,-6.275179,106.928979,https://gofood.link/u/1MV7O,2018-09-26T10:18:13.439Z
c75cc3d0-f2f8-415c-95fd-a356cdb11fb9,"Bakso Sapi'i, PTC Pulogadung","Soto Lamongan menjadi salah satu icon kuliner nusantara yang akan Go Global. Soto Cak Bukin, salah satu warisan leluhur Lamongan turut serta melestarikan dan mensupportnya, Soto Lamongan dengan kuah bening, segar dan gurih siap kami hidangkan untuk Anda",4.6,0.0,2,Menengah,1,Aktif,Bakso & soto,"Pulogadung Trade Center, Km 21, Jalan Bekasi Raya, RW 03, Rawa Terate, Cakung, Jakarta Timur, Daerah Khusus Ibukota Jakarta, Jawa, 13920, Indonesia",Bekasi (tidak spesifik),,13920,-6.183028,106.915278,https://gofood.link/u/1Mn1r,2017-01-31T09:38:20.874Z
56a000b1-86e7-4084-b3e2-073f93d27efe,"Chatime, Grand Metropolitan Bekasi",,4.8,0.0,2,Menengah,1,Aktif,"Minuman, Kopi, Sweets","Grand Metropolitan, Jalan Tol Jakarta–Cikampek, Bumi Satria Kencana, Rawa Panjang, Margajaya, Kota Bekasi, Jawa Barat, Jawa, 17142, Indonesia",Kota Bekasi,Margajaya,17142,-6.2496417,106.98416,https://gofood.link/u/1bn3,2016-06-20T10:19:51.468Z
573146fb-7d4c-4dfc-88bc-a875f5f989cd,"Pizza Hut Delivery - PHD, Cikarang Barat",,4.7,0.0,3,Mahal,1,Aktif,"Pizza & pasta, Cepat saji, Jajanan, Barat, Ayam & bebek","Sukadanau, Kabupaten Bekasi, Jawa Barat, Jawa, 17520, Indonesia",Kabupaten Bekasi,,17520,-6.273286,107.104488,https://gofood.link/u/1d8v,2017-07-15T05:43:23.072Z
561dcc82-cc0a-41a2-8f07-407374044b26,"Ayam Geprek Bu TER, Bekasi Selatan",,4.7,0.0,2,Menengah,1,Aktif,Ayam & bebek,"Jalan Boulevard Raya Barat, Pondok Pekayon Indah, Pekayon, Jakasetia, Kota Bekasi, Jawa Barat, Jawa, 17147, Indonesia",Kota Bekasi,Jakasetia,17147,-6.272783,106.972327,https://gofood.link/u/1x2O,2018-01-15T10:15:53.757Z
eb135810-2256-46f2-b058-81a8989b18cf,"Warung Soto Betawi Bang ELLo, Ruko Taman Raflesia",,4.1,0.0,2,Menengah,1,Aktif,"Bakso & soto, Ayam & bebek","Jalan Jatimulya, Taman Rafflesia, Jatimulya, Kabupaten Bekasi, Jawa Barat, Jawa, 17115, Indonesia",Kabupaten Bekasi,Jatimulya,17115,-6.271422,107.018009,https://gofood.link/u/1z0KO,2018-05-26T04:59:19.321Z
b0dc40f3-1c80-4968-aefb-33b2f0648d57,"D'COST, Grand Metropolitan Bekasi",,4.6,0.0,3,Mahal,1,Aktif,Seafood,"Grand Metropolitan, Jalan Tol Jakarta–Cikampek, Bumi Satria Kencana, Rawa Panjang, Margajaya, Kota Bekasi, Jawa Barat, Jawa, 17142, Indonesia",Kota Bekasi,Margajaya,17142,-6.2492501,106.98423,https://gofood.link/u/1zNKZ,2016-06-20T10:19:38.846Z
6f4eb090-6c8f-4179-8433-1a1d051bb907,"Baso Aci Kesultanan, Bekasi Barat",,4.7,0.0,1,Murah,1,Aktif,"Cepat saji, Bakmie, Jajanan","Jalan Harapan Baru Barat, Harapan Baru 1, Kranji, Kota Bekasi, Jawa Barat, Jawa, 17133, Indonesia",Kota Bekasi,Kranji,17133,-6.2140749,106.9665909,https://gofood.link/u/1zagp,2018-07-28T03:24:00.985Z
16e50d5a-f794-416f-81aa-4c6f3e6cd6b1,"McDonald's, Jababeka 2 Cikarang",,4.7,0.0,3,Mahal,1,Aktif,"Cepat saji, Sweets, Jajanan","McDonald's, Jalan Niaga Raya, Jababeka, Pasirsari, Kabupaten Bekasi, Jawa Barat, Jawa, 17530, Indonesia",Kabupaten Bekasi,Pasirsari,17530,-6.30084536,107.1516219,https://gofood.link/u/20gV,2017-11-21T05:00:19.119Z
4457365c-9ca7-42ed-9c13-b6649855310d,"Iga Bakar Mbok Giyah, Bekasi",,4.7,0.0,2,Menengah,1,Aktif,"Aneka nasi, Ayam & bebek","Jalan Lele Raya, Kranji, Rawa Panjang, Kayuringinjaya, Kota Bekasi, Jawa Barat, Jawa, 17144, Indonesia",Kota Bekasi,Kayuringinjaya,17144,-6.246766,106.986666,https://gofood.link/u/210y,2018-11-30T03:39:26.661Z
4fef3e42-c86a-48f1-9ae8-2ffa4b59b3f6,"BUDOR NASI KUNING, samping sekolah AL-MARJAN",,4.5,0.0,1,Murah,1,Aktif,"Aneka nasi, Jajanan, Minuman","Duta Indah, Jatikramat, Kota Bekasi, Jawa Barat, Jawa, 17413, Indonesia",Kota Bekasi,Jatikramat,17413,-6.283705,106.939081,https://gofood.link/u/25OW,2016-06-20T10:27:18.217Z
15766eec-e43f-49ce-8440-770c06f058a7,"Bakmi GM, Mall Ciputra",,4.7,0.0,3,Mahal,1,Aktif,"Bakmie, Aneka nasi, Chinese","Blok A6/1-5, Kota Bekasi, Jawa Barat, Jawa, 17435, Indonesia",Kota Bekasi,,17435,-6.382951,106.926267,https://gofood.link/u/281p,2017-03-15T08:13:31.322Z
bb386c2d-e450-4bff-a4aa-66587ac63da2,"The Harvest Cakes, Harapan Indah",,4.4,0.0,4,Premium,1,Aktif,"Roti, Kopi, Sweets","Jalan Harapan Indah Bulevar, Kota Harapan Indah, Medansatria, Kota Bekasi, Jawa Barat, Jawa, 17132, Indonesia",Kota Bekasi,Medansatria,17132,-6.189227202706679,106.9758416414372,https://gofood.link/u/2L3a3,2017-08-24T09:17:12.764Z
af832310-c8d1-46e2-931b-ef160a97a9d6,"Mie Ayam 4TUT, Medan Satria",,4.6,0.0,2,Menengah,1,Aktif,"Bakmie, Jajanan, Cepat saji","Kota Harapan Indah, Pejuang, Kota Bekasi, Jawa Barat, Jawa, 17131, Indonesia",Kota Bekasi,Pejuang,17131,-6.183622,106.978804,https://gofood.link/u/2LAOy,2018-11-16T07:40:54.530Z
ba1346a3-e388-4da5-8b32-8e933abf8d16,"Amanda Brownies, Jatiwaringin",,4.7,0.0,3,Mahal,1,Aktif,Sweets,"Jalan Jati Waringin, Jatiwaringin, Kota Bekasi, Jawa Barat, Jawa, 17411, Indonesia",Kota Bekasi,Jatiwaringin,17411,-6.2741,106.91236,https://gofood.link/u/2LM4D,2016-06-20T10:25:17.560Z
a89bc378-7353-4356-8fe1-e0900bdc94b5,Mydelicio Kitchen,,4.1,0.0,3,Mahal,1,Aktif,"Jajanan, Cepat saji, Chinese","Jalan Kemang Amarilis 2, Kemang Pratama 5, Bojong Menteng, Kota Bekasi, Jawa Barat, Jawa, 17114, Indonesia",Kota Bekasi,Bojong Menteng,17114,-6.288591,106.976466,https://gofood.link/u/2LPP3,2018-06-02T07:00:21.311Z
e9f9f73c-1a5f-443e-9234-604448d7f227,"Baso Malang Cak Kris, Grand Galaxy Park",,4.8,0.0,1,Murah,1,Aktif,Bakso & soto,"Grand Galaxy Park, No.1, Jalan Boulevard Raya Barat, Pondok Pekayon Indah, Pekayon, Jakasetia, Kota Bekasi, Jawa Barat, Jawa, 17147, Indonesia",Kota Bekasi,Jakasetia,17147,-6.2707028,106.97220149999998,https://gofood.link/u/2Lv4M,2017-04-06T08:20:48.695Z
30e7b0e8-308c-491e-aedc-40f3fa170529,"620 HokBen, Summarecon Boulevard Bekasi",,4.8,0.0,3,Mahal,1,Aktif,"Jepang, Cepat saji","HokBen, Jalan Bulevar Ahmad Yani, Summarecon Bekasi, Kota Bekasi, Jawa Barat, Jawa, 17142, Indonesia",Kota Bekasi,Summarecon Bekasi,17142,-6.225338,107.003505,https://gofood.link/u/2Qzp,2019-04-26T13:20:05.473Z
c98b4836-d10b-44b6-8d76-8a44f48482c1,"Bakmie & Seafood 99, Ruko Grand Galaxy City",,4.8,0.0,3,Mahal,1,Aktif,Bakmie,"Jalan Nusa Indah, Pekayon, Jakasetia, Kota Bekasi, Jawa Barat, Jawa, 17148, Indonesia",Kota Bekasi,Jakasetia,17148,-6.25661,106.972719,https://gofood.link/u/2d1mj,2016-06-20T10:19:41.731Z
a2f525c8-1392-480a-bd46-58ae07b13fae,Warung Makan Sido Mampir Sate Pak Man Solo,,4.6,0.0,3,Mahal,1,Aktif,"Aneka nasi, Sate","Jalan Nusantara, Bulak Kapal, Duren Jaya, Kota Bekasi, Jawa Barat, Jawa, 17111, Indonesia",Kota Bekasi,Duren Jaya,17111,-6.243308,107.027519,https://gofood.link/u/2dJbP,2018-11-16T10:12:19.971Z
45cacecf-e8e4-4b76-94c3-6f71707bdbd2,"Solaria, Transmart Bekasi Juanda",,4.7,0.0,3,Mahal,1,Aktif,Aneka nasi,"Bulak Kapal, Kota Bekasi, Jawa Barat, Jawa, 17113, Indonesia",Kota Bekasi,,17113,-6.2499965,107.0169205,https://gofood.link/u/2ljD,2019-03-28T10:32:45.483Z
242e42a7-7827-4562-881f-b3a1b221cd28,"Seblak Lucy, Tambun Selatan",,3.3,0.0,1,Murah,1,Aktif,"Jajanan, Bakso & soto, Minuman","Setiamekar, Kabupaten Bekasi, Jawa Barat, Jawa, 17510, Indonesia",Kabupaten Bekasi,,17510,-6.245670384381809,107.05438110977413,https://gofood.link/u/2y8Lp,2018-05-08T06:44:59.138Z
e94c5617-a3c8-4046-8a02-75dbf0faaf5a,"Warung Pecel Lele Cak Bondet, Medan Satria",,4.7,0.0,1,Murah,1,Aktif,"Aneka nasi, Ayam & bebek, Bakso & soto","Jalan Raya Seroja Bekasi, Medansatria, Kota Bekasi, Jawa Barat, Jawa, 17132, Indonesia",Kota Bekasi,Medansatria,17132,-6.1956898,106.9748503,https://gofood.link/u/2ybRzD,2019-12-09T16:15:34.844Z
0f14d66c-e742-4158-9b4a-9975b9a9db51,"Fat Pao Bekasi, Platinum Village 2",,0.0,0.0,1,Murah,1,Aktif,"Cepat saji, Jajanan, Kopi","Jati Kramat Indah 2, Jatikramat, Kota Bekasi, Jawa Barat, Jawa, 17421, Indonesia",Kota Bekasi,Jatikramat,17421,-6.273486370139185,106.94972064346076,https://gofood.link/u/2ydYD,2018-04-05T04:50:26.723Z
54abe3c3-f13a-4c48-879d-8fc4f53abcf4,"Master Squid, Summarecon Mall Bekasi",,4.7,0.0,3,Mahal,1,Aktif,Jajanan,"Summarecon Mall Bekasi, Jalan Bulevar Ahmad Yani, Summarecon Bekasi, Kota Bekasi, Jawa Barat, Jawa, 17142, Indonesia",Kota Bekasi,Summarecon Bekasi,17142,-6.2261931,107.00127410000005,https://gofood.link/u/2yldW,2016-08-31T03:36:17.710Z
5e4bd74f-4173-488a-bfcf-044a01003c41,"Ayam Penyet Special Mbak Zuni, Jatimulya",,4.7,0.0,2,Menengah,1,Aktif,"Bakso & soto, Ayam & bebek, Aneka nasi","Jalan Delima Raya, Perum. Jatimulya Bekasi, Jatimulya, Kabupaten Bekasi, Jawa Barat, Jawa, 17115, Indonesia",Kabupaten Bekasi,Jatimulya,17115,-6.268324,107.018468,https://gofood.link/u/2ylzB,2018-03-21T07:44:37.110Z
2b7653a3-f605-4d4b-823a-65f20ef1e9a5,Soto Betawi Bang Ndut (Grand Galaxy Park),,4.4,0.0,3,Mahal,1,Aktif,Bakso & soto,"Grand Galaxy Park, No.1, Jalan Boulevard Raya Barat, Pondok Pekayon Indah, Pekayon, Jakasetia, Kota Bekasi, Jawa Barat, Jawa, 17147, Indonesia",Kota Bekasi,Jakasetia,17147,-6.2708215,106.972269,https://gofood.link/u/2yyWy,2017-01-26T07:07:42.163Z
b4b809b9-d807-4b70-9e00-6a8dce70e2d2,"Soto Ceker Jumbo Hj Sumi, Jatiasih",,4.6,0.0,2,Menengah,1,Aktif,Bakso & soto,"Villa Jatirasa, Jatimekar, Kota Bekasi, Jawa Barat, Jawa, 17423, Indonesia",Kota Bekasi,Jatimekar,17423,-6.302058,106.957742,https://gofood.link/u/2yznP,2018-08-10T04:37:10.119Z
bcd290bf-885f-4d23-80ed-f3967e287905,"Seblak Warisan Mercubuana, Cibubur",,4.8,0.0,2,Menengah,1,Aktif,Jajanan,"Jatiranggon, Kota Bekasi, Jawa Barat, Jawa, 17432, Indonesia",Kota Bekasi,,17432,-6.3451208,106.9211142,https://gofood.link/u/3N9WG,2018-03-26T03:08:22.474Z
6768ca03-a994-40c7-91e0-1632831235d1,"Domino's Pizza, Bintara",,4.7,0.0,3,Mahal,1,Aktif,"Pizza & pasta, Cepat saji, Jajanan","Bintara, Jalan Bintara Raya, Kranji, Bintara, Kota Bekasi, Jawa Barat, Jawa, 17134, Indonesia",Kota Bekasi,Bintara,17134,-6.232744056182925,106.965052485466,https://gofood.link/u/3N9g3,2017-03-13T04:46:01.482Z
ffabe907-94bc-4bbb-885b-c6dce2162026,"Marugame Udon & Tempura, Summarecon Mall Bekasi",,4.8,0.0,3,Mahal,1,Aktif,"Jepang, Bakmie","Summarecon Mall Bekasi, Jalan Bulevar Ahmad Yani, Summarecon Bekasi, Kota Bekasi, Jawa Barat, Jawa, 17142, Indonesia",Kota Bekasi,Summarecon Bekasi,17142,-6.2258113,107.0004797,https://gofood.link/u/3NVa4,2016-06-20T10:23:34.276Z
c6fe3e7d-ec17-40a1-933d-c41cbf57932a,"Bebek Goreng H. Slamet, Jatiasih",,4.5,0.0,3,Mahal,1,Aktif,Ayam & bebek,"Komplek Pondokgede Permai, Jatirasa, Kota Bekasi, Jawa Barat, Jawa, 17423, Indonesia",Kota Bekasi,Jatirasa,17423,-6.2993969,106.9706827,https://gofood.link/u/3NYP9,2018-01-03T03:33:37.363Z
680a9657-8b9f-4505-84f9-121994cdc722,"Fish Streat, Grand Galaxy",Juara Partner GO-FOOD 2019: Kategori JAGOAN GO-FOODIES Jabodetabek,4.6,0.0,3,Mahal,1,Aktif,Seafood,"Jalan Boulevard Raya Barat, Komplek Mayor, Pekayon, Jakasetia, Kota Bekasi, Jawa Barat, Jawa, 17147, Indonesia",Kota Bekasi,Jakasetia,17147,-6.27765,106.97454,https://gofood.link/u/3NYV3,2017-04-07T03:40:27.134Z
ecdc75e5-2ce6-43f0-894a-f0b1c16b69ff,"Raa Cha Suki & BBQ, Grand Metropolitan",,4.6,0.0,4,Premium,1,Aktif,"Jepang, Aneka nasi, Cepat saji, Thailand","Grand Metropolitan, Jalan Tol Jakarta–Cikampek, Bumi Satria Kencana, Rawa Panjang, Margajaya, Kota Bekasi, Jawa Barat, Jawa, 17142, Indonesia",Kota Bekasi,Margajaya,17142,-6.2496301,106.98416,https://gofood.link/u/3NlA4,2016-06-20T10:21:32.614Z
f690f552-e3aa-42bf-a6c7-86ebc28c0dc9,"Thai Street, Grand Metropolitan Mall",,4.4,0.0,3,Mahal,1,Aktif,Thailand,"Grand Metropolitan, Jalan Tol Jakarta–Cikampek, Bumi Satria Kencana, Rawa Panjang, Margajaya, Kota Bekasi, Jawa Barat, Jawa, 17142, Indonesia",Kota Bekasi,Margajaya,17142,-6.2495637,106.9850147,https://gofood.link/u/3NlJq,2016-12-01T04:42:59.303Z
708b073c-7ba1-4dd6-8d69-a721e76e6947,"McDonald's, Cibitung",,4.7,0.0,3,Mahal,1,Aktif,"Cepat saji, Sweets, Jajanan","McDonald's, Jalan Raya Teuku Umar, Gandasari, Kabupaten Bekasi, Jawa Barat, Jawa, 17520, Indonesia",Kabupaten Bekasi,Gandasari,17520,-6.269622,107.088719,https://gofood.link/u/3NwAR,2017-11-21T04:44:23.793Z
dc7ba649-cc34-4e3b-ac46-e7f041a3f14a,"Mie Keriting Ayam Jamur ""Cantik Sebelas"", Taman Narogong Indah",,4.3,0.0,2,Menengah,1,Aktif,"Bakmie, Bakso & soto, Jajanan","Jalan Cantik XI, Perum. Taman Narogong Indah, Narogong, Kota Bekasi, Jawa Barat, Jawa, 17115, Indonesia",Kota Bekasi,Narogong,17115,-6.2807661,107.0091881,https://gofood.link/u/3P42r,2016-06-20T10:28:05.537Z
183ba1ab-c929-4776-9ed1-43a4996aecd2,"Solaria, Rest Area KM 6B",,4.8,0.0,3,Mahal,1,Aktif,Aneka nasi,"Rest Area KM 6 Bekasi, Jalan Swakarsa, Jatibening, Kota Bekasi, Jawa Barat, Jawa, 17412, Indonesia",Kota Bekasi,Jatibening,17412,-6.25885,106.928037,https://gofood.link/u/3PKeWa,2020-03-05T12:30:47.002Z
f0d07a2f-4601-4b78-b45d-2bf5190b22f9,"Bubur Ayam Kampung Nyemplung, Rawalumbu",,4.8,0.0,2,Menengah,1,Aktif,Aneka nasi,"Pondok Hijau Permai, Pondok Hijau, Sepanjangjaya, Kota Bekasi, Jawa Barat, Jawa, 17115, Indonesia",Kota Bekasi,Sepanjangjaya,17115,-6.263291,107.014438,https://gofood.link/u/3PRm3,2018-12-06T07:44:24.503Z
d264fb47-c67d-42ea-8e48-7afc14ccf7fc,"KFC, Zamrud Bekasi",,4.7,0.0,3,Mahal,1,Aktif,Cepat saji,"Jalan Raya Zamrud Selatan, Dukuh Zamrud, Padurenan, Kota Bekasi, Jawa Barat, Jawa, 16340, Indonesia",Kota Bekasi,Padurenan,16340,-6.321018851329346,107.01624114597509,https://gofood.link/u/3PabG,2017-02-22T04:07:31.739Z
1e054e26-546b-4a64-a3c7-b9982107662d,"Bakmie & Seafood 99, Harapan Jaya",,4.4,0.0,2,Menengah,1,Aktif,Bakmie,"Jalan Gang Krakatau Raya, Harapan Mulya, Kota Bekasi, Jawa Barat, Jawa, 17124, Indonesia",Kota Bekasi,Harapan Mulya,17124,-6.2154716,106.9877124,https://gofood.link/u/3Vr9,2017-04-04T04:34:56.282Z
ea2c2cf3-5d7c-40b5-86e6-89235ee6ffd5,"J - Zone Cafe, Pondok Gede",,4.5,0.0,3,Mahal,1,Aktif,"Minuman, Jajanan, Barat","Pesantren Yatim As-Syafiiyah, Jalan Jati Waringin, Jaticempaka, Kota Bekasi, Jawa Barat, Jawa, 17416, Indonesia",Kota Bekasi,Jaticempaka,17416,-6.2606584,106.910947,https://gofood.link/u/3a5N1,2016-06-20T10:21:17.567Z
c333d835-eb7c-405a-9898-4bbdc68707ce,"Rawon Manten, Jatinegara",,4.7,0.0,2,Menengah,1,Aktif,Bakso & soto,"Jalan Bekasi Barat II, RW 02, Rawa Bunga, Jatinegara, Jakarta Timur, Daerah Khusus Ibukota Jakarta, Jawa, 13350, Indonesia",Bekasi (tidak spesifik),,13350,-6.2172218,106.8702231,https://gofood.link/u/3a9eB,2017-01-06T06:45:25.093Z
ead5ebed-5a5c-4486-8e59-0c8ece6d1406,"Sate Solo Pak Hasan, Mustika Jaya",,4.6,0.0,3,Mahal,1,Aktif,"Aneka nasi, Sate","Jalan Mutiara Gading Timur, Perum. Mutiara Gading Timur, Mutiara Gading, Kota Bekasi, Jawa Barat, Jawa, 17158, Indonesia",Kota Bekasi,Mutiara Gading,17158,-6.281002,107.028448,https://gofood.link/u/3aLja,2018-08-08T08:29:59.707Z
cc4b2919-19d4-4f3c-afb9-e42d9cfba2cd,"Holland Bakery, Jl. KH. Noer Ali Bekasi",,4.7,0.0,2,Menengah,1,Aktif,"Roti, Sweets","Warunk Upnormal, Jalan Raya Kalimalang, Bintarajaya, Kota Bekasi, Jawa Barat, Jawa, 17145, Indonesia",Kota Bekasi,Bintarajaya,17145,-6.249392627471156,106.95274051895986,https://gofood.link/u/3aMVq,2016-06-20T10:19:52.919Z
c242b9c8-06ff-49dc-a046-af81519c5082,"Roti'O, Grand Galaxy Park",,4.8,0.0,3,Mahal,1,Aktif,Roti,"Grand Galaxy Park, No.1, Jalan Boulevard Raya Barat, Pondok Pekayon Indah, Pekayon, Jakasetia, Kota Bekasi, Jawa Barat, Jawa, 17147, Indonesia",Kota Bekasi,Jakasetia,17147,-6.2708814,106.9722052,https://gofood.link/u/3aPA9,2016-06-20T10:28:56.331Z
6dbb652d-45bc-440a-8423-b3f8ed86c838,A&W Blu Plaza,"A&W Restaurants pertama kali dibuka di California pada tahun 1919. Produk yang dijual adalah A&W Root Beer, ayam goreng, burger maupun nugget. Di Indonesia, A&W memiliki lebih dari 200 outlet yang tersebar di kota besar maupun kecil.",4.8,0.0,3,Mahal,1,Aktif,Cepat saji,"Jalan Chairil Anwar, Rawasemut, Kota Bekasi, Jawa Barat, Jawa, 17113, Indonesia",Kota Bekasi,Rawasemut,17113,-6.256109599999999,107.00776489999998,https://gofood.link/u/3apa3,2016-06-20T10:21:35.334Z
2189c7aa-0926-48f2-9394-a9987599d28e,"Captain Kerang, Jatinegara",,3.9,0.0,3,Mahal,1,Aktif,Seafood,"Jalan Bekasi Barat Raya, RW 03, Rawa Bunga, Jatinegara, Jakarta Timur, Daerah Khusus Ibukota Jakarta, Jawa, 13350, Indonesia",Bekasi (tidak spesifik),,13350,-6.21547,106.871605,https://gofood.link/u/3bxR,2018-08-28T10:41:11.448Z
3eee81d3-55a3-4194-b648-cb3139f840cb,"Domino's Pizza, Mutiara Gading Timur",,4.7,0.0,3,Mahal,1,Aktif,"Pizza & pasta, Cepat saji, Jajanan","Jalan Mutiara Gading Timur, Perum. Mutiara Gading Timur, Mutiara Gading, Mustikajaya, Kota Bekasi, Jawa Barat, Jawa, 17158, Indonesia",Kota Bekasi,Mustikajaya,17158,-6.2865391,107.0323148,https://gofood.link/u/3dN4q,2017-03-10T07:14:41.587Z
3ee8861e-29b7-499f-8bb8-2aaa4659f472,"HokBen, Mega Bekasi Hypermall",,4.7,0.0,3,Mahal,1,Aktif,"Cepat saji, Jepang","Giant Mega Bekasi Hypermall, No.1, Jalan Ahmad Yani, Rawa Panjang, Margajaya, Kota Bekasi, Jawa Barat, Jawa, 17141, Indonesia",Kota Bekasi,Margajaya,17141,-6.2492812,106.9921134,https://gofood.link/u/3dNNy,2016-06-30T04:26:54.429Z
0f312bdb-c90d-44da-b61c-05dde8634d14,"HokBen, Revo Town",,4.6,0.0,3,Mahal,1,Aktif,"Cepat saji, Jepang","Revo Town, Jalan Tol Jakarta–Cikampek, Rawa Panjang, Margajaya, Kota Bekasi, Jawa Barat, Jawa, 17148, Indonesia",Kota Bekasi,Margajaya,17148,-6.2544257,106.9896986,https://gofood.link/u/3dal1,2016-06-20T10:21:52.765Z
728232bd-fb01-4aa9-b212-a5e0ee3de6a3,"RESTORAN 99, ASEM RWA MULYA",,4.4,0.0,2,Menengah,1,Aktif,"Bakmie, Aneka nasi, Seafood","Jalan Rawa Mulya, Perempatan Asem, Mutiara Gading, Mustikasari, Kota Bekasi, Jawa Barat, Jawa, 17158, Indonesia",Kota Bekasi,Mustikasari,17158,-6.288735840886714,107.02226098626852,https://gofood.link/u/3deZR,2016-06-20T10:27:26.278Z
2ae96b5a-a8a5-41fc-9d9d-8257b60f0545,"Brownies Cinta & Cake, Rawalumbu",,4.8,0.0,3,Mahal,1,Aktif,Sweets,"Perum. Taman Narogong Indah, Narogong, Sepanjangjaya, Kota Bekasi, Jawa Barat, Jawa, 17115, Indonesia",Kota Bekasi,Sepanjangjaya,17115,-6.272401,107.008473,https://gofood.link/u/3ek4,2017-11-08T15:44:17.445Z
292c0f2b-149d-4c9e-957e-37fac09c9518,Nanny's Pavillon By Altima Group - Summarecon Mall Bekasi,,4.6,0.0,3,Mahal,1,Aktif,"Pizza & pasta, Barat, Sweets","Summarecon Mall Bekasi, Jalan Bulevar Ahmad Yani, Summarecon Bekasi, Kota Bekasi, Jawa Barat, Jawa, 17142, Indonesia",Kota Bekasi,Summarecon Bekasi,17142,-6.2264621,107.00088,https://gofood.link/u/3nj3,2016-06-20T10:21:50.240Z
1a7397d8-b987-4534-8eaf-834a5a8d29a0,"Pizza Hut, Golden City Bekasi",,4.7,0.0,4,Premium,1,Aktif,"Pizza & pasta, Cepat saji, Barat, Jajanan, Ayam & bebek","Richeese Factory, Jalan Lingkar Utara, Harapan Baru, Kota Bekasi, Jawa Barat, Jawa, 17121, Indonesia",Kota Bekasi,Harapan Baru,17121,-6.20791,107.021335,https://gofood.link/u/3yqBa,2019-10-24T16:54:27.716Z
f3f09f5d-2de7-4fbc-8fc3-4f162ed13ab6,"Bakso Aci Teh Resty, Mustika Sari",,3.8,0.0,2,Menengah,1,Aktif,"Bakso & soto, Bakmie, Cepat saji","Perum. Taman Narogong Indah, Narogong, Kota Bekasi, Jawa Barat, Jawa, 17157, Indonesia",Kota Bekasi,Narogong,17157,-6.282971768095414,107.00791854411362,https://gofood.link/u/415mg,2019-07-01T13:32:25.121Z
a9deca93-c344-41e1-9610-bd5ca3faf22b,"Jambu Bonbon, Plaza Pondok Gede",,4.8,0.0,3,Mahal,1,Aktif,Sweets,"Plaza Pondok Gede 2, Jalan Masjid Nurul Ihsan, Jatiwaringin, Kota Bekasi, Jawa Barat, Jawa, 17411, Indonesia",Kota Bekasi,Jatiwaringin,17411,-6.283881,106.911509,https://gofood.link/u/419Pg,2018-11-06T08:28:58.562Z
57065fbd-bb9d-47ce-9fa3-be6845ebe7ea,"Baslok MS wonogiri 3, Tambun Utara",,4.2,0.0,3,Mahal,1,Aktif,"Jajanan, Bakso & soto, Bakmie","Jalan Pisangan Raya, Tera Damai, Sriamur, Kabupaten Bekasi, Jawa Barat, Jawa, 17150, Indonesia",Kabupaten Bekasi,Sriamur,17150,-6.191787586242232,107.04514224082232,https://gofood.link/u/44Jq,2017-04-27T08:21:27.162Z
ba3166aa-7a1a-4d78-bd66-3605a1c235c4,"Bakso Aci Garut Teh Resty, Jl Pasar Tanah Merah",,4.5,0.0,2,Menengah,1,Aktif,"Jajanan, Bakso & soto","Jalan Tanah Nerah, Perum. Taman Narogong Indah, Narogong, Kota Bekasi, Jawa Barat, Jawa, 17157, Indonesia",Kota Bekasi,Narogong,17157,-6.282980766177411,107.00802650302649,https://gofood.link/u/48Gbq,2018-03-13T05:44:23.124Z
fcbf92f4-23ea-454b-b3f7-de124b7f83c6,Cendolan x Nasi Telor Mama Muda,,4.7,0.0,2,Menengah,1,Aktif,"Minuman, Aneka nasi, Cepat saji","Kompas, Mekarsari, Kabupaten Bekasi, Jawa Barat, Jawa, 17519, Indonesia",Kabupaten Bekasi,Mekarsari,17519,-6.249166210780934,107.07242634147406,https://gofood.link/u/48Wkg,2018-01-24T02:24:00.178Z
eb2d7bb6-cb8f-4606-bfeb-ca3909cb9f84,"Geprek Bensu, Duta Harapan","Juara Partner GO-FOOD 2019: Kategori Partner Terbaik, Kategori Outlet Terbaik & Kategori Makan Siang Jabodetabek",4.7,0.0,2,Menengah,1,Aktif,"Aneka nasi, Ayam & bebek, Cepat saji","Jalan Duta Bulevar Barat, Harapan Baru, Kota Bekasi, Jawa Barat, Jawa, 17121, Indonesia",Kota Bekasi,Harapan Baru,17121,-6.215482,107.020691,https://gofood.link/u/48dWg,2018-05-07T08:51:44.835Z
106b6506-7ab8-424b-b52c-bc56cc5369a4,"Sop Dan Soto Bude, Harapan Indah Raya",,4.4,0.0,3,Mahal,1,Aktif,"Ayam & bebek, Bakmie, Bakso & soto","Kota Harapan Indah, Pejuang, Kota Bekasi, Jawa Barat, Jawa, 17131, Indonesia",Kota Bekasi,Pejuang,17131,-6.174192982916224,106.97924070060252,https://gofood.link/u/4LVMx,2018-06-26T06:26:20.321Z
362f122c-8c39-4dd3-bbe8-9a5001333dcd,"Seblak Sosmed 9, Bekasi",,4.5,0.0,2,Menengah,1,Aktif,Jajanan,"Jalan Raya Mess AL, RT 01, RW 07, Jatiranggon, Kota Bekasi, Jawa Barat, Jawa, 17432, Indonesia",Kota Bekasi,Jatiranggon,17432,-6.342941,106.929381,https://gofood.link/u/4LkyK,2018-07-18T08:56:20.485Z
38c61c12-14d8-4600-9211-16f100f497b6,"Pancake Durian Bekasi, Grand Regency 6",,3.9,0.0,3,Mahal,1,Aktif,Sweets,"Dukuh Zamrud, Padurenan, Kota Bekasi, Jawa Barat, Jawa, 17155, Indonesia",Kota Bekasi,Padurenan,17155,-6.3183828,107.0178296,https://gofood.link/u/4Lvzq,2016-06-20T10:28:02.655Z
0cc71344-413e-4b85-ae19-1ca05ba1cada,"RESTAURANT 99, BUMY ANGGARA / GRAHA HARAPAN",,4.6,0.0,2,Menengah,1,Aktif,"Seafood, Aneka nasi, Bakmie","Jalan Graha Harapan, Perum. Pesona Bumyagara, Mutiara Gading, Mustikajaya, Kota Bekasi, Jawa Barat, Jawa, 17158, Indonesia",Kota Bekasi,Mustikajaya,17158,-6.3005230640793695,107.02607776969673,https://gofood.link/u/4RO1,2016-06-20T10:26:41.478Z
57481a01-92da-48c4-9835-2d8578e06570,"KFC, Metropolitan Mall",,4.5,0.0,3,Mahal,1,Aktif,Cepat saji,"Hotel Horison Bekasi, Jalan K. H. Noer Ali, Rawa Panjang, Kayuringinjaya, Kota Bekasi, Jawa Barat, Jawa, 17148, Indonesia",Kota Bekasi,Kayuringinjaya,17148,-6.2483107,106.99016,https://gofood.link/u/4Vqw,2016-06-20T10:21:36.470Z
c9a2abb5-3b98-4196-aee1-b6c2e0d2276d,"KFC Box, Naga Wisma",,4.7,0.0,3,Mahal,1,Aktif,Cepat saji,"Gang Makam, Bekasi Jaya, Kota Bekasi, Jawa Barat, Jawa, 17121, Indonesia",Kota Bekasi,Bekasi Jaya,17121,-6.221973,107.020266,https://gofood.link/u/4j9YK,2017-12-28T08:18:16.420Z
dc6c9924-08ef-4b99-a619-07c4ed5022f9,"Warkop Disini Aja, Villa Mutiara Gading 1",,4.3,0.0,2,Menengah,1,Aktif,"Aneka nasi, Cepat saji, Kopi","Jalan Mutiara Gading Raya, Setiaasih, Kabupaten Bekasi, Jawa Barat, Jawa, 17215, Indonesia",Kabupaten Bekasi,Setiaasih,17215,-6.155682,106.991821,https://gofood.link/u/4jkQx,2018-10-12T06:54:37.819Z
61689fb7-3c43-40f3-b211-a8c55dffecdd,"Domino's Pizza, Jati Asih",,4.7,0.0,3,Mahal,1,Aktif,"Pizza & pasta, Cepat saji, Jajanan","Starbucks, Jalan Wibawa Mukti II, Komplek Pemda Jatiasih, Jatimekar, Kota Bekasi, Jawa Barat, Jawa, 17423, Indonesia",Kota Bekasi,Jatimekar,17423,-6.2955389,106.9595795,https://gofood.link/u/4jrbq,2016-06-20T10:28:07.629Z
626de152-61a6-4b5e-9b11-881fea60d3c8,"Burger King, Lippo Cikarang",,4.7,0.0,2,Menengah,1,Aktif,"Cepat saji, Aneka nasi, Jajanan, Ayam & bebek","SPBU 10054230, 112, Jalan Mohammad Husni Thamrin, Lippo Cikarang, Sukaresmi, Kabupaten Bekasi, Jawa Barat, Jawa, 17550, Indonesia",Kabupaten Bekasi,Sukaresmi,17550,-6.328921759,107.1294293,https://gofood.link/u/4jydv,2018-04-04T05:21:36.667Z
c793f792-30d8-4f6f-af35-f8cd2b0e5974,"SS Crepes Mall & Es Teh Nusantara, Bekasi",,0.0,0.0,1,Murah,1,Aktif,"Jajanan, Cepat saji, Roti","Alfamidi, Jalan Bintara Jaya, Bintarajaya, Kota Bekasi, Jawa Barat, Jawa, 17134, Indonesia",Kota Bekasi,Bintarajaya,17134,-6.238774,106.945752,https://gofood.link/u/51adY,2017-06-14T03:39:37.879Z
e9f00493-7116-4612-9f65-31e352ffe4ab,"Excelso Coffee, Summarecon Mall Bekasi",,4.9,0.0,3,Mahal,1,Aktif,"Sweets, Kopi, Jajanan, Minuman","Summarecon Mall Bekasi, Jalan Bulevar Ahmad Yani, Summarecon Bekasi, Kota Bekasi, Jawa Barat, Jawa, 17142, Indonesia",Kota Bekasi,Summarecon Bekasi,17142,-6.2259874,107.0005,https://gofood.link/u/5Aqyl,2016-06-20T10:21:06.022Z
2ad39202-4cd6-4d01-9558-9839f168ae39,Sate Padang Danguang - Danguang,,0.0,0.0,1,Murah,1,Aktif,Sate,"RS Bhakti Kartini, 11, Jalan RA. Kartini, Rawasemut, Bekasi Jaya, Kota Bekasi, Jawa Barat, Jawa, 17113, Indonesia",Kota Bekasi,Bekasi Jaya,17113,-6.2473333,107.0016667,https://gofood.link/u/5DPk,2016-06-20T10:18:48.575Z
4db11eb6-21b6-4579-b267-dad95ff17938,"HokBen, Plasa Cibubur",,4.8,0.0,3,Mahal,1,Aktif,"Cepat saji, Jepang","Plaza Cibubur, Jalan Kalimanggis, Kota Bekasi, Jawa Barat, Jawa, 17433, Indonesia",Kota Bekasi,Jalan Kalimanggis,17433,-6.3761848,106.9143534,https://gofood.link/u/5Kel,2016-06-20T10:23:39.855Z
11df9981-3ba7-4064-8fb8-53eee0267a99,"Sop Ayam Mbah Min Klaten, Hankam",,4.7,0.0,2,Menengah,1,Aktif,"Bakso & soto, Aneka nasi, Ayam & bebek","Jatiranggon, Kota Bekasi, Jawa Barat, Jawa, 17432, Indonesia",Kota Bekasi,,17432,-6.337027,106.923237,https://gofood.link/u/5LNPq,2017-06-02T06:19:53.897Z
4c1d1c3f-8855-4af7-8243-410c71ee87cf,"Nikita Fried Chicken, Mustikajaya",,4.6,0.0,1,Murah,1,Aktif,Cepat saji,"Dukuh Zamrud, Cimuning, Kota Bekasi, Jawa Barat, Jawa, 17156, Indonesia",Kota Bekasi,Cimuning,17156,-6.303973533910402,107.03236419707358,https://gofood.link/u/5LR8,2017-07-26T03:17:29.817Z
41336bfc-fcc0-4543-ad07-f7c7e8791ca0,Mie Ayam 107,,3.4,0.0,2,Menengah,1,Aktif,Bakmie,"Jalan Lombok, Perum Dosen IKIP, Jatikramat, Kota Bekasi, Jawa Barat, Jawa, 17412, Indonesia",Kota Bekasi,Jatikramat,17412,-6.267874,106.947938,https://gofood.link/u/5LqjQ,2018-07-24T08:07:43.320Z
378c2b7f-438e-4a26-9e6e-622378842c97,"Solaria, Mall Ciputra Citra Grand",,4.7,0.0,3,Mahal,1,Aktif,"Chinese, Aneka nasi","Jalan Tol Cimanggis–Cibitung, CitraGrand Cibubur CBD, Kota Bekasi, Gunung Putri, Bogor, Jawa Barat, Jawa, 17435, Indonesia",Kota Bekasi,CitraGrand Cibubur CBD,17435,-6.382639,106.9266902,https://gofood.link/u/5Lx0l,2016-06-20T10:20:28.634Z
44a151cb-c8d9-4968-ad08-159eb9c33da5,"Gabus Pucung, Bintara Jaya",,4.6,0.0,3,Mahal,1,Aktif,"Aneka nasi, Cepat saji","Jalan Haji Matali, Bintara, Kota Bekasi, Jawa Barat, Jawa, 17134, Indonesia",Kota Bekasi,Bintara,17134,-6.235139103819459,106.94911111146212,https://gofood.link/u/5WyQ,2017-12-12T06:32:20.220Z
cab54853-d1fe-486e-86da-4f1b380dc8f6,"Soto Ayam Babon Surabaya, Bekasi Utara",,4.6,0.0,1,Murah,1,Aktif,Bakso & soto,"Jalan Taman Wisma Asri II, Telukpucung, Kota Bekasi, Jawa Barat, Jawa, 17121, Indonesia",Kota Bekasi,Telukpucung,17121,-6.201147,107.028015,https://gofood.link/u/5mY7Q,2018-04-06T09:45:06.957Z
1e67ec38-9b7a-4512-afd2-5dd3b77e6e8b,Ayam Kalasan Pa'De Sudar 354,,4.9,0.0,2,Menengah,1,Aktif,Ayam & bebek,"Jalan Lele Raya, Kranji, Rawa Panjang, Kayuringinjaya, Kota Bekasi, Jawa Barat, Jawa, 17144, Indonesia",Kota Bekasi,Kayuringinjaya,17144,-6.2462341,106.9896739,https://gofood.link/u/5nn8,2016-06-20T10:24:38.838Z
bd662ab1-3581-489d-bc54-3149ecc3dceb,"Domino's Pizza, Citywalk Cikarang",,4.7,0.0,3,Mahal,1,Aktif,"Pizza & pasta, Cepat saji, Jajanan","CityWalk, Jalan Mohammad Husni Thamrin, Lippo Cikarang, Sukaresmi, Kabupaten Bekasi, Jawa Barat, Jawa, 17550, Indonesia",Kabupaten Bekasi,Sukaresmi,17550,-6.3281079,107.1275716,https://gofood.link/u/72G21,2016-06-20T10:22:24.159Z
eb8a1dcd-2452-45cf-9eae-498efc8281a0,"Soto Betawi Ibu Emis, Tambun Selatan",,4.6,0.0,2,Menengah,1,Aktif,Bakso & soto,"Kompas, Mekarsari, Kabupaten Bekasi, Jawa Barat, Jawa, 17520, Indonesia",Kabupaten Bekasi,Mekarsari,17520,-6.2552622,107.0690744,https://gofood.link/u/72KGW,2018-11-21T07:29:16.467Z
edcb0521-b938-43f6-bf36-24c0fd3b183c,"Rumah Makan 99 Seafood, Rawalumbu",,4.7,0.0,3,Mahal,1,Aktif,Aneka nasi,"Jalan Dasa Dharma, Jembatan Nol, Rawalumbu, Sepanjangjaya, Kota Bekasi, Jawa Barat, Jawa, 17175, Indonesia",Kota Bekasi,Sepanjangjaya,17175,-6.273835,107.000769,https://gofood.link/u/72bR1,2018-07-27T09:49:11.367Z
be017a3f-1b78-4266-b2a9-1fca2d76fee5,A&W Pulo Gadung Trade Centre,,4.7,0.0,3,Mahal,1,Aktif,Cepat saji,"Pulogadung Trade Center, Km 21, Jalan Bekasi Raya, RW 03, Rawa Terate, Cakung, Jakarta Timur, Daerah Khusus Ibukota Jakarta, Jawa, 13920, Indonesia",Bekasi (tidak spesifik),,13920,-6.183,106.9158333,https://gofood.link/u/72klr,2016-06-20T10:19:48.117Z
7317f750-3192-4a5a-8e90-b9a935fd05ab,"Radja Gurame, Pondok Gede",,4.5,0.0,3,Mahal,1,Aktif,Seafood,"Bank Syariah Indonesia, Jalan Pondok Gede, Jatiwaringin, Kota Bekasi, Jawa Barat, Jawa, 17411, Indonesia",Kota Bekasi,Jatiwaringin,17411,-6.2843592,106.9105446,https://gofood.link/u/752VP,2016-06-20T10:18:31.484Z
b822ce46-a474-46d5-b943-bb94761f8d19,"Ayam Penyet Sambal Ijo Sep'to Bledar Bleder, Bekasi Selatan",,4.7,0.0,2,Menengah,1,Aktif,Ayam & bebek,"Jalan Jati Raya, Kranji, Kayuringinjaya, Kota Bekasi, Jawa Barat, Jawa, 17144, Indonesia",Kota Bekasi,Kayuringinjaya,17144,-6.239134,106.987486,https://gofood.link/u/75MDV,2018-01-24T04:20:22.695Z
77bf1b03-f20a-4eb7-a90f-298e58cb8f81,"Siomay Bandung ""Rejeki"", Tambun Selatan",,4.1,0.0,3,Mahal,1,Aktif,Jajanan,"Grand Wisata Residence, Dukuh Bima, Lambangsari, Kabupaten Bekasi, Jawa Barat, Jawa, 17510, Indonesia",Kabupaten Bekasi,Lambangsari,17510,-6.280283,107.0451095,https://gofood.link/u/7L1xe,2018-05-15T09:43:41.193Z
c3644c46-52e0-4c7e-84a4-4288f716844d,"Solaria, Grand Metropolitan Bekasi Lt.2 21-22T21-22GM",,4.7,0.0,3,Mahal,1,Aktif,"Aneka nasi, Chinese","Grand Metropolitan, Jalan Tol Jakarta–Cikampek, Bumi Satria Kencana, Rawa Panjang, Margajaya, Kota Bekasi, Jawa Barat, Jawa, 17142, Indonesia",Kota Bekasi,Margajaya,17142,-6.2496406,106.98416,https://gofood.link/u/7Lddb,2016-06-20T10:20:26.413Z
eb021573-7f4a-4f8a-b5d3-623e0ae62b96,"Asinan Bogor Ibu Debby, Tarumanegara","Didirikan sejak tahun 2011 dan dibuat langsung oleh seorang perawat anastesi RS
MEILIA CIBUBUR, Asinan Ibu Debby memiliki cita rasa tersendiri, tidak menggunakan MSG
dan pengawet. Sehat, nikmat, kaya vitamin dan serat. Cocok untuk semua kalangan baik
anak-anak, remaja dan dewasa, karena memiliki kadar pedas dan asam yang terukur. Sayur
dan buah menurut badan kesehatan dunia WHO sangat disarankan untuk menjaga pola
makan sehat. Sayur dan buah juga dapat membantu mencegah penyakit usus buntu.
Selamat menikmati semoga Anda dan keluarga sehat juga mendapatkan kecukupan serat
harian. aamiin",4.7,0.0,2,Menengah,1,Aktif,"Jajanan, Thailand, Korea","Jatimurni, Kota Bekasi, Jawa Barat, Jawa, 17432, Indonesia",Kota Bekasi,,17432,-6.33016,106.92615,https://gofood.link/u/7LgrV,2017-04-11T03:01:43.577Z
a76da9a0-3fa4-427f-baca-f660dbf05351,"RM. Sate Dan Sop Kambing "" Mang Ujang "", Bekasi",,4.6,0.0,3,Mahal,1,Aktif,Sate,"Jalan Akses Kampung Te, Summarecon Bekasi, Kota Bekasi, Jawa Barat, Jawa, 17142, Indonesia",Kota Bekasi,Summarecon Bekasi,17142,-6.221880912780762,107.00277709960938,https://gofood.link/u/7LpLm,2017-10-27T11:09:49.040Z
a60d07c6-36d0-449f-9092-5e3f60b1ab48,"Toko Oleh-Oleh Daerah (Bekasi), Bekasi Selatan",,4.1,0.0,3,Mahal,1,Aktif,Jajanan,"Jalan Taman Galaksi Raya, Jakamulya, Kota Bekasi, Jawa Barat, Jawa, 17145, Indonesia",Kota Bekasi,Jakamulya,17145,-6.2554866,106.9685437,https://gofood.link/u/7Lvn8,2018-10-23T09:07:39.397Z
5df49bcd-fb88-46d2-9d5f-2c0252dac10e,"Bangi Kopi, Kalimalang",,4.0,0.0,2,Menengah,1,Aktif,"Aneka nasi, Kopi, Jajanan, Bakmie, Sweets, Ayam & bebek, Roti, Thailand","Jalan K. H. Noer Ali, Bumi Satria Kencana, Rawa Panjang, Jakasampurna, Kota Bekasi, Jawa Barat, Jawa, 17136, Indonesia",Kota Bekasi,Jakasampurna,17136,-6.24759,106.978973,https://gofood.link/u/7mGnW,2017-11-15T07:14:54.411Z
5ca5509c-d532-4c7e-b67d-2cd625e3bfd3,"O-Takoyaki, Legok","Promo : Semarak Tahun Ajaran Baru
Promo Hanya berlaku untuk Menu paket Berlaku setiap hari mulai Jam 13:00 - 17:00
Tanggal Berlaku Promo : 18 Juli 2018 - 18 Agustus 2018
Selama Persediaan Masih Ada",4.8,0.0,2,Menengah,1,Aktif,"Jajanan, Minuman, Jepang","Jalan Warung Tinggul, Alam Besakih, Puri Gading, Pamahan, Jatiwarna, Kota Bekasi, Jawa Barat, Jawa, 17415, Indonesia",Kota Bekasi,Jatiwarna,17415,-6.30666674,106.9387778,https://gofood.link/u/7mVVr,2017-03-13T08:16:13.329Z
722f5e6c-5924-418b-9b46-93a8c86a48e6,"Tahu Bakso AB, Puri Gading",,4.7,0.0,3,Mahal,1,Aktif,Jajanan,"Alam Besakih, Puri Gading, Jatiwarna, Kota Bekasi, Jawa Barat, Jawa, 17415, Indonesia",Kota Bekasi,Jatiwarna,17415,-6.310171,106.939155,https://gofood.link/u/7mabm,2018-02-27T07:19:58.619Z
5c8fcf04-e1e8-4c92-a4f4-e6a6932713dc,"Kimo Street Food, Al Husna",,4.9,0.0,2,Menengah,1,Aktif,Aneka nasi,"Toko Bunga Bekasi - Anzalia Florist, 35, Jalan Alhusna, Jati Kramat Indah 2, Jakamulya, Kota Bekasi, Jawa Barat, Jawa, 17421, Indonesia",Kota Bekasi,Jakamulya,17421,-6.2713054,106.951941,https://gofood.link/u/7mw0W,2016-08-26T09:49:38.380Z
254b8687-ff6b-4799-bd68-2b00844a8610,"KFC, Taman Harapan Indah",,4.7,0.0,3,Mahal,1,Aktif,Cepat saji,"KFC, Jalan Sultan Agung, Kota Harapan Indah, Medansatria, Kota Bekasi, Jawa Barat, Jawa, 17132, Indonesia",Kota Bekasi,Medansatria,17132,-6.1918333,106.9748333,https://gofood.link/u/813ml,2016-06-20T10:19:48.103Z
2db72a77-aa3c-4c5f-bd5a-985e3e414ce9,"Restoran Sederhana, Caman",,4.8,0.0,2,Menengah,1,Aktif,Aneka nasi,"Jatibening, Kota Bekasi, Jawa Barat, Jawa, 17412, Indonesia",Kota Bekasi,,17412,-6.258199,106.949735,https://gofood.link/u/8170q,2016-09-21T10:42:26.969Z
12f79a78-6415-456e-af90-d9b7ad193382,"Burger King, Kota Bintang Kalimalang",,4.7,0.0,2,Menengah,1,Aktif,"Cepat saji, Ayam & bebek, Aneka nasi, Jajanan","Solaria, Jalan Tol Lingkar Luar Jakarta, Bintarajaya, Kota Bekasi, Jawa Barat, Jawa, 17145, Indonesia",Kota Bekasi,Bintarajaya,17145,-6.247953,106.956786,https://gofood.link/u/81qeW,2018-05-30T02:54:32.494Z
44eeb7be-0a26-4dea-b43b-9637f41364c8,"Pastel Mba Muy & Soto Mba Muy, Mangunjaya",,4.8,0.0,3,Mahal,1,Aktif,"Bakso & soto, Cepat saji, Jajanan","Jalan Melati VIII, Mangunjaya, Kabupaten Bekasi, Jawa Barat, Jawa, 17567, Indonesia",Kabupaten Bekasi,Mangunjaya,17567,-6.236382,107.060824,https://gofood.link/u/87Ax,2017-11-13T09:49:34.760Z
57fabb6c-4b8a-4175-a853-da1934fab253,"McDonald's, Bekasi Mustika Jaya Setu",,4.7,0.0,3,Mahal,1,Aktif,"Cepat saji, Sweets, Jajanan","Jalan Setu - Bantar Gebang, Dukuh Zamrud, Padurenan, Kota Bekasi, Jawa Barat, Jawa, 16340, Indonesia",Kota Bekasi,Padurenan,16340,-6.321222,107.015836,https://gofood.link/u/87R8,2017-07-05T05:35:58.687Z
45627074-9765-4b19-8abd-98f8f151c878,"RM Manado Cakalang, Bulevard Hijau",,4.8,0.0,2,Menengah,1,Aktif,"Aneka nasi, Cepat saji, Sweets","Kota Harapan Indah, Pejuang, Kota Bekasi, Jawa Barat, Jawa, 17131, Indonesia",Kota Bekasi,Pejuang,17131,-6.186694,106.982306,https://gofood.link/u/8OMA,2018-11-06T05:04:11.114Z
14ddbef1-13e8-4dcf-b3e7-8b8c8a2df60b,"Gado Gado Mama Resty, Babelan",,4.5,0.0,2,Menengah,1,Aktif,Aneka nasi,"Kabupaten Bekasi, Jawa Barat, Jawa, 17122, Indonesia",Kabupaten Bekasi,,17122,-6.199368,107.017985,https://gofood.link/u/8ZPQ,2018-05-31T04:14:34.170Z
4c80a72e-bda9-44ce-820b-c43ac3d73410,"Domino's Pizza, Summarecon Bekasi",,4.7,0.0,3,Mahal,1,Aktif,"Pizza & pasta, Cepat saji, Jajanan","Jalan Bulevar Selatan, Summarecon Bekasi, Kota Bekasi, Jawa Barat, Jawa, 17142, Indonesia",Kota Bekasi,Summarecon Bekasi,17142,-6.2287565,107.000717,https://gofood.link/u/8w3V,2016-06-20T10:28:07.239Z
cd28e127-572f-4336-b2b2-c30946daba88,"Solaria, Mega Bekasi 2",,4.6,0.0,3,Mahal,1,Aktif,"Chinese, Aneka nasi","Mega Bekasi Hypermall, Jalan Ahmad Yani, Rawa Panjang, Margajaya, Kota Bekasi, Jawa Barat, Jawa, 17141, Indonesia",Kota Bekasi,Margajaya,17141,-6.2494987,106.99233,https://gofood.link/u/8yLQW,2016-06-20T10:19:33.219Z
dfb112f8-cc9c-410f-8ed5-aa62e4f17555,"Richeese Factory, Mangunjaya",,4.6,0.0,3,Mahal,1,Aktif,"Cepat saji, Ayam & bebek, Aneka nasi","Jalan Mangunjaya, Kompas, Setiadarma, Kabupaten Bekasi, Jawa Barat, Jawa, 17510, Indonesia",Kabupaten Bekasi,Setiadarma,17510,-6.250468,107.059865,https://gofood.link/u/8yNkJ,2017-08-25T07:01:06.669Z
cdbfdf98-524b-4622-95e7-413fbf3b19dc,"Top Durian Andremike, Tytyan Indah Utama",,4.3,0.0,3,Mahal,1,Aktif,"Sweets, Jajanan, Minuman","Harapan Mulya, Kota Bekasi, Jawa Barat, Jawa, 17124, Indonesia",Kota Bekasi,,17124,-6.218901826605144,106.98861803859472,https://gofood.link/u/8yRal,2018-08-06T04:42:19.434Z
6139513e-b88c-4ec7-9241-1e5b2dc76448,"Ayam Gebok Bang Jamal, Bekasi Timur",,0.0,0.0,2,Menengah,1,Aktif,Ayam & bebek,"Duren Jaya, Kota Bekasi, Jawa Barat, Jawa, 17111, Indonesia",Kota Bekasi,,17111,-6.23225,107.028528,https://gofood.link/u/8z2Gl,2018-07-18T04:15:06.292Z
bf9a8dd2-b3dd-494d-859d-8e7dbb910299,"Ayam Gepuk Pak Gembus, Kemakmuran Bekasi",,4.6,0.0,2,Menengah,1,Aktif,"Aneka nasi, Ayam & bebek","Jalan Kemakmuran, Kayuringinjaya, Kota Bekasi, Jawa Barat, Jawa, 17141, Indonesia",Kota Bekasi,Kayuringinjaya,17141,-6.2392936,106.9942848,https://gofood.link/u/8zBGQ,2017-09-27T09:52:57.216Z
619b40c5-b111-4004-a05e-2cf6526de384,"Pizza Hut, Kemang Pratama",,4.7,0.0,4,Premium,1,Aktif,"Pizza & pasta, Cepat saji, Barat, Jajanan, Ayam & bebek","Pizza Hut, Jalan Kemang Pratama, Markan, Bojong Rawalumbu, Kota Bekasi, Jawa Barat, Jawa, 17114, Indonesia",Kota Bekasi,Bojong Rawalumbu,17114,-6.2778085,106.9908928,https://gofood.link/u/8zGLV,2016-06-20T10:23:48.580Z
6af3d3d1-c301-49f8-af01-c54a067337f7,"Tahu Sumedang Bamboo, Ahmad Yani",,4.6,0.0,1,Murah,1,Aktif,Jajanan,"Jalan Ahmad Yani, Rawa Panjang, Margajaya, Kota Bekasi, Jawa Barat, Jawa, 17148, Indonesia",Kota Bekasi,Margajaya,17148,-6.2512532,106.9911963,https://gofood.link/u/8zO4B,2018-04-27T10:33:33.295Z
aed2bfd5-3b81-40f8-a5f2-98caf514611b,"Solaria, Naga Swalayan Hankam",,4.8,0.0,3,Mahal,1,Aktif,"Aneka nasi, Chinese, Bakso & soto","Jalan Hankam Raya, Jatirahayu, Kota Bekasi, Jawa Barat, Jawa, 17414, Indonesia",Kota Bekasi,Jatirahayu,17414,-6.295934,106.920991,https://gofood.link/u/8zal1,2018-11-23T07:28:37.842Z
759da3db-9bf9-48e2-916d-a5d45af5cc06,"Ropi, Harapan Indah",,4.6,0.0,1,Murah,1,Aktif,"Jajanan, Roti","Jalan Boulevard Hijau Raya, Kota Harapan Indah, Pejuang, Kota Bekasi, Jawa Barat, Jawa, 17131, Indonesia",Kota Bekasi,Pejuang,17131,-6.186568,106.983927,https://gofood.link/u/8zayA,2018-01-05T03:48:07.856Z
fafeb36e-81e8-40ab-8812-6f6066a5eba3,"Pizza Hut Delivery - PHD, Ruko Villa Mutiara Gading 2",,4.6,0.0,4,Premium,1,Aktif,"Pizza & pasta, Cepat saji, Jajanan, Barat, Ayam & bebek","Jalan Karang Satria, Karangsatria, Kabupaten Bekasi, Jawa Barat, Jawa, 17123, Indonesia",Kabupaten Bekasi,Karangsatria,17123,-6.215971,107.033105,https://gofood.link/u/8zgp1,2017-05-30T06:12:28.038Z
e6fd5d46-4dc1-42b3-9e39-42e16aea2eea,"Gudeg Pawon Wiro, Mustika Jaya",,4.8,0.0,1,Murah,1,Aktif,"Aneka nasi, Roti, Sweets","Dukuh Zamrud, Mustikajaya, Kota Bekasi, Jawa Barat, Jawa, 17156, Indonesia",Kota Bekasi,Mustikajaya,17156,-6.304137,107.027256,https://gofood.link/u/8zllx,2018-08-18T13:35:32.112Z
a25a23f1-150c-499d-a1f6-e40831a19842,"Soto Ayam Surabaya Pak Min, Bekasi Timur",,4.7,0.0,2,Menengah,1,Aktif,"Ayam & bebek, Bakso & soto","Duren Jaya, Kota Bekasi, Jawa Barat, Jawa, 17111, Indonesia",Kota Bekasi,,17111,-6.234,107.0301667,https://gofood.link/u/8zrZl,2016-06-20T10:21:15.483Z
2f49a130-6321-459b-9f42-76a867348c92,"Seblak & Ceker Mercon, Perumnas 1",,4.5,0.0,1,Murah,1,Aktif,"Jajanan, Ayam & bebek, Bakso & soto","Jalan Tenggiri 1, Kranji, Kota Bekasi, Jawa Barat, Jawa, 17136, Indonesia",Kota Bekasi,Kranji,17136,-6.234337200693655,106.97990119457243,https://gofood.link/u/912xg,2018-08-15T04:36:14.817Z
2cc3a927-20f7-4169-8ff1-72874143cb65,"KFC, Pondok Gede Plaza",,4.7,0.0,3,Mahal,1,Aktif,Cepat saji,"Ramayana Department Store, Jalan Pondok Gede, Jatimakmur, Kota Bekasi, Jawa Barat, Jawa, 17411, Indonesia",Kota Bekasi,Jatimakmur,17411,-6.285,106.9121667,https://gofood.link/u/9148g,2016-06-20T10:20:16.219Z
49589442-fd60-4cad-9bfc-0b5adda31129,"Mie Ayam Bakso Bu Rita, Babelan",,3.7,0.0,2,Menengah,1,Aktif,"Minuman, Bakso & soto, Bakmie","Jalan Kh Tajudin, Kabupaten Bekasi, Jawa Barat, Jawa, 17610, Indonesia",Kabupaten Bekasi,,17610,-6.186959,107.034096,https://gofood.link/u/91KK0M,2019-11-19T11:49:09.119Z
2c83610d-fb5b-4a5c-9a1e-65a7c6a7f4b6,"Mie Ayam Pangsit Pakde Timbul, Sultan Agung",,4.6,0.0,2,Menengah,1,Aktif,Bakmie,"Gang Merdeka, Medansatria, Kota Bekasi, Jawa Barat, Jawa, 17132, Indonesia",Kota Bekasi,Medansatria,17132,-6.19608,106.97376,https://gofood.link/u/91eOb,2017-11-30T08:36:00.089Z
fed3cbc2-502f-4e77-b740-8c112ec06149,"Martabak Alim, Perumnas 3",,4.7,0.0,3,Mahal,1,Aktif,Martabak,"Jalan Nusantara, Bulak Kapal, Aren Jaya, Kota Bekasi, Jawa Barat, Jawa, 17111, Indonesia",Kota Bekasi,Aren Jaya,17111,-6.242806448952998,107.03681968152524,https://gofood.link/u/9A11y,2018-03-17T08:43:11.229Z
42af466b-32a0-40e0-a667-89f74845f8f8,"Pempek Kote Wongkito, Rawa Dollar",,4.7,0.0,1,Murah,1,Aktif,Jajanan,"Jalan Raya Mess AL, RT 01, RW 07, Jatiranggon, Kota Bekasi, Jawa Barat, Jawa, 17432, Indonesia",Kota Bekasi,Jatiranggon,17432,-6.342608,106.928786,https://gofood.link/u/9Bw2,2016-06-20T10:28:44.068Z
57f76935-99cf-4cd8-aa4a-2a201f417573,"Es Teler 77, Metropolitan Mall",,4.5,0.0,3,Mahal,1,Aktif,"Aneka nasi, Bakmie, Sweets, Ayam & bebek, Bakso & soto, Jajanan, Cepat saji","Metropolitan Mall, Jalan K. H. Noer Ali, Rawa Panjang, Kayuringinjaya, Kota Bekasi, Jawa Barat, Jawa, 17148, Indonesia",Kota Bekasi,Kayuringinjaya,17148,-6.2487768,106.99041680000003,https://gofood.link/u/9KaO,2016-06-20T10:21:36.400Z
bb385a1d-a882-4168-a79a-790220eecebe,"Kopi Janji Jiwa & Jiwa Toast, Puri Gading Raya",,4.7,0.0,2,Menengah,1,Aktif,"Kopi, Minuman, Roti, Jajanan","Jalan Puri Gading Utama, Puri Gading, Jatiwarna, Kota Bekasi, Jawa Barat, Jawa, 17415, Indonesia",Kota Bekasi,Jatiwarna,17415,-6.316499,106.940206,https://gofood.link/u/9wQjA,2019-03-22T13:27:32.721Z
e91d1635-d604-4843-a547-f6f1d91f9e2c,"Soto Gading Kalibata, Grand Galaxy City",,4.8,0.0,1,Murah,1,Aktif,Bakso & soto,"Jalan Ruko Sentra Komersial 6, Komplek Mayor, Markan, Jakasetia, Kota Bekasi, Jawa Barat, Jawa, 17147, Indonesia",Kota Bekasi,Jakasetia,17147,-6.2752198,106.9749132,https://gofood.link/u/9wkGN,2018-05-03T08:50:35.150Z
761d37ce-f956-43df-acd9-b564195037f6,"Zhandoezz Pizza, Villa Mutiara Gading 2",,0.0,0.0,2,Menengah,1,Aktif,Pizza & pasta,"Karangsatria, Kabupaten Bekasi, Jawa Barat, Jawa, 17123, Indonesia",Kabupaten Bekasi,,17123,-6.216826010670063,107.03512481879444,https://gofood.link/u/9wwMY,2017-08-08T06:08:53.499Z
4a6c60c0-d4e2-45ff-b1f7-37b9b00d1d62,"Es Cream Durian Dan Ice Aneka Buah-buahan King, Bekasi Selatan",,4.3,0.0,2,Menengah,1,Aktif,"Minuman, Sweets","Pekayon, Jakasetia, Kota Bekasi, Jawa Barat, Jawa, 17147, Indonesia",Kota Bekasi,Jakasetia,17147,-6.272953,106.979074,https://gofood.link/u/A0OmR,2018-08-09T08:34:17.875Z
1113db5c-9fa9-40e3-968b-e21d22880ec4,"Dapur Mie Aceh 2, Pondok Gede",,4.6,0.0,2,Menengah,1,Aktif,"Bakmie, Jajanan, Aneka nasi","Pesantren Putri As-Syafi'iyah Jatiwaringin, 45, Jalan Jati Waringin, Jaticempaka, Kota Bekasi, Jawa Barat, Jawa, 17411, Indonesia",Kota Bekasi,Jaticempaka,17411,-6.26622240217076,106.9115088880062,https://gofood.link/u/A0wRq,2017-05-30T03:38:33.211Z
c62eac00-58ea-4c3c-9c74-e06f5a909754,"Bakso Sri RAJA, Bekasi Utara",,4.6,0.0,2,Menengah,1,Aktif,Bakso & soto,"Harapan Baru, Kota Bekasi, Jawa Barat, Jawa, 17121, Indonesia",Kota Bekasi,,17121,-6.217354,107.024839,https://gofood.link/u/A1K2e,2018-03-22T04:31:33.818Z
564544f3-d9e6-4f9b-a3a9-9f67e71388e5,"Re.juve., Metropolitan Mall Bekasi",,4.6,0.0,3,Mahal,1,Aktif,"Minuman, Sweets, Jajanan, Kopi","Metropolitan Mall, Jalan K. H. Noer Ali, Rawa Panjang, Kayuringinjaya, Kota Bekasi, Jawa Barat, Jawa, 17148, Indonesia",Kota Bekasi,Kayuringinjaya,17148,-6.248387,106.990592,https://gofood.link/u/AAP9,2018-10-11T06:51:42.939Z
3000324b-3d2d-4a9b-8f5d-6d44c4f10ef7,"Mahkota Caman, Ruko Bougenville",,4.2,0.0,2,Menengah,1,Aktif,"Ayam & bebek, Bakmie, Bakso & soto","Jalan Caman Raya, Bintarajaya, Kota Bekasi, Jawa Barat, Jawa, 17145, Indonesia",Kota Bekasi,Bintarajaya,17145,-6.25084,106.9526756,https://gofood.link/u/AB19,2017-11-21T06:25:28.053Z
301317cb-e009-4f67-8aa0-d0940162a853,"Gudeg Jogja Aseli , Monggo Mampir","Gak Perlu jauh ke Jogja, kami ada di pinggiran Jakarta (Tombo Kangen Djogja)",4.5,0.0,2,Menengah,1,Aktif,Aneka nasi,"Jalan Magelang, Komplek Kemang IFI Graha, Jatirasa, Kota Bekasi, Jawa Barat, Jawa, 17424, Indonesia",Kota Bekasi,Jatirasa,17424,-6.292154396426151,106.97157360613346,https://gofood.link/u/AB82,2016-10-31T03:28:30.712Z
61bd8d5f-44ca-4c14-aebe-2aaf30227fb4,Cincau dan cendol Galksi bekasi selatan,,4.5,0.0,2,Menengah,1,Aktif,"Sweets, Cepat saji","Jalan Taman Galaksi Raya, Jakamulya, Kota Bekasi, Jawa Barat, Jawa, 17145, Indonesia",Kota Bekasi,Jakamulya,17145,-6.258777,106.96862,https://gofood.link/u/AGJ2W,2018-07-30T09:20:13.290Z
32a83602-1a0a-4f46-85de-18028a4d2679,"Pizza Hut, Summarecon Mall Bekasi",,4.7,0.0,4,Premium,1,Aktif,"Pizza & pasta, Cepat saji, Barat, Jajanan, Ayam & bebek","Summarecon Mall Bekasi, Jalan Bulevar Ahmad Yani, Summarecon Bekasi, Kota Bekasi, Jawa Barat, Jawa, 17142, Indonesia",Kota Bekasi,Summarecon Bekasi,17142,-6.2261379,107.0013833,https://gofood.link/u/AJqR,2016-06-20T10:23:45.557Z
6e188ec1-d436-4219-ae83-c44aabc5459d,"Ayam Bakar Kalasan Teh Nenden, Margahayu",,4.6,0.0,2,Menengah,1,Aktif,"Ayam & bebek, Aneka nasi, Seafood","Rawasemut, Kota Bekasi, Jawa Barat, Jawa, 17113, Indonesia",Kota Bekasi,,17113,-6.2481627,107.0112395,https://gofood.link/u/Ama1L,2018-10-26T10:38:11.829Z
47e70dca-cfaf-4a53-be6a-e693ad0e712b,"Steak 21, Grand Metropolitan",,4.7,0.0,4,Premium,1,Aktif,Barat,"Grand Metropolitan, Jalan Tol Jakarta–Cikampek, Bumi Satria Kencana, Rawa Panjang, Margajaya, Kota Bekasi, Jawa Barat, Jawa, 17142, Indonesia",Kota Bekasi,Margajaya,17142,-6.2496403,106.98416,https://gofood.link/u/B34O,2016-06-20T10:20:28.565Z
106f6cae-4dda-42e3-bcd9-68ed4668238f,"Pizza Hut Delivery - PHD, Cikarang",,4.6,0.0,3,Mahal,1,Aktif,"Pizza & pasta, Cepat saji, Jajanan, Barat, Ayam & bebek","Jalan Raya Cibarusah, Ciantra, Kabupaten Bekasi, Jawa Barat, Jawa, 17550, Indonesia",Kabupaten Bekasi,Ciantra,17550,-6.339611,107.120497,https://gofood.link/u/B84Pq,2017-05-30T05:33:22.179Z
ab2504f8-bcb6-46b3-8b94-5b3c05defe98,"Momolin Bakery, Babelan",,4.6,0.0,2,Menengah,1,Aktif,Sweets,"Jalan Pondok Ungu Permai, Grand Pondok Ungu, Kabupaten Bekasi, Jawa Barat, Jawa, 17125, Indonesia",Kabupaten Bekasi,Grand Pondok Ungu,17125,-6.185579459712217,107.00838223099709,https://gofood.link/u/B8M3O,2018-05-04T06:29:55.239Z
a22d192b-7b3f-474d-8a83-88c99e8ab084,"Tasaji Resto, Mustika Jaya",,4.3,0.0,3,Mahal,1,Aktif,"Aneka nasi, Cepat saji, Roti","Jalan Mandor Demong, Kp Atas, Babakan, Mustikasari, Kota Bekasi, Jawa Barat, Jawa, 17157, Indonesia",Kota Bekasi,Mustikasari,17157,-6.298102656106502,107.01478466391563,https://gofood.link/u/B8nN2,2018-07-20T10:23:01.677Z
55a6f5be-72dc-4a5a-a574-a669e7d5f83e,"Warung Tongseng dan Soto Pakde Mamo, Tambun Selatan",,4.8,0.0,2,Menengah,1,Aktif,"Aneka nasi, Bakso & soto","Jalan Bumi Sani Permai, Setiamekar, Kabupaten Bekasi, Jawa Barat, Jawa, 17111, Indonesia",Kabupaten Bekasi,Setiamekar,17111,-6.243446,107.048834,https://gofood.link/u/B8xR,2018-06-24T03:29:01.318Z
173b621a-4c0d-43d8-a619-486f785d9e1e,"Jamilah Happy Food and Drink, Pusaka Rakyat",,0.0,0.0,2,Menengah,1,Aktif,"Jajanan, Martabak, Minuman","Jalan Pusaka Rakyat, Kota Harapan Indah, Setiaasih, Kabupaten Bekasi, Jawa Barat, Jawa, 17215, Indonesia",Kabupaten Bekasi,Setiaasih,17215,-6.1603159,106.9877433,https://gofood.link/u/BNpv,2018-10-10T04:42:11.042Z
b885b4d6-46c3-4bdf-a5b8-6ecbb9533365,A&W Plaza Pondok Gede,,4.9,0.0,3,Mahal,1,Aktif,Cepat saji,"Pondok Gede Plaza, Jalan Masjid Nurul Ihsan, Jatiwaringin, Kota Bekasi, Jawa Barat, Jawa, 17411, Indonesia",Kota Bekasi,Jatiwaringin,17411,-6.2840696,106.9115907,https://gofood.link/u/Bl3y2,2016-06-20T10:19:41.819Z
fb7c3452-2cba-464a-9e24-23840a40a179,"Richeese Factory, Pekayon",,4.7,0.0,3,Mahal,1,Aktif,"Cepat saji, Ayam & bebek, Aneka nasi","Kantor Kelurahan Jaka Setia, 1, Jalan Pekayon Raya, Pondok Pekayon Indah, Pekayon, Jakasetia, Kota Bekasi, Jawa Barat, Jawa, 17147, Indonesia",Kota Bekasi,Jakasetia,17147,-6.277799799999999,106.97554489999992,https://gofood.link/u/Bl7Ly,2016-06-20T10:22:24.628Z
e555f2b4-c931-404d-840b-5632e23decae,"Burger King, Grand Wisata",,4.7,0.0,2,Menengah,1,Aktif,"Cepat saji, Aneka nasi, Jajanan, Ayam & bebek","Sunset Avenue, Grand Wisata Residence, Dukuh Bima, Lambangsari, Kabupaten Bekasi, Jawa Barat, Jawa, 17510, Indonesia",Kabupaten Bekasi,Lambangsari,17510,-6.276489360309469,107.04468397807004,https://gofood.link/u/Bl87q,2017-12-13T07:53:21.213Z
b7de1386-3016-41c1-9841-a093e6625df1,"Ikan Bakar Cianjur, Harapan Indah","Catatan : Menu Makan + Minum belum termasuk PPN & Service Charge 
Untuk pemesanan silahkan hubungi ( 021 ) 296 80600",4.8,0.0,3,Mahal,1,Aktif,"Seafood, Aneka nasi","Ikan Bakar Cianjur, Jalan Harapan Indah Bulevar, Kota Harapan Indah, Pusakarakyat, Kabupaten Bekasi, Jawa Barat, Jawa, 17214, Indonesia",Kabupaten Bekasi,Pusakarakyat,17214,-6.16068584,106.9743574,https://gofood.link/u/BlNey,2017-02-03T07:39:09.345Z
d97ad8e9-3e71-495d-8663-0a2170920632,"Pizza Hut Delivery - PHD, Harapan Indah",,4.8,0.0,4,Premium,1,Aktif,"Pizza & pasta, Cepat saji, Jajanan, Barat, Ayam & bebek","Jalan Boulevard Hijau Raya, Kota Harapan Indah, Pejuang, Kota Bekasi, Jawa Barat, Jawa, 17181, Indonesia",Kota Bekasi,Pejuang,17181,-6.1861667,106.9776667,https://gofood.link/u/BmD12,2016-06-20T10:19:35.423Z
e9316a76-f9ea-4b14-845f-6202e16d29e4,"KFC, Mega Bekasi Hypermall",,4.4,0.0,3,Mahal,1,Aktif,Cepat saji,"Mega Bekasi Hypermall, Jalan Ahmad Yani, Rawa Panjang, Margajaya, Kota Bekasi, Jawa Barat, Jawa, 17141, Indonesia",Kota Bekasi,Margajaya,17141,-6.2496191,106.99283,https://gofood.link/u/BwOQv,2016-06-20T10:21:39.243Z
4492217a-ec22-432f-b6fa-e534a03bd5fd,"Warkop 1899, Berkah H. Agus Salim",,4.5,0.0,2,Menengah,1,Aktif,"Jajanan, Sweets","Jalan KH. Agus Salim, Bekasi Jaya, Kota Bekasi, Jawa Barat, Jawa, 17112, Indonesia",Kota Bekasi,Bekasi Jaya,17112,-6.239251,107.00495,https://gofood.link/u/D0Qa,2018-11-14T02:52:09.544Z
4ef1392a-c6db-4e74-a07a-ed3c7cfa1003,"Spesial Soto Boyolali (SSB) Hj. Hesti Widodo, Puri Gading",,4.8,0.0,1,Murah,1,Aktif,Bakso & soto,"Jalan Puri Gading Utama, Puri Gading, Jatiwarna, Kota Bekasi, Jawa Barat, Jawa, 17415, Indonesia",Kota Bekasi,Jatiwarna,17415,-6.315722,106.940389,https://gofood.link/u/D38r,2017-09-26T05:58:53.643Z
5c3e4eb7-9dfc-4a36-97fa-3a4db53a4f07,"Kopi Janji Jiwa & Jiwa Toast, GRAND Metropolitan Mall",,4.7,0.0,2,Menengah,1,Aktif,"Kopi, Minuman, Roti, Jajanan","Grand Metropolitan, Jalan Tol Jakarta–Cikampek, Bumi Satria Kencana, Rawa Panjang, Margajaya, Kota Bekasi, Jawa Barat, Jawa, 17142, Indonesia",Kota Bekasi,Margajaya,17142,-6.2492353,106.9846408,https://gofood.link/u/D4me1,2019-08-23T09:54:39.287Z
50e5ad5d-e3fd-424f-8983-2a672243a977,"Mbanana Eat Banana, Bekasi Utara",,4.8,0.0,2,Menengah,1,Aktif,"Jajanan, Sweets","Harapan Baru, Kota Bekasi, Jawa Barat, Jawa, 17121, Indonesia",Kota Bekasi,,17121,-6.2147507,107.0239471,https://gofood.link/u/D8J7,2017-11-24T02:48:54.107Z
74281137-52c8-440c-9536-b866cf0d2225,"Rumah Makan & Seafood '99', Puri Cendana",,4.7,0.0,3,Mahal,1,Aktif,"Seafood, Ayam & bebek, Aneka nasi","Jalan Puri Cendana, Mangunjaya, Kabupaten Bekasi, Jawa Barat, Jawa, 17519, Indonesia",Kabupaten Bekasi,Mangunjaya,17519,-6.237429,107.066984,https://gofood.link/u/D92bm,2018-10-17T02:48:22.393Z
af0824e6-08a2-47e7-be17-91dfc8646e29,"HokBen, Sentra Grosir Cikarang",,4.7,0.0,3,Mahal,1,Aktif,Cepat saji,"SGC - Sentra Grosir Cikarang, Jalan R.E. Martadinata, Cikarang, Kabupaten Bekasi, Jawa Barat, Jawa, 17383, Indonesia",Kabupaten Bekasi,Cikarang,17383,-6.2584991,107.146221,https://gofood.link/u/D9J0G,2016-06-20T10:21:52.806Z
392e954a-6fcd-4378-9c10-530df7dda42b,"Jengkol Jeng Fanny, Bekasi Timur",,3.9,0.0,2,Menengah,1,Aktif,Ayam & bebek,"Aren Jaya, Kota Bekasi, Jawa Barat, Jawa, 17111, Indonesia",Kota Bekasi,,17111,-6.244065,107.040653,https://gofood.link/u/D9ma,2018-12-04T03:50:00.278Z
0d0a1f9b-a3bc-4b68-a675-67d2be0d148e,"Vina's Bakery, Harapan Indah",,4.8,0.0,1,Murah,1,Aktif,Roti,"GKPI Harapan Indah, Jalan Harapan Indah Raya, Kota Harapan Indah, Pejuang, Kota Bekasi, Jawa Barat, Jawa, 17131, Indonesia",Kota Bekasi,Pejuang,17131,-6.180795,106.982811,https://gofood.link/u/DAnK,2017-12-20T08:40:34.007Z
13691647-989b-4c70-8d31-bbfcded1077c,"Raja Sunda Restaurant, Bekasi Selatan",,4.6,0.0,3,Mahal,1,Aktif,"Aneka nasi, Ayam & bebek, Cepat saji","Jalan Jenderal Sudirman, Kranji, Kalibaru, Kota Bekasi, Jawa Barat, Jawa, 17143, Indonesia",Kota Bekasi,Kalibaru,17143,-6.2291667,106.9841667,https://gofood.link/u/DBLa,2016-06-20T10:20:36.526Z
c656b995-aad6-4929-ab87-c7bb92e49e94,"Ayam Bakar Barbeque Dan Geprek 77, Jatisampurna",,4.8,0.0,2,Menengah,1,Aktif,Ayam & bebek,"RT 05, Jatisari, Kota Bekasi, Jawa Barat, Jawa, 17432, Indonesia",Kota Bekasi,Jatisari,17432,-6.34196,106.936583,https://gofood.link/u/DBwpG,2018-01-25T05:06:17.035Z
e8e393e0-6a0e-47b4-b055-8e2d6b3137e0,"Pisang Goreng Tanduk Chocomoet Crispy, Bekasi Barat",,4.8,0.0,2,Menengah,1,Aktif,"Sweets, Jajanan","RW 03, Pondok Kelapa, Duren Sawit, Bintarajaya, Kota Bekasi, Jawa Barat, Jawa, 17412, Indonesia",Kota Bekasi,Bintarajaya,17412,-6.245289104926044,106.94456644356252,https://gofood.link/u/DMN0Q,2018-06-20T02:41:57.050Z
f2937ede-a040-43d5-bcd6-4a4887d0adec,"McDonald's, Jati Asih Bekasi",,4.8,0.0,3,Mahal,1,Aktif,"Cepat saji, Sweets, Jajanan","Jalan Wibawa Mukti II, Komplek Pemda Jatiasih, Jatimekar, Kota Bekasi, Jawa Barat, Jawa, 17423, Indonesia",Kota Bekasi,Jatimekar,17423,-6.295792,106.958742,https://gofood.link/u/DMNlQ,2016-10-14T07:30:55.298Z
d83cd9cb-57e8-467b-b484-b47afe72c385,"Nasi Tim Ayam Lily, Pejuang",,4.8,0.0,2,Menengah,1,Aktif,"Chinese, Aneka nasi, Bakmie","Jalan Belimbing, Pejuang, Kota Bekasi, Jawa Barat, Jawa, 17131, Indonesia",Kota Bekasi,Pejuang,17131,-6.175648305635875,106.98924232274294,https://gofood.link/u/DMmQ4,2017-08-29T11:03:11.214Z
2fcc3558-ab69-4afe-bc1c-99336e91213c,"Ayam MasMoy, Pondok Gede",,0.0,0.0,1,Murah,1,Aktif,"Jajanan, Jepang","Jaticempaka, Kota Bekasi, Jawa Barat, Jawa, 17416, Indonesia",Kota Bekasi,,17416,-6.259996,106.913302,https://gofood.link/u/DMpQ,2018-07-20T10:19:56.007Z
3c033888-ce50-469d-acf8-82040fe6b058,"Bakmi Seafood&chinesefood Bumartha, Hankam Raya",,4.4,0.0,2,Menengah,1,Aktif,"Seafood, Bakmie, Chinese","Jatimurni, Kota Bekasi, Jawa Barat, Jawa, 17432, Indonesia",Kota Bekasi,,17432,-6.326628293532769,106.92693024873734,https://gofood.link/u/DQkr,2016-06-20T10:20:55.788Z
eb95b0ab-4951-46f3-9213-fead93a52a5b,"Lets Go Chicken, Ujung Harapan",,4.3,0.0,2,Menengah,1,Aktif,"Cepat saji, Ayam & bebek","Jalan Raya Ujung Harapan, Kabupaten Bekasi, Jawa Barat, Jawa, 17125, Indonesia",Kabupaten Bekasi,,17125,-6.189557,107.012479,https://gofood.link/u/DZm4m,2019-09-10T18:02:42.520Z
d19b8c15-ce07-4330-bc34-11cc6b6db21b,"Pempek Palembang 2000 Duo, Nusantara Raya",					,4.3,0.0,1,Murah,1,Aktif,Jajanan,"Jalan Nusantara, Bulak Kapal, Duren Jaya, Kota Bekasi, Jawa Barat, Jawa, 17111, Indonesia",Kota Bekasi,Duren Jaya,17111,-6.243173398845306,107.02783830463886,https://gofood.link/u/Da7N1,2017-08-04T03:36:35.153Z
4b8231fe-fc9e-4613-b235-e1edf988ea19,"Bakso Rudal Pakde, Pondok Melati",,4.7,0.0,2,Menengah,1,Aktif,Bakso & soto,"Jatimurni, Kota Bekasi, Jawa Barat, Jawa, 17432, Indonesia",Kota Bekasi,,17432,-6.330241,106.924501,https://gofood.link/u/DaAKa,2018-09-20T09:46:01.439Z
1089edfe-0adc-4c72-a276-ccd03ecea389,"Sopel (Sosis Pele), Kp Kandang",,4.6,0.0,1,Murah,1,Aktif,Jajanan,"Perum. Taman Elok Persada, Mutiara Gading, Mustikajaya, Kabupaten Bekasi, Jawa Barat, Jawa, 17158, Indonesia",Kabupaten Bekasi,Mustikajaya,17158,-6.286219732323926,107.03809540718794,https://gofood.link/u/DaD21,2017-11-10T04:41:30.724Z
e5022117-2faf-425f-9ce9-935f669fa744,"Soto Ayam Ceker Cak Ivan Lamongan, Bekasi Utara",,4.4,0.0,2,Menengah,1,Aktif,Bakso & soto,"Jalan KH Muchtar Tabrani, Summarecon Bekasi, Harapanjaya, Kota Bekasi, Jawa Barat, Jawa, 17122, Indonesia",Kota Bekasi,Harapanjaya,17122,-6.209077,107.003614,https://gofood.link/u/DamQK,2018-08-07T03:19:41.400Z
b4f91a99-470e-4a60-9a32-7f0c93cad67c,"Martabak Harman, Taman Galaxy",,4.6,0.0,3,Mahal,1,Aktif,Martabak,"Jalan Taman Galaksi Raya, Jakamulya, Kota Bekasi, Jawa Barat, Jawa, 17145, Indonesia",Kota Bekasi,Jakamulya,17145,-6.257035,106.968393,https://gofood.link/u/Dan97,2016-06-20T10:18:33.364Z
3cc9655d-6abc-41e9-8fce-5088105e57f6,Sahl Kebab & Co. Ruko Niaga,,4.8,0.0,3,Mahal,1,Aktif,"Cepat saji, Jajanan, Timur Tengah","Jalan Wibawa Mukti II, Komplek Pemda Jatiasih, Jatimekar, Kota Bekasi, Jawa Barat, Jawa, 17423, Indonesia",Kota Bekasi,Jatimekar,17423,-6.295944,106.959308,https://gofood.link/u/Dvwa,2018-01-29T06:29:25.702Z
27ac71f2-32d7-4938-866f-dbb21f1432d1,"Mie Odos, Dasa Dharma",,4.7,0.0,1,Murah,1,Aktif,"Bakmie, Aneka nasi","Jalan Lumbu Barat Raya, Jembatan Nol, Rawalumbu, Sepanjangjaya, Kota Bekasi, Jawa Barat, Jawa, 17175, Indonesia",Kota Bekasi,Sepanjangjaya,17175,-6.274045594162162,107.00048714876174,https://gofood.link/u/G0YD,2016-06-20T10:19:35.175Z
2d195a50-a2fa-423b-a381-422e0812d634,"Warung Seblak Abdul, Kranji",,4.5,0.0,2,Menengah,1,Aktif,Jajanan,"Jalan Bintara Raya, Kranji, Bintara, Kota Bekasi, Jawa Barat, Jawa, 17134, Indonesia",Kota Bekasi,Bintara,17134,-6.2319282,106.9620129,https://gofood.link/u/GG0W4,2018-11-12T05:28:19.309Z
541aa04b-3dc7-40ba-a1db-50a0b9ee729a,"Eastern Kopi TM, Summarecon Mall Bekasi",,4.7,0.0,3,Mahal,1,Aktif,"Kopi, Sweets, Jajanan","Summarecon Mall Bekasi, Jalan Bulevar Ahmad Yani, Summarecon Bekasi, Kota Bekasi, Jawa Barat, Jawa, 17142, Indonesia",Kota Bekasi,Summarecon Bekasi,17142,-6.226,107.0003333,https://gofood.link/u/GGMnd,2016-06-20T10:19:04.234Z
f363ff26-6d51-470f-ab97-9f56590bb8c8,"Id'Crazz Mini Cafe ( MiCa ), Jatirahayu",,4.8,0.0,2,Menengah,1,Aktif,"Aneka nasi, Cepat saji, Kopi","Jatirahayu, Kota Bekasi, Jawa Barat, Jawa, 17414, Indonesia",Kota Bekasi,,17414,-6.296977594118132,106.92070618271828,https://gofood.link/u/GK28M,2018-02-28T10:03:14.711Z
b8b8c21c-5bf0-49e1-9627-d57058e449ec,"Dimsum Serase, Bekasi Selatan",,4.2,0.0,2,Menengah,1,Aktif,"Cepat saji, Jajanan, Jepang","Komplek Mayor, Jakamulya, Kota Bekasi, Jawa Barat, Jawa, 17146, Indonesia",Kota Bekasi,Jakamulya,17146,-6.277039,106.96473,https://gofood.link/u/GKeb4,2018-02-13T04:07:05.404Z
e146838d-a3c9-41e2-b6c6-4ea8202dd4bd,Sate Klathak Joss Gandoss,Untuk mempercepat pelayanan mohon setiap order dapat diinfo via Telp/WA 085210798870 atau 085813338779,4.8,0.0,3,Mahal,1,Aktif,"Sate, Minuman, Cepat saji","Celebration Boulevard, Grand Wisata Residence, Lambangsari, Kabupaten Bekasi, Jawa Barat, Jawa, 17158, Indonesia",Kabupaten Bekasi,Lambangsari,17158,-6.29079,107.045021,https://gofood.link/u/GKqeM,2016-09-20T07:52:11.087Z
fd4c9f4e-52ed-492b-9bf9-58bbc71b8ffb,"D'Losari, Medan Satria",,4.7,0.0,2,Menengah,1,Aktif,Ayam & bebek,"Clairmont Bekasi, 22, Jalan Boulevard Hijau Raya, Kota Harapan Indah, Pejuang, Kota Bekasi, Jawa Barat, Jawa, 17131, Indonesia",Kota Bekasi,Pejuang,17131,-6.186333,106.980396,https://gofood.link/u/GKwWy,2018-02-21T05:50:04.433Z
fdfb330e-59d0-4316-8044-55e51c5df109,"Surabi Edun, Graha Indah",,2.9,0.0,1,Murah,1,Aktif,"Jajanan, Minuman","Jalan Taman II, Graha Indah, Jatimekar, Kota Bekasi, Jawa Barat, Jawa, 17421, Indonesia",Kota Bekasi,Jatimekar,17421,-6.283126068516982,106.95356257259846,https://gofood.link/u/GKyby,2018-03-08T03:58:20.893Z
f5740c02-9e28-4330-b21a-1ef9fc4c2b0f,"A Fung Baso Sapi Asli, Grand Metland Bekasi",A Fung Baso Sapi Asli menyajikan Baso Sapi Asli berkualitas dengan cita rasa yang khas sejak tahun 1973.-Taste the Difference-,4.7,0.0,3,Mahal,1,Aktif,Bakso & soto,"Grand Metropolitan, Jalan Tol Jakarta–Cikampek, Bumi Satria Kencana, Rawa Panjang, Margajaya, Kota Bekasi, Jawa Barat, Jawa, 17142, Indonesia",Kota Bekasi,Margajaya,17142,-6.249227,106.984571,https://gofood.link/u/GVKLM,2016-06-20T10:27:57.449Z
6a12309c-8404-4c64-91c1-65ad84532257,"RM Padang Ranah Minang, Cibitung",,3.6,0.0,1,Murah,1,Aktif,"Ayam & bebek, Aneka nasi","Jalan Trias Raya, Trias, Tridayasakti, Kabupaten Bekasi, Jawa Barat, Jawa, 17520, Indonesia",Kabupaten Bekasi,Tridayasakti,17520,-6.250447,107.082398,https://gofood.link/u/GeDQN,2018-11-22T10:27:06.964Z
b6af70a1-7780-4c3a-a1ef-1489a3bbf4e4,"Cwie Mie Ayam Malang Tugu, Pondok Melati",,4.4,0.0,2,Menengah,1,Aktif,Bakmie,"Jalan Cendrawasih, Jatimakmur, Kota Bekasi, Jawa Barat, Jawa, 17414, Indonesia",Kota Bekasi,Jatimakmur,17414,-6.2851645,106.918427,https://gofood.link/u/GedmN,2018-03-15T02:06:50.086Z
f43ebeac-b045-4a00-8b88-f73f84694d2d,"Bebek Madu 88, Mustika Jaya",,4.7,0.0,2,Menengah,1,Aktif,"Ayam & bebek, Aneka nasi","Mutiara Gading, Mustikajaya, Kota Bekasi, Jawa Barat, Jawa, 17158, Indonesia",Kota Bekasi,Mustikajaya,17158,-6.295603922117338,107.0311240106821,https://gofood.link/u/GxB8d,2019-09-09T12:12:53.986Z
a1676ad8-495e-47b2-8570-12f594a5b65c,"Nasi Goreng Kambing NGK, Galaxy",,4.6,0.0,2,Menengah,1,Aktif,"Aneka nasi, Timur Tengah, Ayam & bebek","Jalan Intan III, Kranji, Jakasampurna, Kota Bekasi, Jawa Barat, Jawa, 17136, Indonesia",Kota Bekasi,Jakasampurna,17136,-6.243111,106.977378,https://gofood.link/u/J02Lv,2016-06-20T10:26:21.842Z
d007a8ab-a13f-497e-94e1-e752e2b2223b,"Zushioda, Kemang Pratama",,4.3,0.0,2,Menengah,1,Aktif,Jepang,"Jalan Kemang Pratama, Pekayon, Kota Bekasi, Jawa Barat, Jawa, 17114, Indonesia",Kota Bekasi,Pekayon,17114,-6.271637,106.987481,https://gofood.link/u/J0w3A,2016-06-20T10:20:31.461Z
ac960e81-5b39-44d7-a250-46bf037ec54e,"Doner Kebab, Summarecon Mall Bekasi",,4.7,0.0,3,Mahal,1,Aktif,Jajanan,"Summarecon Mall Bekasi, Jalan Bulevar Ahmad Yani, Summarecon Bekasi, Kota Bekasi, Jawa Barat, Jawa, 17142, Indonesia",Kota Bekasi,Summarecon Bekasi,17142,-6.2254774,107.0015,https://gofood.link/u/J3Dn9,2016-06-20T10:21:01.509Z
aec7e2be-2c07-4bb3-a699-cd4cc635abf2,"BAKMIE 99 SEAFOOD, DUKUH ZAMRUD",,4.7,0.0,2,Menengah,1,Aktif,"Bakmie, Aneka nasi, Seafood","Jalan Zamrud Utara, Dukuh Zamrud, Mustikajaya, Kota Bekasi, Jawa Barat, Jawa, 17156, Indonesia",Kota Bekasi,Mustikajaya,17156,-6.308515,107.026893,https://gofood.link/u/J3LAA,2016-06-20T10:21:27.941Z
b8302110-9203-435d-82d5-3c308fadb271,"Palanta Upik Durian, Pondok Melati",,4.0,0.0,3,Mahal,1,Aktif,"Jajanan, Minuman, Sweets","Alam Besakih, Puri Gading, Jatiwarna, Kota Bekasi, Jawa Barat, Jawa, 17415, Indonesia",Kota Bekasi,Jatiwarna,17415,-6.303914,106.939547,https://gofood.link/u/J3Ndv,2018-10-23T03:32:11.603Z
e7f47181-783b-45d6-8354-079381ae7123,"Martabak Alim Premium Jatibening, Pondok gede",,4.8,0.0,3,Mahal,1,Aktif,Martabak,"Jalan Raya Jatibening, Perum Dosen IKIP, Jatibening, Kota Bekasi, Jawa Barat, Jawa, 17412, Indonesia",Kota Bekasi,Jatibening,17412,-6.2660504,106.9437909,https://gofood.link/u/J3Npw,2016-06-20T10:20:21.103Z
47326401-07d3-4603-a8ea-baed7114a7c2,"Es Nona Ayam Kremes 89, Pondok Gede",,4.9,0.0,2,Menengah,1,Aktif,"Ayam & bebek, Bakmie, Chinese","Jalan Dokter Ratna, Bumi Nasio Indah, Jatimekar, Kota Bekasi, Jawa Barat, Jawa, 17421, Indonesia",Kota Bekasi,Jatimekar,17421,-6.273809,106.951373,https://gofood.link/u/J3V18R,2020-01-23T10:28:36.032Z
e63bd2cd-43c2-4892-bdf8-cf5513363b6f,"Bandeng Presto Citra Semarang, Grand Residence",,0.0,0.0,3,Mahal,1,Aktif,Seafood,"Grand Residence City, Mustika Park Place, Burangkeng, Kabupaten Bekasi, Jawa Barat, Jawa, 17155, Indonesia",Kabupaten Bekasi,Burangkeng,17155,-6.329981,107.034848,https://gofood.link/u/J3azR,2017-10-13T10:10:09.598Z
a4ecf604-a81c-41e8-9d73-a81cb834992c,"A&W, Kota Harapan Indah",,4.7,0.0,3,Mahal,1,Aktif,Cepat saji,"Kota Harapan Indah, Medansatria, Kota Bekasi, Jawa Barat, Jawa, 17132, Indonesia",Kota Bekasi,Medansatria,17132,-6.1873076,106.9757841,https://gofood.link/u/J3nYL,2016-06-20T10:20:59.946Z
ad680ead-0f19-41fb-9d17-c880d4e9b6b0,"Domino's Pizza, Bekasi Cyber Park",,4.7,0.0,3,Mahal,1,Aktif,"Pizza & pasta, Cepat saji, Jajanan","Bekasi Cyber Park, Jalan K. H. Noer Ali, Rawa Panjang, Kayuringinjaya, Kota Bekasi, Jawa Barat, Jawa, 17144, Indonesia",Kota Bekasi,Kayuringinjaya,17144,-6.2467658,106.991263,https://gofood.link/u/J3xx4,2016-06-20T10:21:47.913Z
e8cbc016-0e76-40ab-a45d-4e2e8bb96352,"Dunkin' Donuts, Mega Mall Bekasi",,4.1,0.0,4,Premium,1,Aktif,"Roti, Kopi, Sweets","Mega Bekasi Hypermall, Jalan Ahmad Yani, Rawa Panjang, Margajaya, Kota Bekasi, Jawa Barat, Jawa, 17141, Indonesia",Kota Bekasi,Margajaya,17141,-6.249798,106.993394,https://gofood.link/u/J41lw,2016-06-20T10:22:16.643Z
b1eb8e83-f122-44b5-8d9d-739b1d77a337,"Gudeg Jogja Bu Tomo, Komp BDN",,4.6,0.0,1,Murah,1,Aktif,Aneka nasi,"Jalan Bougenvile, Jatiwaringin, Kota Bekasi, Jawa Barat, Jawa, 17411, Indonesia",Kota Bekasi,Jatiwaringin,17411,-6.281293,106.916078,https://gofood.link/u/J4Nzn,2018-10-30T07:01:49.742Z
eac015e5-b2df-498e-ab72-f7cad36dcece,"Bakso Joss, Perum Margahayu",,4.7,0.0,2,Menengah,1,Aktif,Bakso & soto,"Jalan Dirgahayu 1, Perumahan Margahayu Jaya, Rawasemut, Kota Bekasi, Jawa Barat, Jawa, 17113, Indonesia",Kota Bekasi,Rawasemut,17113,-6.258211790614336,107.0154307410121,https://gofood.link/u/J4zJ4,2016-10-05T06:23:32.376Z
0ec5f18b-c2c5-4c8d-b515-1f50a0ed4186,"McDonald's, Kota Harapan Indah",,4.8,0.0,3,Mahal,1,Aktif,"Cepat saji, Sweets, Jajanan","McDonald's, Jalan Harapan Indah Raya, Kota Harapan Indah, Medansatria, Kota Bekasi, Jawa Barat, Jawa, 17132, Indonesia",Kota Bekasi,Medansatria,17132,-6.191306,106.976389,https://gofood.link/u/JAn9,2016-06-20T10:20:21.204Z
270f5bf7-9bfd-4131-bac6-a45b8ad847a1,"Ayam Bakar Dan Ikan Bakar Pring Gading, Bekasi Utara",,4.7,0.0,2,Menengah,1,Aktif,Ayam & bebek,"Jalan KH Muchtar Tabrani, Summarecon Bekasi, Harapanjaya, Kota Bekasi, Jawa Barat, Jawa, 17122, Indonesia",Kota Bekasi,Harapanjaya,17122,-6.211075,107.003894,https://gofood.link/u/JDnA,2018-04-16T08:59:01.177Z
39b361ec-e967-40ab-9fef-f7553df64425,"Warung Sate Solo Pak Bejo, Cibuntu",,3.7,0.0,2,Menengah,1,Aktif,"Aneka nasi, Bakso & soto, Sate","Jalan Inspeksi Kalimalang, Gandasari, Kabupaten Bekasi, Jawa Barat, Jawa, 17520, Indonesia",Kabupaten Bekasi,Gandasari,17520,-6.279512,107.080189,https://gofood.link/u/JMNj,2018-01-04T10:49:59.006Z
488f2bef-ef93-4a4e-8c4e-3dab70d7aaa7,"Been Sae Cake & Cookies, Tambun Selatan",,4.4,0.0,3,Mahal,1,Aktif,Roti,"Jalan Mangunjaya, Kompas, Setiadarma, Kabupaten Bekasi, Jawa Barat, Jawa, 17510, Indonesia",Kabupaten Bekasi,Setiadarma,17510,-6.254863,107.058488,https://gofood.link/u/JV0pn,2018-02-12T06:45:06.603Z
18ae0d1f-436f-4eac-8c53-e08879a40706,"Ayam Geprek HOTLah, Perum Duta Indah","Harap sertakan pilihan level pedas	
Level 1= Cabe 1
Level Sedang = Cabe 3
Level Peda = Cabe 6
Level Pedas Bange = Cabe 8
Level Maximal = Cabe 10",4.2,0.0,1,Murah,1,Aktif,Ayam & bebek,"Jalan Duta Indah Raya, Duta Indah, Jatimakmur, Kota Bekasi, Jawa Barat, Jawa, 17413, Indonesia",Kota Bekasi,Jatimakmur,17413,-6.285550212114133,106.93619325757024,https://gofood.link/u/JV38L,2017-09-26T05:05:02.506Z
53ad8d87-8b0e-4217-afb5-278a861e1bc2,"Pizza Hut Delivery - PHD, Jatiwarna",,4.8,0.0,4,Premium,1,Aktif,"Pizza & pasta, Cepat saji, Jajanan, Barat, Ayam & bebek","Jalan Kranggan, Jatiraden, Jatisampurna, Kota Bekasi, Jawa Barat, Jawa, 17433, Indonesia",Kota Bekasi,Jatisampurna,17433,-6.317459,106.923971,https://gofood.link/u/JVBBR,2017-11-06T11:10:30.990Z
25bf6aed-d269-44f4-9c87-b7715ca97a72,"Coffee Bean & Tea Leaf, Grand Metropolitan Mall",,4.3,0.0,3,Mahal,1,Aktif,"Minuman, Kopi, Roti, Barat","Grand Metropolitan, Jalan Tol Jakarta–Cikampek, Bumi Satria Kencana, Rawa Panjang, Margajaya, Kota Bekasi, Jawa Barat, Jawa, 17142, Indonesia",Kota Bekasi,Margajaya,17142,-6.2496338,106.9841601,https://gofood.link/u/JVQ7R,2016-06-20T10:19:51.325Z
48ecf64a-5949-4379-b494-8e68bcebe994,"Mie Ayam Bangka Muslim Koh Awie, Harapan Indah",,4.7,0.0,2,Menengah,1,Aktif,Bakmie,"Jalan Boulevard Hijau Raya, Kota Harapan Indah, Pejuang, Kota Bekasi, Jawa Barat, Jawa, 17181, Indonesia",Kota Bekasi,Pejuang,17181,-6.1865,106.9815,https://gofood.link/u/JVjz9,2016-06-20T10:20:44.405Z
12cd7bd0-70b0-4018-ba88-870c24a10ca4,"Bunda Salma, Bekasi",,0.0,0.0,1,Murah,1,Aktif,"Jajanan, Minuman","Jalan Perumahan Margahayu, Perumahan Margahayu Jaya, Rawasemut, Kota Bekasi, Jawa Barat, Jawa, 17113, Indonesia",Kota Bekasi,Rawasemut,17113,-6.258574,107.016825,https://gofood.link/u/JVrDZv,2019-11-20T14:44:55.192Z
46df1632-9cd1-4962-aa57-9f22b0e78144,"Warkop 1899, Hankam",,4.4,0.0,2,Menengah,1,Aktif,Jajanan,"Jatiranggon, Kota Bekasi, Jawa Barat, Jawa, 17432, Indonesia",Kota Bekasi,,17432,-6.3306444,106.9240238,https://gofood.link/u/JnV4,2016-06-20T10:27:22.367Z
58cd1516-59bd-4a43-bd14-c5d022e0d467,"Depot Jawa Timur, Pejuang Jaya",,4.8,0.0,2,Menengah,1,Aktif,"Bakmie, Bakso & soto, Minuman","Jalan Taman Harapan Baru Raya, Pejuang, Kota Bekasi, Jawa Barat, Jawa, 17131, Indonesia",Kota Bekasi,Pejuang,17131,-6.1825624,106.9904378,https://gofood.link/u/JpJj,2017-03-29T07:26:37.664Z
321e3f4e-c821-4ea3-829f-8a4432441a21,"Steak 21, Mega Bekasi Hypermall",,4.6,0.0,4,Premium,1,Aktif,Barat,"Mega Bekasi Hypermall, Jalan Ahmad Yani, Rawa Panjang, Margajaya, Kota Bekasi, Jawa Barat, Jawa, 17141, Indonesia",Kota Bekasi,Margajaya,17141,-6.2494797,106.99266,https://gofood.link/u/JxyL,2016-06-20T10:19:37.631Z
c6274ab6-a8ce-43fa-adbf-ffd05aa4b037,"Asinan Betawi Ibu Susi, Cibitung",,4.6,0.0,2,Menengah,1,Aktif,Jajanan,"RS. Cibitung Medika, Jalan Raya B. Bosih, Trias, Wanasari, Kabupaten Bekasi, Jawa Barat, Jawa, 17520, Indonesia",Kabupaten Bekasi,Wanasari,17520,-6.2529133,107.0861737,https://gofood.link/u/K30kG,2018-09-13T09:44:02.136Z
d011a87d-cc0c-433e-8933-0727a0f5856c,"Abuba Steak, Bekasi","ABUBA steak pelopor restoran steak dengan harga terjangkau di Jakarta. Rasakan Sensasi Kelezatan Steak dan Sausnya! Tersebar outletnya di Jakarta dan Bandung. Menu favorit Wagyu Steak, Sirloin, Tenderloin, T-bone, Salmon. Beragam appetizer dan side dish nikmat siap melengkapi steak kamu. Yummm... ABUBA steak, It's My Steak.",4.8,0.0,4,Premium,1,Aktif,Barat,"Jalan Bulevar Selatan, Summarecon Bekasi, Kota Bekasi, Jawa Barat, Jawa, 17142, Indonesia",Kota Bekasi,Summarecon Bekasi,17142,-6.228336,107.001418,https://gofood.link/u/K3eRb,2016-06-20T10:21:00.530Z
100bbb58-5014-475f-849e-9e7d6a1e7449,"Warung Sate Solo Pak Yanto , Pondok Gede, Samping Bebek Bu Yuyun",,4.7,0.0,2,Menengah,1,Aktif,"Sate, Aneka nasi","Jalan Raya Jati Makmur, Jatimakmur, Kota Bekasi, Jawa Barat, Jawa, 17413, Indonesia",Kota Bekasi,Jatimakmur,17413,-6.284744053983348,106.92389499396086,https://gofood.link/u/KOGLG,2018-03-01T02:39:58.693Z
490a48cf-3ad7-48b6-9404-7210127c6b3c,"Ayam Kalasan Lela, Pondok Gede",,0.0,0.0,3,Mahal,1,Aktif,"Cepat saji, Aneka nasi, Jajanan","Jalan Manunggal, Jatimakmur, Kota Bekasi, Jawa Barat, Jawa, 17413, Indonesia",Kota Bekasi,Jatimakmur,17413,-6.2857796,106.9262596,https://gofood.link/u/KOZ24,2018-12-17T03:27:41.037Z
551f262d-dba7-4cb6-b437-a61d9b5c0842,Sop Iga 77,,4.8,0.0,2,Menengah,1,Aktif,Ayam & bebek,"RT 05, Jatisari, Kota Bekasi, Jawa Barat, Jawa, 17432, Indonesia",Kota Bekasi,Jatisari,17432,-6.34196,106.936583,https://gofood.link/u/KOm1z,2018-07-16T06:00:14.573Z
12eea546-1706-45eb-a931-b46febafff67,"Ayam Kampung Mbak Maya, Jl Mochtar Tabrani",,4.8,0.0,2,Menengah,1,Aktif,Ayam & bebek,"Jalan KH Muchtar Tabrani, Summarecon Bekasi, Harapanjaya, Kota Bekasi, Jawa Barat, Jawa, 17122, Indonesia",Kota Bekasi,Harapanjaya,17122,-6.22354505187784,107.003775537014,https://gofood.link/u/KOvej,2017-01-09T08:03:34.090Z
1f8eb7c7-55e2-4962-8206-b6e1aa325f3e,"Sop Iga Dapur Mama 2, Cikarang",,4.7,0.0,2,Menengah,1,Aktif,"Aneka nasi, Bakso & soto","Jalan Kedasih Raya, Jababeka, Pasirsari, Kabupaten Bekasi, Jawa Barat, Jawa, 17530, Indonesia",Kabupaten Bekasi,Pasirsari,17530,-6.3002891,107.1613104,https://gofood.link/u/KVWa,2019-05-14T12:03:32.843Z
574e50f0-5961-4417-a8a8-88744c2e930a,"Solaria, Plaza Cibubur",,4.7,0.0,3,Mahal,1,Aktif,Aneka nasi,"Plaza Cibubur, Jalan Kalimanggis, Kota Bekasi, Jawa Barat, Jawa, 17433, Indonesia",Kota Bekasi,Jalan Kalimanggis,17433,-6.376273,106.915504,https://gofood.link/u/KblN,2017-06-15T05:09:55.341Z
74500971-fb4d-470c-b8ef-75c364f38314,"Kopi Raden, Pondok Melati",,4.6,0.0,2,Menengah,1,Aktif,"Aneka nasi, Kopi, Minuman","Puri Gading, Jatiwarna, Kota Bekasi, Jawa Barat, Jawa, 17415, Indonesia",Kota Bekasi,Jatiwarna,17415,-6.311326,106.938655,https://gofood.link/u/KjL89,2018-03-20T06:23:33.969Z
cb4fe4dc-b3c0-4d92-940e-e8f05410762c,"Ayam Penyet Special Ibu Yani, Kemang Pratama",,4.9,0.0,3,Mahal,1,Aktif,Ayam & bebek,"Jalan Kemang Pratama, Pekayon, Kota Bekasi, Jawa Barat, Jawa, 17114, Indonesia",Kota Bekasi,Pekayon,17114,-6.2714956,106.9875,https://gofood.link/u/Kjy3A,2016-06-20T10:21:25.147Z
dd020e7e-a0ba-477e-b4f5-f754c1df92d5,"KFC Box, Mega Bekasi",,0.0,0.0,3,Mahal,1,Aktif,Cepat saji,"Mega Bekasi Hypermall, Jalan Ahmad Yani, Rawa Panjang, Margajaya, Kota Bekasi, Jawa Barat, Jawa, 17141, Indonesia",Kota Bekasi,Margajaya,17141,-6.249615,106.99284,https://gofood.link/u/Kjzyj,2017-12-28T08:22:39.922Z
6654da97-5384-442d-b18f-a277a1e87aa6,"Warkop 1899, Puma 88",,4.2,0.0,1,Murah,1,Aktif,Jajanan,"Rawa Sapi, Jatimulya, Kabupaten Bekasi, Jawa Barat, Jawa, 17115, Indonesia",Kabupaten Bekasi,Jatimulya,17115,-6.273842,107.020207,https://gofood.link/u/Kk4Ra,2019-07-24T16:42:08.959Z
e03a9d7d-a9af-495e-b6e1-0a7a5ffb9cb7,"Dcika Cakes & Bakery, Harapan Indah",,4.6,0.0,3,Mahal,1,Aktif,"Sweets, Roti, Jajanan","Clairmont Bekasi, 22, Jalan Boulevard Hijau Raya, Kota Harapan Indah, Pejuang, Kota Bekasi, Jawa Barat, Jawa, 17131, Indonesia",Kota Bekasi,Pejuang,17131,-6.186043,106.980121,https://gofood.link/u/KyyYa,2019-10-18T13:17:24.566Z
4ba000fd-1ea6-4761-a0b7-4263b89688f4,"Ayam Bakar & Ikan Bakar Pak Min, Bekasi Timur",,4.7,0.0,2,Menengah,1,Aktif,"Ayam & bebek, Minuman, Seafood","Duren Jaya, Kota Bekasi, Jawa Barat, Jawa, 17111, Indonesia",Kota Bekasi,,17111,-6.234,107.0301667,https://gofood.link/u/LA198q,2020-03-02T16:18:18.307Z
e81680c0-cc71-4234-8539-2ceec10771fe,"Roti Srikaya & Seblak Legendaris, Bekasi Utara",,4.7,0.0,2,Menengah,1,Aktif,"Cepat saji, Jajanan, Roti","Kota Bekasi, Jawa Barat, Jawa, 17122, Indonesia",Kota Bekasi,,17122,-6.198252,107.011758,https://gofood.link/u/LA2xr,2018-05-09T06:56:05.170Z
e57f37ac-f75f-489d-9ad1-aaca4475c922,"Kedai Amole Soto Betawi, Bekasi Selatan",,4.8,0.0,3,Mahal,1,Aktif,"Bakso & soto, Minuman, Aneka nasi","Jalan Pulo Sirih Utama, Pondok Pekayon Indah, Pekayon, Jakasetia, Kota Bekasi, Jawa Barat, Jawa, 17147, Indonesia",Kota Bekasi,Jakasetia,17147,-6.258702,106.972727,https://gofood.link/u/LAeql,2018-05-04T07:41:13.541Z
3e9efb94-348a-4234-b938-97c715a72f25,"Soto Betawi Bang N'Dut 09, Jatibening","Promo untuk soto betawi. Beli 5 gratis 1
Promo untuk bubur ayam beli 7 gratis 1",4.3,0.0,3,Mahal,1,Aktif,"Bakso & soto, Cepat saji, Barat","Jakamulya, Kota Bekasi, Jawa Barat, Jawa, 17412, Indonesia",Kota Bekasi,,17412,-6.2626664,106.9511422,https://gofood.link/u/LGG7l,2016-06-29T02:44:33.685Z
1887fc80-3972-4ac3-b09c-952725054bca,"Bakso Lapangan Tembak Senayan, Pondok Gede - Kyati Group",,4.6,0.0,3,Mahal,1,Aktif,Bakso & soto,"Plaza Pondok Gede 2, Jalan Masjid Nurul Ihsan, Jatiwaringin, Kota Bekasi, Jawa Barat, Jawa, 17411, Indonesia",Kota Bekasi,Jatiwaringin,17411,-6.2838257,106.9120001,https://gofood.link/u/LGG8l,2016-06-20T10:21:35.934Z
18815eff-0de8-4ac5-942f-8e463f573d52,"Soto Kudus Kartini, Dirgantara Jatisari",,4.3,0.0,1,Murah,1,Aktif,"Ayam & bebek, Bakso & soto, Jajanan","Jalan Sirojul Munir, Komplek PKPU, Jatiluhur, Kota Bekasi, Jawa Barat, Jawa, 16969, Indonesia",Kota Bekasi,Jatiluhur,16969,-6.332644469554115,106.95481482893229,https://gofood.link/u/LGGAZ,2018-10-31T07:56:44.368Z
48763bf8-b5df-4d24-adc4-dda820625c96,"Pecel Lele Lela, Galaxy",,4.8,0.0,2,Menengah,1,Aktif,"Ayam & bebek, Aneka nasi","Jalan Pulo Sirih, Pondok Pekayon Indah, Pekayon, Jakasetia, Kota Bekasi, Jawa Barat, Jawa, 17147, Indonesia",Kota Bekasi,Jakasetia,17147,-6.263326,106.972519,https://gofood.link/u/LGO7q,2017-07-27T03:45:26.991Z
0f399536-171c-48d9-85f4-e48e0a56643d,Iga Ndut Grand Wisata,,4.5,0.0,3,Mahal,1,Aktif,"Aneka nasi, Cepat saji, Jajanan","Grand Wisata Residence, Dukuh Bima, Lambangsari, Kabupaten Bekasi, Jawa Barat, Jawa, 17510, Indonesia",Kabupaten Bekasi,Lambangsari,17510,-6.278156105598946,107.0463190600276,https://gofood.link/u/LGOvO,2018-12-19T03:16:27.049Z
2c37bc64-12a7-46a4-bc87-3bdf19aca4f5,"Restoran 99 Seafood, Bekasi Utara",,4.7,0.0,3,Mahal,1,Aktif,Seafood,"Harapanjaya, Kota Bekasi, Jawa Barat, Jawa, 17122, Indonesia",Kota Bekasi,,17122,-6.203576,107.004629,https://gofood.link/u/LGZQ4,2018-10-26T10:20:07.078Z
76437ecc-9426-4c1b-85ee-d055eaf9f665,"Gokana Ramen & Teppan, Metropolitan Mall Bekasi",Periode 17 juni s/d 02 juli akan dikenakan biaya surcharge 10% dari total transaksi sebelum biaya delivery,4.6,0.0,3,Mahal,1,Aktif,"Jepang, Aneka nasi, Bakmie, Thailand","Jalan Ahmad Yani, Rawa Panjang, Margajaya, Kota Bekasi, Jawa Barat, Jawa, 17141, Indonesia",Kota Bekasi,Margajaya,17141,-6.2482974,106.9917312,https://gofood.link/u/LO1Z4,2016-06-20T10:23:29.959Z
a76e64e4-8361-4558-a50c-2645fe92bd9a,"Mie Ayam Hotplate Abuy, Bekasi Timur",,4.8,0.0,2,Menengah,1,Aktif,Bakmie,"Jalan Nusantara, Bulak Kapal, Aren Jaya, Kota Bekasi, Jawa Barat, Jawa, 17111, Indonesia",Kota Bekasi,Aren Jaya,17111,-6.242789,107.036964,https://gofood.link/u/LO91Z,2018-04-06T09:34:03.780Z
c4e75a2a-98d1-4f99-8218-520b6f0640d8,"FamilyMart, PTC",,4.8,0.0,2,Menengah,1,Aktif,"Kopi, Jajanan, Aneka nasi, Minuman, Ayam & bebek","Pulogadung Trade Center, Km 21, Jalan Bekasi Raya, RW 03, Rawa Terate, Cakung, Jakarta Timur, Daerah Khusus Ibukota Jakarta, Jawa, 13920, Indonesia",Bekasi (tidak spesifik),,13920,-6.183205,106.915859,https://gofood.link/u/LOVlr,2017-03-03T17:51:30.406Z
a7d6dee7-d01f-43ec-bd8d-5d4225e95116,"Seblak Seuhah Ella, Tambun",,4.8,0.0,2,Menengah,1,Aktif,Jajanan,"Kompas, Tambun, Kabupaten Bekasi, Jawa Barat, Jawa, 17510, Indonesia",Kabupaten Bekasi,Tambun,17510,-6.266616997266668,107.06701498478652,https://gofood.link/u/LOpjV,2018-05-21T03:52:15.578Z
a6a2481a-660f-46c0-9da1-cebd07313bfe,"Dcrepes, Grand Galaxy Park",,4.7,0.0,2,Menengah,1,Aktif,"Jajanan, Cepat saji, Sweets","Grand Galaxy Park, No.1, Jalan Boulevard Raya Barat, Pondok Pekayon Indah, Pekayon, Jakasetia, Kota Bekasi, Jawa Barat, Jawa, 17147, Indonesia",Kota Bekasi,Jakasetia,17147,-6.270747,106.972237,https://gofood.link/u/LOqxR,2017-04-17T06:54:13.284Z
a95bb9bc-ecf1-415c-b679-ff761b84820a,"Thirstea, Boulevar Raya",,0.0,0.0,2,Menengah,1,Aktif,Minuman,"Jalan Boulevard Raya Barat, Pondok Pekayon Indah, Pekayon, Jakasetia, Kota Bekasi, Jawa Barat, Jawa, 17147, Indonesia",Kota Bekasi,Jakasetia,17147,-6.272696,106.97251,https://gofood.link/u/Le8zO,2017-06-07T08:29:48.917Z
d0e104dc-94db-4085-89a3-6970ad1c0916,Waroenk Bamboe PGR,,4.2,0.0,2,Menengah,1,Aktif,"Cepat saji, Jajanan, Jepang","Jalan Puri Gading Utama, Puri Gading, Jatiwarna, Kota Bekasi, Jawa Barat, Jawa, 17415, Indonesia",Kota Bekasi,Jatiwarna,17415,-6.319205,106.940249,https://gofood.link/u/Le9qR,2017-09-08T10:49:56.067Z
da0207f5-72c2-4e7e-8368-0d7e74320b65,"Roti Unyil Venus, Kalimalang",,4.2,0.0,3,Mahal,1,Aktif,"Roti, Sweets","Rawa Panjang, Kayuringinjaya, Kota Bekasi, Jawa Barat, Jawa, 17144, Indonesia",Kota Bekasi,Kayuringinjaya,17144,-6.248144,106.986809,https://gofood.link/u/LeykV,2018-07-27T04:33:27.512Z
0d6c6046-5ca6-4181-8c29-c8a11a2968a0,"Ayam Bersih Berkah, Aren Jaya",Juara Partner GO-FOOD 2019: Kategori Kawan Setia di Tanggal Tua & Kategori Paling Aktif Jabodetabek,0.0,0.0,3,Mahal,1,Aktif,Aneka nasi,"Jalan Pahlawan, Rawasemut, Duren Jaya, Kota Bekasi, Jawa Barat, Jawa, 17111, Indonesia",Kota Bekasi,Duren Jaya,17111,-6.246402989755503,107.02543591830948,https://gofood.link/u/LjmM,2018-01-31T09:31:00.372Z
167fd6b5-5749-43e1-b24b-7fdb806f8b6d,"Bakso Sahabat Mas Yani, Vila Asri",,4.6,0.0,2,Menengah,1,Aktif,"Bakmie, Bakso & soto","Vila Asri, Mutiara Gading, Mustikajaya, Kota Bekasi, Jawa Barat, Jawa, 17158, Indonesia",Kota Bekasi,Mustikajaya,17158,-6.287028,107.035139,https://gofood.link/u/LznV,2018-08-06T08:25:32.360Z
280740fe-8591-4a47-95a5-226cadc8c7ee,"Imperial Kitchen & Dimsum, Grand Metropolitan",,4.8,0.0,3,Mahal,1,Aktif,"Chinese, Aneka nasi, Ayam & bebek","Grand Metropolitan, Jalan Tol Jakarta–Cikampek, Bumi Satria Kencana, Rawa Panjang, Margajaya, Kota Bekasi, Jawa Barat, Jawa, 17142, Indonesia",Kota Bekasi,Margajaya,17142,-6.2492408,106.9842301,https://gofood.link/u/M9pj,2016-06-20T10:20:26.551Z
ea9287c6-18e6-415a-b174-59cf206ea6de,"Ayam Bakar Madu Baraya 18, Rawalumbu",,4.8,0.0,3,Mahal,1,Aktif,"Aneka nasi, Ayam & bebek","Markan, Bojong Rawalumbu, Kota Bekasi, Jawa Barat, Jawa, 17117, Indonesia",Kota Bekasi,Bojong Rawalumbu,17117,-6.296712,106.986658,https://gofood.link/u/MK0yjj,2019-11-13T16:54:40.002Z
1c4a8451-ea53-436f-98b9-b6df8ec84e52,"Kedai Karasa, Bekasi Timur",,0.0,0.0,2,Menengah,1,Aktif,Jajanan,"Jalan Sersan Aswan, Perumahan Margahayu Jaya, Rawasemut, Kota Bekasi, Jawa Barat, Jawa, 17113, Indonesia",Kota Bekasi,Rawasemut,17113,-6.254139,107.012917,https://gofood.link/u/MK1vG,2018-02-15T07:05:01.283Z
dd002342-01ac-434c-ba7a-2bc6ef7ed9f2,"Ngidham Bubur, Pondok Melati",,4.8,0.0,1,Murah,1,Aktif,"Aneka nasi, Jajanan, Sweets","Jalan Siliwangi Raya, Jatirahayu, Kota Bekasi, Jawa Barat, Jawa, 17422, Indonesia",Kota Bekasi,Jatirahayu,17422,-6.2970422,106.9351997,https://gofood.link/u/MK8bD0,2019-11-08T14:26:09.319Z
482b98e9-a70f-4e63-9c58-33b9f65a0936,"Sederhana SA, Jatinegara",,4.7,0.0,2,Menengah,1,Aktif,"Aneka nasi, Ayam & bebek, Sate","Jalan Bekasi Timur VIII, RW 04, Rawa Bunga, Jatinegara, Jakarta Timur, Daerah Khusus Ibukota Jakarta, Jawa, 13350, Indonesia",Bekasi (tidak spesifik),,13350,-6.2180754,106.8705218,https://gofood.link/u/MKK9k,2016-06-20T10:28:40.372Z
40618d4d-7ed5-495d-8e05-9e3b916dd110,Seafood AA Pondok Cipta,,4.6,0.0,3,Mahal,1,Aktif,"Seafood, Bakmie, Chinese","Jalan Raya Pondok Cipta, Kranji, Bintara, Kota Bekasi, Jawa Barat, Jawa, 17134, Indonesia",Kota Bekasi,Bintara,17134,-6.2288333,106.9605,https://gofood.link/u/MKMbQ,2016-06-20T10:20:35.860Z
5d0f4ebb-9817-4e1e-863f-b5993dec69ad,"Dapur Cokelat, Galaxy",,4.4,0.0,4,Premium,1,Aktif,"Sweets, Roti, Minuman, Jajanan","Jalan Boulevard Raya Barat, Pondok Pekayon Indah, Pekayon, Jakasetia, Kota Bekasi, Jawa Barat, Jawa, 17147, Indonesia",Kota Bekasi,Jakasetia,17147,-6.27012,106.971586,https://gofood.link/u/MKMr2,2017-10-16T09:14:33.355Z
2e073627-4966-4e85-b4b2-128b0bfe9f20,"Chatime, Summarecon Mall Bekasi",,4.7,0.0,2,Menengah,1,Aktif,"Minuman, Kopi, Sweets","Summarecon Mall Bekasi, Jalan Bulevar Ahmad Yani, Summarecon Bekasi, Kota Bekasi, Jawa Barat, Jawa, 17142, Indonesia",Kota Bekasi,Summarecon Bekasi,17142,-6.22609,107.001176,https://gofood.link/u/MKV1G,2016-09-23T09:10:16.648Z
1a982bac-611c-4773-a330-bd1895e26e99,"Marijo, Grand Galaxy City",,4.9,0.0,2,Menengah,1,Aktif,Aneka nasi,"Grand Galaxy Park, No.1, Jalan Boulevard Raya Barat, Pondok Pekayon Indah, Pekayon, Jakasetia, Kota Bekasi, Jawa Barat, Jawa, 17147, Indonesia",Kota Bekasi,Jakasetia,17147,-6.270715,106.972188,https://gofood.link/u/MKWDQ,2017-04-18T03:40:11.331Z
fb90730a-8723-425b-915f-1043630f57b8,"Pempek Zaqi, Perumahan Bumi Lestari",,4.7,0.0,1,Murah,1,Aktif,Jajanan,"Mangunjaya, Kabupaten Bekasi, Jawa Barat, Jawa, 17567, Indonesia",Kabupaten Bekasi,,17567,-6.240988,107.060197,https://gofood.link/u/Mbaw5,2018-01-29T04:28:02.724Z
f4fb49cd-e4c4-4c96-8810-c01324957714,"Solaria, @Hom Cibitung",,4.7,0.0,3,Mahal,1,Aktif,"Bakmie, Aneka nasi, Chinese","Jalan Berlian Timuf, Kompas, Tambun, Kabupaten Bekasi, Jawa Barat, Jawa, 17520, Indonesia",Kabupaten Bekasi,Tambun,17520,-6.265618,107.073336,https://gofood.link/u/MbmDY,2017-07-25T05:58:08.079Z
a5bad3eb-f1c4-446c-b35c-eac176198f09,"Rumah Makan & Seafood 99,BTR, Bekasi Timur",,4.7,0.0,3,Mahal,1,Aktif,Seafood,"Bekasi Timur Regency, Dukuh Zamrud, Padurenan, Kota Bekasi, Jawa Barat, Jawa, 17155, Indonesia",Kota Bekasi,Padurenan,17155,-6.321834,107.018321,https://gofood.link/u/MbzyQ,2016-06-20T10:21:43.725Z
0e50100f-591c-40f2-9a29-d4a038fb8edb,"Takoyaki Bokura, Taman Narogong Indah",,4.7,0.0,2,Menengah,1,Aktif,"Jajanan, Jepang, Minuman","Perum. Taman Narogong Indah, Narogong, Sepanjangjaya, Kota Bekasi, Jawa Barat, Jawa, 17115, Indonesia",Kota Bekasi,Sepanjangjaya,17115,-6.272169,107.009048,https://gofood.link/u/MmlG,2018-11-27T08:01:02.727Z
297d1e63-10d2-4ae3-b21c-cd26d2d1ecf3,Kebun Kopi,,4.7,0.0,3,Mahal,1,Aktif,Kopi,"Grand Wisata Residence, Dukuh Bima, Lambangsari, Kabupaten Bekasi, Jawa Barat, Jawa, 17510, Indonesia",Kabupaten Bekasi,Lambangsari,17510,-6.27923,107.04556,https://gofood.link/u/MpqY,2016-11-10T11:09:41.295Z
e42d7091-5205-440f-ad36-e832fc8c9805,"McDonald's, Bintara Bekasi",,4.8,0.0,3,Mahal,1,Aktif,"Cepat saji, Sweets, Jajanan","Kranji, Bintara, Kota Bekasi, Jawa Barat, Jawa, 17134, Indonesia",Kota Bekasi,Bintara,17134,-6.23284511,106.9652104,https://gofood.link/u/MqndG,2016-06-20T10:25:46.254Z
71bef799-6b4c-4e7b-bccd-f03df2a709e7,"Ayam Bakar Dan Ayam Penyet Ummu Dzikri, Setu Bekasi",,4.6,0.0,2,Menengah,1,Aktif,"Ayam & bebek, Minuman, Aneka nasi","Grand Residence City, Mustika Park Place, Cijengkol, Kabupaten Bekasi, Jawa Barat, Jawa, 17320, Indonesia",Kabupaten Bekasi,Cijengkol,17320,-6.329389798338336,107.03899227082728,https://gofood.link/u/Mqnkb,2018-07-06T04:20:47.432Z
dacf2df1-8d90-4be6-954f-9f03bce18831,"Sate Tegal Barokah, Jati Makmur",,4.7,0.0,2,Menengah,1,Aktif,Sate,"Jalan Raya Jati Makmur, Duta Indah, Jatimakmur, Kota Bekasi, Jawa Barat, Jawa, 17413, Indonesia",Kota Bekasi,Jatimakmur,17413,-6.284041310429366,106.93166866859976,https://gofood.link/u/Mqrl0,2016-06-20T10:20:34.218Z
bc738739-7290-4a37-a027-621de5b93074,"Dapur Azmya, Jatibening Baru",,3.7,0.0,2,Menengah,1,Aktif,"Minuman, Kopi, Bakmie, Jajanan","Jatibening, Kota Bekasi, Jawa Barat, Jawa, 17412, Indonesia",Kota Bekasi,,17412,-6.258016822875318,106.94010961800814,https://gofood.link/u/Mqxz0,2017-11-09T03:29:34.647Z
4f6de54e-93fe-4602-abdc-a0aadf995a87,"Haus!, Karang Satria",,4.7,0.0,2,Menengah,1,Aktif,"Sweets, Minuman, Jajanan, Kopi","Kabupaten Bekasi, Jawa Barat, Jawa, 17123, Indonesia",Kabupaten Bekasi,,17123,-6.216163,107.032929,https://gofood.link/u/MwdYe,2019-08-27T10:43:59.051Z
4d46f171-7466-4b75-aa63-3677a59f2d57,"Kalasan Sedap Rasa 88 Ny Andreas, Jalan Raya Kp Sawah",,4.8,0.0,2,Menengah,1,Aktif,"Ayam & bebek, Bakso & soto","Jalan Raya Kampung Sawah, Villa Legian, Puri Gading, Jatiwarna, Kota Bekasi, Jawa Barat, Jawa, 17415, Indonesia",Kota Bekasi,Jatiwarna,17415,-6.310772,106.936683,https://gofood.link/u/Mx8j,2018-12-20T04:03:51.487Z
dc5a88cc-9b8b-4763-8a27-925058c18e3f,"Dod Den Thai Tea, Pondok Ungu Permai",,4.8,0.0,2,Menengah,1,Aktif,Minuman,"Blok JJ8-JJ9, Pondok Ungu Permai, Kaliabang Tengah, Kota Bekasi, Jawa Barat, Jawa, 17125, Indonesia",Kota Bekasi,Kaliabang Tengah,17125,-6.180004583288908,107.00491447001696,https://gofood.link/u/MzLJZ,2017-12-15T04:02:55.554Z
dcd8b4d9-bab7-4f5c-aa4f-2a4adb89d8c7,"Miago Super Judes, Ruko Greenwood",,4.6,0.0,2,Menengah,1,Aktif,Bakmie,"Harapan Baru, Kota Bekasi, Jawa Barat, Jawa, 17121, Indonesia",Kota Bekasi,,17121,-6.205391,107.021666,https://gofood.link/u/MzMnj,2019-02-14T16:21:41.434Z
bffb75da-d6d4-41e0-a077-a5310856fc19,"KFC, Kota Bintang",,4.8,0.0,3,Mahal,1,Aktif,Cepat saji,"KFC, Jalan Raya Kalimalang, Bintarajaya, Kota Bekasi, Jawa Barat, Jawa, 17145, Indonesia",Kota Bekasi,Bintarajaya,17145,-6.249238,106.957369,https://gofood.link/u/MzPe5,2018-11-08T03:00:02.473Z
dbaa59e5-1571-47a5-92e5-cbadff249d6e,"Martha Oven, Bekasi",,0.0,0.0,2,Menengah,1,Aktif,"Sate, Barat","Pejuang, Kota Bekasi, Jawa Barat, Jawa, 17131, Indonesia",Kota Bekasi,,17131,-6.1765549,106.995153,https://gofood.link/u/Mzawj,2017-10-17T07:15:14.203Z
73079d24-295e-436e-a69f-2566f7d8f754,"Jus Now, Bekasi Utara",,0.0,0.0,1,Murah,1,Aktif,Minuman,"Harapanjaya, Kota Bekasi, Jawa Barat, Jawa, 17124, Indonesia",Kota Bekasi,,17124,-6.2024931,106.987403,https://gofood.link/u/MzbPG,2018-08-13T08:53:51.342Z
d3c4af27-c132-4b1d-9d68-b9790257f79e,"Nagari Rancak, Pondok Gede",,0.0,0.0,4,Premium,1,Aktif,"Cepat saji, Jajanan","Graha Indah, Kota Bekasi, Jawa Barat, Jawa, 17421, Indonesia",Kota Bekasi,,17421,-6.28209,106.9561918,https://gofood.link/u/MzjVY,2018-08-06T09:11:14.169Z
ae47b39c-4889-4188-8b47-15a62901edeb,"I Am Geprek Bensu, Bekasi","Rumah Makan dengan ayam goreng tepung yang di geprek plus sambel, keju, dan mozarella",4.7,0.0,2,Menengah,1,Aktif,"Ayam & bebek, Aneka nasi, Cepat saji","Jalan Boulevard Hijau Raya, Kota Harapan Indah, Pejuang, Kota Bekasi, Jawa Barat, Jawa, 17181, Indonesia",Kota Bekasi,Pejuang,17181,-6.18639144,106.97953,https://gofood.link/u/Mzrdk,2017-08-02T09:32:47.296Z
ffeb8781-7a01-4798-a99b-7d77b0d20cbc,"Mie Ayam Bakso Uje 2, Mustika Jaya",,0.0,0.0,1,Murah,1,Aktif,Bakmie,"Jalan Benda, Familia Urban, Cikiwul, Kota Bekasi, Jawa Barat, Jawa, 17152, Indonesia",Kota Bekasi,Cikiwul,17152,-6.326593,106.994218,https://gofood.link/u/N0jAZ,2018-03-07T08:23:56.188Z
481dce38-d637-432b-b83d-9bfdc7511d18,"Haus! x Hot Oppa, Jatiwaringin",,4.7,0.0,2,Menengah,1,Aktif,"Minuman, Jajanan, Kopi","Gang Bahagia, Jatiwaringin, Kota Bekasi, Jawa Barat, Jawa, 17411, Indonesia",Kota Bekasi,Jatiwaringin,17411,-6.27163,106.912018,https://gofood.link/u/N7JBk,2018-11-14T08:09:41.135Z
42a96cc0-0435-484f-a221-788b7817dd51,"Holland Bakery, Jatiwarna",,4.8,0.0,2,Menengah,1,Aktif,"Sweets, Roti","Holland Bakery Karawang, Jalan Kranggan, Jatiwarna, Kota Bekasi, Jawa Barat, Jawa, 17414, Indonesia",Kota Bekasi,Jatiwarna,17414,-6.31624,106.923946,https://gofood.link/u/N7Kn,2016-06-20T10:21:28.206Z
4979aa15-a89f-45b0-9ea0-2d9ce3116465,"Bebek Goreng H. Slamet, Galaxy",,4.7,0.0,2,Menengah,1,Aktif,Ayam & bebek,"Jalan Nusa Indah, Pekayon, Jakasetia, Kota Bekasi, Jawa Barat, Jawa, 17148, Indonesia",Kota Bekasi,Jakasetia,17148,-6.256511736144215,106.96882044430822,https://gofood.link/u/N7QWK,2016-06-20T10:21:35.644Z
419cd2bc-2953-49b0-bf45-b889aaa84e71,"Seafood 27, Jatiwaringin",,4.7,0.0,3,Mahal,1,Aktif,Seafood,"Jalan Jati Waringin, Jatiwaringin, Kota Bekasi, Jawa Barat, Jawa, 17411, Indonesia",Kota Bekasi,Jatiwaringin,17411,-6.268921,106.911474,https://gofood.link/u/N7vNR,2016-06-20T10:21:18.431Z
56c42773-fe68-4b4d-be86-f6cf3c880032,Ayam Kecut Ibu Cucum,,0.0,0.0,0,Tidak diketahui,1,Aktif,Aneka nasi,"Indomaret, Jalan Karang Satria, Bekasi Jaya, Kota Bekasi, Jawa Barat, Jawa, 17111, Indonesia",Kota Bekasi,Bekasi Jaya,17111,-6.227224,107.030173,https://gofood.link/u/NLxD,2017-08-14T06:54:56.645Z
26a940d3-c370-417f-80f6-ce67efa32a80,"YOSHINOYA BEEF BOWL, Grand Kota Bintang",,4.8,0.0,3,Mahal,1,Aktif,"Jepang, Cepat saji, Ayam & bebek, Aneka nasi, Kopi","Bintarajaya, Kota Bekasi, Jawa Barat, Jawa, 17145, Indonesia",Kota Bekasi,,17145,-6.248690664096895,106.95665315669658,https://gofood.link/u/NMlM,2019-03-01T11:48:54.749Z
286efab9-446c-44e7-ae22-5607fa88fb29,"Bakmie Akim, Harapan Indah",,4.6,0.0,2,Menengah,1,Aktif,Bakmie,"Kota Harapan Indah, Pejuang, Kota Bekasi, Jawa Barat, Jawa, 17131, Indonesia",Kota Bekasi,Pejuang,17131,-6.177826,106.984793,https://gofood.link/u/NVeP,2018-03-27T04:57:46.883Z
7709b88f-cdde-43c2-a397-6db8f26b5f28,"Sate Solo Pak Min, Kranji",,4.8,0.0,3,Mahal,1,Aktif,"Bakso & soto, Sate","Jalan Pemuda Raya, Kranji, Kota Bekasi, Jawa Barat, Jawa, 17135, Indonesia",Kota Bekasi,Kranji,17135,-6.228229,106.977807,https://gofood.link/u/Nb3pD,2018-03-09T01:40:50.651Z
9df58982-19b9-490f-8765-b6f4b1d09c36,"Sushi Mayo, Bekasi Barat",,4.6,0.0,3,Mahal,1,Aktif,"Jajanan, Jepang, Korea","Kranji, Bintara, Kota Bekasi, Jawa Barat, Jawa, 17134, Indonesia",Kota Bekasi,Bintara,17134,-6.234231213405735,106.95586424320936,https://gofood.link/u/Nbqgn,2018-11-26T04:06:13.152Z
6349617b-a340-46fb-95f8-efe327320001,"RM Gudeg Prambanan, Pekayon Raya",,4.7,0.0,2,Menengah,1,Aktif,Aneka nasi,"Starbucks, Jalan Pekayon Raya, Pondok Pekayon Indah, Pekayon, Jakasetia, Kota Bekasi, Jawa Barat, Jawa, 17114, Indonesia",Kota Bekasi,Jakasetia,17114,-6.2698931,106.9815782,https://gofood.link/u/O1J5Z,2016-06-20T10:22:46.554Z
f2f9306f-c942-46a8-aa3d-9118f9c6a06a,"Nasi Uduk Idaman, Jatiwaringin","Pelayanan di resto kami ramah kami juga menerapkan kualitas rasa bintang lima harga kaki lima


",4.8,0.0,2,Menengah,1,Aktif,"Bakso & soto, Ayam & bebek","Jatiwaringin, Kota Bekasi, Jawa Barat, Jawa, 17411, Indonesia",Kota Bekasi,,17411,-6.2806296,106.9134817,https://gofood.link/u/O1bGg,2016-11-22T07:49:00.624Z
d7785f4b-6cd0-4fc2-8974-dfcb92636dbd,"Sop Ayam Pak Miin Klaten, Jatiasih",,4.6,0.0,2,Menengah,1,Aktif,Aneka nasi,"Jalan Raya Jati Asih, Komplek Pemda Jatiasih, Jatimekar, Kota Bekasi, Jawa Barat, Jawa, 17423, Indonesia",Kota Bekasi,Jatimekar,17423,-6.292775,106.960148,https://gofood.link/u/O1lzL,2018-11-07T11:53:26.765Z
5a42e253-d8ff-41c7-bac6-91e345376894,"Solaria, Living Plaza Jababeka",,4.7,0.0,3,Mahal,1,Aktif,"Aneka nasi, Ayam & bebek","Jalan Niaga Raya, Jababeka, Pasirsari, Kabupaten Bekasi, Jawa Barat, Jawa, 17530, Indonesia",Kabupaten Bekasi,Pasirsari,17530,-6.2994678,107.1504177,https://gofood.link/u/O2JgZL,2019-10-29T14:42:07.863Z
2f4e97eb-19c6-45f1-b8e1-c781f3619fd5,"Mamandut Shop, Permata Bekasi",,0.0,0.0,2,Menengah,1,Aktif,"Ayam & bebek, Jajanan, Pizza & pasta","Bekasi Jaya, Kota Bekasi, Jawa Barat, Jawa, 17112, Indonesia",Kota Bekasi,,17112,-6.229986,107.023453,https://gofood.link/u/O2Lym,2018-11-05T08:22:33.632Z
23330d83-3162-4878-b741-25b3ff719739,"Lapis Talas Arasari, Gerai Kalimalang Bekasi",,4.1,0.0,3,Mahal,1,Aktif,"Roti, Jajanan, Sweets","Jalan Lele 11, Rawa Panjang, Kayuringinjaya, Kota Bekasi, Jawa Barat, Jawa, 17144, Indonesia",Kota Bekasi,Kayuringinjaya,17144,-6.248005,106.987417,https://gofood.link/u/O2M3Z,2016-06-20T10:28:01.615Z
7293cd74-5264-4654-ac9a-de18c6a2582d,"Franksky Dessert, Rawalumbu",,4.3,0.0,3,Mahal,1,Aktif,Sweets,"Puri Mustika, Rawalumbu, Sepanjangjaya, Kota Bekasi, Jawa Barat, Jawa, 17175, Indonesia",Kota Bekasi,Sepanjangjaya,17175,-6.276324,107.003002,https://gofood.link/u/O2WNa,2018-08-06T06:34:57.770Z
2db3a344-4e32-4bfa-bc42-4a5229bedfc9,"Majestyk Bakery & Cake Shop, Bekasi",,4.3,0.0,2,Menengah,1,Aktif,"Roti, Sweets, Jajanan","Jalan Tol Bekasi–Cawang–Kampung Melayu, Bumi Satria Kencana, Pekayon, Bintarajaya, Kota Bekasi, Jawa Barat, Jawa, 17145, Indonesia",Kota Bekasi,Bintarajaya,17145,-6.2481667,106.9828333,https://gofood.link/u/O2Y2g,2016-06-20T10:20:22.169Z
55592518-457a-47a9-94e7-44b493343d7a,"Entog Cengkir Pojok, Rawalumbu",,4.8,0.0,2,Menengah,1,Aktif,"Aneka nasi, Ayam & bebek","Puri Mustika, Rawalumbu, Sepanjangjaya, Kota Bekasi, Jawa Barat, Jawa, 17175, Indonesia",Kota Bekasi,Sepanjangjaya,17175,-6.2762881,107.0027892,https://gofood.link/u/O2emr,2018-07-25T09:07:54.512Z
a8f2b02b-0e69-4f9d-9d95-758507a98f30,"Toko Kue Ibu Danis, Puri Gading",,4.7,0.0,3,Mahal,1,Aktif,Roti,"Puri Gading, Jatiwarna, Kota Bekasi, Jawa Barat, Jawa, 17415, Indonesia",Kota Bekasi,Jatiwarna,17415,-6.312072,106.939206,https://gofood.link/u/O3JRa,2018-03-17T15:39:25.657Z
eda31fa9-2db9-408e-ae13-7076318aab7c,"Bubur Ayam Barokah Pondok Gede, Pondok Gede",,4.1,0.0,1,Murah,1,Aktif,"Aneka nasi, Cepat saji","Jalan Jati Waringin, Jatiwaringin, Kota Bekasi, Jawa Barat, Jawa, 17411, Indonesia",Kota Bekasi,Jatiwaringin,17411,-6.281080501112228,106.91370829939842,https://gofood.link/u/O3mPp,2017-03-20T07:13:01.504Z
ac2c2ccb-b857-4caa-a89d-76bebaf26cce,"Ayam Blenger PSP, Bintara Bekasi",,4.8,0.0,2,Menengah,1,Aktif,"Ayam & bebek, Aneka nasi, Roti, Cepat saji","McDonald's, 17, Jalan Bintara Raya, Kranji, Bintara, Kota Bekasi, Jawa Barat, Jawa, 17134, Indonesia",Kota Bekasi,Bintara,17134,-6.2331689,106.96602,https://gofood.link/u/OJ1gL,2018-03-13T06:53:04.792Z
743f22d8-9c39-4603-8c6b-ae55adcadbb3,"Nasi Goreng Gila Mas Han, Rawalumbu",,4.7,0.0,2,Menengah,1,Aktif,Aneka nasi,"Jalan Narogong Asri, Bundaran Narogong, Narogong, Sepanjangjaya, Kota Bekasi, Jawa Barat, Jawa, 17115, Indonesia",Kota Bekasi,Sepanjangjaya,17115,-6.271286,107.008011,https://gofood.link/u/OJ5wM,2018-07-28T04:27:35.734Z
62619f58-693c-4c73-98be-52628867b18b,"HokBen, Medan Satria",,4.8,0.0,3,Mahal,1,Aktif,"Jepang, Cepat saji","McDonald's, Jalan Harapan Indah Raya, Kota Harapan Indah, Medansatria, Kota Bekasi, Jawa Barat, Jawa, 17132, Indonesia",Kota Bekasi,Medansatria,17132,-6.1909446,106.9762158,https://gofood.link/u/OJ8yr,2016-06-20T10:23:39.708Z
dbdab094-8b6e-4628-974d-2529f43ee0b9,"Icetagram Bubble Dink, Pondok Melati",,3.1,0.0,2,Menengah,1,Aktif,"Aneka nasi, Bakso & soto","Jalan Raya Pasar Kecapi, Jatirahayu, Kota Bekasi, Jawa Barat, Jawa, 17414, Indonesia",Kota Bekasi,Jatirahayu,17414,-6.297814,106.924676,https://gofood.link/u/OJJlL,2018-04-11T06:43:03.191Z
a4b7b81c-6870-42c2-bae8-a3d5ca5add3a,"McDonald's, Jatiwarna",,4.7,0.0,3,Mahal,1,Aktif,"Cepat saji, Sweets, Jajanan","McDonald's, Jalan Kranggan, Jatiwarna, Kota Bekasi, Jawa Barat, Jawa, 17415, Indonesia",Kota Bekasi,Jatiwarna,17415,-6.311461,106.924136,https://gofood.link/u/OJLRM,2016-06-20T10:20:27.508Z
6a5904da-ab54-43c8-9fdd-ffa6f23eb528,"Yokobento, Ruko Villa Mutiara Gading",,4.6,0.0,2,Menengah,1,Aktif,"Jepang, Ayam & bebek, Cepat saji","Jalan Karang Satria, Karangsatria, Kabupaten Bekasi, Jawa Barat, Jawa, 17123, Indonesia",Kabupaten Bekasi,Karangsatria,17123,-6.215808,107.033384,https://gofood.link/u/OJbQp,2017-12-28T03:05:10.850Z
f8acfbb8-7a6b-4cec-a272-e15fbce13700,"Domino's Pizza, Jababeka 2",,4.7,0.0,3,Mahal,1,Aktif,"Pizza & pasta, Cepat saji, Jajanan","Jalan Raya Cibarusah, Jababeka, Mekarmukti, Kabupaten Bekasi, Jawa Barat, Jawa, 17530, Indonesia",Kabupaten Bekasi,Mekarmukti,17530,-6.297705,107.14821,https://gofood.link/u/OJjdr,2017-03-23T09:44:34.385Z
a48a6ae8-c9a2-4920-bf9d-766198dddc96,"Richeese Factory, Bintara",,4.7,0.0,3,Mahal,1,Aktif,"Cepat saji, Ayam & bebek, Aneka nasi","Jalan Bintara Raya, Kranji, Bintara, Kota Bekasi, Jawa Barat, Jawa, 17134, Indonesia",Kota Bekasi,Bintara,17134,-6.2323388,106.9639498,https://gofood.link/u/OJlrp,2016-06-20T10:22:24.668Z
a462f1b5-2baa-424c-a604-7d958680b56e,"Rumah Makan & Seafood 99, Rawalumbu",,4.5,0.0,3,Mahal,1,Aktif,Seafood,"Jalan Dasa Dharma, Jembatan Nol, Rawalumbu, Sepanjangjaya, Kota Bekasi, Jawa Barat, Jawa, 17175, Indonesia",Kota Bekasi,Sepanjangjaya,17175,-6.270805552486222,107.00212463736536,https://gofood.link/u/OJm5g,2016-06-20T10:19:45.974Z
a4c8817c-c8c3-477d-9d6d-643d86546882,"Baso Aci Mantan, Bekasi Selatan",,4.7,0.0,2,Menengah,1,Aktif,Jajanan,"Jalan Pulau Ribung, Pondok Pekayon Indah, Pekayon, Jakasetia, Kota Bekasi, Jawa Barat, Jawa, 17147, Indonesia",Kota Bekasi,Jakasetia,17147,-6.267625,106.975545,https://gofood.link/u/OJn8p,2018-11-27T04:27:01.385Z
56b65e86-878e-4cf4-a876-edf502a86c70,A&W Mega Bekasi 1 UG,,4.8,0.0,3,Mahal,1,Aktif,Cepat saji,"Mega Bekasi Hypermall, Jalan Ahmad Yani, Rawa Panjang, Margajaya, Kota Bekasi, Jawa Barat, Jawa, 17141, Indonesia",Kota Bekasi,Margajaya,17141,-6.2494887,106.99283,https://gofood.link/u/OVMp,2016-06-20T10:19:39.572Z
47a71f0b-feda-4ff3-8b45-e32749ffa1c7,Es Pisang Ijo - Lapten Corner,,4.7,0.0,1,Murah,1,Aktif,Sweets,"Jalan Niaga Raya, Pekayon, Jakasetia, Kota Bekasi, Jawa Barat, Jawa, 17114, Indonesia",Kota Bekasi,Jakasetia,17114,-6.270553600242806,106.98608502745628,https://gofood.link/u/OWOM,2016-09-02T06:52:14.925Z
335a47f9-c4b9-4772-97cb-af2c3e466d5e,"Restoran Saribungo, Metropolitan",,4.8,0.0,2,Menengah,1,Aktif,"Aneka nasi, Ayam & bebek, Cepat saji","Jalan Caman Raya, Bintarajaya, Kota Bekasi, Jawa Barat, Jawa, 17145, Indonesia",Kota Bekasi,Bintarajaya,17145,-6.254067897796631,106.9517822265625,https://gofood.link/u/Oena,2017-12-22T10:47:30.791Z
2160c181-27b2-4315-9c94-1629315f41c3,"Bakso Rusuk Solo, Gusti Ngurah Rai",,4.7,0.0,3,Mahal,1,Aktif,"Bakso & soto, Sate","Jalan I Gusti Ngurah Rai, RW 11, Kranji, Duren Sawit, Kranji, Kota Bekasi, Jawa Barat, Jawa, 17133, Indonesia",Kota Bekasi,Kranji,17133,-6.2196667,106.9543333,https://gofood.link/u/Opza,2016-06-20T10:21:21.596Z
4635f3bf-734f-4487-b72e-896a28db56b9,"AG Smokehouse, Ruko Asia Tropis","Restoran dengan konsep fast food service, untuk dine in, take away dan delivery",4.4,0.0,3,Mahal,1,Aktif,Ayam & bebek,"30, Jalan Harapan Indah Bulevar, Kota Harapan Indah, Kabupaten Bekasi, Jawa Barat, Jawa, 17214, Indonesia",Kabupaten Bekasi,Kota Harapan Indah,17214,-6.171501,106.975001,https://gofood.link/u/Oq0r,2016-07-20T08:56:27.770Z
31785a53-faaf-456f-9dd6-9e66fe203c4c,"Re.juve., Grand Metropolitan Mall Bekasi",,4.6,0.0,3,Mahal,1,Aktif,"Minuman, Sweets, Jajanan, Kopi","Grand Metropolitan, Jalan Tol Jakarta–Cikampek, Bumi Satria Kencana, Rawa Panjang, Margajaya, Kota Bekasi, Jawa Barat, Jawa, 17142, Indonesia",Kota Bekasi,Margajaya,17142,-6.2494913,106.9846295,https://gofood.link/u/OrVL,2018-08-17T14:17:28.414Z
0bbbb923-74f5-4ecb-83ef-1ff9a6260d6a,Warung Eco,"Warung oco ada di dalam pasar modern sinpasa summarecon bekasi  yang  tepatnya disamping kantor pemasaran,makanan yg disajikan adalah makanan khas surabaya jawa timur dan hanya ada di warung eco,letak yang sangat strategis di seberang mall summarecon bekasi memudahkan  orang untuk mencarinya.",0.0,0.0,0,Tidak diketahui,1,Aktif,Aneka nasi,"Indomaret, Jalan Bulevar Selatan, Summarecon Bekasi, Kota Bekasi, Jawa Barat, Jawa, 17142, Indonesia",Kota Bekasi,Summarecon Bekasi,17142,-6.229351,107.000358,https://gofood.link/u/OwK9,2017-05-05T07:11:21.406Z
459abbe1-6836-4ce9-9997-321cb26e5924,"Kopi Kenangan, BP KHI Boulevard",,4.8,0.0,2,Menengah,1,Aktif,"Minuman, Kopi, Sweets, Roti, Jajanan","BP AKR Kota Harapan Indah, Jalan Harapan Indah Bulevar, Kota Harapan Indah, Kabupaten Bekasi, Jawa Barat, Jawa, 17214, Indonesia",Kabupaten Bekasi,Kota Harapan Indah,17214,-6.1698303,106.9741777,https://gofood.link/u/Ox1da,2019-09-27T17:56:27.942Z
0db0efa6-9207-4304-b53d-772c14c67c4e,"Rumah Makan Padang Nusantara Raya 2, Pondok Melati",,4.8,0.0,2,Menengah,1,Aktif,"Ayam & bebek, Aneka nasi, Cepat saji","Alam Besakih, Puri Gading, Jatiwarna, Kota Bekasi, Jawa Barat, Jawa, 17415, Indonesia",Kota Bekasi,Jatiwarna,17415,-6.308563,106.942039,https://gofood.link/u/PNjx,2017-11-21T08:21:17.243Z
ef62419b-4ea5-45e1-92f2-ef9573e59cdb,"Burger King, Jati Asih",,4.7,0.0,3,Mahal,1,Aktif,"Cepat saji, Aneka nasi, Jajanan, Ayam & bebek","Komplek Pemda Jatiasih, Jatimekar, Kota Bekasi, Jawa Barat, Jawa, 17423, Indonesia",Kota Bekasi,Jatimekar,17423,-6.292902,106.9595,https://gofood.link/u/PO75bb,2019-12-10T21:09:36.653Z
1a1348c2-88f9-4308-adb6-3b6a5e1cadaa,"Pecel Lele Ibu Hanah, Bekasi Utara",,4.4,0.0,2,Menengah,1,Aktif,"Ayam & bebek, Bakso & soto","Harapanjaya, Kota Bekasi, Jawa Barat, Jawa, 17124, Indonesia",Kota Bekasi,,17124,-6.203716,106.997583,https://gofood.link/u/POMMj,2018-10-19T10:53:02.665Z
b4bd7585-b84e-422d-a6d2-70932baed3b8,"Mie Jamur Vilani, Jatiasih Bekasi",,4.7,0.0,3,Mahal,1,Aktif,Bakmie,"Jalan Raya Jatikramat, Bumi Nasio Indah, Jatimekar, Kota Bekasi, Jawa Barat, Jawa, 17422, Indonesia",Kota Bekasi,Jatimekar,17422,-6.287,106.9451667,https://gofood.link/u/PON58,2016-06-20T10:19:06.514Z
5b614637-9345-44ed-a3b1-76c2afdbae50,"XIBOBA, Cibitung",,4.6,0.0,2,Menengah,1,Aktif,"Sweets, Jajanan, Kopi, Minuman","Ramayana Department Store Cibitung, Jalan Raya Teuku Umar, Gandasari, Kabupaten Bekasi, Jawa Barat, Jawa, 17520, Indonesia",Kabupaten Bekasi,Gandasari,17520,-6.269949,107.086074,https://gofood.link/u/POWrMb,2019-10-31T23:15:03.182Z
1b41bf32-4816-4c79-8a41-99d4d5e855bd,"Mie Ayam Bangka, Pondok Cipta",,4.6,0.0,2,Menengah,1,Aktif,Bakmie,"Jalan Raya Pondok Cipta, Kranji, Bintara, Kota Bekasi, Jawa Barat, Jawa, 17134, Indonesia",Kota Bekasi,Bintara,17134,-6.2288333,106.9606667,https://gofood.link/u/PObeA,2016-06-20T10:21:36.943Z
2d7aae36-8dd7-4207-8b8e-eb862a5ed75d,"Warteg Fuji Mulia, Bekasi",,4.7,0.0,1,Murah,1,Aktif,"Minuman, Aneka nasi, Cepat saji","Jalan Harkit Raya, Harapanjaya, Kota Bekasi, Jawa Barat, Jawa, 17124, Indonesia",Kota Bekasi,Harapanjaya,17124,-6.202973,106.993033,https://gofood.link/u/POdMk,2019-04-24T16:22:11.602Z
3571c5e9-f15a-4067-b206-444f1d6d3153,"Pizza Hut, Harapan Indah",,4.7,0.0,4,Premium,1,Aktif,"Pizza & pasta, Cepat saji, Barat, Jajanan, Ayam & bebek","Jalan Harapan Indah Bulevar, Kota Harapan Indah, Medansatria, Kota Bekasi, Jawa Barat, Jawa, 17132, Indonesia",Kota Bekasi,Medansatria,17132,-6.189973,106.975948,https://gofood.link/u/POj2x,2016-10-14T10:21:54.336Z
5c479b3e-b134-4786-b2ed-a0fdc55d593e,"Yokobento, Nusantara Raya",,4.5,0.0,2,Menengah,1,Aktif,"Jepang, Ayam & bebek, Cepat saji","Jalan Pulau Maluku 8, Aren Jaya, Kota Bekasi, Jawa Barat, Jawa, 17111, Indonesia",Kota Bekasi,Aren Jaya,17111,-6.244456,107.039621,https://gofood.link/u/POmdj,2016-06-20T10:19:46.485Z
230877df-f418-43e4-a8cd-ca707e0a637f,"Gokana Ramen & Teppan, Pondok Gede Plaza",,4.5,0.0,3,Mahal,1,Aktif,"Jepang, Aneka nasi, Bakmie, Thailand","Plaza Pondok Gede, Jalan Pondok Gede, Jatiwaringin, Kota Bekasi, Jawa Barat, Jawa, 17411, Indonesia",Kota Bekasi,Jatiwaringin,17411,-6.2845544,106.9113737,https://gofood.link/u/POmy5,2016-06-20T10:23:29.744Z
101f1a68-71a9-4c71-9782-52446d1e7244,"Ikan Bakar BM, Tambun Utara",,4.8,0.0,3,Mahal,1,Aktif,"Ayam & bebek, Seafood, Minuman","Jalan Raya Rawa Kalong, Karangsatria, Kabupaten Bekasi, Jawa Barat, Jawa, 17123, Indonesia",Kabupaten Bekasi,Karangsatria,17123,-6.228663,107.04399,https://gofood.link/u/POrVk,2018-03-12T07:04:34.555Z
94841eba-71e8-440f-a194-415336705cb7,"Teras Pak Bendot, Pondok Gede",,0.0,0.0,2,Menengah,1,Aktif,Ayam & bebek,"Gang Musolla, Jatimekar, Kota Bekasi, Jawa Barat, Jawa, 17422, Indonesia",Kota Bekasi,Jatimekar,17422,-6.292527,106.939039,https://gofood.link/u/POrv1A,2019-11-07T17:18:18.674Z
42793bf6-6a90-40cc-8b02-d6122d3a56a9,"Dimas Bebek Lembut Tik-Tok, Bekasi Jaya, Bekasi Timur",,4.8,0.0,2,Menengah,1,Aktif,"Ayam & bebek, Aneka nasi, Seafood","Bekasi Jaya, Kota Bekasi, Jawa Barat, Jawa, 17112, Indonesia",Kota Bekasi,,17112,-6.230451,107.013039,https://gofood.link/u/POyNy,2016-06-20T10:20:35.061Z
6efcf03f-bb86-451e-85d0-fa45d63538a4,"Bakso Rudal, Rawalumbu",,4.6,0.0,2,Menengah,1,Aktif,Bakso & soto,"Jalan Dasa Dharma, Jembatan Nol, Rawalumbu, Sepanjangjaya, Kota Bekasi, Jawa Barat, Jawa, 17175, Indonesia",Kota Bekasi,Sepanjangjaya,17175,-6.2698333,107.0023333,https://gofood.link/u/PV2R8,2016-06-20T10:18:52.169Z
6e16f895-7a79-49e6-bd75-94eea6c9e8b0,"CFC, Revotown",,4.8,0.0,3,Mahal,1,Aktif,"Cepat saji, Aneka nasi, Ayam & bebek","Revo Town, Jalan Tol Jakarta–Cikampek, Rawa Panjang, Margajaya, Kota Bekasi, Jawa Barat, Jawa, 17148, Indonesia",Kota Bekasi,Margajaya,17148,-6.254284,106.989753,https://gofood.link/u/PVA78,2017-03-22T07:12:29.260Z
fbf9db04-800e-47ab-9c40-6bb2498024e9,"Bakso,Siomay,Dimsum Dapur Manissa, Pondok Gede",,4.5,0.0,3,Mahal,1,Aktif,"Jajanan, Cepat saji, Martabak","De Sanctuary, Jatikramat, Kota Bekasi, Jawa Barat, Jawa, 17413, Indonesia",Kota Bekasi,Jatikramat,17413,-6.2760926,106.938484,https://gofood.link/u/PVKW8,2017-06-14T03:48:42.415Z
cd4bb994-5b99-4eaf-bf5c-8d50d3edacff,"Sop Buntut Dan Soto Betawi 'Ibu Haji' 1996, Taman Bumyagara",,4.4,0.0,3,Mahal,1,Aktif,"Bakso & soto, Ayam & bebek, Aneka nasi","Jalan Mutiara Gading Timur 2, Perum. Mutiara Gading Timur, Mutiara Gading, Mustikajaya, Kota Bekasi, Jawa Barat, Jawa, 17158, Indonesia",Kota Bekasi,Mustikajaya,17158,-6.295222,107.025742,https://gofood.link/u/PVv9Y,2018-07-31T04:31:45.234Z
56270ba0-59b7-4da4-906d-dfac26aa691e,"Warung Kelontong, Festival Avenue 77",,4.8,0.0,2,Menengah,1,Aktif,"Ayam & bebek, Aneka nasi, Pizza & pasta","Grand Wisata Residence, Dukuh Bima, Lambangsari, Kabupaten Bekasi, Jawa Barat, Jawa, 17510, Indonesia",Kabupaten Bekasi,Lambangsari,17510,-6.280394,107.044503,https://gofood.link/u/PWM5,2018-05-31T03:41:58.463Z
25fda302-0d29-4a04-8ee9-eb90f05dac03,"Ayam Geprek H. Ato, Perumahan Jaka Permai",,4.5,0.0,2,Menengah,1,Aktif,"Ayam & bebek, Aneka nasi","Kranji, Jakasampurna, Kota Bekasi, Jawa Barat, Jawa, 17136, Indonesia",Kota Bekasi,Jakasampurna,17136,-6.241889906318835,106.97618566453455,https://gofood.link/u/PZ5b,2018-05-07T02:51:06.770Z
cb498474-2910-44ad-a553-64aa6290a071,"Nasi Kapau Uda John, KH. Noer Ali",,4.6,0.0,3,Mahal,1,Aktif,"Minuman, Aneka nasi","Jalan Tol Bekasi–Cawang–Kampung Melayu, Bumi Satria Kencana, Pekayon, Bintarajaya, Kota Bekasi, Jawa Barat, Jawa, 17145, Indonesia",Kota Bekasi,Bintarajaya,17145,-6.24932,106.966354,https://gofood.link/u/PZ9QA,2018-06-07T07:14:31.893Z
72fd982b-2ae9-4408-a24f-89c38118da5b,"Smiling Kitchen Sate & Sop, Villa Taman Kartini",,0.0,0.0,2,Menengah,1,Aktif,"Ayam & bebek, Jajanan, Kopi","Graha Duta 1, Rawasemut, Kota Bekasi, Jawa Barat, Jawa, 17113, Indonesia",Kota Bekasi,Rawasemut,17113,-6.248471,107.002136,https://gofood.link/u/PZZNY,2019-02-12T04:34:31.981Z
c0d84152-a5d3-4a97-a529-9fcd74c47f1a,"Gado-Gado Pondok Hijau, Akasia II",,4.7,0.0,2,Menengah,1,Aktif,"Aneka nasi, Bakmie","Pondok Hijau Permai, Pondok Hijau, Sepanjangjaya, Kota Bekasi, Jawa Barat, Jawa, 17115, Indonesia",Kota Bekasi,Sepanjangjaya,17115,-6.26549,107.011429,https://gofood.link/u/PZz7y,2018-01-18T09:15:40.377Z
55fb6528-b20f-47cc-8af1-247265d8a0c4,"Pastel Bunda, Jl. Palembang 1",,4.7,0.0,1,Murah,1,Aktif,Jajanan,"Jakamulya, Kota Bekasi, Jawa Barat, Jawa, 17145, Indonesia",Kota Bekasi,,17145,-6.258935,106.960587,https://gofood.link/u/PjO8,2016-06-20T10:23:59.757Z
aaf48619-67bb-4b9e-9da9-941d9f0d8d1f,"Pempek Yukyan, Mutiara Gading Timur Raya",,4.5,0.0,2,Menengah,1,Aktif,"Jajanan, Cepat saji","Jalan Mutiara Gading Timur, Perum. Mutiara Gading Timur, Mutiara Gading, Kota Bekasi, Jawa Barat, Jawa, 17158, Indonesia",Kota Bekasi,Mutiara Gading,17158,-6.279680125959772,107.0287861302495,https://gofood.link/u/Pjn45,2016-06-20T10:28:44.356Z
283dad66-59df-4864-99d2-ebbcdce3593f,"Dum Dum Thai Drinks Express, Grand Galaxy Park Bekasi",,4.8,0.0,2,Menengah,1,Aktif,Minuman,"Grand Galaxy Park, No.1, Jalan Boulevard Raya Barat, Pondok Pekayon Indah, Pekayon, Jakasetia, Kota Bekasi, Jawa Barat, Jawa, 17147, Indonesia",Kota Bekasi,Jakasetia,17147,-6.2708215,106.972269,https://gofood.link/u/PpmY,2017-05-10T08:32:38.751Z
3864d21f-1b1b-4f08-b9dd-8d518a5ecf43,"Mujigae, Summarecon Mall Bekasi",,4.7,0.0,3,Mahal,1,Aktif,"Cepat saji, Aneka nasi, Korea, Jajanan, Ayam & bebek","Summarecon Mall Bekasi, Jalan Bulevar Ahmad Yani, Summarecon Bekasi, Kota Bekasi, Jawa Barat, Jawa, 17142, Indonesia",Kota Bekasi,Summarecon Bekasi,17142,-6.227013984259911,107.00006398094584,https://gofood.link/u/Q53aW,2016-06-20T10:19:49.617Z
23b7f615-3600-4d02-8678-cef4fa6a66c7,"Kwetiaw Sapi Apollo, Bekasi Selatan",,4.7,0.0,3,Mahal,1,Aktif,"Chinese, Aneka nasi, Bakmie","Jalan Boulevard Raya Barat, Pondok Pekayon Indah, Pekayon, Jakasetia, Kota Bekasi, Jawa Barat, Jawa, 17147, Indonesia",Kota Bekasi,Jakasetia,17147,-6.272865,106.973703,https://gofood.link/u/Q5LjM,2016-06-20T10:27:47.027Z
54cdd4ff-84fa-49b1-828d-c3d6cee748cc,"RM Padang Sederhana, Summarecon Bekasi",,4.7,0.0,2,Menengah,1,Aktif,Aneka nasi,"Summarecon Bekasi, Harapan Mulya, Kota Bekasi, Jawa Barat, Jawa, 17143, Indonesia",Kota Bekasi,Harapan Mulya,17143,-6.225424,106.994338,https://gofood.link/u/Q5O5z,2018-03-01T04:55:26.050Z
1bc06397-9f61-41c0-9e15-b6374383aa94,"I Am Geprek Bensu, Jatiwaringin",,4.8,0.0,2,Menengah,1,Aktif,"Ayam & bebek, Aneka nasi, Cepat saji","Pesantren Putri As-Syafi'iyah Jatiwaringin, 45, Jalan Jati Waringin, Jaticempaka, Kota Bekasi, Jawa Barat, Jawa, 17411, Indonesia",Kota Bekasi,Jaticempaka,17411,-6.2639034285621165,106.9109502209957,https://gofood.link/u/Q5g7W,2018-01-29T04:26:46.148Z
53228bf8-19c1-4b0d-85e2-6e27d8f4b471,"Richeese Factory, Jatibening",,4.7,0.0,3,Mahal,1,Aktif,"Cepat saji, Ayam & bebek, Aneka nasi","BCA, Jalan Caman Raya, Perum Dosen IKIP, Jatibening, Kota Bekasi, Jawa Barat, Jawa, 17412, Indonesia",Kota Bekasi,Jatibening,17412,-6.2629591,106.9456369,https://gofood.link/u/Q5jQd,2016-06-20T10:22:24.654Z
231531ce-bb91-4f84-8b1e-eb7498dfecd7,"Richeese Factory, Jatiwaringin",,4.7,0.0,3,Mahal,1,Aktif,"Cepat saji, Ayam & bebek, Aneka nasi","Jalan Jati Waringin, Jatiwaringin, Kota Bekasi, Jawa Barat, Jawa, 17411, Indonesia",Kota Bekasi,Jatiwaringin,17411,-6.268930200000001,106.91151250000009,https://gofood.link/u/Q5rd2,2016-06-20T10:21:53.256Z
0fa899b6-0eb8-4a1e-9ef8-adcce61b1616,Kedai Kopi Tjan,,4.6,0.0,3,Mahal,1,Aktif,"Aneka nasi, Barat, Kopi","Kota Harapan Indah, Kabupaten Bekasi, Jawa Barat, Jawa, 17214, Indonesia",Kabupaten Bekasi,,17214,-6.175574306272063,106.9753099232912,https://gofood.link/u/Q5wx9,2017-02-13T07:00:06.550Z
51f7a612-9214-4154-af6d-dcf0c8066c7d,"Janke (Jajanan Kekinian) Mr.Antoni, Aren Jaya",,3.7,0.0,2,Menengah,1,Aktif,"Sweets, Barat, Minuman, Jajanan","Jalan Pulau Timor 1, Aren Jaya, Kota Bekasi, Jawa Barat, Jawa, 17111, Indonesia",Kota Bekasi,Aren Jaya,17111,-6.244541,107.038869,https://gofood.link/u/Q5xB9,2018-02-17T07:21:36.660Z
50502adb-02e4-4c47-8897-8bbe39dfb52b,"Salad Buah Firly, Tambun Selatan",,3.8,0.0,3,Mahal,1,Aktif,"Sweets, Cepat saji","Rawa Sapi, Jatimulya, Kabupaten Bekasi, Jawa Barat, Jawa, 17115, Indonesia",Kabupaten Bekasi,Jatimulya,17115,-6.275127,107.023145,https://gofood.link/u/QBGk,2018-10-17T08:31:04.758Z
179c3bc9-e9be-4d78-b234-1033466f92aa,"KFC, Grand Wisata",,4.8,0.0,3,Mahal,1,Aktif,Cepat saji,"Sunset Avenue, Grand Wisata Residence, Dukuh Bima, Lambangsari, Kabupaten Bekasi, Jawa Barat, Jawa, 17510, Indonesia",Kabupaten Bekasi,Lambangsari,17510,-6.27627,107.0448383,https://gofood.link/u/QKNQ,2019-01-02T09:34:44.625Z
af2abe2e-dd28-4b58-a0db-20cae7d2afa0,"Sarimande Metropolitan (Padang), Cibubur",,4.7,0.0,2,Menengah,1,Aktif,Aneka nasi,"RM Sarimande Metropolitan, Jalan Transyogi, Harjamukti, Kota Bekasi, Bogor, Jawa Barat, Jawa, 17435, Indonesia",Kota Bekasi,Harjamukti,17435,-6.3751554,106.9148301,https://gofood.link/u/Qa5dM,2016-06-20T10:20:56.602Z
f2652837-7fdb-4836-ad9f-dfd20d880ef5,"Rawon Senyum, Kemang Pratama",,4.7,0.0,2,Menengah,1,Aktif,Bakso & soto,"Jalan Duta 2, Kemang Pratama 2, Markan, Bojong Rawalumbu, Kota Bekasi, Jawa Barat, Jawa, 17114, Indonesia",Kota Bekasi,Bojong Rawalumbu,17114,-6.275801,106.985142,https://gofood.link/u/QaGzW,2018-04-20T09:06:25.646Z
77d6826b-1a0e-4e96-9698-c244e6d1bf0c,"Bakso Titoti, Bekasi Utara",,4.7,0.0,2,Menengah,1,Aktif,Bakso & soto,"Jalan Perjuangan, Telukpucung, Kota Bekasi, Jawa Barat, Jawa, 17123, Indonesia",Kota Bekasi,Telukpucung,17123,-6.222036,107.02445,https://gofood.link/u/QaRgM,2017-05-10T03:54:53.140Z
b1205687-ac51-4504-9eda-d99a6fc1fd18,"Bakmi Cahaya, Caman Raya",,4.9,0.0,3,Mahal,1,Aktif,"Bakmie, Chinese, Seafood","Jalan Caman Raya, Bintarajaya, Kota Bekasi, Jawa Barat, Jawa, 17145, Indonesia",Kota Bekasi,Bintarajaya,17145,-6.250718,106.95275,https://gofood.link/u/Qagqn,2017-09-08T09:59:11.051Z
d5f59d4a-5dcd-4089-8b06-21f6ff2af1d6,"Gudang Rottie, Rukan Villa Jatibening",,4.8,0.0,2,Menengah,1,Aktif,"Barat, Roti","Gudang Rottie, Jalan Caman Raya, Jatibening, Kota Bekasi, Jawa Barat, Jawa, 17412, Indonesia",Kota Bekasi,Jatibening,17412,-6.2582177,106.9496271,https://gofood.link/u/Qaz4d,2016-06-20T10:26:08.359Z
6c3e7018-1733-4b73-af64-2223e204db30,"Al Kautsar, Cibitung",,0.0,0.0,2,Menengah,1,Aktif,Jajanan,"Kompas, Tambun, Kabupaten Bekasi, Jawa Barat, Jawa, 17520, Indonesia",Kabupaten Bekasi,Tambun,17520,-6.270961,107.079166,https://gofood.link/u/Qd1ZM,2018-09-27T03:58:17.087Z
2ed77fbc-2025-4753-9e91-f2cb8b618438,"Richeese Factory, Grand Wisata",,4.7,0.0,3,Mahal,1,Aktif,"Cepat saji, Ayam & bebek, Aneka nasi","Grand Wisata Residence, Lambangsari, Kabupaten Bekasi, Jawa Barat, Jawa, 17510, Indonesia",Kabupaten Bekasi,Lambangsari,17510,-6.281075,107.046682,https://gofood.link/u/Qd8Pk2,2020-03-26T18:05:57.019Z
addb939c-fcfc-4674-98a6-50d0e0035033,Tsamara Resto & Function Hall,,4.5,0.0,3,Mahal,1,Aktif,"Aneka nasi, Ayam & bebek, Seafood","Jatiranggon, Kota Bekasi, Jawa Barat, Jawa, 17432, Indonesia",Kota Bekasi,,17432,-6.341206,106.923443,https://gofood.link/u/QdOz2,2017-03-17T06:44:50.130Z
cb2483af-3667-48ec-87e9-e1259c1ae396,"Domino's Pizza, Ujung Aspal",,4.7,0.0,3,Mahal,1,Aktif,"Pizza & pasta, Cepat saji, Jajanan","Jalan Kranggan, Jatiraden, Jatisampurna, Kota Bekasi, Jawa Barat, Jawa, 17433, Indonesia",Kota Bekasi,Jatisampurna,17433,-6.333763,106.9239,https://gofood.link/u/QdeVR,2017-03-10T08:26:50.168Z
acb48dbc-474f-44f8-a2c9-9310a1dc6f56,"Ayam Geprek Ayam.com, Kemang Pratama","Promo Merdeka
Untuk setiap pembelian Paket Nasi Ayam Geprek Cheese atau Paket Nasi Ayam Geprek Mozarella hanya Rp 17,000 per items
Periode : 16-18 Augustus 2018 
",4.8,0.0,2,Menengah,1,Aktif,"Ayam & bebek, Aneka nasi, Cepat saji","Kemang Pratama 2, Markan, Bojong Rawalumbu, Kota Bekasi, Jawa Barat, Jawa, 17114, Indonesia",Kota Bekasi,Bojong Rawalumbu,17114,-6.275578,106.986893,https://gofood.link/u/Qdr7z,2018-01-11T05:05:32.460Z
ed033b12-2cbc-4a2a-a6ec-affba181c968,"HokBen, Jati Asih",,4.8,0.0,3,Mahal,1,Aktif,"Jepang, Cepat saji","HokBen, Jalan Raya Jati Asih, Komplek Pemda Jatiasih, Jatimekar, Kota Bekasi, Jawa Barat, Jawa, 17423, Indonesia",Kota Bekasi,Jatimekar,17423,-6.2926355,106.9596405,https://gofood.link/u/Qx70M,2016-06-30T05:52:02.625Z
782dddfe-4916-4f01-93b4-f42a4ec6842b,"Family Chinese Food, Ruko Sentra Onderdil 2",,4.8,0.0,3,Mahal,1,Aktif,"Seafood, Chinese, Aneka nasi","Kota Harapan Indah, Pejuang, Kota Bekasi, Jawa Barat, Jawa, 17131, Indonesia",Kota Bekasi,Pejuang,17131,-6.1796667,106.9818333,https://gofood.link/u/R13Q1,2016-06-20T10:19:57.008Z
eb76162b-6b8b-45ac-b1f3-0d115ab6a080,"KFC, Plaza Cibubur",,4.8,0.0,3,Mahal,1,Aktif,Cepat saji,"Jalan Transyogi, Harjamukti, Kota Bekasi, Bogor, Jawa Barat, Jawa, 17435, Indonesia",Kota Bekasi,Harjamukti,17435,-6.3755,106.915,https://gofood.link/u/R1RJD,2016-06-20T10:21:37.751Z
234af399-41c3-4318-aced-dfbd315f50cf,"Ayam Gepuk Pak Gembus, Harapan Jaya",,4.7,0.0,2,Menengah,1,Aktif,Ayam & bebek,"Jalan Gang Jayawijaya Raya, Harapanjaya, Kota Bekasi, Jawa Barat, Jawa, 17124, Indonesia",Kota Bekasi,Harapanjaya,17124,-6.2143169,106.9894707,https://gofood.link/u/RA0dV,2017-04-20T10:31:18.574Z
2d0640f4-e26b-485f-bafa-052ba8064a25,"Solaria, Summarecon Mall Bekasi",,4.5,0.0,3,Mahal,1,Aktif,"Aneka nasi, Chinese","Summarecon Mall Bekasi, Jalan Bulevar Ahmad Yani, Summarecon Bekasi, Kota Bekasi, Jawa Barat, Jawa, 17142, Indonesia",Kota Bekasi,Summarecon Bekasi,17142,-6.22609,107.001176,https://gofood.link/u/RA8ex,2016-06-20T10:21:04.737Z
0ef656b8-4c0e-41a8-a4fc-fc6e1e8dfdd3,"HEMA Resto, Kemang Pratama","Hema resto, dutch cuisine & holland 
Atmosphere",4.7,0.0,3,Mahal,1,Aktif,"Aneka nasi, Pizza & pasta, Barat","HEMA Resto, Jalan Kemang Pratama, Markan, Bojong Rawalumbu, Kota Bekasi, Jawa Barat, Jawa, 17114, Indonesia",Kota Bekasi,Bojong Rawalumbu,17114,-6.2756171,106.9874559,https://gofood.link/u/RAApd,2016-06-20T10:28:53.177Z
402623a0-ef11-4b96-bb56-b2c3dae3f757,"Nasi Pecel Pincuk D'Box Countainer, Bekasi Timur",,4.0,0.0,1,Murah,1,Aktif,"Aneka nasi, Cepat saji","Jalan Mayor Oking, Rawasemut, Kota Bekasi, Jawa Barat, Jawa, 17141, Indonesia",Kota Bekasi,Rawasemut,17141,-6.2450779,107.0037489,https://gofood.link/u/RAB3WJ,2019-12-20T16:24:00.976Z
e3470789-2a32-4abc-8e11-caa398277374,"Pecel Lele Pak Kumis, Bantargebang",,4.8,0.0,2,Menengah,1,Aktif,"Ayam & bebek, Cepat saji, Seafood","Bantargebang, Kota Bekasi, Jawa Barat, Jawa, 17151, Indonesia",Kota Bekasi,,17151,-6.315282,106.984612,https://gofood.link/u/RAap03,2019-11-30T15:17:16.638Z
5207f187-4bef-4387-b452-06596e62f4c0,"Es Sekoteng dan Siomay Bandung ""Mang Dede"", Kemang Pratama",,4.8,0.0,2,Menengah,1,Aktif,"Jajanan, Bakso & soto","Indomaret, Jalan Kemang Pratama, Markan, Bojong Rawalumbu, Kota Bekasi, Jawa Barat, Jawa, 17114, Indonesia",Kota Bekasi,Bojong Rawalumbu,17114,-6.2775796,106.9903494,https://gofood.link/u/RAbN3,2018-07-16T07:40:24.796Z
4f501313-9ed5-4943-bbb6-29df8623158e,"Rumah Makan Seafood Nasional, Pondok Timur Indah",,4.8,0.0,3,Mahal,1,Aktif,"Ayam & bebek, Aneka nasi","Jalan Pondok Timur Indah, Pondok Timur Indah, Pondok Timur, Kabupaten Bekasi, Jawa Barat, Jawa, 17158, Indonesia",Kabupaten Bekasi,Pondok Timur,17158,-6.285889,107.018329,https://gofood.link/u/RGd1,2018-08-12T09:36:32.374Z
c5da7f61-ff4d-43ec-b337-ee20a38af942,"Amigoci, Grand Galaxy Park",,0.0,0.0,2,Menengah,1,Aktif,"Jajanan, Aneka nasi, Ayam & bebek","Grand Galaxy Park, No.1, Jalan Boulevard Raya Barat, Pondok Pekayon Indah, Pekayon, Jakasetia, Kota Bekasi, Jawa Barat, Jawa, 17147, Indonesia",Kota Bekasi,Jakasetia,17147,-6.270625,106.9722464,https://gofood.link/u/RKLyx,2017-10-24T04:18:30.296Z
3024f878-ddbf-4ac6-87c1-e53ddd10b33b,"Chinese Food ""88"", Sentra Niaga Kalimalang",,4.7,0.0,3,Mahal,1,Aktif,"Aneka nasi, Chinese, Seafood","PT. JASA KONSULTAN KEUANGAN, Jl, Jalan Ahmad Yani, Kayuringinjaya, Kota Bekasi, Jawa Barat, Jawa, 17144, Indonesia",Kota Bekasi,Kayuringinjaya,17144,-6.244,106.9918333,https://gofood.link/u/RQ0d,2016-06-20T10:20:53.550Z
002897c3-f38a-4cb8-a73b-a6eb1b896ce4,"Churros Lezatos, Jembatan Besi",,4.5,0.0,2,Menengah,1,Aktif,"Sweets, Jajanan, Minuman","Jalan Karang Satria, Karangsatria, Kabupaten Bekasi, Jawa Barat, Jawa, 17123, Indonesia",Kabupaten Bekasi,Karangsatria,17123,-6.212984,107.033993,https://gofood.link/u/RQJ,2018-09-14T08:21:29.855Z
d44f816d-fd3e-4a8e-8f08-c494e24a984c,"Fiesta Steak Restaurant Summarecon, Mall Bekasi",,4.5,0.0,4,Premium,1,Aktif,Barat,"Summarecon Mall Bekasi, Jalan Bulevar Ahmad Yani, Summarecon Bekasi, Kota Bekasi, Jawa Barat, Jawa, 17142, Indonesia",Kota Bekasi,Summarecon Bekasi,17142,-6.2263333,107.0003333,https://gofood.link/u/RZmYd,2016-06-20T10:21:37.973Z
ef832f6f-d988-4b2b-bba0-cd8266c48340,"Soto Mie Bogor Kang Kamil, Jatibening",,4.5,0.0,2,Menengah,1,Aktif,Bakso & soto,"Jalan Dokter Ratna, Jati Kramat Indah 2, Jatikramat, Kota Bekasi, Jawa Barat, Jawa, 17421, Indonesia",Kota Bekasi,Jatikramat,17421,-6.265820474764619,106.94997813552618,https://gofood.link/u/RZx5y,2016-07-27T04:49:10.150Z
cb3317c8-457f-447b-be7d-2df2860a8f72,"Resepnya Eyang, Komplek Bulog",,4.6,0.0,3,Mahal,1,Aktif,Sweets,"Jalan Yanatera 4, Green Park Residence, Jatiwarna, Kota Bekasi, Jawa Barat, Jawa, 17415, Indonesia",Kota Bekasi,Jatiwarna,17415,-6.316359,106.929928,https://gofood.link/u/RZzPV,2016-06-20T10:24:36.117Z
3b19525d-dd53-49ad-b0c3-97810fb39030,"Mr. Dimsum & Takoyaki, Jatiasih",,4.7,0.0,2,Menengah,1,Aktif,"Cepat saji, Jajanan, Jepang","Jalan Rinjani III, Komplek BCA, Jatisari, Kota Bekasi, Jawa Barat, Jawa, 17426, Indonesia",Kota Bekasi,Jatisari,17426,-6.3354,106.951678,https://gofood.link/u/RvpR,2018-11-13T07:07:14.099Z
ca934767-cf56-4a0c-8f78-c126cd9a0ce0,"Pisang Goreng Rafa, Jatiluhur",,4.4,0.0,2,Menengah,1,Aktif,"Jajanan, Minuman, Sweets","Villa Ubud, Puri Gading, Jatiluhur, Kota Bekasi, Jawa Barat, Jawa, 17425, Indonesia",Kota Bekasi,Jatiluhur,17425,-6.312141,106.944449,https://gofood.link/u/V59Rg,2018-03-19T04:54:19.840Z
fa9ce662-4ab6-41fc-9126-f16eafd4209f,"Soto Mie Asli Bogor Mang Awi, Perumnas 1",,4.6,0.0,2,Menengah,1,Aktif,Bakso & soto,"Jalan Nangka Raya, Kranji, Kalibaru, Kota Bekasi, Jawa Barat, Jawa, 17143, Indonesia",Kota Bekasi,Kalibaru,17143,-6.232608,106.98222,https://gofood.link/u/V5JpL,2018-06-29T12:07:44.988Z
c1aeb306-5e08-4954-a2c9-e5abd4cde037,"RM Belut Juara Pedas, Pondok Gede",,4.3,0.0,2,Menengah,1,Aktif,"Aneka nasi, Ayam & bebek, Cepat saji","Jalan Raya Jatibening, Perum Dosen IKIP, Jatibening, Kota Bekasi, Jawa Barat, Jawa, 17412, Indonesia",Kota Bekasi,Jatibening,17412,-6.266151,106.94376,https://gofood.link/u/V5O1v,2018-09-07T06:41:16.247Z
60ce0bf3-56e0-4393-ad8a-5650bbd2e0b8,"Seblak Mang Doddy, Setu",,4.1,0.0,2,Menengah,1,Aktif,"Jajanan, Cepat saji","Mustika Park Place, Burangkeng, Kabupaten Bekasi, Jawa Barat, Jawa, 17320, Indonesia",Kabupaten Bekasi,Burangkeng,17320,-6.33907,107.0406,https://gofood.link/u/V5b3N,2018-05-21T02:43:08.757Z
611d091d-c453-4fc6-a776-7097fd2bddaf,"Puyo Silky Desserts, Summarecon Mall Bekasi",Puyo Silky Desserts serves the best light and silky texture desserts for people to fulfil their sweet cravings without feeling guilty.,4.7,0.0,3,Mahal,1,Aktif,"Sweets, Jajanan, Minuman","Summarecon Mall Bekasi, Jalan Bulevar Ahmad Yani, Summarecon Bekasi, Kota Bekasi, Jawa Barat, Jawa, 17142, Indonesia",Kota Bekasi,Summarecon Bekasi,17142,-6.2262419,107.0009718,https://gofood.link/u/V5vL3,2016-06-20T10:27:05.191Z
678c63fc-dcbc-445f-991e-65963933b00f,"Kopi Janji Jiwa & Jiwa Toast, Raya Bintara",,4.8,0.0,2,Menengah,1,Aktif,"Minuman, Kopi, Roti, Jajanan","Jalan Bintara Raya, Kranji, Bintara, Kota Bekasi, Jawa Barat, Jawa, 17134, Indonesia",Kota Bekasi,Bintara,17134,-6.230921,106.958856,https://gofood.link/u/VA9lL,2019-07-31T16:26:59.785Z
478668ef-83bb-493b-80f9-dfc92f5f73e0,"Ayam Geprek Sop Iga Mak Jaenah, Jatiwaringin",,4.1,0.0,2,Menengah,1,Aktif,"Aneka nasi, Ayam & bebek","Jalan Jati Waringin, Jatiwaringin, Kota Bekasi, Jawa Barat, Jawa, 17411, Indonesia",Kota Bekasi,Jatiwaringin,17411,-6.27426,106.912708,https://gofood.link/u/VRm0,2017-06-06T03:24:00.956Z
a98c9fa4-0365-48f2-af84-77d69c5773b4,"Gado-Gado Dan Ketoptrak Mang Jajang, Warung Tenda Jatiwaringin",,4.7,0.0,2,Menengah,1,Aktif,Aneka nasi,"Jalan Jati Waringin, Jaticempaka, Kota Bekasi, Jawa Barat, Jawa, 17416, Indonesia",Kota Bekasi,Jaticempaka,17416,-6.259241,106.910405,https://gofood.link/u/VVWLB,2017-12-13T06:25:21.224Z
e2cb3773-0578-47b2-935d-a082eca1094b,"Chatime, Metropolitan Mall Bekasi",,4.5,0.0,3,Mahal,1,Aktif,"Minuman, Kopi, Sweets","Metropolitan Mall, Jalan K. H. Noer Ali, Rawa Panjang, Kayuringinjaya, Kota Bekasi, Jawa Barat, Jawa, 17148, Indonesia",Kota Bekasi,Kayuringinjaya,17148,-6.248421,106.991074,https://gofood.link/u/VVm2A,2016-06-20T10:19:46.875Z
fffcf757-3bd3-46fe-8e6d-50790be0e627,"Pizza Hut Delivery - PHD, Padurenan",,4.6,0.0,3,Mahal,1,Aktif,"Pizza & pasta, Cepat saji, Jajanan, Barat, Ayam & bebek","Familia Urban, Padurenan, Kota Bekasi, Jawa Barat, Jawa, 16340, Indonesia",Kota Bekasi,Padurenan,16340,-6.316507,107.010085,https://gofood.link/u/VVvyv,2019-03-13T17:54:28.132Z
ff5dd8c5-01fd-4d16-ac98-d14d56bc7c4c,A&W Bekasi Junction,"A&W Restaurants pertama kali dibuka di California pada tahun 1919. Produk yang dijual adalah A&W Root Beer, ayam goreng, burger maupun nugget. Di Indonesia, A&W memiliki lebih dari 200 outlet yang tersebar di kota besar maupun kecil.
",4.6,0.0,3,Mahal,1,Aktif,Cepat saji,"Pasar Proyek Trade Center, Jalan Mayor Oking, Kota Bekasi, Jawa Barat, Jawa, 17141, Indonesia",Kota Bekasi,Jalan Mayor Oking,17141,-6.2410282,107.0033652,https://gofood.link/u/VVx1P,2016-06-20T10:21:34.728Z
4771ccf4-619a-482b-a114-0b698d1809b5,"Solaria, Mega Bekasi 4",,4.7,0.0,3,Mahal,1,Aktif,Aneka nasi,"Mega Bekasi Hypermall, Jalan Ahmad Yani, Rawa Panjang, Margajaya, Kota Bekasi, Jawa Barat, Jawa, 17141, Indonesia",Kota Bekasi,Margajaya,17141,-6.2498258,106.9925001,https://gofood.link/u/VY7r,2017-06-14T09:06:20.779Z
50cbdc17-744a-4a41-92d0-3a5b6ae8ddef,Rumah Makan Padang siKumbang Jaya,,4.7,0.0,1,Murah,1,Aktif,Aneka nasi,"Benda, Alam Besakih, Puri Gading, Pamahan, Jatiluhur, Kota Bekasi, Jawa Barat, Jawa, 17425, Indonesia",Kota Bekasi,Jatiluhur,17425,-6.309879,106.948977,https://gofood.link/u/VYdg,2018-06-28T09:13:50.885Z
a5f03c77-2859-43e0-92ae-2b81dbbca825,"Holland Bakery, Medan Satria Bekasi",,4.7,0.0,2,Menengah,1,Aktif,"Roti, Sweets","Holland Bakery Harapan Indah, 16, Jalan Boulevard Hijau Raya, Kota Harapan Indah, Pejuang, Kota Bekasi, Jawa Barat, Jawa, 17132, Indonesia",Kota Bekasi,Pejuang,17132,-6.18599,106.9793301,https://gofood.link/u/VdAwg,2016-06-20T10:21:29.956Z
e1f44bcb-403f-47bf-965c-9bf7894dc08b,"Pizza Hut Delivery - PHD, Kaliabang",,4.7,0.0,4,Premium,1,Aktif,"Pizza & pasta, Cepat saji, Jajanan, Barat, Ayam & bebek","Jalan Kaliabang, Harapanjaya, Kota Bekasi, Jawa Barat, Jawa, 17122, Indonesia",Kota Bekasi,Harapanjaya,17122,-6.202,107.0003333,https://gofood.link/u/VdeV3,2016-06-20T10:20:52.905Z
e057c51d-e342-4fa8-bb0c-603902278d52,"Warung Makan Khas Solo Pak Bejo, Tambun","Kami menyediakan makanan KULINER khas SOLO JAWA TENGAH, Dihidangkan dengan hangat, nikmat dan TERJANGKAU.",4.4,0.0,3,Mahal,1,Aktif,"Bakso & soto, Ayam & bebek","Jalan Hasanuddin, Lapangan Kobra, Kompas, Setiadarma, Kabupaten Bekasi, Jawa Barat, Jawa, 17510, Indonesia",Kabupaten Bekasi,Setiadarma,17510,-6.26211614,107.0612817,https://gofood.link/u/VdlRP,2017-02-22T07:10:49.416Z
e87b9bd1-8f0d-4781-bfb9-7f692702dc2c,"AL Salad Buah & Sayur MGT, Mustika Jaya",,4.4,0.0,2,Menengah,1,Aktif,"Cepat saji, Jajanan, Sweets","Mutiara Gading, Mustikasari, Kota Bekasi, Jawa Barat, Jawa, 17158, Indonesia",Kota Bekasi,Mustikasari,17158,-6.288912,107.023842,https://gofood.link/u/VdrBp,2018-01-11T06:10:48.480Z
2b454ca6-8f79-471c-8842-aa897b390f7a,"Bakso Kumis Permai 2, Cibitung",,4.4,0.0,2,Menengah,1,Aktif,"Bakmie, Bakso & soto","Trias, Wanasari, Kabupaten Bekasi, Jawa Barat, Jawa, 17520, Indonesia",Kabupaten Bekasi,Wanasari,17520,-6.2406381,107.0936755,https://gofood.link/u/Veyv,2018-09-26T08:07:44.090Z
3ec00ddd-ec84-4786-b9d5-9cdf9254190e,"Ponut Donat Kentang, Courts KHI",,4.7,0.0,3,Mahal,1,Aktif,Jajanan,"Courts Megastore Bekasi, Jalan Harapan Indah Bulevar, Kota Harapan Indah, Medansatria, Kota Bekasi, Jawa Barat, Jawa, 17132, Indonesia",Kota Bekasi,Medansatria,17132,-6.185815722562179,106.97460688528074,https://gofood.link/u/Vr3B7p,2019-12-27T14:25:28.684Z
12589cff-1a7d-4ef9-b421-1a8f3c57887f,"d'BestO, Rawa Kalong 1",,4.7,0.0,2,Menengah,1,Aktif,Cepat saji,"Jalan Setia Mekar, Toyogiri, Setiamekar, Kabupaten Bekasi, Jawa Barat, Jawa, 10350, Indonesia",Kabupaten Bekasi,Setiamekar,10350,-6.243633,107.042011,https://gofood.link/u/Vr990,2018-11-20T14:02:36.268Z
41a595a7-baca-4bf0-b9d4-ea492646ed9f,"HokBen, Lippo Cikarang",,4.8,0.0,3,Mahal,1,Aktif,Cepat saji,"Mal Lippo Cikarang, Jalan Daha, Lippo Cikarang, Sukaresmi, Kabupaten Bekasi, Jawa Barat, Jawa, 17550, Indonesia",Kabupaten Bekasi,Sukaresmi,17550,-6.3344089,107.1369794,https://gofood.link/u/Vrge3,2016-06-20T10:21:52.792Z
1266af50-a3ce-402d-858d-f2e37d4fa5ae,"Bakmi Pijar, Rawalumbu",,4.7,0.0,2,Menengah,1,Aktif,"Bakmie, Seafood, Aneka nasi","Jalan Pariwisata, Jembatan Nol, Rawalumbu, Sepanjangjaya, Kota Bekasi, Jawa Barat, Jawa, 17115, Indonesia",Kota Bekasi,Sepanjangjaya,17115,-6.269806,107.003864,https://gofood.link/u/WA8KZ,2018-03-07T03:56:10.974Z
51623da3-bdd6-469d-b34e-6cca4117f167,"Seblak Jeletot & Ochot-ochot, Bintara Jaya",,4.4,0.0,2,Menengah,1,Aktif,"Cepat saji, Aneka nasi, Bakso & soto","Bintarajaya, Kota Bekasi, Jawa Barat, Jawa, 17145, Indonesia",Kota Bekasi,,17145,-6.24646160502377,106.94972097873688,https://gofood.link/u/WADgM,2018-11-27T09:09:48.060Z
d1ef5cf6-dcff-4125-bf47-a6c2b2bd67af,"Hot Bread , Bakery & Cakes, Bekasi Barat",,4.6,0.0,2,Menengah,1,Aktif,"Roti, Jajanan","Jalan Raya Pondok Cipta, Kranji, Bintara, Kota Bekasi, Jawa Barat, Jawa, 17134, Indonesia",Kota Bekasi,Bintara,17134,-6.227987,106.960752,https://gofood.link/u/WAOBd,2018-01-10T03:41:31.947Z
a1c9a2ea-2820-4867-8826-7976578de4d3,"RM Padang Daffa, Bekasi",,4.7,0.0,2,Menengah,1,Aktif,"Ayam & bebek, Aneka nasi","Jalan Taman Wisma Asri Raya, Harapan Baru, Kota Bekasi, Jawa Barat, Jawa, 17121, Indonesia",Kota Bekasi,Harapan Baru,17121,-6.210379,107.027198,https://gofood.link/u/WAbWv,2018-10-18T03:53:40.583Z
5568e392-1033-4c6d-b96a-6c65b0ff1769,"Kopi Maning, Jl. KH Agus Salim",,4.6,0.0,2,Menengah,1,Aktif,"Kopi, Jajanan, Minuman","Bekasi Jaya, Kota Bekasi, Jawa Barat, Jawa, 17112, Indonesia",Kota Bekasi,,17112,-6.225874,107.016761,https://gofood.link/u/WAlLG,2016-10-05T08:36:31.387Z
5d0828f9-0003-4707-8e2d-5118d00b45f8,"Kwetiaw Sapi & Seafood Pontia Gading, Grand Galaxy City",,4.6,0.0,3,Mahal,1,Aktif,"Seafood, Chinese","Pondok Pekayon Indah, Pekayon, Jakasetia, Kota Bekasi, Jawa Barat, Jawa, 17147, Indonesia",Kota Bekasi,Jakasetia,17147,-6.26749,106.97386,https://gofood.link/u/WAwnM,2018-07-18T08:01:08.749Z
ea0a3fd1-86ed-4e25-a8e5-40afec149ad0,"Warung Seblak Abdul, Bintara",,4.7,0.0,2,Menengah,1,Aktif,"Jajanan, Cepat saji","Jalan Bintara Kencana, Kranji, Bintara, Kota Bekasi, Jawa Barat, Jawa, 17134, Indonesia",Kota Bekasi,Bintara,17134,-6.2272096,106.9582638,https://gofood.link/u/WK1R3,2018-11-12T05:27:28.638Z
6521a506-e57a-41b0-8459-3b4732df4b09,"Makaroni Ngehe, Foxtrot Bekasi",,4.7,0.0,1,Murah,1,Aktif,Jajanan,"Jalan Jati Waringin, Jatiwaringin, Kota Bekasi, Jawa Barat, Jawa, 17411, Indonesia",Kota Bekasi,Jatiwaringin,17411,-6.27064,106.912136,https://gofood.link/u/WKQMv,2016-11-17T07:07:33.818Z
baeb97eb-643e-416d-be14-a5c1856295ad,"McDonald's, Hero Bekasi",,4.7,0.0,3,Mahal,1,Aktif,"Cepat saji, Sweets, Jajanan","Bekasi Cyber Park, Jalan K. H. Noer Ali, Rawa Panjang, Kayuringinjaya, Kota Bekasi, Jawa Barat, Jawa, 17144, Indonesia",Kota Bekasi,Kayuringinjaya,17144,-6.24635,106.991817,https://gofood.link/u/WKd7v,2016-06-20T10:24:01.508Z
e13baadc-0b9a-44c1-8d4c-a63bf6c6081a,"Ochacha Thai Tea, Jatisampurna",,4.7,0.0,1,Murah,1,Aktif,"Minuman, Jajanan, Thailand","Jalan Raya Mess AL, RT 01, RW 07, Jatiranggon, Kota Bekasi, Jawa Barat, Jawa, 17432, Indonesia",Kota Bekasi,Jatiranggon,17432,-6.3430925,106.9294913,https://gofood.link/u/WKdZv,2018-08-23T07:10:02.903Z
b3263482-e123-4bfc-8ccb-fd602150bba0,"Mommy's Kitchen, Pondok Gede",,4.8,0.0,2,Menengah,1,Aktif,"Aneka nasi, Ayam & bebek, Bakso & soto","Jalan Mesjid Jati Cempaka, Jatiwaringin, Kota Bekasi, Jawa Barat, Jawa, 17411, Indonesia",Kota Bekasi,Jatiwaringin,17411,-6.267459,106.92492,https://gofood.link/u/WLJnA,2017-09-06T09:58:06.513Z
82c2f257-0976-4714-bc88-ac3bcda434e5,Bul - Bul Food and Beverage,Bul - Bul Food and Beverage merupakan sebuah tempat jajan yang asik dan kekinian yang menjual berbagai macam makanan dengan harga pelajar.,0.0,0.0,2,Menengah,1,Aktif,Jajanan,"Kompas, Mekarsari, Kabupaten Bekasi, Jawa Barat, Jawa, 17519, Indonesia",Kabupaten Bekasi,Mekarsari,17519,-6.246478,107.069435,https://gofood.link/u/WLKJM,2017-09-25T09:53:08.650Z
d057a158-429f-479f-92dd-dd098ef9730b,"Ayam Bakar Kalasan Sanjaya, Taman Wisma Asri",,4.7,0.0,2,Menengah,1,Aktif,Ayam & bebek,"Jalan Taman Wisma Asri Raya, Harapan Baru, Kota Bekasi, Jawa Barat, Jawa, 17121, Indonesia",Kota Bekasi,Harapan Baru,17121,-6.214014859460187,107.02582502390138,https://gofood.link/u/WLYYG,2018-11-12T04:29:05.773Z
498d91b1-603e-4cc0-b36a-638444391ab8,"Warkop Berkah Bendot, Jatiasih",,4.3,0.0,1,Murah,1,Aktif,,"Graha Indah, Jatikramat, Kota Bekasi, Jawa Barat, Jawa, 17421, Indonesia",Kota Bekasi,Jatikramat,17421,-6.279962,106.950969,https://gofood.link/u/Wd2WZ,2019-10-08T18:17:27.287Z
ac53a04e-a86c-4960-bcf3-bf5128bde864,"KFC, Pratama Bekasi",,4.7,0.0,2,Menengah,1,Aktif,Cepat saji,"Ramayana, Jalan Insinyur Haji Juanda, Rawasemut, Kota Bekasi, Jawa Barat, Jawa, 17113, Indonesia",Kota Bekasi,Rawasemut,17113,-6.247613,107.011654,https://gofood.link/u/Wg5av,2017-04-03T06:37:38.046Z
a393db14-7c8c-4883-b8b5-2ae68774c2d6,"Warung Marenta, Medan Satria",,0.0,0.0,1,Murah,1,Aktif,Jajanan,"Pejuang, Kota Bekasi, Jawa Barat, Jawa, 17131, Indonesia",Kota Bekasi,,17131,-6.180763,106.988055,https://gofood.link/u/WgvN8,2018-05-28T21:56:44.233Z
3c32b95f-2497-432e-a8c8-0298c5ccaa0a,"Ayam Keprabon Express, Kaliabang Tengah",,4.7,0.0,2,Menengah,1,Aktif,"Ayam & bebek, Aneka nasi","Pertamina 34-1714000, Jalan Kaliabang, Harapanjaya, Kota Bekasi, Jawa Barat, Jawa, 17122, Indonesia",Kota Bekasi,Harapanjaya,17122,-6.203778,107.003349,https://gofood.link/u/YBGO,2018-05-11T03:10:52.151Z
6b683f24-9657-4fdd-be4f-b4470fb3a46e,"Restoran Padang Sambal Hijau, Pondok Gede",,4.7,0.0,2,Menengah,1,Aktif,Aneka nasi,"Jatibening, Kota Bekasi, Jawa Barat, Jawa, 17412, Indonesia",Kota Bekasi,,17412,-6.263870239257812,106.95040893554688,https://gofood.link/u/YK9wO,2017-10-13T03:06:58.629Z
efcd81fb-b629-46be-afee-a62db5df3286,"Rajanya Ikan Bakar, Setiadarma",,4.8,0.0,3,Mahal,1,Aktif,"Seafood, Ayam & bebek, Cepat saji","Jalan KH Abu Bakar, Lapangan Kobra, Kompas, Setiadarma, Kabupaten Bekasi, Jawa Barat, Jawa, 17510, Indonesia",Kabupaten Bekasi,Setiadarma,17510,-6.269169,107.05345,https://gofood.link/u/YKdVD,2018-10-23T03:21:57.569Z
e836132e-7520-41d0-a1a8-d160ac2523cd,"Bakso Gress Dan Mie Ayam Bakso 2, Bekasi Barat",,4.5,0.0,2,Menengah,1,Aktif,"Bakmie, Jajanan, Bakso & soto","Jalan Bintara XIV, Kranji, Bintara, Kota Bekasi, Jawa Barat, Jawa, 17134, Indonesia",Kota Bekasi,Bintara,17134,-6.224802258639895,106.96644622832537,https://gofood.link/u/YKzbO,2018-09-27T04:36:31.714Z
a8a6c609-92c3-41f9-8149-4d1cf4b73771,"HokBen, Ruko Galaxy",,4.8,0.0,3,Mahal,1,Aktif,Cepat saji,"SD Maria Fransisca, Jalan Arjuna 1, Jakasampurna, Kota Bekasi, Jawa Barat, Jawa, 17145, Indonesia",Kota Bekasi,Jakasampurna,17145,-6.254204439084264,106.96893833577631,https://gofood.link/u/YV0Lm,2016-06-20T10:21:52.859Z
6dc09824-e9f1-4837-9a14-400befb46fa9,"Pizza Hut, Kota Bintang",,4.8,0.0,4,Premium,1,Aktif,"Pizza & pasta, Cepat saji, Barat, Jajanan, Ayam & bebek","Starbucks, Jalan Tol Lingkar Luar Jakarta, Bintarajaya, Kota Bekasi, Jawa Barat, Jawa, 17145, Indonesia",Kota Bekasi,Bintarajaya,17145,-6.248387,106.956819,https://gofood.link/u/YV4Zj,2017-12-08T06:42:20.540Z
bb4ca5a9-4ad6-4057-9157-69b65c343b68,"Bebek Goreng H. Slamet, Rawalumbu",,4.7,0.0,2,Menengah,1,Aktif,Ayam & bebek,"Jalan Pramuka, Jembatan Nol, Rawalumbu, Sepanjangjaya, Kota Bekasi, Jawa Barat, Jawa, 17175, Indonesia",Kota Bekasi,Sepanjangjaya,17175,-6.2695,107.0026667,https://gofood.link/u/YVJNO,2016-06-20T10:20:54.705Z
1c04fd3e-2552-4567-bcfd-c49dcb9345e1,"Huk Family Resto, Jatiasih",,4.4,0.0,3,Mahal,1,Aktif,"Pizza & pasta, Ayam & bebek, Barat","Jalan Raya Parpostel, Sakura Regency, Pamahan, Jatiluhur, Kota Bekasi, Jawa Barat, Jawa, 17425, Indonesia",Kota Bekasi,Jatiluhur,17425,-6.309381,106.954974,https://gofood.link/u/Yg3PD,2016-06-20T10:20:09.083Z
4b9e00c9-115b-4525-9ed1-2957afc5554d,"Bebek Bentu, Jatiasih",,4.8,0.0,3,Mahal,1,Aktif,Ayam & bebek,"Jalan Wibawa Mukti II, Komplek Pemda Jatiasih, Jatimekar, Kota Bekasi, Jawa Barat, Jawa, 17423, Indonesia",Kota Bekasi,Jatimekar,17423,-6.2958208,106.95933,https://gofood.link/u/Yg3eD,2016-06-20T10:20:10.198Z
1b4c0ecd-fcbb-416b-981e-f90e23bfc512,Shima Takoyaki,,4.7,0.0,2,Menengah,1,Aktif,"Jepang, Korea","Duren Jaya, Kota Bekasi, Jawa Barat, Jawa, 17111, Indonesia",Kota Bekasi,,17111,-6.238615,107.033012,https://gofood.link/u/YgLjO,2017-09-04T10:20:36.064Z
72c98977-568e-422c-9b5b-dd1d6609b540,"Takana Fried Chicken Albahar, Bekasi Utara",,4.7,0.0,1,Murah,1,Aktif,"Ayam & bebek, Cepat saji","Jalan Raya Seroja, Harapanjaya, Kota Bekasi, Jawa Barat, Jawa, 17124, Indonesia",Kota Bekasi,Harapanjaya,17124,-6.200634,106.987183,https://gofood.link/u/YgYn3D,2019-11-19T13:50:20.871Z
5ad98c16-8933-414c-aa9d-dfaa15d3156c,"McDonald's, Jatiwaringin Bekasi",,4.8,0.0,3,Mahal,1,Aktif,"Cepat saji, Sweets, Jajanan","McDonald's, Jalan Bina Lontar, Jatiwaringin, Kota Bekasi, Jawa Barat, Jawa, 17416, Indonesia",Kota Bekasi,Jatiwaringin,17416,-6.268281,106.911278,https://gofood.link/u/Z30Y,2016-10-14T10:36:54.291Z
c2753578-c0ad-4e57-a997-fd96634c1249,"BPK Lompoh, Rawalumbu",,4.8,0.0,3,Mahal,1,Aktif,"Aneka nasi, Bakmie, Minuman","Jalan Baru Cipendawa, Komplek Pondokgede Permai, Cipendawa, Kota Bekasi, Jawa Barat, Jawa, 17423, Indonesia",Kota Bekasi,Cipendawa,17423,-6.298915,106.972956,https://gofood.link/u/ZA1pr,2018-07-11T03:16:06.532Z
e96551c3-9fc4-4317-bfc9-8cab09fdb403,"Soto Betawi Bu Karni, Raya Hankam",,4.6,0.0,2,Menengah,1,Aktif,"Bakso & soto, Aneka nasi, Cepat saji","Jalan Kranggan, Jatiwarna, Kota Bekasi, Jawa Barat, Jawa, 17415, Indonesia",Kota Bekasi,Jatiwarna,17415,-6.312684,106.924772,https://gofood.link/u/ZA24B,2018-01-03T03:15:30.559Z
e1e85ab5-74b6-4cc8-984d-baac4b4e96ac,"Chatime x Cupbop, Lp Harapan Indah Bekasi",,4.7,0.0,3,Mahal,1,Aktif,"Sweets, Minuman, Kopi","Jalan Harapan Indah Bulevar, Kota Harapan Indah, Medansatria, Kota Bekasi, Jawa Barat, Jawa, 17132, Indonesia",Kota Bekasi,Medansatria,17132,-6.184112,106.974855,https://gofood.link/u/ZA3n5,2018-10-15T09:33:42.766Z
c4898b0f-4e66-4395-bbe0-4ce16fc8d590,"KFC, Lippo Thamrin Cikarang",,4.7,0.0,2,Menengah,1,Aktif,Cepat saji,"SPBU 10054230, 112, Jalan Mohammad Husni Thamrin, Lippo Cikarang, Sukaresmi, Kabupaten Bekasi, Jawa Barat, Jawa, 17550, Indonesia",Kabupaten Bekasi,Sukaresmi,17550,-6.32895488123,107.129336503,https://gofood.link/u/ZAv4Y,2018-05-17T05:24:57.700Z
2642035d-4e74-45c1-af65-e23d65ffeaa3,"Rumah Makan Bungo Jambak, Rawalumbu",,4.7,0.0,1,Murah,1,Aktif,"Aneka nasi, Ayam & bebek, Minuman","Jalan Setia Mekar, Jembatan 13, Markan, Bojong Rawalumbu, Kota Bekasi, Jawa Barat, Jawa, 17116, Indonesia",Kota Bekasi,Bojong Rawalumbu,17116,-6.277866,106.992105,https://gofood.link/u/ZAva,2018-08-06T07:40:27.310Z
41545768-f320-4903-8e40-d8c4146db736,"Master Penyet, Tarumajaya",Juara Partner GO-FOOD 2019: Kategori Favorit Bekasi,4.7,0.0,2,Menengah,1,Aktif,Ayam & bebek,"Setiaasih, Kabupaten Bekasi, Jawa Barat, Jawa, 17215, Indonesia",Kabupaten Bekasi,,17215,-6.154629,106.99409,https://gofood.link/u/ZLDnA,2018-04-02T06:48:47.907Z
49a49307-f191-410c-be49-edbbc903e931,"HokBen, Mall Metropolitan Bekasi",,4.7,0.0,3,Mahal,1,Aktif,"Cepat saji, Jepang","Metropolitan Mall, Jalan K. H. Noer Ali, Rawa Panjang, Kayuringinjaya, Kota Bekasi, Jawa Barat, Jawa, 17148, Indonesia",Kota Bekasi,Kayuringinjaya,17148,-6.248506,106.9908325,https://gofood.link/u/ZLNGM,2016-06-20T10:21:52.751Z
49844d4c-2481-4b40-8822-b0b0fc0507ec,"Sate Madura Bang Sodik, Bekasi Timur",,4.7,0.0,3,Mahal,1,Aktif,Sate,"Rawasemut, Duren Jaya, Kota Bekasi, Jawa Barat, Jawa, 17113, Indonesia",Kota Bekasi,Duren Jaya,17113,-6.245788,107.017318,https://gofood.link/u/ZLQGD,2018-11-19T07:08:12.740Z
b4bb9e53-4857-465e-bcf1-14abe4854e9f,"Dapure Wong Suroboyo, Sentul Raya",,0.0,0.0,2,Menengah,1,Aktif,"Cepat saji, Jajanan","Harapanjaya, Kota Bekasi, Jawa Barat, Jawa, 17124, Indonesia",Kota Bekasi,,17124,-6.20679,106.994864,https://gofood.link/u/ZLvBe,2018-11-19T04:27:30.340Z
527b2ce7-dd39-4b7d-8288-4eca86c6f93c,"DE'VINZ CAFE & RESTO, Cut Meutiah",,4.3,0.0,2,Menengah,1,Aktif,Ayam & bebek,"Jalan Cut Mutia, Rawalumbu Utara, Sepatan, Sepanjangjaya, Kota Bekasi, Jawa Barat, Jawa, 17113, Indonesia",Kota Bekasi,Sepanjangjaya,17113,-6.2616667,107.001,https://gofood.link/u/ZLxJ5,2016-06-20T10:20:47.295Z
7305b4e2-05d1-42d6-a50d-ce6a05f89c41,"The Harvest Cakes, Kalimalang",,4.4,0.0,4,Premium,1,Aktif,"Roti, Sweets, Kopi","Rawa Panjang, Kayuringinjaya, Kota Bekasi, Jawa Barat, Jawa, 17144, Indonesia",Kota Bekasi,Kayuringinjaya,17144,-6.248134,106.985198,https://gofood.link/u/ZVAqD,2016-06-20T10:21:50.723Z
f1fbb596-4a8f-4ac9-b19f-6d2495403596,"Lontong Medan Ma' Gopi, Pulo Sirih Barat",,4.4,0.0,2,Menengah,1,Aktif,Aneka nasi,"Jalan Pulo Sirih Barat, Pondok Pekayon Indah, Jakasetia, Kota Bekasi, Jawa Barat, Jawa, 17147, Indonesia",Kota Bekasi,Jakasetia,17147,-6.263824997258924,106.97117552859709,https://gofood.link/u/ZVPOA,2017-09-04T07:15:56.027Z
613c2b69-348e-4b6d-9fec-753a544df66c,"NomiNomi Delight, Bekasi",,4.7,0.0,3,Mahal,1,Aktif,Jepang,"Jalan Boulevard Raya Barat, Pondok Pekayon Indah, Pekayon, Jakasetia, Kota Bekasi, Jawa Barat, Jawa, 17147, Indonesia",Kota Bekasi,Jakasetia,17147,-6.271561,106.971527,https://gofood.link/u/ZVkMA,2016-06-20T10:28:29.919Z
31d58e77-feb5-4740-bb9e-dd54aad22037,"Warung Mas Yono, Bekasi",,4.6,0.0,2,Menengah,1,Aktif,Aneka nasi,"Jalan Raya Seroja, Harapanjaya, Kota Bekasi, Jawa Barat, Jawa, 17124, Indonesia",Kota Bekasi,Harapanjaya,17124,-6.201451,106.98861,https://gofood.link/u/ZY1a,2018-03-05T06:21:07.682Z
5a9a9823-f22c-4f78-84f7-c582436c091c,"Kopi Kaya, Pondok Gede",,0.0,0.0,1,Murah,1,Aktif,"Minuman, Sweets, Kopi","Pondok Gede Plaza, Jalan Masjid Nurul Ihsan, Jatiwaringin, Kota Bekasi, Jawa Barat, Jawa, 17411, Indonesia",Kota Bekasi,Jatiwaringin,17411,-6.284293266691272,106.91101189562929,https://gofood.link/u/ZZvA,2018-08-10T10:03:22.778Z
a91b3011-6fe8-4d0a-879a-3027193a01a9,"Grosirkurma.co.id, Bekasi Komplek SBS",,4.3,0.0,3,Mahal,1,Aktif,"Jajanan, Timur Tengah, Sweets","Jalan Semeru, Harapanjaya, Kota Bekasi, Jawa Barat, Jawa, 17124, Indonesia",Kota Bekasi,Harapanjaya,17124,-6.208966,106.984807,https://gofood.link/u/Zl15e,2018-11-16T07:34:46.160Z
e304523a-ee8d-4279-8775-f12fa6ba8b97,"Sate Tegal Barokah 17, Pondok Melati",,4.7,0.0,1,Murah,1,Aktif,Sate,"Jalan Raya Pasar Kecapi, Jatirahayu, Kota Bekasi, Jawa Barat, Jawa, 17414, Indonesia",Kota Bekasi,Jatirahayu,17414,-6.29818,106.925694,https://gofood.link/u/ZlNkP,2018-10-29T10:14:44.939Z
feefacd3-f37b-4bf7-aa85-bcbcb874d440,"Martabak Alim, Bintara Raya",,4.6,0.0,3,Mahal,1,Aktif,Martabak,"Jalan Bintara Raya, Kranji, Bintara, Kota Bekasi, Jawa Barat, Jawa, 17134, Indonesia",Kota Bekasi,Bintara,17134,-6.230053,106.957017,https://gofood.link/u/ZlVrP,2018-04-19T02:28:02.913Z
1cd91790-fec2-4e25-bb24-1b7e1d514690,"Tako Bar Takoyaki, Puri Gading",,2.7,0.0,2,Menengah,1,Aktif,"Jajanan, Cepat saji, Jepang","Puri Gading, Jatiwarna, Kota Bekasi, Jawa Barat, Jawa, 17415, Indonesia",Kota Bekasi,Jatiwarna,17415,-6.311704,106.939775,https://gofood.link/u/ZlmM,2018-05-16T09:48:48.786Z
50c0e4c1-bbea-450f-95ba-5b6938be03c2,"PEMPEK ANANDA, Kompleks Masnaga",,4.1,0.0,2,Menengah,1,Aktif,"Jajanan, Cepat saji","Jalan Gunung Merapi Raya, Kranji, Bintara, Kota Bekasi, Jawa Barat, Jawa, 17134, Indonesia",Kota Bekasi,Bintara,17134,-6.232324105150484,106.95505924522875,https://gofood.link/u/Zz9B,2018-06-09T03:31:52.636Z
af14319b-e4ec-4d45-80fd-7f5cdcd604ad,NASI GORENG AJ,,0.0,0.0,1,Murah,1,Aktif,"Sweets, Jajanan","Setiamekar, Kabupaten Bekasi, Jawa Barat, Jawa, 17111, Indonesia",Kabupaten Bekasi,,17111,-6.238981999202076,107.04797367036504,https://gofood.link/u/aR1Qx,2018-08-07T09:40:36.708Z
d52d1eb7-081c-42a4-addd-db4369a18976,"Ayam Bakar Ngalimeud, Bekasi Selatan",,3.7,0.0,2,Menengah,1,Aktif,"Aneka nasi, Ayam & bebek, Bakso & soto","Jakamulya, Kota Bekasi, Jawa Barat, Jawa, 17145, Indonesia",Kota Bekasi,,17145,-6.259446584605227,106.9682278856635,https://gofood.link/u/aR1RW,2018-07-26T04:23:59.522Z
69c8014e-282c-4591-9a23-c990051ad872,"RM Mie Surabaya, Bekasi",,4.7,0.0,3,Mahal,1,Aktif,"Bakmie, Seafood, Bakso & soto","Jalan Taman Wisma Asri Raya, Harapan Baru, Kota Bekasi, Jawa Barat, Jawa, 17121, Indonesia",Kota Bekasi,Harapan Baru,17121,-6.218562,107.024322,https://gofood.link/u/aR3mr,2016-06-20T10:21:24.909Z
ac2b8b41-0f8e-4e47-8fe1-9766e5bd18b0,"RM. Padang Rajo Simpang Tigo, Bekasi Selatan",,4.8,0.0,2,Menengah,1,Aktif,"Ayam & bebek, Aneka nasi","Jalan Cikunir Raya, Graha Indah, Jakamulya, Kota Bekasi, Jawa Barat, Jawa, 17146, Indonesia",Kota Bekasi,Jakamulya,17146,-6.278727,106.961125,https://gofood.link/u/aRgY8,2018-09-06T06:58:53.132Z
f9e072f6-da1d-4f29-9f22-8be06cb466fc,"Ayam Panggang Cimut, Cibitung",,4.7,0.0,2,Menengah,1,Aktif,Ayam & bebek,"Trias, Tridayasakti, Kabupaten Bekasi, Jawa Barat, Jawa, 17520, Indonesia",Kabupaten Bekasi,Tridayasakti,17520,-6.25659,107.080989,https://gofood.link/u/aRpmK,2018-02-20T04:13:39.724Z
edacdfc2-4e75-4693-aa6c-dbceeec9e788,"Rumah Makan Ibu Dara, Bekasi Utara",,4.8,0.0,2,Menengah,1,Aktif,"Ayam & bebek, Aneka nasi","Harapan Baru, Kota Bekasi, Jawa Barat, Jawa, 17121, Indonesia",Kota Bekasi,,17121,-6.219,107.020083,https://gofood.link/u/aV9Dr,2018-11-22T09:09:16.068Z
ed68db27-959d-4ff2-9531-23e7cfe1d1a5,"HokBen, BTC Bekasi",,4.7,0.0,3,Mahal,1,Aktif,"Jepang, Cepat saji","Bekasi Trade Centre, Jalan Sikumbang, Perumahan Margahayu Jaya, Bulak Kapal, Kota Bekasi, Jawa Barat, Jawa, 10350, Indonesia",Kota Bekasi,Bulak Kapal,10350,-6.2583191,107.0211482,https://gofood.link/u/aVGJO,2016-06-20T10:21:52.779Z
674c1764-411c-4ff0-bd69-0f0e68973443,"Waroeng Kampoeng Seafood & Ropang, Hankam",,4.8,0.0,3,Mahal,1,Aktif,Seafood,"Jalan Hankam Raya, Jatirahayu, Kota Bekasi, Jawa Barat, Jawa, 17414, Indonesia",Kota Bekasi,Jatirahayu,17414,-6.291878,106.917864,https://gofood.link/u/aVe7A,2017-11-27T04:39:43.759Z
4b5c20b7-e4c5-43ea-8435-3e619dc23c17,"Ayam Ngebul, Pondok Cipta",,4.8,0.0,2,Menengah,1,Aktif,Ayam & bebek,"Jalan Raya Pondok Cipta, Kranji, Bintara, Kota Bekasi, Jawa Barat, Jawa, 17134, Indonesia",Kota Bekasi,Bintara,17134,-6.226634,106.961144,https://gofood.link/u/aW943,2016-06-20T10:18:41.141Z
5c8a15b7-4f98-46b7-8504-9f2d6df98d78,"Pizza Hut Delivery - PHD, Villa Galaxy",,4.7,0.0,4,Premium,1,Aktif,"Pizza & pasta, Cepat saji, Jajanan, Barat, Ayam & bebek","Ruko Galaxy 2, Jalan Pulo Sirih Barat, Pondok Pekayon Indah, Jakasetia, Kota Bekasi, Jawa Barat, Jawa, 17147, Indonesia",Kota Bekasi,Jakasetia,17147,-6.266796,106.97065,https://gofood.link/u/aWa7O,2016-06-20T10:21:30.374Z
e4f19c21-b702-4cee-a9e1-eba22cf3287f,"Baskin Robbins, Metropolitan Mall",,4.6,0.0,4,Premium,1,Aktif,Sweets,"Hotel Horison Bekasi, Jalan K. H. Noer Ali, Rawa Panjang, Kayuringinjaya, Kota Bekasi, Jawa Barat, Jawa, 17148, Indonesia",Kota Bekasi,Kayuringinjaya,17148,-6.248311,106.99016,https://gofood.link/u/aWb8A,2016-06-20T10:20:54.516Z
ab9ee597-7eed-4a53-a1f6-8abbdf71eaba,"Double U Steak by Chef Widhi, Bekasi",,4.8,0.0,4,Premium,1,Aktif,Barat,"Double U Steak, Jalan Wijaya Kusuma I, Jakasetia, Kota Bekasi, Jawa Barat, Jawa, 17145, Indonesia",Kota Bekasi,Jakasetia,17145,-6.255867,106.969709,https://gofood.link/u/aWbPx,2018-01-24T03:47:55.751Z
51db62cf-4f0a-4872-9710-b99e82c95f30,"Zigaz Coffee  House, Tambun",,4.5,0.0,1,Murah,1,Aktif,"Sate, Jajanan, Minuman","Jalan Puri Cendana, Mangunjaya, Kabupaten Bekasi, Jawa Barat, Jawa, 17519, Indonesia",Kabupaten Bekasi,Mangunjaya,17519,-6.237167,107.066944,https://gofood.link/u/aWgwx,2018-08-21T08:39:23.425Z
173f1873-535a-4296-90e9-32d4c45289f0,"I Am Geprek Bensu, Marakash",,4.7,0.0,2,Menengah,1,Aktif,"Ayam & bebek, Aneka nasi, Cepat saji","Jalan Pondok Ungu Permai, Grand Pondok Ungu, Kabupaten Bekasi, Jawa Barat, Jawa, 17125, Indonesia",Kabupaten Bekasi,Grand Pondok Ungu,17125,-6.1886292,107.0079217,https://gofood.link/u/aY53,2018-10-10T08:02:28.625Z
bb351c7e-512d-42b3-90a0-2de72c5d43d6,"GleGek, Bosih Cibitung",AddOutletGR,4.2,0.0,1,Murah,1,Aktif,,"Jalan Raya B. Bosih, Trias, Wanasari, Kabupaten Bekasi, Jawa Barat, Jawa, 17520, Indonesia",Kabupaten Bekasi,Wanasari,17520,-6.248074,107.088704,https://gofood.link/u/aYnyO,2019-10-09T17:46:06.961Z
654453b2-b38c-4a59-8727-5450f795a687,"Pempek Palembang Gaby, Stasiun Bekasi",,4.6,0.0,2,Menengah,1,Aktif,Jajanan,"Gang Haji Anom, Kayuringinjaya, Kota Bekasi, Jawa Barat, Jawa, 17141, Indonesia",Kota Bekasi,Kayuringinjaya,17141,-6.2368902,106.9990064,https://gofood.link/u/agAaG,2016-06-20T10:21:44.491Z
6ec27f75-bc4e-46c0-bb6f-f3091eeb23dc,"Domino's Pizza, Jati Makmur",,4.8,0.0,3,Mahal,1,Aktif,"Pizza & pasta, Cepat saji, Jajanan","Holland Bakery Jati Makmur, 3A, Jalan Raya Jati Makmur, Duta Indah, Jatimakmur, Kota Bekasi, Jawa Barat, Jawa, 17413, Indonesia",Kota Bekasi,Jatimakmur,17413,-6.285593,106.9352845,https://gofood.link/u/agMwW,2017-03-14T04:38:35.395Z
a691020c-dbca-4eaf-8bcd-85d9a119f55d,"BMK Baso Malang Karapitan, Summarecon Mall Bekasi",Periode 17 juni s/d 02 juli akan dikenakan biaya surcharge 10% dari total transaksi sebelum biaya delivery,4.6,0.0,2,Menengah,1,Aktif,"Cepat saji, Kopi, Bakso & soto, Aneka nasi, Bakmie","Summarecon Mall Bekasi, Jalan Bulevar Ahmad Yani, Summarecon Bekasi, Kota Bekasi, Jawa Barat, Jawa, 17142, Indonesia",Kota Bekasi,Summarecon Bekasi,17142,-6.226514,107.000642,https://gofood.link/u/ageNp,2017-03-27T09:11:51.333Z
b2515da3-303f-46ea-b657-4de514ba1160,"Bakso Bakwan Malang Cak Su Kumis, Harapan Indah",,4.8,0.0,1,Murah,1,Aktif,"Bakso & soto, Jajanan","Jalan Boulevard Hijau Raya, Kota Harapan Indah, Pejuang, Kota Bekasi, Jawa Barat, Jawa, 17131, Indonesia",Kota Bekasi,Pejuang,17131,-6.184373,106.984403,https://gofood.link/u/b2lBq,2018-11-26T05:39:58.424Z
45b4aa5f-cc5f-421e-819c-b3e537389488,"Frozy Land, Rawalumbu",,4.6,0.0,2,Menengah,1,Aktif,"Sweets, Roti, Jajanan","Jalan Dalang, Cluster Teras Madani, Rawalumbu, Bojong Rawalumbu, Kota Bekasi, Jawa Barat, Jawa, 17116, Indonesia",Kota Bekasi,Bojong Rawalumbu,17116,-6.2816664,106.9998615,https://gofood.link/u/bGdy,2019-03-06T04:14:16.693Z
3e3a613f-1c05-411d-8596-d9a2e9cce078,"KFC Box, Naga Pekayon",,4.6,0.0,3,Mahal,1,Aktif,Cepat saji,"Mall Pekayon, Jalan Pekayon Raya, Pekayon, Margajaya, Kota Bekasi, Jawa Barat, Jawa, 17148, Indonesia",Kota Bekasi,Margajaya,17148,-6.26451,106.987112,https://gofood.link/u/bMjm,2017-12-28T08:24:00.346Z
784bb1f5-5822-4a27-9aaf-edb5266d8a27,"Ayam Bersih Berkah (GK), Kalimalang",Juara Partner GO-FOOD 2019: Kategori Kawan Setia di Tanggal Tua & Kategori Paling Aktif Jabodetabek,4.7,0.0,2,Menengah,1,Aktif,Aneka nasi,"Holland Bakery, 86 E, Jalan Raya Kalimalang, Bintarajaya, Kota Bekasi, Jawa Barat, Jawa, 17145, Indonesia",Kota Bekasi,Bintarajaya,17145,-6.249267797612793,106.95262542851718,https://gofood.link/u/bR0Jj,2018-01-31T09:33:23.871Z
76678f8e-16cd-4fd1-bac4-e88229d75939,"Kedai Legit, Aralia",,0.0,0.0,2,Menengah,1,Aktif,"Aneka nasi, Bakso & soto, Ayam & bebek","Jalan Bulevar Harapan Indah, Kota Harapan Indah, Pusakarakyat, Kabupaten Bekasi, Jawa Barat, Jawa, 17215, Indonesia",Kabupaten Bekasi,Pusakarakyat,17215,-6.149934905047056,106.98386985808612,https://gofood.link/u/bR52q,2018-07-31T03:36:31.591Z
6f7c6ae9-cfad-4c53-ac64-d8e479f55831,"Bakso Bakwan Malang Cak Su Kumis, Grand Wisata",,4.7,0.0,1,Murah,1,Aktif,Bakso & soto,"Jalan Summer Festival 3, Grand Wisata Residence, Dukuh Bima, Lambangsari, Kabupaten Bekasi, Jawa Barat, Jawa, 17158, Indonesia",Kabupaten Bekasi,Lambangsari,17158,-6.287702,107.043702,https://gofood.link/u/bRLD8,2018-03-12T05:58:55.010Z
fc040840-0a6d-415e-9359-0a42436b5c22,"Bakso Lapangan Tembak Senayan, Summarecon Mall Bekasi - Kyati Group",,4.8,0.0,3,Mahal,1,Aktif,Bakso & soto,"Summarecon Mall Bekasi, Jalan Bulevar Ahmad Yani, Summarecon Bekasi, Kota Bekasi, Jawa Barat, Jawa, 17142, Indonesia",Kota Bekasi,Summarecon Bekasi,17142,-6.226273,107.001064,https://gofood.link/u/bRWrM,2017-05-05T10:45:24.710Z
f3573fb1-a0db-48b9-b3b8-0cc8dbaa14cb,"Solaria, Grand Galaxy Mall",,4.8,0.0,3,Mahal,1,Aktif,"Chinese, Aneka nasi","Solaria, Jalan Boulevard Raya Barat, Pondok Pekayon Indah, Pekayon, Jakasetia, Kota Bekasi, Jawa Barat, Jawa, 17147, Indonesia",Kota Bekasi,Jakasetia,17147,-6.2716299,106.972,https://gofood.link/u/bRmmq,2016-06-20T10:21:35.390Z
a83ee9d1-9bd8-4f66-bbbc-d3ab11cbaa14,"Cozy Cafe & Resto, Pondok Gede Plaza",,4.8,0.0,3,Mahal,1,Aktif,"Barat, Aneka nasi, Bakmie","Pondok Gede Plaza, Jalan Masjid Nurul Ihsan, Jatiwaringin, Kota Bekasi, Jawa Barat, Jawa, 17411, Indonesia",Kota Bekasi,Jatiwaringin,17411,-6.2843412,106.9110327,https://gofood.link/u/bRxKM,2016-06-20T10:27:56.010Z
e5d12914-1482-46f9-8179-537ca8bb21db,"Yokobento, Ruko Duku Zamrud",,4.7,0.0,2,Menengah,1,Aktif,"Jepang, Ayam & bebek, Cepat saji","Yokobento, Jalan Zamrud Utara, Ruko, Dukuh Zamrud, Mustikasari, Kota Bekasi, Jawa Barat, Jawa, 16340, Indonesia",Kota Bekasi,Mustikasari,16340,-6.309826,107.022128,https://gofood.link/u/bg4BW,2016-06-20T10:20:59.960Z
fa981414-00e6-45d2-89eb-90a85add4e3a,"Ketoprak Galaxsi, Depan Precious Corner",,4.1,0.0,2,Menengah,1,Aktif,Aneka nasi,"25, Jalan Boulevard Raya Barat, Komplek Mayor, Markan, Jakasetia, Kota Bekasi, Jawa Barat, Jawa, 17147, Indonesia",Kota Bekasi,Jakasetia,17147,-6.277845168904928,106.97404459118844,https://gofood.link/u/bgAaq,2018-01-25T01:38:31.803Z
a3d99845-f96c-43a2-9ce6-a37d63654e62,"SHSD Sambel Hejo Sambel Dadak (Ayam Goreng Basah), Tambun",,4.8,0.0,2,Menengah,1,Aktif,"Aneka nasi, Minuman","Grand Wisata Residence, Dukuh Bima, Lambangsari, Kabupaten Bekasi, Jawa Barat, Jawa, 17510, Indonesia",Kabupaten Bekasi,Lambangsari,17510,-6.2789116400000005,107.0462745,https://gofood.link/u/bgKOW,2017-09-04T07:32:36.964Z
61784cad-2bf3-46b7-8434-e547554d0da1,"""Es Teler Cirebon"" Bang Hasan, Taman Kuliner Keluarga",,3.9,0.0,1,Murah,1,Aktif,"Minuman, Sweets","Harapan Baru Regency, Kota Bekasi, Jawa Barat, Jawa, 17134, Indonesia",Kota Bekasi,,17134,-6.2179201,106.9572244,https://gofood.link/u/bgKxM,2016-06-20T10:28:14.454Z
42b35035-d524-4957-b4b6-9934f8256df8,Wizky Dimsum,,3.3,0.0,2,Menengah,1,Aktif,Cepat saji,"Jatirahayu, Kota Bekasi, Jawa Barat, Jawa, 17414, Indonesia",Kota Bekasi,,17414,-6.29172,106.914837,https://gofood.link/u/bgay,2018-06-29T10:26:01.815Z
e53d6536-56da-4e13-a7ee-d865eebf1984,"Warung Tekko, Kalimalang","Warung Tekko adalah restaurant keluarga yang menawarkan menu - menu traditional khas nusantara dengan cita rasa asli Indonesia.
Menu yang disediakan mulai dari daging, iga, ayam, seafood, sayuran dan aneka pilihan minuman hangat dan dingin.
Hampir semua menu dikombinasikan dengan sambal penyet khas tekko dengan level kepedasan mulai tidak pedas/manis, sedang, pedas, super pedas, sambal ijo hingga sambal gledek. ",4.0,0.0,3,Mahal,1,Aktif,"Ayam & bebek, Aneka nasi","RS Awal Bros Bekasi Barat, Kav.17-18, Jalan K. H. Noer Ali, Bumi Satria Kencana, Rawa Panjang, Kayuringinjaya, Kota Bekasi, Jawa Barat, Jawa, 17510, Indonesia",Kota Bekasi,Kayuringinjaya,17510,-6.248105525970459,106.98316192626952,https://gofood.link/u/bglZB,2017-10-21T12:34:47.467Z
59e7c89e-0fac-41f4-8b7e-77c2841597cc,"Penyet Azka, Babakan",,4.8,0.0,2,Menengah,1,Aktif,Ayam & bebek,"Satriajaya, Kabupaten Bekasi, Jawa Barat, Jawa, 17150, Indonesia",Kabupaten Bekasi,,17150,-6.208961,107.039795,https://gofood.link/u/brRq,2018-07-30T10:14:54.150Z
4fa0db91-74c9-4cf9-adef-866d08b75c05,"Warlin Curry & Indian Food, Bekasi Timur","
",4.5,0.0,2,Menengah,1,Aktif,India,"Bekasi Jaya, Kota Bekasi, Jawa Barat, Jawa, 17112, Indonesia",Kota Bekasi,,17112,-6.238667,107.006056,https://gofood.link/u/bvYB,2016-08-31T07:01:36.228Z
16a7d136-d77c-45bf-b798-3616245d5b6a,"Bebek Setan, Harapan Indah",,4.7,0.0,2,Menengah,1,Aktif,Ayam & bebek,"Clairmont Bekasi, 22, Jalan Boulevard Hijau Raya, Kota Harapan Indah, Pejuang, Kota Bekasi, Jawa Barat, Jawa, 17131, Indonesia",Kota Bekasi,Pejuang,17131,-6.18603,106.979687,https://gofood.link/u/bvp8,2017-07-24T04:21:07.989Z
bdd6f804-2b0c-4313-af6e-a55b1d5be3e2,"Ayam Geprek Gold Chick, Jati Bening",,4.7,0.0,2,Menengah,1,Aktif,"Aneka nasi, Ayam & bebek, Cepat saji","Jalan Raya Jatibening, Perum Dosen IKIP, Jatibening, Kota Bekasi, Jawa Barat, Jawa, 17412, Indonesia",Kota Bekasi,Jatibening,17412,-6.266833,106.943546,https://gofood.link/u/bwJjrm,2019-12-20T14:12:02.671Z
0f7b8d10-62c7-40f7-9061-e242c977cd76,"Resto Aroma Palopoku, Bekasi Utara",,4.7,0.0,2,Menengah,1,Aktif,"Seafood, Sweets","Jalan Duta Bulevar Barat, Harapan Baru, Kota Bekasi, Jawa Barat, Jawa, 17121, Indonesia",Kota Bekasi,Harapan Baru,17121,-6.209151,107.022238,https://gofood.link/u/bwOAd,2018-02-07T06:52:45.971Z
e52b93b1-a395-40a9-8fb6-3965420a9a44,"Amanda Brownies, Kalimalang",,4.7,0.0,3,Mahal,1,Aktif,Sweets,"Jalan Lele 11, Rawa Panjang, Kayuringinjaya, Kota Bekasi, Jawa Barat, Jawa, 17144, Indonesia",Kota Bekasi,Kayuringinjaya,17144,-6.2479,106.98749,https://gofood.link/u/bwneg,2016-06-20T10:25:17.545Z
46387471-0b4f-4cb8-ad66-159099e8f98b,"RM Purbasari, Cakung",,4.5,0.0,2,Menengah,1,Aktif,"Aneka nasi, Ayam & bebek, Minuman","Jalan Bekasi Raya, RW 04, Ujung Menteng, Cakung, Jakarta Timur, Daerah Khusus Ibukota Jakarta, Jawa, 13910, Indonesia",Bekasi (tidak spesifik),,13910,-6.1861381,106.9521276,https://gofood.link/u/bwqwvd,2019-11-11T16:01:49.518Z
2039d3fc-07af-4dfc-a56d-513dae370da5,"Pizza Hut Delivery - PHD, Nusantara Raya Bekasi",,4.7,0.0,4,Premium,1,Aktif,"Cepat saji, Pizza & pasta, Jajanan, Barat, Ayam & bebek","Jalan Pulau Bali Raya, Aren Jaya, Kota Bekasi, Jawa Barat, Jawa, 17111, Indonesia",Kota Bekasi,Aren Jaya,17111,-6.242902,107.036037,https://gofood.link/u/d72P,2018-04-29T15:35:34.616Z
17f4c73d-0f23-4ecc-9adf-e7a19f0863a6,"Martabak Alim, Rawalumbu Bekasi",,4.0,0.0,1,Murah,1,Aktif,Martabak,"Jalan Pramuka, Jembatan Nol, Rawalumbu, Sepanjangjaya, Kota Bekasi, Jawa Barat, Jawa, 17175, Indonesia",Kota Bekasi,Sepanjangjaya,17175,-6.2693333,107.0023333,https://gofood.link/u/d8le,2016-06-20T10:19:39.587Z
45ddd41e-1ef7-47c2-9a19-cba6850b37b7,A&W Summarecon Mall Bekasi,,4.8,0.0,3,Mahal,1,Aktif,Cepat saji,"Summarecon Mall Bekasi, Jalan Bulevar Ahmad Yani, Summarecon Bekasi, Kota Bekasi, Jawa Barat, Jawa, 17142, Indonesia",Kota Bekasi,Summarecon Bekasi,17142,-6.2265934,107.0010051,https://gofood.link/u/dBLW,2016-06-20T10:21:40.597Z
3d5acae5-1e35-4621-8779-b315eaa5ffdd,"Pizza Hut Delivery - PHD, Mustika Jaya",,4.7,0.0,4,Premium,1,Aktif,"Pizza & pasta, Cepat saji, Jajanan, Barat, Ayam & bebek","Vila Asri, Mutiara Gading, Mustikajaya, Kota Bekasi, Jawa Barat, Jawa, 17158, Indonesia",Kota Bekasi,Mustikajaya,17158,-6.2863333,107.0351667,https://gofood.link/u/dLNm,2016-06-20T10:19:37.956Z
ae2a836d-4959-43e6-8fc9-902ad5768922,"Mie Kangkung Betawi, Soto Betawi Ariyani, Ruko Kemang Pratama",,4.9,0.0,3,Mahal,1,Aktif,Bakmie,"Jalan Kemang Pratama, Markan, Bojong Rawalumbu, Kota Bekasi, Jawa Barat, Jawa, 17114, Indonesia",Kota Bekasi,Bojong Rawalumbu,17114,-6.277735,106.990288,https://gofood.link/u/dM73O,2016-06-20T10:20:43.400Z
73bad921-6bbc-46ef-8ea3-df7aa63091d6,"Holland Bakery, Jatiasih",,4.8,0.0,2,Menengah,1,Aktif,"Roti, Sweets","Jalan Wibawa Mukti II, Komplek Pemda Jatiasih, Jatimekar, Kota Bekasi, Jawa Barat, Jawa, 17423, Indonesia",Kota Bekasi,Jatimekar,17423,-6.2958207,106.95933,https://gofood.link/u/dMqMR,2016-06-20T10:21:28.922Z
4467d23a-8033-4789-ba6a-e777eeacec70,"Bubur Berkat, Alamanda Indah 14",Restaurant yang menyediakan sarapan pagi dan makan siang dengan rasa authentic.,4.8,0.0,2,Menengah,1,Aktif,Aneka nasi,"Kota Harapan Indah, Pejuang, Kota Bekasi, Jawa Barat, Jawa, 17131, Indonesia",Kota Bekasi,Pejuang,17131,-6.175547681498428,106.9850671239169,https://gofood.link/u/dQaR,2017-07-10T03:28:09.320Z
24506472-3c32-43f1-aee1-71aae103267b,"Dunkin' Donuts, Mall Metropolitan",,4.1,0.0,3,Mahal,1,Aktif,"Roti, Kopi, Sweets","Mega Bekasi Hypermall, Jalan Ahmad Yani, Rawa Panjang, Margajaya, Kota Bekasi, Jawa Barat, Jawa, 17141, Indonesia",Kota Bekasi,Margajaya,17141,-6.249533708333029,106.99328171021756,https://gofood.link/u/dbzw9,2016-06-20T10:22:16.671Z
b370df4b-f4ee-44f7-b61e-cdd8af22fb3d,"Pempek Palembang Gaby, Harapan Indah",,4.7,0.0,2,Menengah,1,Aktif,Jajanan,"Jalan Boulevard Hijau Raya, Kota Harapan Indah, Pejuang, Kota Bekasi, Jawa Barat, Jawa, 17181, Indonesia",Kota Bekasi,Pejuang,17181,-6.1863391,106.9781299,https://gofood.link/u/de2k9,2016-06-20T10:20:36.739Z
f654b7d5-adf0-4264-91bf-49e282381465,"KFC, Pondok Gede Park",,4.7,0.0,2,Menengah,1,Aktif,Cepat saji,"Ramayana Department Store, Jalan Pondok Gede, Jatimakmur, Kota Bekasi, Jawa Barat, Jawa, 17411, Indonesia",Kota Bekasi,Jatimakmur,17411,-6.284852,106.912544,https://gofood.link/u/deQxA,2016-08-10T04:30:07.391Z
da3e7161-5586-49ba-8ca1-6e81cc578219,"Sop Daging Janda Mas Dana, Perumnas 3",,4.7,0.0,2,Menengah,1,Aktif,"Cepat saji, Jajanan, Martabak, Bakso & soto, Aneka nasi, Minuman","Jalan Nusantara, Bulak Kapal, Aren Jaya, Kota Bekasi, Jawa Barat, Jawa, 17111, Indonesia",Kota Bekasi,Aren Jaya,17111,-6.243814310710827,107.03049268573524,https://gofood.link/u/deZye,2019-06-11T14:08:54.083Z
e29523df-5afa-42c0-ae63-b0987b270735,"Bakmie/Nasi Campur Kalimantan, Bekasi",,4.8,0.0,3,Mahal,1,Aktif,"Aneka nasi, Bakmie","Puri Gading, Jatiwarna, Kota Bekasi, Jawa Barat, Jawa, 17415, Indonesia",Kota Bekasi,Jatiwarna,17415,-6.3120068,106.9386515,https://gofood.link/u/dewDO,2018-11-19T07:30:43.456Z
304e2459-d0a5-42e9-93d7-b022306e4fe4,"Pizza Hut, Hankam Raya",,4.8,0.0,4,Premium,1,Aktif,"Pizza & pasta, Cepat saji, Barat, Jajanan, Ayam & bebek","Jalan Hankam Raya, Jatirahayu, Kota Bekasi, Jawa Barat, Jawa, 17414, Indonesia",Kota Bekasi,Jatirahayu,17414,-6.29611597392354,106.921246012996,https://gofood.link/u/dwvO,2019-05-02T14:33:49.906Z
3b9b75b3-15a0-4535-b747-8fb9f39a2f9b,"Sate Cirebon (Halimpu) H. Aman, Bekasi Utara",,4.8,0.0,2,Menengah,1,Aktif,Sate,"Jalan KH Muchtar Tabrani, Summarecon Bekasi, Harapanjaya, Kota Bekasi, Jawa Barat, Jawa, 17122, Indonesia",Kota Bekasi,Harapanjaya,17122,-6.21311,107.003957,https://gofood.link/u/dzOP,2016-06-20T10:19:22.133Z
2afbb367-80ac-4a04-ac13-50eaac41247a,"Jus Buah Kedung 7, Duta Indah",,4.8,0.0,1,Murah,1,Aktif,Minuman,"Jalan Duta Indah Raya, Duta Indah, Jatikramat, Kota Bekasi, Jawa Barat, Jawa, 17413, Indonesia",Kota Bekasi,Jatikramat,17413,-6.285478,106.9362,https://gofood.link/u/e5M4,2018-10-29T06:25:08.457Z
dc350f96-1768-4830-b577-9c978296f29b,"Domino's Pizza, Taman Galaxy",,4.7,0.0,3,Mahal,1,Aktif,"Pizza & pasta, Cepat saji, Jajanan","Jalan Taman Galaksi Raya, Jakamulya, Kota Bekasi, Jawa Barat, Jawa, 17145, Indonesia",Kota Bekasi,Jakamulya,17145,-6.2547006,106.9688344,https://gofood.link/u/e72KZ,2016-06-20T10:22:24.146Z
62c35bd3-be3a-4b6c-9114-03d9e84b8c6c,"Rangers Chicken by MOR, Pondok Ungu","Sudah pesan Rangers Chicken hari ini?
Nikmati berbagai pilihan menu ayam goreng yang crunchy, fresh dan menggugah selera dari Rangers. Kalian bisa cobain menu khas disini yakni Boneless Chicken - ayam goreng tanpa tulang dengan topping sambal khas nusantara. Dijamin nendang banget! Ayo tunggu apa lagi, pesan sekarang.",4.0,0.0,2,Menengah,1,Aktif,"Cepat saji, Ayam & bebek","Jalan Pondok Ungu Permai, Pondok Ungu Permai, Kota Bekasi, Jawa Barat, Jawa, 17125, Indonesia",Kota Bekasi,Pondok Ungu Permai,17125,-6.179854767034836,107.00436842845342,https://gofood.link/u/e73wZ,2016-06-20T10:22:13.881Z
ef8c2c3e-61d6-4bd4-b9fa-10cfd6358dcf,"KFC, Kemang Pratama",,4.8,0.0,3,Mahal,1,Aktif,Cepat saji,"KFC, Jalan Kemang Pratama, Pekayon, Jakasetia, Kota Bekasi, Jawa Barat, Jawa, 17114, Indonesia",Kota Bekasi,Jakasetia,17114,-6.27039,106.986811,https://gofood.link/u/e7878,2016-08-10T04:36:44.553Z
e640deea-ec51-4ae3-8768-2af8ee8491d1,"Ayam Goreng Ny Suharti, Bekasi",,4.8,0.0,3,Mahal,1,Aktif,"Ayam & bebek, Aneka nasi","Jalan Kalimalang, Rawa Panjang, Kayuringinjaya, Kota Bekasi, Jawa Barat, Jawa, 17141, Indonesia",Kota Bekasi,Kayuringinjaya,17141,-6.248,106.9886667,https://gofood.link/u/e7MJv,2016-06-20T10:21:05.668Z
74423b58-c374-43aa-b17b-dba4e6922d74,"KOI Thé, Metropolitan Mall Bekasi",,4.8,0.0,2,Menengah,1,Aktif,"Minuman, Sweets, Kopi","Hotel Horison Bekasi, Jalan K. H. Noer Ali, Rawa Panjang, Kayuringinjaya, Kota Bekasi, Jawa Barat, Jawa, 17148, Indonesia",Kota Bekasi,Kayuringinjaya,17148,-6.2490436,106.9899129,https://gofood.link/u/e7eK8,2018-05-25T05:37:46.609Z
6c6ca7ef-8606-46e7-8426-e575a30d8348,"Arung Coffeeshop, Jatibening",,4.8,0.0,3,Mahal,1,Aktif,"Roti, Kopi, Sweets","Arung Coffee, Jalan Jatibening, Perum Dosen IKIP, Jatibening, Kota Bekasi, Jawa Barat, Jawa, 17412, Indonesia",Kota Bekasi,Jatibening,17412,-6.262086,106.944492,https://gofood.link/u/e7xkZ,2018-04-20T04:15:24.184Z
3baada95-6587-4dff-87ee-8c7d7a2c4e33,"Burger King, Gading Terrace Boelevard",,4.7,0.0,2,Menengah,1,Aktif,"Cepat saji, Aneka nasi, Jajanan, Ayam & bebek","Karangsatria, Kabupaten Bekasi, Jawa Barat, Jawa, 17123, Indonesia",Kabupaten Bekasi,,17123,-6.215343,107.035166,https://gofood.link/u/eJ3RDq,2019-12-10T21:04:51.351Z
52f16cce-a007-4d54-8be9-b62338338e98,"I Am Geprek Bensu Perum, Bekasi Timur",,4.7,0.0,2,Menengah,1,Aktif,"Ayam & bebek, Aneka nasi, Cepat saji","Jalan Pulau Flores Raya, Aren Jaya, Kota Bekasi, Jawa Barat, Jawa, 17111, Indonesia",Kota Bekasi,Aren Jaya,17111,-6.243966956270889,107.0383803918958,https://gofood.link/u/eJ8pq,2017-12-27T07:13:13.138Z
25763c21-72bf-4f47-9492-2deacfa1b100,"Amanda Brownies, Bekasi Timur",,4.7,0.0,3,Mahal,1,Aktif,Sweets,"Perumahan Margahayu Jaya, Bulak Kapal, Kota Bekasi, Jawa Barat, Jawa, 10350, Indonesia",Kota Bekasi,Bulak Kapal,10350,-6.25706,107.02102,https://gofood.link/u/eJL04,2016-06-20T10:20:57.158Z
35b6cfb1-2b14-4c6e-a95f-8ded803deb88,"Belut Penyet & Ayam Geprek Raja, Cibitung","Dijamin Pedaz Nikmat, Cocok Buat Yg Lagi Kedinginan Buat Menghangatkan Badan.",3.9,0.0,2,Menengah,1,Aktif,Aneka nasi,"Kompas, Tambun, Kabupaten Bekasi, Jawa Barat, Jawa, 17520, Indonesia",Kabupaten Bekasi,Tambun,17520,-6.265735,107.076263,https://gofood.link/u/eJgN4,2018-10-24T08:28:28.696Z
1c518675-43fd-49a1-8ea8-e418247f7e82,"Koi Teppanyaki, Summarecon Mall Bekasi",,4.6,0.0,3,Mahal,1,Aktif,Jepang,"Summarecon Mall Bekasi, Jalan Bulevar Ahmad Yani, Summarecon Bekasi, Kota Bekasi, Jawa Barat, Jawa, 17142, Indonesia",Kota Bekasi,Summarecon Bekasi,17142,-6.2254618,107.0015001,https://gofood.link/u/eJrW8,2016-06-20T10:20:28.438Z
270aab3f-83a0-4dcb-a4ac-28d2c8ba7949,"Nasi Pecel Khas Kediri Ibu Rafy, Pasar Modern Sinpasa",,4.8,0.0,1,Murah,1,Aktif,Aneka nasi,"Indomaret, Jalan Bulevar Selatan, Summarecon Bekasi, Kota Bekasi, Jawa Barat, Jawa, 17142, Indonesia",Kota Bekasi,Summarecon Bekasi,17142,-6.229407,107.000652,https://gofood.link/u/eP18,2017-03-20T06:56:50.198Z
32c1fd7b-4edb-490b-b9eb-b9c2b5f84a50,"Tenda Biru 99 Medan, Jakasampurna",,4.7,0.0,3,Mahal,1,Aktif,"Bakmie, Chinese","Jalan Barasak, Jakasampurna, Kota Bekasi, Jawa Barat, Jawa, 17145, Indonesia",Kota Bekasi,Jakasampurna,17145,-6.250808,106.968526,https://gofood.link/u/ej5b4,2019-08-22T23:40:03.847Z
dc7ca2a1-9aef-4b4a-ac3e-5031c6d15bfb,"Ayam Bakar Madu & Goreng Kremes MAMA IRA, Bekasi Barat",,4.8,0.0,2,Menengah,1,Aktif,"Ayam & bebek, Aneka nasi","Bintara, Kota Bekasi, Jawa Barat, Jawa, 13460, Indonesia",Kota Bekasi,,13460,-6.22400333942084,106.94923013448717,https://gofood.link/u/ejQOZ,2019-08-21T15:56:00.723Z
e4567afc-cfb6-4f45-9430-9a531e4092ba,"McDonald's, Lippo Cikarang",,4.7,0.0,3,Mahal,1,Aktif,"Cepat saji, Sweets, Jajanan","Jalan Mohammad Husni Thamrin, Lippo Cikarang, Sukaresmi, Kabupaten Bekasi, Jawa Barat, Jawa, 17550, Indonesia",Kabupaten Bekasi,Sukaresmi,17550,-6.326979,107.1266954,https://gofood.link/u/eqLNv,2017-11-21T05:04:04.504Z
43005df8-9ab9-4136-a675-800955e26173,"Nasi Congkel, Bekasi Selatan",,4.7,0.0,2,Menengah,1,Aktif,Aneka nasi,"Bumi Satria Kencana, Jakasampurna, Kota Bekasi, Jawa Barat, Jawa, 17148, Indonesia",Kota Bekasi,Jakasampurna,17148,-6.252695,106.971628,https://gofood.link/u/eqY4,2018-11-29T07:09:06.215Z
b387df65-14a2-473a-b9e3-e4dacdc4c93c,"Sambel Judes Ny Poo Juara Pedes, California 2",,3.8,0.0,3,Mahal,1,Aktif,"Aneka nasi, Jajanan, Cepat saji","Jakamulya, Kota Bekasi, Jawa Barat, Jawa, 17421, Indonesia",Kota Bekasi,,17421,-6.276963680697929,106.9553542882204,https://gofood.link/u/eqYv8,2018-04-14T05:33:41.552Z
679818eb-aa70-4ad8-aa0e-808c0ad285a2,"Rumah Makan Pak Ubung, RA Kartini",,4.8,0.0,3,Mahal,1,Aktif,"Bakso & soto, Aneka nasi, Ayam & bebek","Jalan RA. Kartini, Rawasemut, Bekasi Jaya, Kota Bekasi, Jawa Barat, Jawa, 17113, Indonesia",Kota Bekasi,Bekasi Jaya,17113,-6.244522879026219,107.00478572398424,https://gofood.link/u/eqwdv,2016-06-20T10:19:19.792Z
3d158acd-bb8a-48d5-a91a-bbd4e12715c3,"Bakmie & Seafood 99, Pekayon",,4.8,0.0,3,Mahal,1,Aktif,"Seafood, Bakmie","Rumah Sakit Anna, 36, Jalan Pekayon Raya, Pondok Pekayon Indah, Pekayon, Jakasetia, Kota Bekasi, Jawa Barat, Jawa, 17147, Indonesia",Kota Bekasi,Jakasetia,17147,-6.275641,106.976459,https://gofood.link/u/erlv,2018-01-04T06:26:20.687Z
33e3a64a-b16f-41f0-a4f7-6e739b09f639,"Solaria, Plaza Pondok Gede 2",,4.8,0.0,3,Mahal,1,Aktif,"Seafood, Chinese, Aneka nasi","Plaza Pondok Gede 2, Jalan Masjid Nurul Ihsan, Jatiwaringin, Kota Bekasi, Jawa Barat, Jawa, 17411, Indonesia",Kota Bekasi,Jatiwaringin,17411,-6.2832172,106.9117263,https://gofood.link/u/evb4,2016-06-20T10:21:49.709Z
a5ba8678-ed10-4bb6-8f25-de66e52d6861,"Ayam Bakar Kalasan Teh Nenden, RA Kartini",,4.4,0.0,2,Menengah,1,Aktif,"Ayam & bebek, Aneka nasi, Seafood","Jalan RA. Kartini, Rawasemut, Bekasi Jaya, Kota Bekasi, Jawa Barat, Jawa, 17113, Indonesia",Kota Bekasi,Bekasi Jaya,17113,-6.2440769,107.0050566,https://gofood.link/u/ez7w9,2018-10-26T10:31:52.904Z
fd5ae3e1-f115-4290-a04d-6914cd5406c1,"Puyo Silky Desserts, Grand Galaxy Park",Puyo Silky Desserts serves the best light and silky texture desserts for people to fulfil their sweet cravings without feeling guilty.,4.7,0.0,3,Mahal,1,Aktif,"Sweets, Jajanan, Minuman","Grand Galaxy Park, No.1, Jalan Boulevard Raya Barat, Pondok Pekayon Indah, Pekayon, Jakasetia, Kota Bekasi, Jawa Barat, Jawa, 17147, Indonesia",Kota Bekasi,Jakasetia,17147,-6.27082154,106.972269,https://gofood.link/u/ezG4Q,2017-02-20T05:07:33.034Z
f376848d-8c57-4e94-9a57-d85e540bfd74,"Bakso Bakwan Malang Cak Su Kumis, Taman Galaxi",,4.8,0.0,1,Murah,1,Aktif,Bakso & soto,"Jalan Taman Aster, Pondok Pekayon Indah, Pekayon, Jakasetia, Kota Bekasi, Jawa Barat, Jawa, 17145, Indonesia",Kota Bekasi,Jakasetia,17145,-6.2594087,106.9693946,https://gofood.link/u/eze24,2017-10-31T08:07:27.786Z
6d00f1a4-66b1-41c9-aec4-b7d49a404c6c,"Mbok Centil Ayam Kampung Serundeng, Galaxy",,4.9,0.0,2,Menengah,1,Aktif,Ayam & bebek,"Jalan Ruko Sentra Niaga 2, Komplek Mayor, Markan, Jakasetia, Kota Bekasi, Jawa Barat, Jawa, 17147, Indonesia",Kota Bekasi,Jakasetia,17147,-6.27613,106.974492,https://gofood.link/u/ezg4Z,2017-04-18T07:24:05.206Z
cc0d6047-411a-4f0d-a088-4b78b373b55b,"Bakso Sehat Bakso Atom, Strada",,0.0,0.0,3,Mahal,1,Aktif,Bakso & soto,"Jalan Insinyur Haji Juanda, Rawasemut, Kota Bekasi, Jawa Barat, Jawa, 17113, Indonesia",Kota Bekasi,Rawasemut,17113,-6.2487305,107.0124829,https://gofood.link/u/ezj89,2016-06-20T10:20:15.164Z
5a25bb7e-c595-4979-bf8b-18862cbaf6bb,"Pop Cookies, Kemang Pratama",,3.6,0.0,3,Mahal,1,Aktif,Sweets,"Kemang Pratama 3, Pekayon, Margajaya, Kota Bekasi, Jawa Barat, Jawa, 17114, Indonesia",Kota Bekasi,Margajaya,17114,-6.2662154,106.9897623,https://gofood.link/u/g1jV,2018-04-11T04:55:37.792Z
bdfaeb2d-771e-4979-b79f-b2189d7febbd,"Burger King, Summarecon Bekasi",,4.7,0.0,2,Menengah,1,Aktif,"Cepat saji, Aneka nasi, Jajanan, Ayam & bebek","Burger King, Jalan Bulevar Ahmad Yani, Summarecon Bekasi, Kota Bekasi, Jawa Barat, Jawa, 17142, Indonesia",Kota Bekasi,Summarecon Bekasi,17142,-6.224880722872731,107.00307865198442,https://gofood.link/u/g3Vrl,2018-11-21T15:08:25.845Z
ed55d53a-4ebb-44e0-bce4-36d34ef721f5,"Chatime x Cupbop, Ay Bekasi",,4.6,0.0,3,Mahal,1,Aktif,"Minuman, Kopi, Sweets","Living Plaza Bekasi, Jalan Ahmad Yani, Rawa Panjang, Margajaya, Kota Bekasi, Jawa Barat, Jawa, 17141, Indonesia",Kota Bekasi,Margajaya,17141,-6.2505617,106.9910836,https://gofood.link/u/g3ZpR,2016-06-20T10:19:49.516Z
4e44974e-e52d-44a9-b484-58f57e316d15,A&W Mall Metropolitan Lt. 2,,4.8,0.0,3,Mahal,1,Aktif,Cepat saji,"Hotel Horison Bekasi, Jalan K. H. Noer Ali, Rawa Panjang, Kayuringinjaya, Kota Bekasi, Jawa Barat, Jawa, 17148, Indonesia",Kota Bekasi,Kayuringinjaya,17148,-6.2484661,106.9904745,https://gofood.link/u/gWdB,2016-06-20T10:28:34.147Z
c10ccc63-ac81-4378-b4a4-187d84672ae3,"Tahu Petis Yudhistira, Taman Galaxy","Kuliner otentik khas Semarang. Tahu Petis, Lumpia Semarang dan Petis Kemasan. Dikemas menarik dan bersertifikasi Halal MUI.",4.6,0.0,2,Menengah,1,Aktif,Jajanan,"Jalan Taman Galaksi Raya, Jakamulya, Kota Bekasi, Jawa Barat, Jawa, 17145, Indonesia",Kota Bekasi,Jakamulya,17145,-6.256386,106.968481,https://gofood.link/u/gg2jb,2016-06-20T10:22:57.177Z
c2085e9f-e0f8-4466-be54-ccf1f4022c73,"Pancious, Summarecon Mall Bekasi",,4.6,0.0,4,Premium,1,Aktif,"Minuman, Pizza & pasta, Barat","Summarecon Mall Bekasi, Jalan Bulevar Ahmad Yani, Summarecon Bekasi, Kota Bekasi, Jawa Barat, Jawa, 17142, Indonesia",Kota Bekasi,Summarecon Bekasi,17142,-6.225226,107.001665,https://gofood.link/u/ggKdg,2017-05-30T01:46:38.088Z
e85193c6-bade-4db0-9ec8-fa12fdd854de,"Mie Ayam Bangka Josen, Tambun Utara",,4.8,0.0,2,Menengah,1,Aktif,Bakmie,"Karangsatria, Kabupaten Bekasi, Jawa Barat, Jawa, 17123, Indonesia",Kabupaten Bekasi,,17123,-6.220703,107.035786,https://gofood.link/u/ggKqg,2018-03-29T07:47:22.606Z
cac492d4-c90e-4e02-b9b5-2b8556e4b985,"Hop Hop Bubble, Harapan Indah",,4.7,0.0,2,Menengah,1,Aktif,Minuman,"BPK Penabur Harapan Indah, Jalan Harapan Indah Bulevar, Kota Harapan Indah, Kota Bekasi, Jawa Barat, Jawa, 17214, Indonesia",Kota Bekasi,Kota Harapan Indah,17214,-6.1764151,106.9736139,https://gofood.link/u/ggn0d,2017-08-03T07:45:31.488Z
99f41cd2-f2e0-4e8e-8faa-231d86bff66b,"Raja Alpukat Mentega 01, Pondok Melati",,0.0,0.0,2,Menengah,1,Aktif,Jajanan,"Jalan Pintu Air, Jatirahayu, Kota Bekasi, Jawa Barat, Jawa, 17414, Indonesia",Kota Bekasi,Jatirahayu,17414,-6.292107,106.920031,https://gofood.link/u/ggryV,2018-02-14T04:17:33.508Z
0e53dc0d-5d3f-4b2b-b76d-8e5d5484c344,"Mie Ayam Bangka Awat, Rukan Grand Galaxy City",,4.7,0.0,2,Menengah,1,Aktif,"Bakmie, Minuman, Chinese","Jalan Pulo Sirih Barat, Pondok Pekayon Indah, Jakasetia, Kota Bekasi, Jawa Barat, Jawa, 17147, Indonesia",Kota Bekasi,Jakasetia,17147,-6.266009,106.970769,https://gofood.link/u/gjbV,2016-06-20T10:18:53.257Z
489417d9-0795-44df-bb72-c77d94150ac0,"Ayam Geprek Mas Boim, Bintara",Diskon sebesar 10% untuk menu makanan mulai 10 November 2017 sampai 31 Desember 2017. ,4.7,0.0,2,Menengah,1,Aktif,Ayam & bebek,"Jalan Bintara XII A, Kranji, Bintara, Kota Bekasi, Jawa Barat, Jawa, 17134, Indonesia",Kota Bekasi,Bintara,17134,-6.231678,106.962065,https://gofood.link/u/gk3LR,2016-09-21T06:48:23.320Z
15204d78-fb13-4d7a-8e90-ce6c2614868f,"Seblak Mewek, Puri Cendana",,4.7,0.0,1,Murah,1,Aktif,,"Jalan Puri Cendana, Mangunjaya, Kabupaten Bekasi, Jawa Barat, Jawa, 17519, Indonesia",Kabupaten Bekasi,Mangunjaya,17519,-6.240037485437629,107.06730600446464,https://gofood.link/u/gkDnxy,2019-12-05T13:48:04.363Z
d21932d8-a86e-4260-bb6c-95685f6fd0c2,Warunk Food Fighters,,0.0,0.0,2,Menengah,1,Aktif,"Jajanan, Roti, Kopi","Jalan Boulevard Raya Barat, Pondok Pekayon Indah, Pekayon, Jakasetia, Kota Bekasi, Jawa Barat, Jawa, 17147, Indonesia",Kota Bekasi,Jakasetia,17147,-6.272675,106.972404,https://gofood.link/u/gkKLg,2017-08-28T08:56:42.145Z
0f934516-ef4d-4f01-a797-258083c62c65,"Seblak Mewek, Marakash",,4.7,0.0,1,Murah,1,Aktif,Jajanan,"Grand Pondok Ungu, Kabupaten Bekasi, Jawa Barat, Jawa, 17125, Indonesia",Kabupaten Bekasi,,17125,-6.184111,107.013,https://gofood.link/u/gkR0R,2019-05-27T15:42:03.223Z
3f330954-cd09-408a-94d4-6e22408d6778,"Warung Gudeg Ibu Umi, Pondok Gede",,4.3,0.0,1,Murah,1,Aktif,"Ayam & bebek, Minuman, Aneka nasi","Jatimakmur, Kota Bekasi, Jawa Barat, Jawa, 17413, Indonesia",Kota Bekasi,,17413,-6.2892534,106.9314976,https://gofood.link/u/gkRpR,2018-05-30T08:01:48.801Z
60cf7e67-7d85-4825-914a-d2cb912fe29a,"Bakso Dan Mie Ayam Rengganis, Jati Makmur Raya",,4.7,0.0,2,Menengah,1,Aktif,Minuman,"Jalan Raya Jati Makmur, Jatimakmur, Kota Bekasi, Jawa Barat, Jawa, 17413, Indonesia",Kota Bekasi,Jatimakmur,17413,-6.285473562159571,106.9232080131769,https://gofood.link/u/gkbJq7,2019-11-12T15:14:40.725Z
7888bb25-c1ea-4939-81f7-a30b3aa182c7,"Stop' Eat, Grand Galaxy",,0.0,0.0,2,Menengah,1,Aktif,"Jajanan, Kopi, Sweets","Jalan Boulevard Raya Barat, Komplek Mayor, Pekayon, Jakasetia, Kota Bekasi, Jawa Barat, Jawa, 17147, Indonesia",Kota Bekasi,Jakasetia,17147,-6.274438,106.974205,https://gofood.link/u/gx5ab,2018-05-24T08:17:49.537Z
d67a6c7d-8596-48e7-80e9-320c9461cfcc,"Nao Kao Thai Tea, Metropolitan Mall Bekasi",,3.8,0.0,2,Menengah,1,Aktif,Minuman,"Metropolitan Mall, Jalan K. H. Noer Ali, Rawa Panjang, Kayuringinjaya, Kota Bekasi, Jawa Barat, Jawa, 17148, Indonesia",Kota Bekasi,Kayuringinjaya,17148,-6.248454,106.99112,https://gofood.link/u/gxYeb,2017-04-28T07:57:44.505Z
e05ca206-7c25-4d78-af35-aab67a230da8,"Bubur Ayam Jakarta, Ruko Kemang Pratama",,4.8,0.0,2,Menengah,1,Aktif,Aneka nasi,"Indomaret, Jalan Kemang Pratama, Markan, Bojong Rawalumbu, Kota Bekasi, Jawa Barat, Jawa, 17114, Indonesia",Kota Bekasi,Bojong Rawalumbu,17114,-6.2775,106.9903333,https://gofood.link/u/gxqQB,2016-06-20T10:21:13.654Z
76ffbda3-744e-487e-a0af-4d60c2cb21d7,"Bakso Sakat Wonogiri, Jatiasih","BAKSO DAN MIE AYAM WONOGIRI diolah dengan bahan-bahan yang berkwalitas dan dengan resep asli wonogiri.
Halal,berkwalitas dan hemat.
",4.6,0.0,2,Menengah,1,Aktif,"Bakso & soto, Cepat saji, Bakmie","Griya Azalea 2, Jatirasa, Kota Bekasi, Jawa Barat, Jawa, 17423, Indonesia",Kota Bekasi,Jatirasa,17423,-6.29732,106.96581,https://gofood.link/u/gxrQy,2017-05-03T03:59:23.422Z
47f87474-7f34-4301-97ab-898ab074a48e,"Spesial Geprek Wae, Tambun",,4.8,0.0,1,Murah,1,Aktif,"Aneka nasi, Ayam & bebek","Mangunjaya, Kabupaten Bekasi, Jawa Barat, Jawa, 17519, Indonesia",Kabupaten Bekasi,,17519,-6.241265,107.067666,https://gofood.link/u/j40B,2018-03-08T04:41:18.111Z
e9b98e99-62bf-4fa2-b08a-aafbe063689d,"Richeese Factory, Plaza Jababeka",,4.7,0.0,3,Mahal,1,Aktif,"Ayam & bebek, Cepat saji, Korea","Plaza Jababeka, Jalan Industri Utara 1, Jababeka, Mekarmukti, Kabupaten Bekasi, Jawa Barat, Jawa, 17530, Indonesia",Kabupaten Bekasi,Mekarmukti,17530,-6.298152,107.149535,https://gofood.link/u/jMWJN,2017-12-28T09:46:09.062Z
bc29bb40-35d9-4ff8-85cf-05b1e499c800,"KFC Box, Cibitung",,4.7,0.0,3,Mahal,1,Aktif,Cepat saji,"RS. Cibitung Medika, Jalan Raya B. Bosih, Trias, Wanasari, Kabupaten Bekasi, Jawa Barat, Jawa, 17520, Indonesia",Kabupaten Bekasi,Wanasari,17520,-6.253113,107.086093,https://gofood.link/u/jNyjL,2017-12-28T08:12:56.492Z
5e64c267-0482-4ea8-8b18-724260d82bb1,"Soto Betmen (Betawi-Kebumen), Jatiasih",,4.7,0.0,1,Murah,1,Aktif,"Bakso & soto, Ayam & bebek","Jalan Gamelan Raya, Komplek Kemang IFI Graha, Jatirasa, Kota Bekasi, Jawa Barat, Jawa, 17423, Indonesia",Kota Bekasi,Jatirasa,17423,-6.296748,106.970257,https://gofood.link/u/jbKv2,2018-09-07T08:59:36.169Z
5f040d5b-9c3e-45fb-9bf6-88015c1a6638,"Ayam Gepuk Pak Gembus, Patriot",,4.7,0.0,2,Menengah,1,Aktif,"Ayam & bebek, Aneka nasi","Jalan Singaraja, Kranji, Jakasampurna, Kota Bekasi, Jawa Barat, Jawa, 17136, Indonesia",Kota Bekasi,Jakasampurna,17136,-6.238957,106.970588,https://gofood.link/u/jbQ72,2017-12-04T04:02:26.985Z
44b0930e-898c-46d5-989d-c6079836a467,"Pizza Hut Delivery - PHD, Caman Jatibening",,4.7,0.0,3,Mahal,1,Aktif,"Pizza & pasta, Cepat saji, Jajanan, Barat, Ayam & bebek","Bintarajaya, Kota Bekasi, Jawa Barat, Jawa, 17145, Indonesia",Kota Bekasi,,17145,-6.2538333,106.952,https://gofood.link/u/jwaa,2016-06-20T10:20:22.854Z
a145d3cd-2674-4d6f-83fb-6977ac00e00b,"Pondok Lezat Sumarecon, Raya Rawa Bugel",,4.4,0.0,2,Menengah,1,Aktif,,"Kota Bekasi, Jawa Barat, Jawa, 17142, Indonesia",Kota Bekasi,,17142,-6.223185,106.999216,https://gofood.link/u/k3eZw,2019-10-10T15:56:03.923Z
eddf353f-60bb-477c-81bd-beff0cbd6400,"McDonald's, Grand Kota Bintang",,4.8,0.0,3,Mahal,1,Aktif,"Cepat saji, Sweets, Jajanan","Grand Kota Bintang, Bintarajaya, Kota Bekasi, Jawa Barat, Jawa, 17145, Indonesia",Kota Bekasi,Bintarajaya,17145,-6.249061,106.956839,https://gofood.link/u/k47vN,2017-07-05T05:23:31.591Z
7075f9ac-5d67-4d57-ac2b-05d9f010f988,"Cafe Perlu Dicoba, Jatiasih",,4.7,0.0,2,Menengah,1,Aktif,"Ayam & bebek, Jajanan, Bakso & soto","Komplek Asabri Indah, Jatiluhur, Kota Bekasi, Jawa Barat, Jawa, 17425, Indonesia",Kota Bekasi,Jatiluhur,17425,-6.323583,106.951059,https://gofood.link/u/k4qmP,2018-11-01T10:59:31.091Z
6dd1719f-0f78-4494-a472-d0fae53bc3e0,"Pizza Hut Delivery - PHD, Mangun Jaya Tambun",,4.7,0.0,4,Premium,1,Aktif,"Pizza & pasta, Cepat saji, Jajanan, Barat, Ayam & bebek","Jalan Raya Sumberjaya, Mangunjaya, Kabupaten Bekasi, Jawa Barat, Jawa, 17519, Indonesia",Kabupaten Bekasi,Mangunjaya,17519,-6.244796,107.06366,https://gofood.link/u/k5wYl,2017-09-27T10:59:41.399Z
1fdc9fbb-5a93-4531-9afc-f635dc679fd2,"Bang Doel Sop, Mustika Jaya",,4.8,0.0,2,Menengah,1,Aktif,"Aneka nasi, Bakso & soto, Minuman","Dukuh Zamrud, Cimuning, Kota Bekasi, Jawa Barat, Jawa, 17155, Indonesia",Kota Bekasi,Cimuning,17155,-6.322915,107.020527,https://gofood.link/u/k9Qj,2018-11-22T08:45:27.469Z
41bcf88c-5ad9-40a1-8990-d6c01c4beb7d,"RM. Padang Jaya, Mustika Jaya",,4.6,0.0,2,Menengah,1,Aktif,Aneka nasi,"Jalan Bekasi Timur Regensi, Bekasi Timur Regency, Dukuh Zamrud, Cimuning, Kota Bekasi, Jawa Barat, Jawa, 17155, Indonesia",Kota Bekasi,Cimuning,17155,-6.326213,107.018722,https://gofood.link/u/kL0eA,2018-10-17T08:14:59.702Z
0f655978-f03a-4e30-82d4-f9a2cf3a1ba0,Sop Buntut Ibu Samino Senayan. Pondok Gede,,4.1,0.0,3,Mahal,1,Aktif,"Ayam & bebek, Aneka nasi, Bakso & soto","Jalan Raya Jati Makmur, Jatimakmur, Kota Bekasi, Jawa Barat, Jawa, 17413, Indonesia",Kota Bekasi,Jatimakmur,17413,-6.2832564,106.9286757,https://gofood.link/u/kL4gN,2016-06-20T10:19:02.170Z
2b8a7e09-94a9-4181-bbfc-2a9bb80b8538,"Steak 21, Metropolitan Mall",,4.3,0.0,4,Premium,1,Aktif,Barat,"Rawa Panjang, Kayuringinjaya, Kota Bekasi, Jawa Barat, Jawa, 17141, Indonesia",Kota Bekasi,Kayuringinjaya,17141,-6.248131,106.99016,https://gofood.link/u/kLxLe,2016-06-20T10:19:51.074Z
21c85574-2cef-49e8-a762-cee25db49eb5,"Warung Pancong Reggae, Bekasi Utara",,4.6,0.0,2,Menengah,1,Aktif,"Jajanan, Roti, Kopi","Jalan Taman Wisma Asri Raya, Harapan Baru, Kota Bekasi, Jawa Barat, Jawa, 17121, Indonesia",Kota Bekasi,Harapan Baru,17121,-6.218468,107.024145,https://gofood.link/u/kLzJG,2018-05-09T04:11:45.599Z
1c6b52cc-6b34-4c3c-8e72-e8680b6b1801,"Lets Go Chicken, Babelan Bekasi",,4.1,0.0,1,Murah,1,Aktif,"Ayam & bebek, Cepat saji","Jalan Raya Babelan, Tera Damai, Babelan Kota, Kabupaten Bekasi, Jawa Barat, Jawa, 17610, Indonesia",Kabupaten Bekasi,Babelan Kota,17610,-6.188882,107.038997,https://gofood.link/u/krnLP,2019-09-10T17:08:20.940Z
dd9cc696-0431-4f25-b900-c08f9295b251,"Pan & Flip, Metropolitan Mall",,4.8,0.0,3,Mahal,1,Aktif,"Pizza & pasta, Aneka nasi, Ayam & bebek","Metropolitan Mall, Jalan K. H. Noer Ali, Rawa Panjang, Kayuringinjaya, Kota Bekasi, Jawa Barat, Jawa, 17148, Indonesia",Kota Bekasi,Kayuringinjaya,17148,-6.248481,106.991019,https://gofood.link/u/kxKeP,2017-04-18T03:41:32.659Z
d46c13ca-b315-4897-9026-a2a8648fdca7,"Sederhana SA, Harapan Indah",,4.7,0.0,2,Menengah,1,Aktif,"Aneka nasi, Martabak, Sate","Kota Harapan Indah, Medansatria, Kota Bekasi, Jawa Barat, Jawa, 17132, Indonesia",Kota Bekasi,Medansatria,17132,-6.1878086,106.9764735,https://gofood.link/u/kxMqG,2017-01-23T09:12:09.178Z
d5154579-c470-430f-85d2-bc75ca9df34f,"Nasi Kebuli Nabawi (Stand 2), Ujung Harapan",,0.0,0.0,3,Mahal,1,Aktif,"Aneka nasi, Timur Tengah, Jajanan","Jalan Raya Ujung Harapan, Kaliabang Tengah, Kota Bekasi, Jawa Barat, Jawa, 17125, Indonesia",Kota Bekasi,Kaliabang Tengah,17125,-6.189539002905417,107.005913592875,https://gofood.link/u/kxnpa,2018-10-17T10:13:21.514Z
1ddde5d1-fd53-4bf0-8e8e-b6bec48ecf9c,"Pondok Bakmi Mas Suryo, Pondok Gede",,4.8,0.0,2,Menengah,1,Aktif,"Aneka nasi, Bakmie","Jatibening, Kota Bekasi, Jawa Barat, Jawa, 17412, Indonesia",Kota Bekasi,,17412,-6.255008,106.944561,https://gofood.link/u/l0nq,2018-01-04T10:35:34.382Z
0d235f9a-c0cd-44d6-bf79-9735c48e7209,"Sate Domba Hj. Rahmah Khas Betawi, Jatimelati",,4.5,0.0,2,Menengah,1,Aktif,"Bakso & soto, Sate","Alam Besakih, Puri Gading, Jatiwarna, Kota Bekasi, Jawa Barat, Jawa, 17415, Indonesia",Kota Bekasi,Jatiwarna,17415,-6.309538,106.938535,https://gofood.link/u/l1eq,2017-12-18T03:01:39.642Z
4fc69872-b2a8-4831-9215-b11d1b31a66e,"Dum Dum Thai Drinks Express, Revo Town Bekasi",,4.8,0.0,2,Menengah,1,Aktif,"Minuman, Thailand, Sweets, Kopi","Revo Town, Jalan Tol Jakarta–Cikampek, Rawa Panjang, Margajaya, Kota Bekasi, Jawa Barat, Jawa, 17148, Indonesia",Kota Bekasi,Margajaya,17148,-6.25447,106.989706,https://gofood.link/u/l1jl,2017-10-27T17:43:48.956Z
d9b1128a-cb29-49b9-a46f-79311ec7e230,"Ayam Bakar 69, Jatimurni",,2.6,0.0,2,Menengah,1,Aktif,"Cepat saji, Ayam & bebek, Bakmie","Alam Raya 2, Puri Gading, Jatimurni, Kota Bekasi, Jawa Barat, Jawa, 17426, Indonesia",Kota Bekasi,Jatimurni,17426,-6.323082669009194,106.9349805638194,https://gofood.link/u/lGW9q,2018-04-26T07:15:49.847Z
a93d1399-1086-4626-92e0-746c22f4cc90,"Mie Ayam & Bakso Amarilis 2, Palem Raya",,4.8,0.0,2,Menengah,1,Aktif,Bakmie,"Trias, Tridayasakti, Kabupaten Bekasi, Jawa Barat, Jawa, 17519, Indonesia",Kabupaten Bekasi,Tridayasakti,17519,-6.2447766,107.0812366,https://gofood.link/u/lGaaK,2017-11-24T04:00:43.131Z
62e5ef13-5a28-4238-8261-0aab866afe22,"Bakso Rudal Pakde Sasak, Cipayung",,4.3,0.0,2,Menengah,1,Aktif,Bakso & soto,"Green Park Residence, Jatimurni, Kota Bekasi, Jawa Barat, Jawa, 17415, Indonesia",Kota Bekasi,Jatimurni,17415,-6.319331,106.924005,https://gofood.link/u/lP28a,2018-08-29T03:54:33.250Z
a3a7a801-c643-4000-9a57-77679f6739d9,"BeFC Fried Chicken, Assyafi'iyah, Depan Warteg Farhan",,4.8,0.0,2,Menengah,1,Aktif,Ayam & bebek,"Kranji, Jakasampurna, Kota Bekasi, Jawa Barat, Jawa, 17136, Indonesia",Kota Bekasi,Jakasampurna,17136,-6.242938764248063,106.96553528308868,https://gofood.link/u/lPA0D,2018-07-25T04:01:51.272Z
62c9fde7-0641-4d31-bd7e-722b9840aef4,"Saung Kuliner PSR (Penyet Jontor), Bekasi Utara",,4.3,0.0,2,Menengah,1,Aktif,Aneka nasi,"Jalan Duta Bulevar Barat, Harapan Baru, Kota Bekasi, Jawa Barat, Jawa, 17121, Indonesia",Kota Bekasi,Harapan Baru,17121,-6.214107,107.019367,https://gofood.link/u/lPQl0,2018-05-11T03:55:41.638Z
e5534eaf-0220-436e-b04a-e8c8cf8a5596,"Nisa Frozen Food, Perumahan Taman Alamanda",,4.0,0.0,2,Menengah,1,Aktif,"Jajanan, Sweets","Karangsatria, Kabupaten Bekasi, Jawa Barat, Jawa, 17150, Indonesia",Kabupaten Bekasi,,17150,-6.221553,107.04237,https://gofood.link/u/lPyQx,2018-02-21T04:44:36.888Z
75e5b209-3d2a-495f-9144-138862f537e1,"Kedai Bunda Taman Raya Bekasi, Tambun Selatan",,4.6,0.0,2,Menengah,1,Aktif,"Bakmie, Aneka nasi, Ayam & bebek","Jalan Melati XII, Mangunjaya, Kabupaten Bekasi, Jawa Barat, Jawa, 17567, Indonesia",Kabupaten Bekasi,Mangunjaya,17567,-6.235825,107.060681,https://gofood.link/u/lxLaa,2018-11-15T08:14:48.806Z
38448d3b-1312-4685-a092-ac397f31316f,"Ayam Gepuk Pak Gembus, Jatiwaringin",,4.7,0.0,2,Menengah,1,Aktif,"Ayam & bebek, Aneka nasi","Jalan Jati Waringin, Jatiwaringin, Kota Bekasi, Jawa Barat, Jawa, 17411, Indonesia",Kota Bekasi,Jatiwaringin,17411,-6.270809,106.911979,https://gofood.link/u/lyK2a,2017-01-05T07:02:57.628Z
c7623a19-81a5-4b3a-96f0-6aeac1319486,"Miato (Mie Bangka Bumbu Ayam), Bekasi Barat",,4.8,0.0,2,Menengah,1,Aktif,Bakmie,"Jalan Harapan Baru Barat, Harapan Baru 1, Kranji, Kota Bekasi, Jawa Barat, Jawa, 17133, Indonesia",Kota Bekasi,Kranji,17133,-6.215148,106.966317,https://gofood.link/u/m8NNO,2019-08-05T16:44:56.549Z
44cc200f-eadb-4bac-87c4-3de1b3afbd76,"Bakmi & Seafood ""99"", Medan Satria",,4.7,0.0,3,Mahal,1,Aktif,"Bakmie, Seafood","Jalan Delima 6, Pejuang, Kota Bekasi, Jawa Barat, Jawa, 17131, Indonesia",Kota Bekasi,Pejuang,17131,-6.177534,106.986343,https://gofood.link/u/mAQ4,2018-03-23T03:33:52.719Z
5a797fd2-d29c-4fd3-b16f-84ce457b470d,"Soto Kudus Jaya, Cipinang",,4.3,0.0,1,Murah,1,Aktif,"Bakmie, Aneka nasi","Jalan Tol Bekasi–Cawang–Kampung Melayu, RW 03, Cipinang Cempedak, Jatinegara, Jakarta Timur, Daerah Khusus Ibukota Jakarta, Jawa, 13420, Indonesia",Bekasi (tidak spesifik),,13420,-6.238575,106.87782,https://gofood.link/u/mMKa,2018-07-13T05:30:46.955Z
b3d9a54f-35c1-4aca-add3-7e0d8ccddfca,"Mie Ayam & Bakso Safa, Bekasi Timur",,4.6,0.0,2,Menengah,1,Aktif,"Bakso & soto, Bakmie, Cepat saji","Rawasemut, Duren Jaya, Kota Bekasi, Jawa Barat, Jawa, 17111, Indonesia",Kota Bekasi,Duren Jaya,17111,-6.242113209581102,107.02147610485554,https://gofood.link/u/mWJY4,2018-10-26T11:05:18.355Z
14ad3405-3801-44bb-930d-38e5033c6198,"Bakmi Tu7uh, Pulo Ribung",,4.8,0.0,3,Mahal,1,Aktif,"Seafood, Chinese, Bakmie","Jalan Pulau Ribung, Pondok Pekayon Indah, Pekayon, Jakasetia, Kota Bekasi, Jawa Barat, Jawa, 17147, Indonesia",Kota Bekasi,Jakasetia,17147,-6.267161,106.972909,https://gofood.link/u/mjbj,2016-06-20T10:18:54.990Z
c771985d-b345-4212-b900-d6f3e4748450,Lava Choco Drink Jatimulya,,0.0,0.0,1,Murah,1,Aktif,Sweets,"Jalan Hm Embo, Perum. Jatimulya Bekasi, Jatimulya, Kabupaten Bekasi, Jawa Barat, Jawa, 17510, Indonesia",Kabupaten Bekasi,Jatimulya,17510,-6.271504,107.025986,https://gofood.link/u/mv5Vjd,2019-12-18T15:29:01.834Z
1c5793a3-a1e5-4462-817b-094b71b52e8e,"Bola Ubi RAOS, Taman Galaxy",,4.6,0.0,2,Menengah,1,Aktif,Jajanan,"Jalan Taman Galaksi Raya, Jakamulya, Kota Bekasi, Jawa Barat, Jawa, 17145, Indonesia",Kota Bekasi,Jakamulya,17145,-6.256821,106.968434,https://gofood.link/u/mv7Z1,2019-02-01T04:16:05.946Z
2f3bbc3d-69df-43c8-b99f-5321ce553380,"Rm Sunda Kelapa, Kranggan",,4.8,0.0,3,Mahal,1,Aktif,"Ayam & bebek, Aneka nasi","Jatimekar, Kota Bekasi, Jawa Barat, Jawa, 17422, Indonesia",Kota Bekasi,,17422,-6.29504972008494,106.93639140576124,https://gofood.link/u/mvNN4,2016-06-20T10:21:14.635Z
1b5038dd-0768-4b6b-b41e-24731302b9de,"Ayam & Ikan Bakar 99, Bekasi Timur",,4.8,0.0,3,Mahal,1,Aktif,Ayam & bebek,"Aren Jaya, Kota Bekasi, Jawa Barat, Jawa, 17111, Indonesia",Kota Bekasi,,17111,-6.239331,107.035287,https://gofood.link/u/mvZaO,2018-11-22T04:06:28.899Z
ce9f4bb7-07aa-4469-92e2-1dad7ea315be,"Alfa's Resto, Grand Galaxy",,0.0,0.0,2,Menengah,1,Aktif,"Ayam & bebek, Aneka nasi","Komplek Pondok Surya Mandala, Pekayon, Jakasetia, Kota Bekasi, Jawa Barat, Jawa, 17147, Indonesia",Kota Bekasi,Jakasetia,17147,-6.273056,106.973095,https://gofood.link/u/mx5va,2018-11-13T09:34:28.770Z
f2536d3b-f568-4f14-80d6-d88328b1b053,Sop Iga dan Soto Bening Bang N’Dut 09,,4.6,0.0,2,Menengah,1,Aktif,Bakso & soto,"Jakamulya, Kota Bekasi, Jawa Barat, Jawa, 17412, Indonesia",Kota Bekasi,,17412,-6.2626664,106.9511422,https://gofood.link/u/mxW9a,2016-11-10T10:19:55.428Z
ce87f000-26bc-4981-ae8c-56ce3e499eb5,Favorite Martabak Bangka Kartini Bekasi,favorite martabak Bangka kartini bekasi menyedikan martabak manis dan martabak telor dengan cita rasa tinggi dan bahan-bahan kualitas tinggi,4.6,0.0,3,Mahal,1,Aktif,Martabak,"Rawasemut, Kota Bekasi, Jawa Barat, Jawa, 17113, Indonesia",Kota Bekasi,,17113,-6.247165,107.002232,https://gofood.link/u/mxYN1,2016-11-23T04:06:35.540Z
66295561-f7ab-4e77-bb0a-573586e199d1,"Bakso Balungan Komsen - Galaxy, Jl Pulo Ribung Raya Galaxy","Bakso Iga, Tetelan, Kikil, Sumsum	",4.6,0.0,2,Menengah,1,Aktif,Bakso & soto,"Jalan Pulau Ribung, Pondok Pekayon Indah, Pekayon, Jakasetia, Kota Bekasi, Jawa Barat, Jawa, 17147, Indonesia",Kota Bekasi,Jakasetia,17147,-6.2670376,106.9739782,https://gofood.link/u/mxm34,2018-03-14T10:33:51.214Z
d56410fb-13b5-44fc-a12d-806c431a9228,"Domino's Pizza, Mall Grand Cakung",,4.6,0.0,3,Mahal,1,Aktif,Pizza & pasta,"Jalan Bekasi Raya, RW 01, Cakung Timur, Cakung, Jakarta Timur, Daerah Khusus Ibukota Jakarta, Jawa, 13960, Indonesia",Bekasi (tidak spesifik),,13960,-6.187011679478852,106.95802569394723,https://gofood.link/u/mxv1a,2017-03-10T08:32:54.361Z
e87cfdb3-0b52-407a-ae11-8df4a8896f0d,"Bakso RT Pangkalan 1B, Bantar Gebang",,4.4,0.0,2,Menengah,1,Aktif,Bakso & soto,"Bantargebang, Kota Bekasi, Jawa Barat, Jawa, 17151, Indonesia",Kota Bekasi,,17151,-6.3244,106.9804,https://gofood.link/u/mxv29,2018-04-16T09:56:21.883Z
b9798a45-0f08-4dde-b6dc-6a3af3a60bda,"Hop Hop Bubble, Metropolitan Mall 1",,4.5,0.0,2,Menengah,1,Aktif,Minuman,"Hotel Horison Bekasi, Jalan K. H. Noer Ali, Rawa Panjang, Kayuringinjaya, Kota Bekasi, Jawa Barat, Jawa, 17148, Indonesia",Kota Bekasi,Kayuringinjaya,17148,-6.2484095,106.9903171,https://gofood.link/u/mxwMO,2016-06-20T10:21:00.889Z
7444a306-61f6-45ee-aa83-1acaf4173985,"Gerobak Ramen & Mbok Yem, Ruko Sentra Niaga Kalimalang",,4.6,0.0,2,Menengah,1,Aktif,"Aneka nasi, Minuman, Sate","Kranji, Rawa Panjang, Kayuringinjaya, Kota Bekasi, Jawa Barat, Jawa, 17144, Indonesia",Kota Bekasi,Kayuringinjaya,17144,-6.245644,106.990413,https://gofood.link/u/myPrl,2018-07-05T08:12:52.071Z
a4d237f7-f17d-4afe-af5f-783a52729402,"Krispy Kreme, Summarecon Mall Bekasi",,4.3,0.0,4,Premium,1,Aktif,"Sweets, Roti, Jajanan","Summarecon Mall Bekasi, Jalan Bulevar Ahmad Yani, Summarecon Bekasi, Kota Bekasi, Jawa Barat, Jawa, 17142, Indonesia",Kota Bekasi,Summarecon Bekasi,17142,-6.226085,107.001005,https://gofood.link/u/myaA1,2018-03-16T10:08:17.970Z
1457b34a-58b8-4ac5-b2b1-f64b5c9c967f,"Sari Rasa Pekayon, Ruko Bukit Safira",,4.7,0.0,2,Menengah,1,Aktif,"Sate, Ayam & bebek, Aneka nasi","Jalan Pekayon Raya, Pondok Pekayon Indah, Pekayon, Jakasetia, Kota Bekasi, Jawa Barat, Jawa, 17114, Indonesia",Kota Bekasi,Jakasetia,17114,-6.2679135,106.9832935,https://gofood.link/u/mzJ4,2016-06-20T10:18:41.948Z
2b5d877f-a8fb-49c1-8c53-930a8551627e,"Bakso Balungan Komsen - Jatiasih, Jl Jatiasih Raya 42A",,4.7,0.0,2,Menengah,1,Aktif,Bakso & soto,"Bakso Balungan, Jalan Raya Jati Asih, Komplek Pemda Jatiasih, Kota Bekasi, Jawa Barat, Jawa, 17423, Indonesia",Kota Bekasi,Komplek Pemda Jatiasih,17423,-6.293488,106.960714,https://gofood.link/u/nJ5zA,2016-11-10T10:54:43.789Z
2480db6d-cae3-4e6d-822a-ffc3a27f7201,"Warung Sop Iga Sapi Tante Melani, Villa Gading Harapan",,4.6,0.0,2,Menengah,1,Aktif,"Seafood, Aneka nasi, Ayam & bebek","Kabupaten Bekasi, Jawa Barat, Jawa, 17610, Indonesia",Kabupaten Bekasi,,17610,-6.180030916176626,107.03526601195335,https://gofood.link/u/nJdnq,2018-10-19T10:43:41.743Z
40d82c71-4dfc-4146-a3ee-1c64ec3407f2,"Sinar Garut & Bubur Ayam Bogasari, Jatiwaringin",,4.6,0.0,2,Menengah,1,Aktif,"Jajanan, Minuman, Aneka nasi","Jalan Jati Waringin, Jatiwaringin, Kota Bekasi, Jawa Barat, Jawa, 17411, Indonesia",Kota Bekasi,Jatiwaringin,17411,-6.271080833501897,106.9120993092656,https://gofood.link/u/nJgKG,2017-10-30T08:44:56.213Z
1295a094-01b6-44cf-85d4-c12091f718dc,"Richeese Factory, Hankam",,4.7,0.0,3,Mahal,1,Aktif,"Cepat saji, Ayam & bebek, Aneka nasi","Jalan Kranggan, Jatiraden, Jatisampurna, Kota Bekasi, Jawa Barat, Jawa, 17433, Indonesia",Kota Bekasi,Jatisampurna,17433,-6.3244283,106.9240093,https://gofood.link/u/nJn8Z,2016-11-25T09:11:31.996Z
baf1b68a-76d3-4609-94ee-498bb0983928,"Pasta Kangen_MGT, Mutiara Gading",,4.8,0.0,2,Menengah,1,Aktif,"Aneka nasi, Ayam & bebek, Pizza & pasta","Jalan Mutiara Gading Timur, Perum. Mutiara Gading Timur, Mutiara Gading, Mustikajaya, Kota Bekasi, Jawa Barat, Jawa, 17158, Indonesia",Kota Bekasi,Mustikajaya,17158,-6.283968,107.027939,https://gofood.link/u/nL11x,2018-05-23T09:00:35.689Z
a81723c3-167a-425b-9077-4829cf79b7df,Solaria - Summarecon Mall Bekasi 2,,4.6,0.0,3,Mahal,1,Aktif,"Aneka nasi, Chinese","Summarecon Mall Bekasi, Jalan Bulevar Ahmad Yani, Summarecon Bekasi, Kota Bekasi, Jawa Barat, Jawa, 17142, Indonesia",Kota Bekasi,Summarecon Bekasi,17142,-6.22609,107.001176,https://gofood.link/u/nL2rA,2017-06-14T09:12:23.748Z
fcd041af-e65a-4478-a6a6-5466689fe511,"Martabak Top Bandung 1, Harapan Jaya",,4.6,0.0,3,Mahal,1,Aktif,Martabak,"Jalan Gang Krakatau Raya, Harapan Mulya, Kota Bekasi, Jawa Barat, Jawa, 17124, Indonesia",Kota Bekasi,Harapan Mulya,17124,-6.2154,106.987726,https://gofood.link/u/nL4Lk,2017-01-30T09:27:37.227Z
a71aec87-6351-49ae-8de2-bb7de7dfd4b2,"Dapur Nadfa, Pondok Gede",,4.7,0.0,2,Menengah,1,Aktif,Aneka nasi,"Jalan Delta Zamrud, Jatiwaringin, Kota Bekasi, Jawa Barat, Jawa, 17411, Indonesia",Kota Bekasi,Jatiwaringin,17411,-6.27077222547689,106.92266285419464,https://gofood.link/u/nLPA5,2017-05-29T08:21:35.349Z
f2c68f98-90be-4075-8951-ffbedc89aacc,"Aninditdut Shop, Bekasi Utara",,0.0,0.0,3,Mahal,1,Aktif,"Jajanan, Roti, Pizza & pasta","Jalan Raflesia VI, Harapanjaya, Kota Bekasi, Jawa Barat, Jawa, 17122, Indonesia",Kota Bekasi,Harapanjaya,17122,-6.209546,107.006937,https://gofood.link/u/nLwzG,2018-11-27T04:46:48.014Z
319924dd-e935-4ef3-9997-3281d3c1c506,"Bakmi GM, Metropolitan Mall",,4.8,0.0,3,Mahal,1,Aktif,"Bakmie, Aneka nasi, Chinese","Rawa Panjang, Kayuringinjaya, Kota Bekasi, Jawa Barat, Jawa, 17141, Indonesia",Kota Bekasi,Kayuringinjaya,17141,-6.248293,106.989672,https://gofood.link/u/nN9R,2016-06-20T10:21:33.120Z
e6122fb8-71d1-4e51-8ca1-c9978273e3d7,"Sushi Lokal Id, Pondok Ungu",,4.7,0.0,2,Menengah,1,Aktif,"Jajanan, Jepang, Korea","Jalan Pondok Ungu Permai, Grand Pondok Ungu, Kabupaten Bekasi, Jawa Barat, Jawa, 17125, Indonesia",Kabupaten Bekasi,Grand Pondok Ungu,17125,-6.179988250231299,107.01174706220628,https://gofood.link/u/nvOY5,2017-01-20T14:51:41.406Z
a48b42e6-9d6b-40a1-8e5f-6020832bf263,"Fiesta Steak Restaurant, Mall Grand Galaxy Park",,4.8,0.0,3,Mahal,1,Aktif,Barat,"Solaria, Jalan Boulevard Raya Barat, Pondok Pekayon Indah, Pekayon, Jakasetia, Kota Bekasi, Jawa Barat, Jawa, 17147, Indonesia",Kota Bekasi,Jakasetia,17147,-6.2716389,106.972,https://gofood.link/u/nvnNq,2016-06-20T10:19:38.891Z
305ca7ba-f59d-44ab-9616-fd225426e9ac,"Martabak Alim Premium, Duren Jaya",,4.6,0.0,3,Mahal,1,Aktif,"Martabak, Jajanan","Duren Jaya, Kota Bekasi, Jawa Barat, Jawa, 17111, Indonesia",Kota Bekasi,,17111,-6.232479,107.026433,https://gofood.link/u/nwOOR,2019-09-09T18:26:45.840Z
0d6e84e4-1398-4e61-994b-754113b4bc3d,Tuah Saiyo,,4.5,0.0,2,Menengah,1,Aktif,Aneka nasi,"Jatiwarna, Kota Bekasi, Jawa Barat, Jawa, 17415, Indonesia",Kota Bekasi,,17415,-6.306178,106.923849,https://gofood.link/u/nxp5,2016-06-20T10:19:29.024Z
295c55bc-440d-4e50-aab6-a59d290a5ab7,Tastyherbs Bottle,Tastyherbs Bottle (Healthy Fresh Drink Homemade) merupakan minuman tradisional yang segar dan berkhasiat dibuat sendiri dengan bahan alami 100 % tanpa pengawet. Let's start the day with healthy drink from tastyherbs.,4.4,0.0,2,Menengah,1,Aktif,"Minuman, Jajanan, Cepat saji","Jalan Melon II, RW 01, Harapan Baru 1, Cakung, Jakarta Timur, Kota Bekasi, Jawa Barat, Jawa, 41581, Indonesia",Kota Bekasi,Jakarta Timur,41581,-6.2118234,106.9630945,https://gofood.link/u/p3zy,2016-06-20T10:25:49.045Z
1d8e0c6f-c2c6-4e0b-b532-116cccdf5ee7,"DAI Frozen (Pitu Nutritions), Ruko Pesona Taman Mini",,4.8,0.0,2,Menengah,1,Aktif,"Cepat saji, Minuman, Seafood","Duta Indah, Jatimakmur, Kota Bekasi, Jawa Barat, Jawa, 17413, Indonesia",Kota Bekasi,Jatimakmur,17413,-6.286312697957204,106.93660817038229,https://gofood.link/u/p5Jr,2016-06-20T10:20:33.525Z
1577eb8b-ac28-48ae-818a-76abf58f2d64,"Waroeng Spesial Sambal SS, Bekasi",,4.8,0.0,1,Murah,1,Aktif,Ayam & bebek,"Jalan Jenderal Sudirman, Kranji, Kalibaru, Kota Bekasi, Jawa Barat, Jawa, 17143, Indonesia",Kota Bekasi,Kalibaru,17143,-6.229835,106.984969,https://gofood.link/u/pMDr,2016-06-20T10:19:39.705Z
b2d17761-9949-4a09-a35d-40bccd8932ab,"Mie Jawir Gajah Mungkur, Jatirasa",,4.4,0.0,2,Menengah,1,Aktif,"Bakmie, Bakso & soto, Cepat saji","Griya Azalea 2, Jatirasa, Kota Bekasi, Jawa Barat, Jawa, 17423, Indonesia",Kota Bekasi,Jatirasa,17423,-6.297338,106.965814,https://gofood.link/u/pV70Z,2019-09-18T17:16:56.876Z
c425d96a-fbcd-4c57-9345-229ee1bbbc29,"Radja Gurame, Hankam",,4.8,0.0,3,Mahal,1,Aktif,Seafood,"Jalan Raya Pasar Kecapi, Jatirahayu, Kota Bekasi, Jawa Barat, Jawa, 17414, Indonesia",Kota Bekasi,Jatirahayu,17414,-6.2958402,106.9217506,https://gofood.link/u/pgaWB,2017-07-21T03:13:17.427Z
e0fd9092-8ef7-47c0-937b-b3a238274809,"Savyra Bolen, Taman Rahayu Regency 2",,4.5,0.0,2,Menengah,1,Aktif,"Roti, Ayam & bebek, Sweets","Jalan Teratai, Taman Rahayu Regency, Ciketingudik, Kabupaten Bekasi, Jawa Barat, Jawa, 17153, Indonesia",Kabupaten Bekasi,Ciketingudik,17153,-6.362015,106.991609,https://gofood.link/u/pgak3,2018-01-30T05:00:54.277Z
c259d3c6-c674-403f-9837-6a69b267e2f6,"Ayam Gepuk Pak Gembus, Jatiwarna",,4.2,0.0,2,Menengah,1,Aktif,"Aneka nasi, Ayam & bebek","Starbucks, Jalan Kranggan, Jatiwarna, Kota Bekasi, Jawa Barat, Jawa, 17415, Indonesia",Kota Bekasi,Jatiwarna,17415,-6.311811,106.924504,https://gofood.link/u/pggkG,2017-09-07T09:16:23.784Z
c867f9e2-e8ab-4240-a74b-fd4d9552311d,"HokBen, Grand Wisata Bekasi",,4.8,0.0,3,Mahal,1,Aktif,Jepang,"Sunset Avenue, Grand Wisata Residence, Dukuh Bima, Lambangsari, Kabupaten Bekasi, Jawa Barat, Jawa, 17510, Indonesia",Kabupaten Bekasi,Lambangsari,17510,-6.275512,107.044677,https://gofood.link/u/pjJz83,2019-11-28T15:40:30.609Z
c7c290d8-ee3b-4b03-9e8a-a89b3aeadbb0,"Richeese Factory, Mega Mall Bekasi",,4.7,0.0,3,Mahal,1,Aktif,"Aneka nasi, Ayam & bebek, Cepat saji","Mega Bekasi Hypermall, Jalan Ahmad Yani, Rawa Panjang, Margajaya, Kota Bekasi, Jawa Barat, Jawa, 17141, Indonesia",Kota Bekasi,Margajaya,17141,-6.249186,106.992416,https://gofood.link/u/pjPJM,2018-08-20T02:54:38.289Z
542f4994-7646-4438-923a-b0909198fadd,"Kedai Q-TA, Babelan",,0.0,0.0,2,Menengah,1,Aktif,"Ayam & bebek, Thailand","Babelan Kota, Kabupaten Bekasi, Jawa Barat, Jawa, 17611, Indonesia",Kabupaten Bekasi,,17611,-6.170448,107.043322,https://gofood.link/u/pjdDr,2018-07-23T10:52:33.816Z
fef187a3-3495-4b32-b21b-4eefc6008f13,"Prekchic, Bekasi Timur",,0.0,0.0,1,Murah,1,Aktif,Ayam & bebek,"Jalan H. Nonon Sonthanie, Bekasi Jaya, Kota Bekasi, Jawa Barat, Jawa, 17112, Indonesia",Kota Bekasi,Bekasi Jaya,17112,-6.231338,107.019592,https://gofood.link/u/przyR,2018-11-28T06:53:15.893Z
c122d1ec-60ae-4bdf-8c6e-0699d5199d26,"Salero Raso, Narogong",,4.7,0.0,2,Menengah,1,Aktif,"Aneka nasi, Ayam & bebek","Cikiwul, Kota Bekasi, Jawa Barat, Jawa, 17153, Indonesia",Kota Bekasi,,17153,-6.339844,106.979409,https://gofood.link/u/pz0Wr,2017-12-20T07:07:19.802Z
d2d335b7-19fa-452d-9f93-958decdc055b,"Puspita Pastry, Bekasi Selatan","Puspita Pastry mulai berproduksi di bulan April tahun 2015 dengan varian produknya antara lain pie susu (original,coklat,greentea), klappertart serta  kue kering (nastar,kastengel,brown cheese).",0.0,0.0,3,Mahal,1,Aktif,"Sweets, Roti, Jajanan","Jalan Rajawali VIII, Jakamulya, Kota Bekasi, Jawa Barat, Jawa, 17145, Indonesia",Kota Bekasi,Jakamulya,17145,-6.262427799999999,106.95751159999998,https://gofood.link/u/pz5xM,2016-06-27T09:56:02.613Z
f10a45aa-5e1d-4607-98fc-ec85fd1c1fb9,"Martabak Mahkota Prumnas 3, Maluku Raya",,0.0,0.0,2,Menengah,1,Aktif,"Jajanan, Martabak","Aren Jaya, Kota Bekasi, Jawa Barat, Jawa, 17111, Indonesia",Kota Bekasi,,17111,-6.24177,107.038876,https://gofood.link/u/pzmxG,2018-05-31T04:05:18.237Z
ec6b6c53-802a-46b6-840f-37452a873bce,"Ayam Geprek Gold Chick, Jatimulya",,4.7,0.0,2,Menengah,1,Aktif,"Cepat saji, Ayam & bebek, Aneka nasi","Jalan Jatimulya, Graha Mutiara, Pondok Hijau, Kota Bekasi, Jawa Barat, Jawa, 17115, Indonesia",Kota Bekasi,Pondok Hijau,17115,-6.269178,107.016945,https://gofood.link/u/pzr0vG,2020-02-24T13:08:56.290Z
5a52682b-c686-499a-aa28-8cb8085e7feb,"D'COST, Mega Bekasi",,4.6,0.0,3,Mahal,1,Aktif,"Aneka nasi, Seafood","Mega Bekasi Hypermall, Jalan Ahmad Yani, Rawa Panjang, Margajaya, Kota Bekasi, Jawa Barat, Jawa, 17141, Indonesia",Kota Bekasi,Margajaya,17141,-6.2493156,106.9925,https://gofood.link/u/qBgn,2016-06-20T10:19:38.500Z
a86489fe-bcf2-4dda-baef-753694f81310,"Kaligung Ayam Bakar & Ayam Penyet, Bahagia",,4.6,0.0,2,Menengah,1,Aktif,Aneka nasi,"Grand Pondok Ungu, Kabupaten Bekasi, Jawa Barat, Jawa, 17125, Indonesia",Kabupaten Bekasi,,17125,-6.184041,107.014311,https://gofood.link/u/qDL5b,2018-07-13T07:35:16.634Z
65c0efa7-65ff-4868-95e5-a4ec690c6c14,"Sate Madura Cak Ari, Bekasi Selatan",,4.8,0.0,3,Mahal,1,Aktif,Sate,"Rumah Sakit Anna, 36, Jalan Pekayon Raya, Pondok Pekayon Indah, Pekayon, Jakasetia, Kota Bekasi, Jawa Barat, Jawa, 17147, Indonesia",Kota Bekasi,Jakasetia,17147,-6.275013,106.977029,https://gofood.link/u/qDd4y,2018-07-16T10:45:49.190Z
a8423faf-b8a3-4a40-861c-0b13f0f36883,"Seblak Trisaka, Jatiasih",,4.6,0.0,1,Murah,1,Aktif,"Cepat saji, Jajanan","Griya Azalea 2, Jatirasa, Kota Bekasi, Jawa Barat, Jawa, 17423, Indonesia",Kota Bekasi,Jatirasa,17423,-6.301937046330443,106.96504712104796,https://gofood.link/u/qDkKb,2018-11-15T10:13:55.433Z
bb125624-de27-47eb-a713-221a160641b8,"Baskin Robbins, Grand Metropolitan Mall",,4.7,0.0,4,Premium,1,Aktif,Sweets,"Grand Metropolitan, Jalan Tol Jakarta–Cikampek, Bumi Satria Kencana, Rawa Panjang, Margajaya, Kota Bekasi, Jawa Barat, Jawa, 17142, Indonesia",Kota Bekasi,Margajaya,17142,-6.2496393,106.98416,https://gofood.link/u/qDp2a,2016-06-20T10:21:02.975Z
592c1b17-ee9b-4aa2-b1c8-1f990f22e853,"Bakso Echo 2 Dan Mie Ayam, Tambun Selatan",,4.6,0.0,2,Menengah,1,Aktif,Bakso & soto,"Kompas, Mekarsari, Kabupaten Bekasi, Jawa Barat, Jawa, 17510, Indonesia",Kabupaten Bekasi,Mekarsari,17510,-6.255774,107.060521,https://gofood.link/u/qbxy,2018-09-05T07:38:48.445Z
ef9d6d27-44bf-4d36-b29c-01d85def0293,Warteg Krisma - Bekasi Barat,,0.0,0.0,1,Murah,1,Aktif,"Aneka nasi, Kopi, Minuman","Jalan Dahlia Raya, Kranji, Kota Bekasi, Jawa Barat, Jawa, 17136, Indonesia",Kota Bekasi,Kranji,17136,-6.233313,106.978551,https://gofood.link/u/qeGpy,2018-04-17T04:34:31.497Z
cb4e46dc-61ce-4375-88bb-8bd773cf5193,"Sopel (Sosis Pele) 2, Kampung Kandang",,4.7,0.0,1,Murah,1,Aktif,Jajanan,"Perum. Taman Elok Persada, Mutiara Gading, Mustikajaya, Kabupaten Bekasi, Jawa Barat, Jawa, 17158, Indonesia",Kabupaten Bekasi,Mustikajaya,17158,-6.2861569,107.0380688,https://gofood.link/u/qeL7b,2018-03-12T04:19:17.027Z
af142035-02d6-46af-a1ff-29326ee1f5c1,"Rumah Makan Salsabil, Pondok Cipta",,4.6,0.0,1,Murah,1,Aktif,Aneka nasi,"Jalan Raya Pondok Cipta, Kranji, Bintara, Kota Bekasi, Jawa Barat, Jawa, 17134, Indonesia",Kota Bekasi,Bintara,17134,-6.2285,106.9606667,https://gofood.link/u/qeMma,2016-06-20T10:20:08.209Z
f86b8b91-7b75-43df-be8c-ed27953c83e6,"Pediafood.id, Grand Galaxy City",,4.0,0.0,2,Menengah,1,Aktif,"Jepang, Kopi, Barat","Pondok Pekayon Indah, Pekayon, Jakasetia, Kota Bekasi, Jawa Barat, Jawa, 17147, Indonesia",Kota Bekasi,Jakasetia,17147,-6.26827136061952,106.97439193725586,https://gofood.link/u/qeenv,2017-03-15T04:12:28.283Z
a273786b-0898-41fd-86f0-5650ffdb999a,"Roti John Surabaya, Bekasi",,3.7,0.0,3,Mahal,1,Aktif,Barat,"Jalan Kemang Pratama, Pekayon, Kota Bekasi, Jawa Barat, Jawa, 17114, Indonesia",Kota Bekasi,Pekayon,17114,-6.271698,106.987434,https://gofood.link/u/qevdq,2018-08-27T07:12:03.520Z
3b198558-c85b-4d57-8bfd-68445cdd3a97,"Mie Ayam Bangka 96, Ruko Jatibening Park",,4.8,0.0,2,Menengah,1,Aktif,Bakmie,"Jalan Raya Jatibening, Perum Dosen IKIP, Jatibening, Kota Bekasi, Jawa Barat, Jawa, 17412, Indonesia",Kota Bekasi,Jatibening,17412,-6.2643195,106.9450001,https://gofood.link/u/qn9x,2016-06-20T10:21:17.185Z
ff8c4dd4-78f9-4914-8346-01c98f80eb8b,"Bakso dan Mie Ayam WOOW, T.Narogong Indah/Rawalumbu",,4.6,0.0,2,Menengah,1,Aktif,"Bakmie, Bakso & soto","Jalan Narogong Asri, Perum. Taman Narogong Indah, Narogong, Sepanjangjaya, Kota Bekasi, Jawa Barat, Jawa, 17115, Indonesia",Kota Bekasi,Sepanjangjaya,17115,-6.278562355940892,107.00705755501986,https://gofood.link/u/qrJxn,2018-03-22T05:42:28.272Z
bd97a1ad-1d95-4ca4-9966-a579f873caf5,"Aneka Sop & Soto ""Sakpore"", Medan Satria",,4.5,0.0,3,Mahal,1,Aktif,"Bakmie, Bakso & soto, Ayam & bebek, Aneka nasi, Cepat saji","Jalan Nusa Indah XIII, Kota Harapan Indah, Pejuang, Kota Bekasi, Jawa Barat, Jawa, 17214, Indonesia",Kota Bekasi,Pejuang,17214,-6.174194649573019,106.97927556931973,https://gofood.link/u/qra2v,2017-07-03T08:50:00.729Z
ab24ee47-456a-4443-8a3a-fa74824b055c,"Kedai Bakso Mantul, Babelan",,0.0,0.0,2,Menengah,1,Aktif,Bakso & soto,"Jalan Permai, Kabupaten Bekasi, Jawa Barat, Jawa, 17150, Indonesia",Kabupaten Bekasi,,17150,-6.19364,107.03598,https://gofood.link/u/qv2ma,2019-01-15T11:02:12.049Z
1879c847-9ed3-4c6a-b6f0-e40ee70e5238,"Tahu Petis Yudhistira, Pondok Gede",,4.8,0.0,2,Menengah,1,Aktif,"Cepat saji, Jajanan","Jatiwaringin, Kota Bekasi, Jawa Barat, Jawa, 17411, Indonesia",Kota Bekasi,,17411,-6.275275,106.920249,https://gofood.link/u/qv7d2,2018-04-25T03:13:21.423Z
10574ed8-1d8d-4edc-a8ef-370fa823986a,"Sushi Tei, Summarecon Mall Bekasi",,4.7,0.0,3,Mahal,1,Aktif,Jepang,"Summarecon Mall Bekasi, Jalan Bulevar Ahmad Yani, Summarecon Bekasi, Kota Bekasi, Jawa Barat, Jawa, 17142, Indonesia",Kota Bekasi,Summarecon Bekasi,17142,-6.2252947,107.0015196,https://gofood.link/u/qvGkv,2016-06-20T10:21:39.895Z
5ccf6045-291e-4427-8a22-b7867272f17d,"Dons Burger Cafe, Plaza Pondok Gede",,4.5,0.0,2,Menengah,1,Aktif,Cepat saji,"Pondok Gede Plaza, Jalan Masjid Nurul Ihsan, Jatiwaringin, Kota Bekasi, Jawa Barat, Jawa, 17411, Indonesia",Kota Bekasi,Jatiwaringin,17411,-6.284207,106.911456,https://gofood.link/u/qvlYk,2018-01-23T11:03:50.461Z
4db47be8-87cd-4eaa-996c-935146ca8e2c,"Mie Pangsit (Bakmi) Simpur, Kemang Pratama",,4.8,0.0,2,Menengah,1,Aktif,"Bakmie, Aneka nasi","Mie Pangsit Simpur, Jalan Kemang Pratama, Markan, Bojong Rawalumbu, Kota Bekasi, Jawa Barat, Jawa, 17114, Indonesia",Kota Bekasi,Bojong Rawalumbu,17114,-6.2766924,106.9890247,https://gofood.link/u/r05N,2016-06-20T10:20:02.250Z
19318bdc-5eb1-4445-8680-ce71882e692e,"Gudang Alpukat Mentega, Jatiasih",,4.7,0.0,2,Menengah,1,Aktif,Sweets,"Alam Besakih, Puri Gading, Jatiwarna, Kota Bekasi, Jawa Barat, Jawa, 17415, Indonesia",Kota Bekasi,Jatiwarna,17415,-6.30857,106.9422846,https://gofood.link/u/r27DJ,2017-01-20T03:53:06.217Z
ab2c12c5-0558-4bfe-abb7-624c76d8bf92,"Restoran Sederhana, Bekasi Town Square",,4.7,0.0,2,Menengah,1,Aktif,Aneka nasi,"Jalan Cut Mutia, Rawasemut, Kota Bekasi, Jawa Barat, Jawa, 17113, Indonesia",Kota Bekasi,Rawasemut,17113,-6.253724,107.009989,https://gofood.link/u/r2Q0m,2019-02-28T18:27:05.336Z
33675500-ea86-4d88-97aa-b12ca2ee1654,"Burger King, Tambun",,4.7,0.0,2,Menengah,1,Aktif,"Cepat saji, Aneka nasi, Jajanan, Ayam & bebek","Jalan Hasanuddin, Kompas, Tambun, Kabupaten Bekasi, Jawa Barat, Jawa, 17520, Indonesia",Kabupaten Bekasi,Tambun,17520,-6.266094236785494,107.07497159713635,https://gofood.link/u/r2lzNx,2019-12-19T10:00:41.328Z
257cb4b4-3e2c-42aa-ba37-e1eceb50d8ed,"PAWON BULIES - Gudeg dan Ayam Goreng, Duta 1",,4.9,0.0,2,Menengah,1,Aktif,"Ayam & bebek, Bakmie, Aneka nasi","Kemang Pratama 2, Markan, Bojong Rawalumbu, Kota Bekasi, Jawa Barat, Jawa, 17114, Indonesia",Kota Bekasi,Bojong Rawalumbu,17114,-6.2743333,106.9863333,https://gofood.link/u/r2p3N,2016-06-20T10:19:57.739Z
d60a3f62-8ea9-499d-a6ed-5ff120b0b02d,"Kopi Namtuju, Pondok Melati",,4.6,0.0,2,Menengah,1,Aktif,"Kopi, Minuman, Jajanan","Jalan Puri Gading Utama, Puri Gading, Jatiwarna, Kota Bekasi, Jawa Barat, Jawa, 17415, Indonesia",Kota Bekasi,Jatiwarna,17415,-6.312974,106.939837,https://gofood.link/u/rMPR0,2018-04-06T03:18:03.737Z
d6e3fe73-4f3b-41b1-bab2-000917b2e57e,"Soto Kudus Barokah Kang Atho, Tambun Selatan",,4.6,0.0,1,Murah,1,Aktif,Bakso & soto,"Kompas, Mekarsari, Kabupaten Bekasi, Jawa Barat, Jawa, 17519, Indonesia",Kabupaten Bekasi,Mekarsari,17519,-6.2491156,107.0726379,https://gofood.link/u/rMwYj,2018-08-23T02:56:39.393Z
30b2bf75-e11e-4591-8008-7a1ff9dc6f1a,"Pecel Madiun Kembang Turi, Sapta Pesona Raya",,4.7,0.0,1,Murah,1,Aktif,"Aneka nasi, Ayam & bebek","Masjid Jami Fatahillah, 77, Jalan Raya Parpostel, Komplek Sapta Pesona, Jatiluhur, Kota Bekasi, Jawa Barat, Jawa, 17425, Indonesia",Kota Bekasi,Jatiluhur,17425,-6.3151667,106.9586667,https://gofood.link/u/rWgb,2016-06-20T10:21:16.522Z
46e2c430-e2f4-45a0-9437-ab17fef55d5b,"Warkop 1899, 77 Termuda 2",,4.6,0.0,1,Murah,1,Aktif,"Jajanan, Kopi","Jalan Yon Armed, Cikiwul, Kota Bekasi, Jawa Barat, Jawa, 17152, Indonesia",Kota Bekasi,Cikiwul,17152,-6.341639,106.981778,https://gofood.link/u/rk7m,2018-11-13T08:46:24.659Z
5026458c-6686-4418-a13b-264ef8082ddc,"Dunkin' Donuts, Pondok Gede",,4.2,0.0,3,Mahal,1,Aktif,"Roti, Kopi, Sweets","Jalan Pondok Gede, Jatirahayu, Kota Bekasi, Jawa Barat, Jawa, 17411, Indonesia",Kota Bekasi,Jatirahayu,17411,-6.285353000866738,106.91189998138252,https://gofood.link/u/rmDB,2016-06-20T10:22:15.691Z
46bddbec-5470-4ffe-b583-6b1181563a85,"Mamagaio Resto Ramen and Steak, Grand Wisata",,4.7,0.0,3,Mahal,1,Aktif,Jepang,"Celebration Boulevard, Grand Wisata Residence, Dukuh Bima, Lambangsari, Kabupaten Bekasi, Jawa Barat, Jawa, 17510, Indonesia",Kabupaten Bekasi,Lambangsari,17510,-6.281808348128251,107.04688999336211,https://gofood.link/u/rmlx,2016-11-10T10:43:10.746Z
ae3d43b1-b7e9-458c-bb2c-d6a3302a085d,Waroeng Tjandra,,4.6,0.0,2,Menengah,1,Aktif,"Minuman, Jajanan, Cepat saji","Jalan Arjuna 3, Jakasampurna, Kota Bekasi, Jawa Barat, Jawa, 17145, Indonesia",Kota Bekasi,Jakasampurna,17145,-6.253143,106.9703,https://gofood.link/u/rq5Am,2018-10-15T07:40:42.446Z
9148d81e-afda-4773-9c62-c41385ed40b8,Jajanan Aqilathalla,,0.0,0.0,3,Mahal,1,Aktif,"Sweets, Jajanan","Jalan Radar Selatan I, Jaticempaka, Kota Bekasi, Jawa Barat, Jawa, 17416, Indonesia",Kota Bekasi,Jaticempaka,17416,-6.2584063,106.9096392,https://gofood.link/u/rqKB0,2016-06-20T10:28:49.610Z
a25d7e02-3af9-4ed3-8b7f-5e85734bafc4,"Waroeng Steak And Shake, Bekasi Timur",,4.7,0.0,3,Mahal,1,Aktif,Barat,"Jalan Insinyur Haji Juanda, Rawasemut, Bekasi Jaya, Kota Bekasi, Jawa Barat, Jawa, 17113, Indonesia",Kota Bekasi,Bekasi Jaya,17113,-6.245,107.0075,https://gofood.link/u/rqL82,2016-06-20T10:20:27.439Z
e5c738c5-73ce-4be9-8ad2-6328489b2d5c,"KFC, Jatiasih Bekasi",,4.7,0.0,3,Mahal,1,Aktif,Cepat saji,"KFC, Jalan Wibawa Mukti II, Komplek Pemda Jatiasih, Jatimekar, Kota Bekasi, Jawa Barat, Jawa, 17423, Indonesia",Kota Bekasi,Jatimekar,17423,-6.2948433,106.9598676,https://gofood.link/u/rqRMb,2016-06-20T10:25:54.818Z
c94ac1e3-3d1c-4f4c-aacf-b6e00ac0dfd1,"Excelso Coffee, Grand Metropolitan Mall",,4.6,0.0,3,Mahal,1,Aktif,"Kopi, Jajanan, Sweets, Minuman","Grand Metropolitan, Jalan Tol Jakarta–Cikampek, Bumi Satria Kencana, Rawa Panjang, Margajaya, Kota Bekasi, Jawa Barat, Jawa, 17142, Indonesia",Kota Bekasi,Margajaya,17142,-6.2496418,106.98416,https://gofood.link/u/rqWy0,2016-06-20T10:20:21.419Z
a41b76e4-a371-401e-aa84-5463547fb60b,"Dapur Mama Och, Jatiasih",,0.0,0.0,2,Menengah,1,Aktif,Ayam & bebek,"Jatimekar, Kota Bekasi, Jawa Barat, Jawa, 17422, Indonesia",Kota Bekasi,,17422,-6.297128,106.940653,https://gofood.link/u/rqZ30,2018-03-02T02:40:56.242Z
c89b0114-dfa7-4702-8d10-31f3625e03e0,"Bebek Goreng H. Nur, Jatibening",,4.7,0.0,2,Menengah,1,Aktif,"Ayam & bebek, Minuman","Jalan Jati Utama Raya, Perum Dosen IKIP, Jatibening, Kota Bekasi, Jawa Barat, Jawa, 17412, Indonesia",Kota Bekasi,Jatibening,17412,-6.26148,106.942309,https://gofood.link/u/v2LOZ,2018-05-10T07:35:15.239Z
dbec8060-e007-44bf-915a-4eb3801426c0,"KFC, Grand Mall Bekasi",,4.8,0.0,3,Mahal,1,Aktif,Cepat saji,"Grand Mal Bekasi Bike Area, 1, Jalan Jenderal Sudirman, Kranji, Kalibaru, Kota Bekasi, Jawa Barat, Jawa, 17143, Indonesia",Kota Bekasi,Kalibaru,17143,-6.2281265,106.9835001,https://gofood.link/u/v2dPZ,2016-06-20T10:20:16.178Z
39564dfc-4a6b-4620-bad0-7eb2e86d3920,"Pecel Lele Mas Jono, Jatisampurna",,4.7,0.0,2,Menengah,1,Aktif,"Ayam & bebek, Minuman, Cepat saji","Kota Bekasi, Jawa Barat, Jawa, 17435, Indonesia",Kota Bekasi,,17435,-6.37612753039234,106.92194167524576,https://gofood.link/u/vL9vej,2019-12-10T12:26:56.674Z
2f740c90-6798-4b9f-8dc2-3c0ce4c355a8,"Dapur Cokelat, Harapan Indah",,4.4,0.0,4,Premium,1,Aktif,"Roti, Sweets, Minuman, Jajanan","Dapur Cokelat Harapan Indah, Jalan Harapan Indah Raya, Kota Harapan Indah, Medansatria, Kota Bekasi, Jawa Barat, Jawa, 17112, Indonesia",Kota Bekasi,Medansatria,17112,-6.186808,106.977384,https://gofood.link/u/vLNOa,2017-05-08T16:22:26.151Z
5bb50d21-9f5f-4893-aa94-d940a8402f2e,"Warung Bu Kris, Medan Satria","""Harga Belum Termasuk Pajak Restaurant (pb1) Yaitu 10%""",4.8,0.0,2,Menengah,1,Aktif,Aneka nasi,"Jalan Raya Seroja Bekasi, RW 03, Ujung Menteng, Cakung, Medansatria, Kota Bekasi, Jawa Barat, Jawa, 17132, Indonesia",Kota Bekasi,Medansatria,17132,-6.1925599,106.9741355,https://gofood.link/u/vLzPq,2016-11-29T06:11:44.560Z
b9d19ed0-3254-46cf-9b4a-12f58a76e6c6,"Princess Kebab, Grand Wisata Festive Garden",Princess Kebab adalah kebab dengan kualitas terbaik memakai bahan berkualitas serta dengan harga yang sangat terjangkau.,4.8,0.0,2,Menengah,1,Aktif,"Jajanan, Minuman, Timur Tengah","Serenade Avenue, Grand Wisata Residence, Dukuh Bima, Lambangsari, Kabupaten Bekasi, Jawa Barat, Jawa, 17510, Indonesia",Kabupaten Bekasi,Lambangsari,17510,-6.279931,107.043918,https://gofood.link/u/vdANj,2017-07-26T08:43:34.910Z
d10d145f-62df-4a2c-8398-ec901f820ebd,"Pempek Palembang Gaby, Stasiun Kranji",,4.7,0.0,1,Murah,1,Aktif,Jajanan,"Naga Swalayan Kranji, 57, Jalan Jenderal Sudirman, Kranji, Kalibaru, Kota Bekasi, Jawa Barat, Jawa, 17135, Indonesia",Kota Bekasi,Kalibaru,17135,-6.225357,106.9793105,https://gofood.link/u/vj8en,2016-06-20T10:20:46.049Z
ff155583-3343-44cc-8bad-48d1562791f8,"Restoran Sederhana, Kemang Pratama",,4.8,0.0,2,Menengah,1,Aktif,"Aneka nasi, Martabak, Sate","Restoran Sederhana, Jalan Kemang Pratama, Markan, Bojong Rawalumbu, Kota Bekasi, Jawa Barat, Jawa, 17114, Indonesia",Kota Bekasi,Bojong Rawalumbu,17114,-6.276160596457623,106.98816616794316,https://gofood.link/u/vjjMn,2016-06-20T10:19:45.599Z
1f9d3b2a-c7b2-40ee-8de6-c674545f26c0,"Dons Burger Cafe, Pondok Ungu Permai",,4.6,0.0,2,Menengah,1,Aktif,Cepat saji,"Pondok Ungu Permai, Kaliabang Tengah, Kota Bekasi, Jawa Barat, Jawa, 17125, Indonesia",Kota Bekasi,Kaliabang Tengah,17125,-6.178439,107.000944,https://gofood.link/u/vr2Y,2018-01-23T10:56:12.561Z
58e3885a-db34-457b-83d0-f9aab483af3b,"Tahu Kupat Pak Harmin (Khas Solo), Perum Taman Galaxy",,4.8,0.0,2,Menengah,1,Aktif,"Aneka nasi, Jajanan, Cepat saji","Jalan Pulo Sirih Barat, Pondok Pekayon Indah, Jakasetia, Kota Bekasi, Jawa Barat, Jawa, 17147, Indonesia",Kota Bekasi,Jakasetia,17147,-6.265161926371975,106.97106700390576,https://gofood.link/u/vrKa,2018-11-26T07:58:11.784Z
209a473c-b131-4249-8842-90dd247ef745,"EL Food and Snack, Pondok Gede","""Pecel Sriwijaya adalah warung makan dengan berbagai pilihan inovasi ayam bakar dengan sambal khas sumatera, dengan ungkepan ayam yang empuk dan gurih rasanya """,0.0,0.0,2,Menengah,1,Aktif,"Cepat saji, Barat, Jajanan","Jatiwaringin, Kota Bekasi, Jawa Barat, Jawa, 17411, Indonesia",Kota Bekasi,,17411,-6.274148,106.910834,https://gofood.link/u/vxy5,2017-02-09T10:44:15.213Z
f3a625e8-9183-4159-9717-85a0a64c6808,"Sweevory Delight, Bekasi Selatan",,4.4,0.0,2,Menengah,1,Aktif,"Kopi, Minuman, Roti","Jalan Ruko Sentra Niaga 3, Komplek Mayor, Markan, Jakasetia, Kota Bekasi, Jawa Barat, Jawa, 17147, Indonesia",Kota Bekasi,Jakasetia,17147,-6.2751894,106.9740285,https://gofood.link/u/w1qWq,2018-08-23T08:25:19.375Z
be9457bd-eda7-41b3-a797-c5452576306f,"Kopi Janji Jiwa & Jiwa Toast, Ruko Zamrud Mustika Jaya",,4.7,0.0,2,Menengah,1,Aktif,"Kopi, Minuman, Roti, Jajanan","Jalan Raya Zamrud Selatan, Dukuh Zamrud, Padurenan, Kota Bekasi, Jawa Barat, Jawa, 17155, Indonesia",Kota Bekasi,Padurenan,17155,-6.317656,107.019197,https://gofood.link/u/w4lJd,2019-08-27T18:20:22.513Z
1568efd1-60cd-4f82-806a-8a5588e96820,"Bandar Djakarta, La Terrazza Summarecon Bekasi",,4.6,0.0,4,Premium,1,Aktif,Seafood,"Bandar Djakarta, Jalan Bulevar Selatan, Summarecon Bekasi, Kota Bekasi, Jawa Barat, Jawa, 17142, Indonesia",Kota Bekasi,Summarecon Bekasi,17142,-6.226873376897812,106.99723429977892,https://gofood.link/u/wOdD,2018-09-25T07:46:24.795Z
154f7078-3f1f-4d4b-a9a1-6c2e9fc42cdc,"Ikan Bakar Laut Rohadi, Pondok Gede",,4.8,0.0,3,Mahal,1,Aktif,"Ayam & bebek, Seafood, Aneka nasi","Jalan Haji Ramid, Jatimakmur, Kota Bekasi, Jawa Barat, Jawa, 17413, Indonesia",Kota Bekasi,Jatimakmur,17413,-6.283277369533862,106.9290267303586,https://gofood.link/u/wOkq,2017-07-11T05:37:17.154Z
159e8c0a-bfb1-47bb-8a6a-1e64d8e41a22,"Tahu Pedas Elit, Mustikas Jaya",,4.8,0.0,1,Murah,1,Aktif,Jajanan,"rumah bpak aki, 142, Jalan Haji Jole, Familia Urban, Padurenan, Kota Bekasi, Jawa Barat, Jawa, 17165, Indonesia",Kota Bekasi,Padurenan,17165,-6.31445954,106.99634869,https://gofood.link/u/wVMx,2017-05-18T09:22:59.390Z
315e24ed-00d0-4cc8-9738-8b428c19901a,"Bakso Super Retnosari (Gepeng Urat), Bekasi Selatan",,4.7,0.0,2,Menengah,1,Aktif,Bakso & soto,"Jalan Sedap Malam, Jakasampurna, Kota Bekasi, Jawa Barat, Jawa, 17145, Indonesia",Kota Bekasi,Jakasampurna,17145,-6.255554,106.970368,https://gofood.link/u/wmVa,2018-09-28T03:36:36.748Z
58960cae-26bd-47fc-a164-ac844631986c,"RM. Barito Minang, Bekasi",,4.2,0.0,2,Menengah,1,Aktif,Aneka nasi,"Gang Haji Ukar. AB, Kayuringinjaya, Kota Bekasi, Jawa Barat, Jawa, 17141, Indonesia",Kota Bekasi,Kayuringinjaya,17141,-6.242828,106.999096,https://gofood.link/u/wrGJrD,2019-11-07T11:20:57.799Z
5e003e2f-d729-42d4-a71a-710c49f2d5ee,"Ta Wan, Grand Metropolitan",,4.7,0.0,3,Mahal,1,Aktif,Chinese,"Grand Metropolitan, Jalan Tol Jakarta–Cikampek, Bumi Satria Kencana, Rawa Panjang, Margajaya, Kota Bekasi, Jawa Barat, Jawa, 17142, Indonesia",Kota Bekasi,Margajaya,17142,-6.2492501,106.9843251,https://gofood.link/u/wrZ5e,2016-06-20T10:19:47.395Z
383facd3-6a9a-4232-8fd1-52dd4dee252e,"Auntie Anne's, Summarecon Mall Bekasi",,4.5,0.0,3,Mahal,1,Aktif,"Minuman, Jajanan, Sweets, Roti","Summarecon Mall Bekasi, Jalan Bulevar Ahmad Yani, Summarecon Bekasi, Kota Bekasi, Jawa Barat, Jawa, 17142, Indonesia",Kota Bekasi,Summarecon Bekasi,17142,-6.226273,107.001064,https://gofood.link/u/wrwKd,2017-05-05T09:22:37.790Z
5ef00ad7-a58c-4581-842a-17771795bc21,"Sate Solo Pak Bejo, Setu",,4.4,0.0,2,Menengah,1,Aktif,"Bakso & soto, Ayam & bebek, Sate","Jalan MT Haryono, Kabupaten Bekasi, Cileungsi, Bogor, Jawa Barat, Jawa, 17320, Indonesia",Kabupaten Bekasi,,17320,-6.333156,107.0468976,https://gofood.link/u/wrzkx,2018-02-13T07:38:05.649Z
b7a65ab6-9ba9-408f-9cff-a01155ae9fd9,Fat-Fat Chinese Food,,4.8,0.0,3,Mahal,1,Aktif,Seafood,"Kota Harapan Indah, Pejuang, Kota Bekasi, Jawa Barat, Jawa, 17131, Indonesia",Kota Bekasi,Pejuang,17131,-6.1838333,106.9791667,https://gofood.link/u/wy8Oa,2016-06-20T10:20:37.184Z
f8b6644a-3fdb-495f-9103-47d5833592d7,"Martabak Pizza Orins, Jati Asih","Juara Partner GO-FOOD 2019: Kategori Partner Terbaik Jabodetabek & Kategori Martabak Jabodetabek
",4.7,0.0,3,Mahal,1,Aktif,Martabak,"Jalan Raya Jati Asih, Komplek Pemda Jatiasih, Jatimekar, Kota Bekasi, Jawa Barat, Jawa, 17423, Indonesia",Kota Bekasi,Jatimekar,17423,-6.292828240458663,106.95984160992566,https://gofood.link/u/wyDJx,2016-12-01T04:15:43.007Z
45234e37-9585-45c4-a254-ca0b6518eb6b,"Been Sae Cake & Cookies, Baru Kompas",,4.2,0.0,3,Mahal,1,Aktif,Roti,"Jalan K. Haji Masud, Kompas, Tambun, Kabupaten Bekasi, Jawa Barat, Jawa, 17520, Indonesia",Kabupaten Bekasi,Tambun,17520,-6.262266,107.06806,https://gofood.link/u/x5xL,2018-02-12T06:48:02.438Z
b75d1046-ee48-482a-81dc-3e2c487e98dd,"Teguk, Pondok Ungu ",,4.7,0.0,2,Menengah,1,Aktif,"Kopi, Minuman, Roti, Sweets, Jajanan","Jalan Pondok Ungu Permai, Grand Pondok Ungu, Kabupaten Bekasi, Jawa Barat, Jawa, 17125, Indonesia",Kabupaten Bekasi,Grand Pondok Ungu,17125,-6.184639,107.0085,https://gofood.link/u/xDZj0,2019-10-22T16:18:35.247Z
5959aef6-e84b-4994-a99e-f34e5d17091d,"Mochi Mochio, Mega Bekasi Hypermall",,4.3,0.0,3,Mahal,1,Aktif,Jajanan,"Mega Bekasi Hypermall, Jalan Ahmad Yani, Rawa Panjang, Margajaya, Kota Bekasi, Jawa Barat, Jawa, 17141, Indonesia",Kota Bekasi,Margajaya,17141,-6.249354,106.992368,https://gofood.link/u/xOrY,2017-01-04T10:52:29.796Z
4def9b18-c8e7-4c0e-b603-4289abfd3d5e,"Bakmi Mulia, Jatiasih",,4.8,0.0,2,Menengah,1,Aktif,"Seafood, Bakmie, Chinese","Jalan Gamelan Raya, Komplek Kemang IFI Graha, Jatirasa, Kota Bekasi, Jawa Barat, Jawa, 17423, Indonesia",Kota Bekasi,Jatirasa,17423,-6.296460051454695,106.97059225291014,https://gofood.link/u/xRnq,2018-03-29T02:43:24.813Z
d33cbf74-8238-48c4-9383-a21f0b9bdc56,"Soto Ayam Kumis, Pondok Gede",,4.6,0.0,1,Murah,1,Aktif,Bakso & soto,"Jati Kramat Indah 2, Jatikramat, Kota Bekasi, Jawa Barat, Jawa, 17421, Indonesia",Kota Bekasi,Jatikramat,17421,-6.2703756,106.9469258,https://gofood.link/u/xY7ge,2018-08-16T09:07:18.973Z
e58d690a-4716-4dc7-888b-aef0759e6f9a,"Sate Senayan by Sate Khas Senayan, Grand Metropolitan Bekasi",,4.6,0.0,3,Mahal,1,Aktif,"Aneka nasi, Sate","Grand Metropolitan, Jalan Tol Jakarta–Cikampek, Bumi Satria Kencana, Rawa Panjang, Margajaya, Kota Bekasi, Jawa Barat, Jawa, 17142, Indonesia",Kota Bekasi,Margajaya,17142,-6.249064,106.984614,https://gofood.link/u/xYB4Y,2016-06-20T10:20:14.863Z
aeed224c-ea49-40f6-acbe-d6e0c5673745,"JAGONYA MAKAN, Makanan Dan Minuman",,3.5,0.0,2,Menengah,1,Aktif,"Sweets, Minuman, Cepat saji","Jalan Merpati Raya, Kranji, Kota Bekasi, Jawa Barat, Jawa, 17135, Indonesia",Kota Bekasi,Kranji,17135,-6.230843275137121,106.96852192282677,https://gofood.link/u/xYWD0,2019-04-24T16:47:23.555Z
f9c1e548-a86c-4ea4-a260-5ffa580477af,"Warung Adipati, Tambun Selatan",,4.2,0.0,2,Menengah,1,Aktif,"Jajanan, Aneka nasi, Bakmie","Perum. Jatimulya Bekasi, Jatimulya, Kabupaten Bekasi, Jawa Barat, Jawa, 17510, Indonesia",Kabupaten Bekasi,Jatimulya,17510,-6.2688815,107.0259529,https://gofood.link/u/xYaaL,2018-09-18T09:58:48.179Z
e6fa2063-ea57-48e8-9f8a-44e832c3e37e,"Solaria, Mega Bekasi 3",,4.6,0.0,3,Mahal,1,Aktif,Aneka nasi,"Mega Bekasi Hypermall, Jalan Ahmad Yani, Rawa Panjang, Margajaya, Kota Bekasi, Jawa Barat, Jawa, 17141, Indonesia",Kota Bekasi,Margajaya,17141,-6.2498258,106.9925001,https://gofood.link/u/xYjAq,2017-06-14T09:02:32.676Z
b6272e06-2c8c-45f6-9818-e86ba9b19867,"Dimsum 467, Ktw Taman Flora F12 No 16",,4.7,0.0,2,Menengah,1,Aktif,"Jajanan, Cepat saji","Grand Pondok Ungu, Kabupaten Bekasi, Jawa Barat, Jawa, 17125, Indonesia",Kabupaten Bekasi,,17125,-6.185106805802901,107.01672893017528,https://gofood.link/u/xYmwL,2018-11-14T08:03:20.023Z
f3ce3b79-d6b9-46e9-bfcb-42b28589d558,"Sate Tongseng Pak Budi, Bekasi Timur",,4.7,0.0,3,Mahal,1,Aktif,Sate,"Perumahan Margahayu Jaya, Bulak Kapal, Kota Bekasi, Jawa Barat, Jawa, 10350, Indonesia",Kota Bekasi,Bulak Kapal,10350,-6.2558333,107.0221667,https://gofood.link/u/xgZ1L,2016-06-20T10:20:09.201Z
7850d93a-fbfb-4fb3-8dfe-4ce09ec7f20f,"Ungkep In Ayam Resto, Jatiasih",,4.6,0.0,3,Mahal,1,Aktif,"Ayam & bebek, Aneka nasi, Cepat saji","Jalan Raya Jatimekar, Graha Indah, Jatimekar, Kota Bekasi, Jawa Barat, Jawa, 17422, Indonesia",Kota Bekasi,Jatimekar,17422,-6.288350260536593,106.95411443710329,https://gofood.link/u/xgdm0,2018-04-12T03:21:44.772Z
469ca415-f17c-4394-8699-33541b1377c3,"Nam Thai Tea, Bekasi Utara",,0.0,0.0,1,Murah,1,Aktif,Minuman,"Kopi Kenangan x Cerita Roti - Dapur Kitchen Bekasi, Jalan Perjuangan, Bekasi Jaya, Kota Bekasi, Jawa Barat, Jawa, 17142, Indonesia",Kota Bekasi,Bekasi Jaya,17142,-6.235992,107.000329,https://gofood.link/u/xney,2018-07-05T04:34:08.639Z
11ac8186-f8f3-4965-9a75-13c2dfc2581d,"Bang Raden Gerobak Kopi, Grand Galaxy City",,4.8,0.0,3,Mahal,1,Aktif,"Minuman, Kopi, Sweets","Jalan Ruko Sentra Niaga 6, Komplek Mayor, Pekayon, Jakasetia, Kota Bekasi, Jawa Barat, Jawa, 17147, Indonesia",Kota Bekasi,Jakasetia,17147,-6.274342,106.974104,https://gofood.link/u/xz8lO,2018-08-21T08:01:29.218Z
4d3e38de-f657-4ee2-9d5b-df0cd9fdf85b,"Holland Bakery, Ruko Jati Makmur Residence",,4.8,0.0,2,Menengah,1,Aktif,"Roti, Sweets","Holland Bakery Jati Makmur, 3A, Jalan Raya Jati Makmur, Duta Indah, Jatimakmur, Kota Bekasi, Jawa Barat, Jawa, 17413, Indonesia",Kota Bekasi,Jatimakmur,17413,-6.2856667,106.9355,https://gofood.link/u/y0dZ,2016-06-20T10:19:35.853Z
600a4fdb-ec4d-4c2d-90e1-ef3b436e8d31,"Ta Wan, Metropolitan Mall Bekasi",,4.8,0.0,3,Mahal,1,Aktif,Chinese,"Metropolitan Mall, Jalan K. H. Noer Ali, Rawa Panjang, Kayuringinjaya, Kota Bekasi, Jawa Barat, Jawa, 17148, Indonesia",Kota Bekasi,Kayuringinjaya,17148,-6.248372,106.9911399,https://gofood.link/u/y11LZ,2016-06-20T10:19:42.173Z
acc86b2e-b7a6-4bc7-8dc6-d3fd60d7f888,Junacake Jatiwarna - pusat oleh oleh lapis talas & brownies,,4.4,0.0,2,Menengah,1,Aktif,"Sweets, Jajanan","Jalan Kranggan, Jatiwarna, Kota Bekasi, Jawa Barat, Jawa, 17415, Indonesia",Kota Bekasi,Jatiwarna,17415,-6.315404,106.924286,https://gofood.link/u/y14r5,2017-07-31T10:04:08.919Z
efe6d9d5-8157-450a-9895-0b6935f73da4,"Eastern Kopi TM, Grand Metropolitan Mall",,4.6,0.0,3,Mahal,1,Aktif,"Sweets, Jajanan, Kopi","Grand Metropolitan, Jalan Tol Jakarta–Cikampek, Bumi Satria Kencana, Rawa Panjang, Margajaya, Kota Bekasi, Jawa Barat, Jawa, 17142, Indonesia",Kota Bekasi,Margajaya,17142,-6.2496425,106.98416,https://gofood.link/u/y1nq5,2016-06-20T10:18:54.284Z
599a69c0-908d-4b8a-b623-cf1db489965a,Rumah Makan Ayam Bakar Kartika,"Ayam Bakar yg beda cara bakarnya dari ayam bakar lainnya. 
Harga termasuk PPN 10%",4.7,0.0,1,Murah,1,Aktif,Ayam & bebek,"Trias, Tridayasakti, Kabupaten Bekasi, Jawa Barat, Jawa, 17520, Indonesia",Kabupaten Bekasi,Tridayasakti,17520,-6.255398,107.086872,https://gofood.link/u/y2x2,2017-07-16T05:53:13.573Z
15431f2e-3969-4acc-afd1-3c9b408676f6,"Haagen-Dazs Kiosk, Summarecon Mall Bekasi",,4.8,0.0,4,Premium,1,Aktif,Sweets,"Summarecon Mall Bekasi, Jalan Bulevar Ahmad Yani, Summarecon Bekasi, Kota Bekasi, Jawa Barat, Jawa, 17142, Indonesia",Kota Bekasi,Summarecon Bekasi,17142,-6.22548385542781,107.0006115362048,https://gofood.link/u/yJ2d,2018-05-17T02:57:59.657Z
76518fef-d6b2-4d40-a616-67c6cc9f3d9e,"Mie Ayam Bangka Ciremai, Bekasi Selatan",,4.5,0.0,2,Menengah,1,Aktif,Bakmie,"Jalan Kemakmuran, Kayuringinjaya, Kota Bekasi, Jawa Barat, Jawa, 17141, Indonesia",Kota Bekasi,Kayuringinjaya,17141,-6.243873969133703,106.9946013763547,https://gofood.link/u/yPkNZ,2018-11-27T03:33:53.346Z
4df2386e-4c25-4874-a767-570f181c53b1,"Dapoer Yuk Liem, Revo Town",,0.0,0.0,2,Menengah,1,Aktif,"Jajanan, Aneka nasi","Revo Town, Jalan Tol Jakarta–Cikampek, Rawa Panjang, Margajaya, Kota Bekasi, Jawa Barat, Jawa, 17148, Indonesia",Kota Bekasi,Margajaya,17148,-6.254398,106.989738,https://gofood.link/u/yRGO,2017-02-27T10:19:30.667Z
50150204-8f6d-4372-8458-668f1be126e8,"McDonald's, Pekayon",,4.8,0.0,3,Mahal,1,Aktif,"Cepat saji, Sweets, Jajanan","Rumah Sakit EMC Pekayon, 1, Jalan Pulau Ribung, Pondok Pekayon Indah, Pekayon, Jakasetia, Kota Bekasi, Jawa Barat, Jawa, 17114, Indonesia",Kota Bekasi,Jakasetia,17114,-6.269661663962163,106.98115406676057,https://gofood.link/u/yWn4,2016-06-20T10:23:21.354Z
265efdac-fdd0-44c6-bd3f-9564423f61c2,"Waroeng Ikal 3.76, Ruko Grand Galaxy",,0.0,0.0,1,Murah,1,Aktif,Bakso & soto,"Jalan Boulevard Raya Barat, Pondok Pekayon Indah, Pekayon, Jakasetia, Kota Bekasi, Jawa Barat, Jawa, 17147, Indonesia",Kota Bekasi,Jakasetia,17147,-6.272815,106.97319,https://gofood.link/u/ydjN,2018-09-13T04:44:52.198Z
f5b8167c-f351-4e75-8a9a-53741b8e5df0,"Sate Madura Cak Andi, Bekasi Selatan",,4.7,0.0,2,Menengah,1,Aktif,Sate,"Jalan Kemakmuran, Kayuringinjaya, Kota Bekasi, Jawa Barat, Jawa, 17141, Indonesia",Kota Bekasi,Kayuringinjaya,17141,-6.2407117,106.9943321,https://gofood.link/u/yp0Wd5,2019-11-06T16:32:20.460Z
5419bf14-a722-494c-9517-50c493f51344,"RM Sinar Padang, Cibitung",,4.1,0.0,1,Murah,1,Aktif,Aneka nasi,"Gang Berkah, Kompas, Tambun, Kabupaten Bekasi, Jawa Barat, Jawa, 17520, Indonesia",Kabupaten Bekasi,Tambun,17520,-6.266389,107.075361,https://gofood.link/u/ypAGO,2018-11-08T04:28:47.939Z
52936b7a-2a83-4380-aa3c-26454747c793,"Warung Bu Menik, Pondok Gede",,4.2,0.0,1,Murah,1,Aktif,"Ayam & bebek, Bakso & soto","Jalan Bina Lontar, Jatiwaringin, Kota Bekasi, Jawa Barat, Jawa, 17411, Indonesia",Kota Bekasi,Jatiwaringin,17411,-6.269389,106.911459,https://gofood.link/u/ypLx2,2018-02-14T07:04:19.840Z
38bd747c-e871-4624-b8cf-61dd63ab15a7,"Mie Aceh & Mie Kocok Aceh Ajib, Puri Gading",,4.6,0.0,2,Menengah,1,Aktif,Bakmie,"Puri Gading, Jatiwarna, Kota Bekasi, Jawa Barat, Jawa, 17415, Indonesia",Kota Bekasi,Jatiwarna,17415,-6.311893,106.93876,https://gofood.link/u/ypMe2,2017-09-27T09:54:03.904Z
a80d616f-76d7-4a81-8f87-cca9f7a6ed1a,"Soto Ayam Ceker Surabaya 28 Cak Kholil, Panggung",,4.4,0.0,2,Menengah,1,Aktif,"Bakso & soto, Ayam & bebek","Perum Dosen IKIP, Jatibening, Kota Bekasi, Jawa Barat, Jawa, 17412, Indonesia",Kota Bekasi,Jatibening,17412,-6.265156,106.945093,https://gofood.link/u/z455g,2017-12-27T06:40:04.455Z
f52f9a87-33c2-4851-8a9b-e1b30cc274b9,"Shigeru Sushi, Grand Galaxy Park",,4.7,0.0,3,Mahal,1,Aktif,Jepang,"Grand Galaxy Park, No.1, Jalan Boulevard Raya Barat, Pondok Pekayon Indah, Pekayon, Jakasetia, Kota Bekasi, Jawa Barat, Jawa, 17147, Indonesia",Kota Bekasi,Jakasetia,17147,-6.2708322,106.9722636,https://gofood.link/u/z4kbM,2016-11-08T03:59:07.703Z
e25cdbbe-dd2b-4ced-bc28-c5dd7e440e06,"HokBen, Summarecon Mall Bekasi",,4.6,0.0,3,Mahal,1,Aktif,"Cepat saji, Jepang","Summarecon Mall Bekasi, Jalan Bulevar Ahmad Yani, Summarecon Bekasi, Kota Bekasi, Jawa Barat, Jawa, 17142, Indonesia",Kota Bekasi,Summarecon Bekasi,17142,-6.2261931,107.00127410000005,https://gofood.link/u/z88e2,2016-06-30T05:17:09.576Z
ec5c2813-04f6-4864-b9cf-0c849049157f,"Rumah Makan & Seafood 99, Galaxy",,4.7,0.0,3,Mahal,1,Aktif,Seafood,"Jalan Pulo Sirih Barat, Pondok Pekayon Indah, Jakasetia, Kota Bekasi, Jawa Barat, Jawa, 17147, Indonesia",Kota Bekasi,Jakasetia,17147,-6.266183,106.970802,https://gofood.link/u/z8Nyj,2018-04-03T04:42:43.588Z
db641852-393b-4f37-b7c8-2ce2f5695003,"Warung Tekko, Blu Plaza",,4.5,0.0,3,Mahal,1,Aktif,"Aneka nasi, Ayam & bebek","Jalan Chairil Anwar, Rawasemut, Kota Bekasi, Jawa Barat, Jawa, 17113, Indonesia",Kota Bekasi,Rawasemut,17113,-6.2561006,107.0076601,https://gofood.link/u/zGBzM,2016-06-20T10:20:17.543Z
350c3fc5-2dc4-4827-a631-aa836b405da7,"Soto Mie Asli Bogor Pak Kadir, Bekasi Selatan",,4.6,0.0,2,Menengah,1,Aktif,"Aneka nasi, Bakso & soto","Jalan Sedap Malam, Jakasampurna, Kota Bekasi, Jawa Barat, Jawa, 17145, Indonesia",Kota Bekasi,Jakasampurna,17145,-6.25558,106.96937,https://gofood.link/u/zGGVM,2017-10-31T06:22:29.958Z
5cd667f2-98f0-4ffa-ad87-127b983de9e3,"Waroeng Nasgor Koko Will, Pondok Cipta Raya",,4.7,0.0,2,Menengah,1,Aktif,"Seafood, Aneka nasi, Chinese","Jalan Raya Pondok Cipta, Kranji, Bintara, Kota Bekasi, Jawa Barat, Jawa, 17134, Indonesia",Kota Bekasi,Bintara,17134,-6.229421,106.960302,https://gofood.link/u/zGlBn,2016-10-18T07:02:40.728Z
4be9bb20-6b78-455b-9dea-9677d4ede92b,"Warung Tekko, Mega Bekasi Hypermall","Warung Tekko Adalah Restaurant Keluarga Yang Menawarkan Menu-Menu Traditional Khas Nusantara Dengan Cita Rasa Asli Indonesia. Menu Yang Disediakan Mulai Dari Daging, Iga, Ayam, Seafood, Sayuran dan Aneka Pilihan Minuman Hangat Dan Dingin. Hampir Semua Menu Dikombinasikan Dengan Sambal Penyet Khas Tekko Dengan Level Kepedasan Mulai Tidak Pedas/Manis, Sedang, Pedas, Super Pedas, Sambal Ijo Hingga Sambal Gledek.",0.0,0.0,3,Mahal,1,Aktif,"Aneka nasi, Seafood","Mega Bekasi Hypermall, Jalan Ahmad Yani, Rawa Panjang, Margajaya, Kota Bekasi, Jawa Barat, Jawa, 17141, Indonesia",Kota Bekasi,Margajaya,17141,-6.249451168429362,106.99310302734376,https://gofood.link/u/zGmOn,2017-03-30T04:05:54.547Z
4262eb79-4b04-441d-944d-0bfa2af40770,"Maulin's Brownies, Taman Narogong Indah Raya",,4.5,0.0,3,Mahal,1,Aktif,"Roti, Jajanan, Sweets","Jalan Raya Taman Narogong, Perum. Taman Narogong Indah, Rawalumbu, Bojong Rawalumbu, Kota Bekasi, Jawa Barat, Jawa, 17157, Indonesia",Kota Bekasi,Bojong Rawalumbu,17157,-6.281985,107.006069,https://gofood.link/u/zGmyJ,2018-11-13T07:02:38.470Z
4db5ea69-970e-4459-85a2-5d674053421f,"Ayam Bakar Aghniya, Pondok Melati",,4.8,0.0,2,Menengah,1,Aktif,"Jajanan, Ayam & bebek, Cepat saji","Jalan Yanatera 5, Jatiwarna, Kota Bekasi, Jawa Barat, Jawa, 17415, Indonesia",Kota Bekasi,Jatiwarna,17415,-6.315699,106.924426,https://gofood.link/u/zQww,2018-02-13T09:01:05.778Z
3be9895c-e32c-45a9-a150-d2566f2f1d99,"YOSHINOYA BEEF BOWL, Pulo Gadung Trade Center",,4.7,0.0,3,Mahal,1,Aktif,"Jepang, Cepat saji, Ayam & bebek, Aneka nasi","Pulogadung Trade Center, Km 21, Jalan Bekasi Raya, RW 03, Rawa Terate, Cakung, Jakarta Timur, Daerah Khusus Ibukota Jakarta, Jawa, 13920, Indonesia",Bekasi (tidak spesifik),,13920,-6.183296,106.9159,https://gofood.link/u/zezK,2016-06-20T10:20:59.682Z
f18e5718-eab5-4145-a187-797abe150507,"Sop Buah Segher Bugher, Bekasi",,0.0,0.0,4,Premium,1,Aktif,"Ayam & bebek, Bakso & soto, Minuman","Jalan Bintara XIV, Kranji, Bintara, Kota Bekasi, Jawa Barat, Jawa, 17134, Indonesia",Kota Bekasi,Bintara,17134,-6.227832,106.96492,https://gofood.link/u/zy07k,2018-09-21T03:35:25.613Z
c919ecbd-1502-4626-8555-b5dc4ae6434b,"Ayam Nuklir Bekasi, Pariwisata raya",,4.8,0.0,2,Menengah,1,Aktif,"Aneka nasi, Ayam & bebek","Jalan Pariwisata, Jembatan Nol, Rawalumbu, Sepanjangjaya, Kota Bekasi, Jawa Barat, Jawa, 17115, Indonesia",Kota Bekasi,Sepanjangjaya,17115,-6.269806,107.003864,https://gofood.link/u/zy2kj,2017-11-10T04:38:13.370Z
ad48e7ef-83ba-4d9a-8441-0105ef2fbbcd,"YOSHINOYA BEEF BOWL, Harapan Indah Bekasi",,4.8,0.0,3,Mahal,1,Aktif,"Cepat saji, Jepang, Ayam & bebek, Aneka nasi","Jalan Harapan Indah Bulevar, Kota Harapan Indah, Kota Bekasi, Jawa Barat, Jawa, 17214, Indonesia",Kota Bekasi,Kota Harapan Indah,17214,-6.180919,106.973128,https://gofood.link/u/zyJWn,2016-11-23T15:01:29.744Z
dd59e971-2362-4f72-9d2d-89a53eec9034,"Lapo Samosir Balige, Jatiasih",,4.5,0.0,2,Menengah,1,Aktif,"Aneka nasi, Barat","Jalan Wibawa Mukti II, Sakura Regency, Pamahan, Jatiluhur, Kota Bekasi, Jawa Barat, Jawa, 17425, Indonesia",Kota Bekasi,Jatiluhur,17425,-6.308295,106.954157,https://gofood.link/u/zyMa2,2018-07-05T03:23:59.386Z
61d36c26-e0ad-4435-b86d-853887837394,"Pizza Hut Delivery - PHD, Radar Komsen Bekasi",,4.7,0.0,4,Premium,1,Aktif,"Cepat saji, Pizza & pasta, Jajanan, Barat, Ayam & bebek","Jalan Wibawa Mukti II, Villa Jatirasa, Pamahan, Jatimekar, Kota Bekasi, Jawa Barat, Jawa, 17423, Indonesia",Kota Bekasi,Jatimekar,17423,-6.304142824286934,106.95636279881,https://gofood.link/u/zyVL2,2018-10-02T02:42:37.478Z
b8551b84-4162-46b9-a3bc-416cb7576cf4,"Abuba Steak, Jatiwaringin","ABUBA steak pelopor restoran steak dengan harga terjangkau di Jakarta. Rasakan Sensasi Kelezatan Steak dan Sausnya! Tersebar outletnya di Jakarta dan Bandung. Menu favorit Wagyu Steak, Sirloin, Tenderloin, T-bone, Salmon. Beragam appetizer dan side dish nikmat siap melengkapi steak kamu. Yummm... ABUBA steak, It's My Steak.",4.8,0.0,3,Mahal,1,Aktif,Barat,"Jalan Jati Waringin, Jatiwaringin, Kota Bekasi, Jawa Barat, Jawa, 17411, Indonesia",Kota Bekasi,Jatiwaringin,17411,-6.281275,106.913765,https://gofood.link/u/zyZ1k,2017-07-10T07:29:53.678Z
e7592488-7faa-4d02-9a7a-1451cac23600,"Bebek Goreng H. Slamet, Bekasi Timur",,4.7,0.0,2,Menengah,1,Aktif,Ayam & bebek,"Rawasemut, Kota Bekasi, Jawa Barat, Jawa, 17113, Indonesia",Kota Bekasi,,17113,-6.255,107.0025,https://gofood.link/u/zybMK,2016-06-20T10:19:40.086Z
a2758940-b560-46c3-a693-7b2fecad8613,"Mie Kangkung Betawi, Soto Betawi Ariyani, Sinpasa",,4.7,0.0,3,Mahal,1,Aktif,"Bakmie, Cepat saji, Bakso & soto","Jalan Bulevar Selatan, Summarecon Bekasi, Kota Bekasi, Jawa Barat, Jawa, 17142, Indonesia",Kota Bekasi,Summarecon Bekasi,17142,-6.2288333,107.0003333,https://gofood.link/u/zyy14,2016-06-20T10:19:30.316Z
